Time resolution is 1 ps
[BPB] BPB模块初始化完成，条目数=         16
WARNING: This core is supplied with a behavioral model. To model cycle-accurate behavior you must run timing simulation.
WARNING: This core is supplied with a behavioral model. To model cycle-accurate behavior you must run timing simulation.
[BPB] 预测阶段: PC=00000004, 未命中BPB
[BPB] 预测阶段: PC=00000008, 未命中BPB
[BPB] 预测阶段: PC=0000000c, 未命中BPB
[BPB] 更新请求: PC=00000004, 实际跳转=1, 实际目标地址=00003014
[BPB] 未找到匹配条目，需要创建新条目
[BPB] LRU替换算法: 选择索引          0进行替换
[BPB] 创建新条目: 索引=          0, 标签=00004, 状态=10, 目标地址=00003014
[BPB] 预测阶段: PC=0000000c, 未命中BPB
[BPB] 预测阶段: PC=00003014, 未命中BPB
[BPB] 预测阶段: PC=00003018, 未命中BPB
[BPB] 预测阶段: PC=0000301c, 未命中BPB
[BPB] 更新请求: PC=00003014, 实际跳转=1, 实际目标地址=00003024
[BPB] 未找到匹配条目，需要创建新条目
[BPB] LRU替换算法: 选择索引          1进行替换
[BPB] 创建新条目: 索引=          1, 标签=03014, 状态=10, 目标地址=00003024
[BPB] 预测阶段: PC=0000301c, 未命中BPB
[BPB] 预测阶段: PC=00003024, 未命中BPB
[BPB] 预测阶段: PC=00003028, 未命中BPB
[BPB] 预测阶段: PC=0000302c, 未命中BPB
[BPB] 更新请求: PC=00003024, 实际跳转=1, 实际目标地址=00003034
[BPB] 未找到匹配条目，需要创建新条目
[BPB] LRU替换算法: 选择索引          2进行替换
[BPB] 创建新条目: 索引=          2, 标签=03024, 状态=10, 目标地址=00003034
[BPB] 预测阶段: PC=0000302c, 未命中BPB
[BPB] 预测阶段: PC=00003034, 未命中BPB
[BPB] 预测阶段: PC=00003038, 未命中BPB
[BPB] 预测阶段: PC=0000303c, 未命中BPB
[BPB] 更新请求: PC=00003034, 实际跳转=1, 实际目标地址=00003044
[BPB] 未找到匹配条目，需要创建新条目
[BPB] LRU替换算法: 选择索引          3进行替换
[BPB] 创建新条目: 索引=          3, 标签=03034, 状态=10, 目标地址=00003044
[BPB] 预测阶段: PC=0000303c, 未命中BPB
[BPB] 预测阶段: PC=00003044, 未命中BPB
[BPB] 预测阶段: PC=00003048, 未命中BPB
[BPB] 预测阶段: PC=0000304c, 未命中BPB
[BPB] 更新请求: PC=00003044, 实际跳转=1, 实际目标地址=000032e0
[BPB] 未找到匹配条目，需要创建新条目
[BPB] LRU替换算法: 选择索引          4进行替换
[BPB] 创建新条目: 索引=          4, 标签=03044, 状态=10, 目标地址=000032e0
[BPB] 预测阶段: PC=0000304c, 未命中BPB
[BPB] 预测阶段: PC=000032e0, 未命中BPB
[BPB] 预测阶段: PC=000032e4, 未命中BPB
[BPB] 预测阶段: PC=000032e8, 未命中BPB
[BPB] 预测阶段: PC=000032ec, 未命中BPB
[BPB] 预测阶段: PC=000032f0, 未命中BPB
[BPB] 预测阶段: PC=000032f4, 未命中BPB
[BPB] 预测阶段: PC=000032f8, 未命中BPB
[BPB] 预测阶段: PC=000032fc, 未命中BPB
[BPB] 预测阶段: PC=00003300, 未命中BPB
[BPB] 预测阶段: PC=00003304, 未命中BPB
[BPB] 预测阶段: PC=00003308, 未命中BPB
[BPB] 预测阶段: PC=0000330c, 未命中BPB
[BPB] 预测阶段: PC=00003310, 未命中BPB
[BPB] 预测阶段: PC=00003314, 未命中BPB
[BPB] 预测阶段: PC=00003318, 未命中BPB
[BPB] 预测阶段: PC=0000331c, 未命中BPB
[BPB] 预测阶段: PC=00003320, 未命中BPB
[BPB] 预测阶段: PC=00003324, 未命中BPB
[BPB] 预测阶段: PC=00003328, 未命中BPB
[BPB] 预测阶段: PC=0000332c, 未命中BPB
[BPB] 预测阶段: PC=00003330, 未命中BPB
[BPB] 预测阶段: PC=00003334, 未命中BPB
[BPB] 预测阶段: PC=00003338, 未命中BPB
[BPB] 预测阶段: PC=0000333c, 未命中BPB
[BPB] 预测阶段: PC=00003340, 未命中BPB
[BPB] 预测阶段: PC=00003344, 未命中BPB
[BPB] 预测阶段: PC=00003348, 未命中BPB
[BPB] 预测阶段: PC=0000334c, 未命中BPB
[BPB] 预测阶段: PC=00003350, 未命中BPB
[BPB] 预测阶段: PC=00003354, 未命中BPB
[BPB] 预测阶段: PC=00003358, 未命中BPB
[BPB] 预测阶段: PC=0000335c, 未命中BPB
[BPB] 预测阶段: PC=00003360, 未命中BPB
[BPB] 预测阶段: PC=00003364, 未命中BPB
[BPB] 预测阶段: PC=00003368, 未命中BPB
[BPB] 预测阶段: PC=0000336c, 未命中BPB
[BPB] 预测阶段: PC=00003370, 未命中BPB
[BPB] 更新请求: PC=00003368, 实际跳转=1, 实际目标地址=00003048
[BPB] 未找到匹配条目，需要创建新条目
[BPB] LRU替换算法: 选择索引          5进行替换
[BPB] 创建新条目: 索引=          5, 标签=03368, 状态=10, 目标地址=00003048
[BPB] 预测阶段: PC=00003370, 未命中BPB
[BPB] 预测阶段: PC=00003048, 未命中BPB
[BPB] 预测阶段: PC=0000304c, 未命中BPB
[BPB] 预测阶段: PC=00003050, 未命中BPB
[BPB] 预测阶段: PC=00003054, 未命中BPB
[BPB] 预测阶段: PC=00003058, 未命中BPB
[BPB] 预测阶段: PC=0000305c, 未命中BPB
[BPB] 预测阶段: PC=00003060, 未命中BPB
[BPB] 预测阶段: PC=00003064, 未命中BPB
[BPB] 预测阶段: PC=00003068, 未命中BPB
[BPB] 预测阶段: PC=0000306c, 未命中BPB
[BPB] 更新请求: PC=00003064, 实际跳转=0, 实际目标地址=00003068
[BPB] 未找到匹配条目且分支未发生，无需更新
[BPB] 预测阶段: PC=00003070, 未命中BPB
[BPB] 更新请求: PC=00003068, 实际跳转=1, 实际目标地址=00003054
[BPB] 未找到匹配条目，需要创建新条目
[BPB] LRU替换算法: 选择索引          6进行替换
[BPB] 创建新条目: 索引=          6, 标签=03068, 状态=10, 目标地址=00003054
[BPB] 预测阶段: PC=00003070, 未命中BPB
[BPB] 预测阶段: PC=00003054, 未命中BPB
[BPB] 预测阶段: PC=00003058, 未命中BPB
[BPB] 预测阶段: PC=0000305c, 未命中BPB
[BPB] 预测阶段: PC=00003060, 未命中BPB
[BPB] 预测阶段: PC=00003064, 未命中BPB
[BPB] 预测命中: PC=00003068, 条目索引=          6, 预测结果=1, 目标地址=00003054
[BPB] 预测阶段: PC=00003068, 未命中BPB
[BPB] 预测命中: PC=00003068, 条目索引=          6, 预测结果=1, 目标地址=00003054
[BPB] 预测阶段: PC=00003068, 命中=1, 预测跳转=1, 目标地址=00003054
[BPB] 预测阶段: PC=00003054, 命中=1, 预测跳转=0, 目标地址=00000000
[BPB] 预测阶段: PC=00003054, 未命中BPB
[BPB] 更新请求: PC=00003064, 实际跳转=0, 实际目标地址=00003068
[BPB] 未找到匹配条目且分支未发生，无需更新
[BPB] 预测阶段: PC=00003058, 未命中BPB
[BPB] 更新请求: PC=00003068, 实际跳转=1, 实际目标地址=00003054
[BPB] 找到现有条目: 索引=          6
[BPB] 更新现有条目: 索引=          6, 旧状态=10, 新状态=10, 目标地址=00003054
[BPB] 预测阶段: PC=00003058, 未命中BPB
[BPB] 预测阶段: PC=0000305c, 未命中BPB
[BPB] 预测阶段: PC=00003060, 未命中BPB
[BPB] 预测阶段: PC=00003064, 未命中BPB
[BPB] 预测命中: PC=00003068, 条目索引=          6, 预测结果=1, 目标地址=00003054
[BPB] 预测阶段: PC=00003068, 未命中BPB
[BPB] 预测命中: PC=00003068, 条目索引=          6, 预测结果=1, 目标地址=00003054
[BPB] 预测阶段: PC=00003068, 命中=1, 预测跳转=1, 目标地址=00003054
[BPB] 预测阶段: PC=00003054, 命中=1, 预测跳转=0, 目标地址=00000000
[BPB] 预测阶段: PC=00003054, 未命中BPB
[BPB] 更新请求: PC=00003064, 实际跳转=0, 实际目标地址=00003068
[BPB] 未找到匹配条目且分支未发生，无需更新
[BPB] 预测阶段: PC=00003058, 未命中BPB
[BPB] 更新请求: PC=00003068, 实际跳转=1, 实际目标地址=00003054
[BPB] 找到现有条目: 索引=          6
[BPB] 更新现有条目: 索引=          6, 旧状态=11, 新状态=11, 目标地址=00003054
[BPB] 预测阶段: PC=0000305c, 未命中BPB
[BPB] 预测阶段: PC=00003060, 未命中BPB
[BPB] 预测阶段: PC=00003064, 未命中BPB
[BPB] 预测命中: PC=00003068, 条目索引=          6, 预测结果=1, 目标地址=00003054
[BPB] 预测阶段: PC=00003068, 未命中BPB
[BPB] 预测命中: PC=00003068, 条目索引=          6, 预测结果=1, 目标地址=00003054
[BPB] 预测阶段: PC=00003068, 命中=1, 预测跳转=1, 目标地址=00003054
[BPB] 预测阶段: PC=00003054, 命中=1, 预测跳转=0, 目标地址=00000000
[BPB] 预测阶段: PC=00003054, 未命中BPB
[BPB] 更新请求: PC=00003064, 实际跳转=0, 实际目标地址=00003068
[BPB] 未找到匹配条目且分支未发生，无需更新
[BPB] 预测阶段: PC=00003058, 未命中BPB
[BPB] 更新请求: PC=00003068, 实际跳转=1, 实际目标地址=00003054
[BPB] 找到现有条目: 索引=          6
[BPB] 更新现有条目: 索引=          6, 旧状态=11, 新状态=11, 目标地址=00003054
[BPB] 预测阶段: PC=0000305c, 未命中BPB
[BPB] 预测阶段: PC=00003060, 未命中BPB
[BPB] 预测阶段: PC=00003064, 未命中BPB
[BPB] 预测命中: PC=00003068, 条目索引=          6, 预测结果=1, 目标地址=00003054
[BPB] 预测阶段: PC=00003068, 未命中BPB
[BPB] 预测命中: PC=00003068, 条目索引=          6, 预测结果=1, 目标地址=00003054
[BPB] 预测阶段: PC=00003068, 命中=1, 预测跳转=1, 目标地址=00003054
[BPB] 预测阶段: PC=00003054, 命中=1, 预测跳转=0, 目标地址=00000000
[BPB] 预测阶段: PC=00003054, 未命中BPB
[BPB] 更新请求: PC=00003064, 实际跳转=0, 实际目标地址=00003068
[BPB] 未找到匹配条目且分支未发生，无需更新
[BPB] 预测阶段: PC=00003058, 未命中BPB
[BPB] 更新请求: PC=00003068, 实际跳转=1, 实际目标地址=00003054
[BPB] 找到现有条目: 索引=          6
[BPB] 更新现有条目: 索引=          6, 旧状态=11, 新状态=11, 目标地址=00003054
[BPB] 预测阶段: PC=0000305c, 未命中BPB
[BPB] 预测阶段: PC=00003060, 未命中BPB
[BPB] 预测阶段: PC=00003064, 未命中BPB
[BPB] 预测命中: PC=00003068, 条目索引=          6, 预测结果=1, 目标地址=00003054
[BPB] 预测阶段: PC=00003068, 未命中BPB
[BPB] 预测命中: PC=00003068, 条目索引=          6, 预测结果=1, 目标地址=00003054
[BPB] 预测阶段: PC=00003068, 命中=1, 预测跳转=1, 目标地址=00003054
[BPB] 预测阶段: PC=00003054, 命中=1, 预测跳转=0, 目标地址=00000000
[BPB] 预测阶段: PC=00003054, 未命中BPB
[BPB] 更新请求: PC=00003064, 实际跳转=0, 实际目标地址=00003068
[BPB] 未找到匹配条目且分支未发生，无需更新
[BPB] 预测阶段: PC=00003058, 未命中BPB
[BPB] 更新请求: PC=00003068, 实际跳转=1, 实际目标地址=00003054
[BPB] 找到现有条目: 索引=          6
[BPB] 更新现有条目: 索引=          6, 旧状态=11, 新状态=11, 目标地址=00003054
[BPB] 预测阶段: PC=0000305c, 未命中BPB
[BPB] 预测阶段: PC=00003060, 未命中BPB
[BPB] 预测阶段: PC=00003064, 未命中BPB
[BPB] 预测命中: PC=00003068, 条目索引=          6, 预测结果=1, 目标地址=00003054
[BPB] 预测阶段: PC=00003068, 未命中BPB
[BPB] 预测命中: PC=00003068, 条目索引=          6, 预测结果=1, 目标地址=00003054
[BPB] 预测阶段: PC=00003068, 命中=1, 预测跳转=1, 目标地址=00003054
[BPB] 预测阶段: PC=00003054, 命中=1, 预测跳转=0, 目标地址=00000000
[BPB] 预测阶段: PC=00003054, 未命中BPB
[BPB] 更新请求: PC=00003064, 实际跳转=0, 实际目标地址=00003068
[BPB] 未找到匹配条目且分支未发生，无需更新
[BPB] 预测阶段: PC=00003058, 未命中BPB
[BPB] 更新请求: PC=00003068, 实际跳转=1, 实际目标地址=00003054
[BPB] 找到现有条目: 索引=          6
[BPB] 更新现有条目: 索引=          6, 旧状态=11, 新状态=11, 目标地址=00003054
[BPB] 预测阶段: PC=0000305c, 未命中BPB
[BPB] 预测阶段: PC=00003060, 未命中BPB
[BPB] 预测阶段: PC=00003064, 未命中BPB
[BPB] 预测命中: PC=00003068, 条目索引=          6, 预测结果=1, 目标地址=00003054
[BPB] 预测阶段: PC=00003068, 未命中BPB
[BPB] 预测命中: PC=00003068, 条目索引=          6, 预测结果=1, 目标地址=00003054
[BPB] 预测阶段: PC=00003068, 命中=1, 预测跳转=1, 目标地址=00003054
[BPB] 预测阶段: PC=00003054, 命中=1, 预测跳转=0, 目标地址=00000000
[BPB] 预测阶段: PC=00003054, 未命中BPB
[BPB] 更新请求: PC=00003064, 实际跳转=0, 实际目标地址=00003068
[BPB] 未找到匹配条目且分支未发生，无需更新
[BPB] 预测阶段: PC=00003058, 未命中BPB
[BPB] 更新请求: PC=00003068, 实际跳转=1, 实际目标地址=00003054
[BPB] 找到现有条目: 索引=          6
[BPB] 更新现有条目: 索引=          6, 旧状态=11, 新状态=11, 目标地址=00003054
[BPB] 预测阶段: PC=0000305c, 未命中BPB
[BPB] 预测阶段: PC=00003060, 未命中BPB
[BPB] 预测阶段: PC=00003064, 未命中BPB
[BPB] 预测命中: PC=00003068, 条目索引=          6, 预测结果=1, 目标地址=00003054
[BPB] 预测阶段: PC=00003068, 未命中BPB
[BPB] 预测命中: PC=00003068, 条目索引=          6, 预测结果=1, 目标地址=00003054
[BPB] 预测阶段: PC=00003068, 命中=1, 预测跳转=1, 目标地址=00003054
[BPB] 预测阶段: PC=00003054, 命中=1, 预测跳转=0, 目标地址=00000000
[BPB] 预测阶段: PC=00003054, 未命中BPB
[BPB] 更新请求: PC=00003064, 实际跳转=0, 实际目标地址=00003068
[BPB] 未找到匹配条目且分支未发生，无需更新
[BPB] 预测阶段: PC=00003058, 未命中BPB
[BPB] 更新请求: PC=00003068, 实际跳转=1, 实际目标地址=00003054
[BPB] 找到现有条目: 索引=          6
[BPB] 更新现有条目: 索引=          6, 旧状态=11, 新状态=11, 目标地址=00003054
[BPB] 预测阶段: PC=0000305c, 未命中BPB
[BPB] 预测阶段: PC=00003060, 未命中BPB
[BPB] 预测阶段: PC=00003064, 未命中BPB
[BPB] 预测命中: PC=00003068, 条目索引=          6, 预测结果=1, 目标地址=00003054
[BPB] 预测阶段: PC=00003068, 未命中BPB
[BPB] 预测命中: PC=00003068, 条目索引=          6, 预测结果=1, 目标地址=00003054
[BPB] 预测阶段: PC=00003068, 命中=1, 预测跳转=1, 目标地址=00003054
[BPB] 预测阶段: PC=00003054, 命中=1, 预测跳转=0, 目标地址=00000000
[BPB] 预测阶段: PC=00003054, 未命中BPB
[BPB] 更新请求: PC=00003064, 实际跳转=0, 实际目标地址=00003068
[BPB] 未找到匹配条目且分支未发生，无需更新
[BPB] 预测阶段: PC=00003058, 未命中BPB
[BPB] 更新请求: PC=00003068, 实际跳转=1, 实际目标地址=00003054
[BPB] 找到现有条目: 索引=          6
[BPB] 更新现有条目: 索引=          6, 旧状态=11, 新状态=11, 目标地址=00003054
[BPB] 预测阶段: PC=0000305c, 未命中BPB
[BPB] 预测阶段: PC=00003060, 未命中BPB
[BPB] 预测阶段: PC=00003064, 未命中BPB
[BPB] 预测命中: PC=00003068, 条目索引=          6, 预测结果=1, 目标地址=00003054
[BPB] 预测阶段: PC=00003068, 未命中BPB
[BPB] 预测命中: PC=00003068, 条目索引=          6, 预测结果=1, 目标地址=00003054
[BPB] 预测阶段: PC=00003068, 命中=1, 预测跳转=1, 目标地址=00003054
[BPB] 预测阶段: PC=00003054, 命中=1, 预测跳转=0, 目标地址=00000000
[BPB] 预测阶段: PC=00003054, 未命中BPB
[BPB] 更新请求: PC=00003064, 实际跳转=0, 实际目标地址=00003068
[BPB] 未找到匹配条目且分支未发生，无需更新
[BPB] 预测阶段: PC=00003058, 未命中BPB
[BPB] 更新请求: PC=00003068, 实际跳转=1, 实际目标地址=00003054
[BPB] 找到现有条目: 索引=          6
[BPB] 更新现有条目: 索引=          6, 旧状态=11, 新状态=11, 目标地址=00003054
[BPB] 预测阶段: PC=0000305c, 未命中BPB
[BPB] 预测阶段: PC=00003060, 未命中BPB
[BPB] 预测阶段: PC=00003064, 未命中BPB
[BPB] 预测命中: PC=00003068, 条目索引=          6, 预测结果=1, 目标地址=00003054
[BPB] 预测阶段: PC=00003068, 未命中BPB
[BPB] 预测命中: PC=00003068, 条目索引=          6, 预测结果=1, 目标地址=00003054
[BPB] 预测阶段: PC=00003068, 命中=1, 预测跳转=1, 目标地址=00003054
[BPB] 预测阶段: PC=00003054, 命中=1, 预测跳转=0, 目标地址=00000000
[BPB] 预测阶段: PC=00003054, 未命中BPB
[BPB] 更新请求: PC=00003064, 实际跳转=0, 实际目标地址=00003068
[BPB] 未找到匹配条目且分支未发生，无需更新
[BPB] 预测阶段: PC=00003058, 未命中BPB
[BPB] 更新请求: PC=00003068, 实际跳转=1, 实际目标地址=00003054
[BPB] 找到现有条目: 索引=          6
[BPB] 更新现有条目: 索引=          6, 旧状态=11, 新状态=11, 目标地址=00003054
[BPB] 预测阶段: PC=0000305c, 未命中BPB
[BPB] 预测阶段: PC=00003060, 未命中BPB
[BPB] 预测阶段: PC=00003064, 未命中BPB
[BPB] 预测命中: PC=00003068, 条目索引=          6, 预测结果=1, 目标地址=00003054
[BPB] 预测阶段: PC=00003068, 未命中BPB
[BPB] 预测命中: PC=00003068, 条目索引=          6, 预测结果=1, 目标地址=00003054
[BPB] 预测阶段: PC=00003068, 命中=1, 预测跳转=1, 目标地址=00003054
[BPB] 预测阶段: PC=00003054, 命中=1, 预测跳转=0, 目标地址=00000000
[BPB] 预测阶段: PC=00003054, 未命中BPB
[BPB] 更新请求: PC=00003064, 实际跳转=0, 实际目标地址=00003068
[BPB] 未找到匹配条目且分支未发生，无需更新
[BPB] 预测阶段: PC=00003058, 未命中BPB
[BPB] 更新请求: PC=00003068, 实际跳转=1, 实际目标地址=00003054
[BPB] 找到现有条目: 索引=          6
[BPB] 更新现有条目: 索引=          6, 旧状态=11, 新状态=11, 目标地址=00003054
[BPB] 预测阶段: PC=0000305c, 未命中BPB
[BPB] 预测阶段: PC=00003060, 未命中BPB
[BPB] 预测阶段: PC=00003064, 未命中BPB
[BPB] 预测命中: PC=00003068, 条目索引=          6, 预测结果=1, 目标地址=00003054
[BPB] 预测阶段: PC=00003068, 未命中BPB
[BPB] 预测命中: PC=00003068, 条目索引=          6, 预测结果=1, 目标地址=00003054
[BPB] 预测阶段: PC=00003068, 命中=1, 预测跳转=1, 目标地址=00003054
[BPB] 预测阶段: PC=00003054, 命中=1, 预测跳转=0, 目标地址=00000000
[BPB] 预测阶段: PC=00003054, 未命中BPB
[BPB] 更新请求: PC=00003064, 实际跳转=0, 实际目标地址=00003068
[BPB] 未找到匹配条目且分支未发生，无需更新
[BPB] 预测阶段: PC=00003058, 未命中BPB
[BPB] 更新请求: PC=00003068, 实际跳转=1, 实际目标地址=00003054
[BPB] 找到现有条目: 索引=          6
[BPB] 更新现有条目: 索引=          6, 旧状态=11, 新状态=11, 目标地址=00003054
[BPB] 预测阶段: PC=0000305c, 未命中BPB
[BPB] 预测阶段: PC=00003060, 未命中BPB
[BPB] 预测阶段: PC=00003064, 未命中BPB
[BPB] 预测命中: PC=00003068, 条目索引=          6, 预测结果=1, 目标地址=00003054
[BPB] 预测阶段: PC=00003068, 未命中BPB
[BPB] 预测命中: PC=00003068, 条目索引=          6, 预测结果=1, 目标地址=00003054
[BPB] 预测阶段: PC=00003068, 命中=1, 预测跳转=1, 目标地址=00003054
[BPB] 预测阶段: PC=00003054, 命中=1, 预测跳转=0, 目标地址=00000000
[BPB] 预测阶段: PC=00003054, 未命中BPB
[BPB] 更新请求: PC=00003064, 实际跳转=0, 实际目标地址=00003068
[BPB] 未找到匹配条目且分支未发生，无需更新
[BPB] 预测阶段: PC=00003058, 未命中BPB
[BPB] 更新请求: PC=00003068, 实际跳转=1, 实际目标地址=00003054
[BPB] 找到现有条目: 索引=          6
[BPB] 更新现有条目: 索引=          6, 旧状态=11, 新状态=11, 目标地址=00003054
[BPB] 预测阶段: PC=0000305c, 未命中BPB
[BPB] 预测阶段: PC=00003060, 未命中BPB
[BPB] 预测阶段: PC=00003064, 未命中BPB
[BPB] 预测命中: PC=00003068, 条目索引=          6, 预测结果=1, 目标地址=00003054
[BPB] 预测阶段: PC=00003068, 未命中BPB
[BPB] 预测命中: PC=00003068, 条目索引=          6, 预测结果=1, 目标地址=00003054
[BPB] 预测阶段: PC=00003068, 命中=1, 预测跳转=1, 目标地址=00003054
[BPB] 预测阶段: PC=00003054, 命中=1, 预测跳转=0, 目标地址=00000000
[BPB] 预测阶段: PC=00003054, 未命中BPB
[BPB] 更新请求: PC=00003064, 实际跳转=1, 实际目标地址=0000306c
[BPB] 未找到匹配条目，需要创建新条目
[BPB] LRU替换算法: 选择索引          0进行替换
[BPB] 创建新条目: 索引=          0, 标签=03064, 状态=10, 目标地址=0000306c
[BPB] 预测阶段: PC=00003054, 未命中BPB
[BPB] 预测阶段: PC=0000306c, 未命中BPB
[BPB] 预测阶段: PC=00003070, 未命中BPB
[BPB] 预测阶段: PC=00003074, 未命中BPB
[BPB] 预测阶段: PC=00003078, 未命中BPB
[BPB] 预测阶段: PC=0000307c, 未命中BPB
[BPB] 预测阶段: PC=00003080, 未命中BPB
[BPB] 预测阶段: PC=00003084, 未命中BPB
[BPB] 预测阶段: PC=00003088, 未命中BPB
[BPB] 预测阶段: PC=0000308c, 未命中BPB
[BPB] 预测阶段: PC=00003090, 未命中BPB
[BPB] 预测阶段: PC=00003094, 未命中BPB
[BPB] 更新请求: PC=0000308c, 实际跳转=0, 实际目标地址=00003090
[BPB] 未找到匹配条目且分支未发生，无需更新
[BPB] 预测阶段: PC=00003098, 未命中BPB
[BPB] 更新请求: PC=00003090, 实际跳转=1, 实际目标地址=0000307c
[BPB] 未找到匹配条目，需要创建新条目
[BPB] LRU替换算法: 选择索引          1进行替换
[BPB] 创建新条目: 索引=          1, 标签=03090, 状态=10, 目标地址=0000307c
[BPB] 预测阶段: PC=00003098, 未命中BPB
[BPB] 预测阶段: PC=0000307c, 未命中BPB
[BPB] 预测阶段: PC=00003080, 未命中BPB
[BPB] 预测阶段: PC=00003084, 未命中BPB
[BPB] 预测阶段: PC=00003088, 未命中BPB
[BPB] 预测阶段: PC=0000308c, 未命中BPB
[BPB] 预测命中: PC=00003090, 条目索引=          1, 预测结果=1, 目标地址=0000307c
[BPB] 预测阶段: PC=00003090, 未命中BPB
[BPB] 预测命中: PC=00003090, 条目索引=          1, 预测结果=1, 目标地址=0000307c
[BPB] 预测阶段: PC=00003090, 命中=1, 预测跳转=1, 目标地址=0000307c
[BPB] 预测阶段: PC=0000307c, 命中=1, 预测跳转=0, 目标地址=00000000
[BPB] 预测阶段: PC=0000307c, 未命中BPB
[BPB] 更新请求: PC=0000308c, 实际跳转=0, 实际目标地址=00003090
[BPB] 未找到匹配条目且分支未发生，无需更新
[BPB] 预测阶段: PC=00003080, 未命中BPB
[BPB] 更新请求: PC=00003090, 实际跳转=1, 实际目标地址=0000307c
[BPB] 找到现有条目: 索引=          1
[BPB] 更新现有条目: 索引=          1, 旧状态=10, 新状态=10, 目标地址=0000307c
[BPB] 预测阶段: PC=00003080, 未命中BPB
[BPB] 预测阶段: PC=00003084, 未命中BPB
[BPB] 预测阶段: PC=00003088, 未命中BPB
[BPB] 预测阶段: PC=0000308c, 未命中BPB
[BPB] 预测命中: PC=00003090, 条目索引=          1, 预测结果=1, 目标地址=0000307c
[BPB] 预测阶段: PC=00003090, 未命中BPB
[BPB] 预测命中: PC=00003090, 条目索引=          1, 预测结果=1, 目标地址=0000307c
[BPB] 预测阶段: PC=00003090, 命中=1, 预测跳转=1, 目标地址=0000307c
[BPB] 预测阶段: PC=0000307c, 命中=1, 预测跳转=0, 目标地址=00000000
[BPB] 预测阶段: PC=0000307c, 未命中BPB
[BPB] 更新请求: PC=0000308c, 实际跳转=0, 实际目标地址=00003090
[BPB] 未找到匹配条目且分支未发生，无需更新
[BPB] 预测阶段: PC=00003080, 未命中BPB
[BPB] 更新请求: PC=00003090, 实际跳转=1, 实际目标地址=0000307c
[BPB] 找到现有条目: 索引=          1
[BPB] 更新现有条目: 索引=          1, 旧状态=11, 新状态=11, 目标地址=0000307c
[BPB] 预测阶段: PC=00003084, 未命中BPB
[BPB] 预测阶段: PC=00003088, 未命中BPB
[BPB] 预测阶段: PC=0000308c, 未命中BPB
[BPB] 预测命中: PC=00003090, 条目索引=          1, 预测结果=1, 目标地址=0000307c
[BPB] 预测阶段: PC=00003090, 未命中BPB
[BPB] 预测命中: PC=00003090, 条目索引=          1, 预测结果=1, 目标地址=0000307c
[BPB] 预测阶段: PC=00003090, 命中=1, 预测跳转=1, 目标地址=0000307c
[BPB] 预测阶段: PC=0000307c, 命中=1, 预测跳转=0, 目标地址=00000000
[BPB] 预测阶段: PC=0000307c, 未命中BPB
[BPB] 更新请求: PC=0000308c, 实际跳转=0, 实际目标地址=00003090
[BPB] 未找到匹配条目且分支未发生，无需更新
[BPB] 预测阶段: PC=00003080, 未命中BPB
[BPB] 更新请求: PC=00003090, 实际跳转=1, 实际目标地址=0000307c
[BPB] 找到现有条目: 索引=          1
[BPB] 更新现有条目: 索引=          1, 旧状态=11, 新状态=11, 目标地址=0000307c
[BPB] 预测阶段: PC=00003084, 未命中BPB
[BPB] 预测阶段: PC=00003088, 未命中BPB
[BPB] 预测阶段: PC=0000308c, 未命中BPB
[BPB] 预测命中: PC=00003090, 条目索引=          1, 预测结果=1, 目标地址=0000307c
[BPB] 预测阶段: PC=00003090, 未命中BPB
[BPB] 预测命中: PC=00003090, 条目索引=          1, 预测结果=1, 目标地址=0000307c
[BPB] 预测阶段: PC=00003090, 命中=1, 预测跳转=1, 目标地址=0000307c
[BPB] 预测阶段: PC=0000307c, 命中=1, 预测跳转=0, 目标地址=00000000
[BPB] 预测阶段: PC=0000307c, 未命中BPB
[BPB] 更新请求: PC=0000308c, 实际跳转=0, 实际目标地址=00003090
[BPB] 未找到匹配条目且分支未发生，无需更新
[BPB] 预测阶段: PC=00003080, 未命中BPB
[BPB] 更新请求: PC=00003090, 实际跳转=1, 实际目标地址=0000307c
[BPB] 找到现有条目: 索引=          1
[BPB] 更新现有条目: 索引=          1, 旧状态=11, 新状态=11, 目标地址=0000307c
[BPB] 预测阶段: PC=00003084, 未命中BPB
[BPB] 预测阶段: PC=00003088, 未命中BPB
[BPB] 预测阶段: PC=0000308c, 未命中BPB
[BPB] 预测命中: PC=00003090, 条目索引=          1, 预测结果=1, 目标地址=0000307c
[BPB] 预测阶段: PC=00003090, 未命中BPB
[BPB] 预测命中: PC=00003090, 条目索引=          1, 预测结果=1, 目标地址=0000307c
[BPB] 预测阶段: PC=00003090, 命中=1, 预测跳转=1, 目标地址=0000307c
[BPB] 预测阶段: PC=0000307c, 命中=1, 预测跳转=0, 目标地址=00000000
[BPB] 预测阶段: PC=0000307c, 未命中BPB
[BPB] 更新请求: PC=0000308c, 实际跳转=0, 实际目标地址=00003090
[BPB] 未找到匹配条目且分支未发生，无需更新
[BPB] 预测阶段: PC=00003080, 未命中BPB
[BPB] 更新请求: PC=00003090, 实际跳转=1, 实际目标地址=0000307c
[BPB] 找到现有条目: 索引=          1
[BPB] 更新现有条目: 索引=          1, 旧状态=11, 新状态=11, 目标地址=0000307c
[BPB] 预测阶段: PC=00003084, 未命中BPB
[BPB] 预测阶段: PC=00003088, 未命中BPB
[BPB] 预测阶段: PC=0000308c, 未命中BPB
[BPB] 预测命中: PC=00003090, 条目索引=          1, 预测结果=1, 目标地址=0000307c
[BPB] 预测阶段: PC=00003090, 未命中BPB
[BPB] 预测命中: PC=00003090, 条目索引=          1, 预测结果=1, 目标地址=0000307c
[BPB] 预测阶段: PC=00003090, 命中=1, 预测跳转=1, 目标地址=0000307c
[BPB] 预测阶段: PC=0000307c, 命中=1, 预测跳转=0, 目标地址=00000000
[BPB] 预测阶段: PC=0000307c, 未命中BPB
[BPB] 更新请求: PC=0000308c, 实际跳转=0, 实际目标地址=00003090
[BPB] 未找到匹配条目且分支未发生，无需更新
[BPB] 预测阶段: PC=00003080, 未命中BPB
[BPB] 更新请求: PC=00003090, 实际跳转=1, 实际目标地址=0000307c
[BPB] 找到现有条目: 索引=          1
[BPB] 更新现有条目: 索引=          1, 旧状态=11, 新状态=11, 目标地址=0000307c
[BPB] 预测阶段: PC=00003084, 未命中BPB
[BPB] 预测阶段: PC=00003088, 未命中BPB
[BPB] 预测阶段: PC=0000308c, 未命中BPB
[BPB] 预测命中: PC=00003090, 条目索引=          1, 预测结果=1, 目标地址=0000307c
[BPB] 预测阶段: PC=00003090, 未命中BPB
[BPB] 预测命中: PC=00003090, 条目索引=          1, 预测结果=1, 目标地址=0000307c
[BPB] 预测阶段: PC=00003090, 命中=1, 预测跳转=1, 目标地址=0000307c
[BPB] 预测阶段: PC=0000307c, 命中=1, 预测跳转=0, 目标地址=00000000
[BPB] 预测阶段: PC=0000307c, 未命中BPB
[BPB] 更新请求: PC=0000308c, 实际跳转=0, 实际目标地址=00003090
[BPB] 未找到匹配条目且分支未发生，无需更新
[BPB] 预测阶段: PC=00003080, 未命中BPB
[BPB] 更新请求: PC=00003090, 实际跳转=1, 实际目标地址=0000307c
[BPB] 找到现有条目: 索引=          1
[BPB] 更新现有条目: 索引=          1, 旧状态=11, 新状态=11, 目标地址=0000307c
[BPB] 预测阶段: PC=00003084, 未命中BPB
[BPB] 预测阶段: PC=00003088, 未命中BPB
[BPB] 预测阶段: PC=0000308c, 未命中BPB
[BPB] 预测命中: PC=00003090, 条目索引=          1, 预测结果=1, 目标地址=0000307c
[BPB] 预测阶段: PC=00003090, 未命中BPB
[BPB] 预测命中: PC=00003090, 条目索引=          1, 预测结果=1, 目标地址=0000307c
[BPB] 预测阶段: PC=00003090, 命中=1, 预测跳转=1, 目标地址=0000307c
[BPB] 预测阶段: PC=0000307c, 命中=1, 预测跳转=0, 目标地址=00000000
[BPB] 预测阶段: PC=0000307c, 未命中BPB
[BPB] 更新请求: PC=0000308c, 实际跳转=0, 实际目标地址=00003090
[BPB] 未找到匹配条目且分支未发生，无需更新
[BPB] 预测阶段: PC=00003080, 未命中BPB
[BPB] 更新请求: PC=00003090, 实际跳转=1, 实际目标地址=0000307c
[BPB] 找到现有条目: 索引=          1
[BPB] 更新现有条目: 索引=          1, 旧状态=11, 新状态=11, 目标地址=0000307c
[BPB] 预测阶段: PC=00003084, 未命中BPB
[BPB] 预测阶段: PC=00003088, 未命中BPB
[BPB] 预测阶段: PC=0000308c, 未命中BPB
[BPB] 预测命中: PC=00003090, 条目索引=          1, 预测结果=1, 目标地址=0000307c
[BPB] 预测阶段: PC=00003090, 未命中BPB
[BPB] 预测命中: PC=00003090, 条目索引=          1, 预测结果=1, 目标地址=0000307c
[BPB] 预测阶段: PC=00003090, 命中=1, 预测跳转=1, 目标地址=0000307c
[BPB] 预测阶段: PC=0000307c, 命中=1, 预测跳转=0, 目标地址=00000000
[BPB] 预测阶段: PC=0000307c, 未命中BPB
[BPB] 更新请求: PC=0000308c, 实际跳转=0, 实际目标地址=00003090
[BPB] 未找到匹配条目且分支未发生，无需更新
[BPB] 预测阶段: PC=00003080, 未命中BPB
[BPB] 更新请求: PC=00003090, 实际跳转=1, 实际目标地址=0000307c
[BPB] 找到现有条目: 索引=          1
[BPB] 更新现有条目: 索引=          1, 旧状态=11, 新状态=11, 目标地址=0000307c
[BPB] 预测阶段: PC=00003084, 未命中BPB
[BPB] 预测阶段: PC=00003088, 未命中BPB
[BPB] 预测阶段: PC=0000308c, 未命中BPB
[BPB] 预测命中: PC=00003090, 条目索引=          1, 预测结果=1, 目标地址=0000307c
[BPB] 预测阶段: PC=00003090, 未命中BPB
[BPB] 预测命中: PC=00003090, 条目索引=          1, 预测结果=1, 目标地址=0000307c
[BPB] 预测阶段: PC=00003090, 命中=1, 预测跳转=1, 目标地址=0000307c
[BPB] 预测阶段: PC=0000307c, 命中=1, 预测跳转=0, 目标地址=00000000
[BPB] 预测阶段: PC=0000307c, 未命中BPB
[BPB] 更新请求: PC=0000308c, 实际跳转=0, 实际目标地址=00003090
[BPB] 未找到匹配条目且分支未发生，无需更新
[BPB] 预测阶段: PC=00003080, 未命中BPB
[BPB] 更新请求: PC=00003090, 实际跳转=1, 实际目标地址=0000307c
[BPB] 找到现有条目: 索引=          1
[BPB] 更新现有条目: 索引=          1, 旧状态=11, 新状态=11, 目标地址=0000307c
[BPB] 预测阶段: PC=00003084, 未命中BPB
[BPB] 预测阶段: PC=00003088, 未命中BPB
[BPB] 预测阶段: PC=0000308c, 未命中BPB
[BPB] 预测命中: PC=00003090, 条目索引=          1, 预测结果=1, 目标地址=0000307c
[BPB] 预测阶段: PC=00003090, 未命中BPB
[BPB] 预测命中: PC=00003090, 条目索引=          1, 预测结果=1, 目标地址=0000307c
[BPB] 预测阶段: PC=00003090, 命中=1, 预测跳转=1, 目标地址=0000307c
[BPB] 预测阶段: PC=0000307c, 命中=1, 预测跳转=0, 目标地址=00000000
[BPB] 预测阶段: PC=0000307c, 未命中BPB
[BPB] 更新请求: PC=0000308c, 实际跳转=0, 实际目标地址=00003090
[BPB] 未找到匹配条目且分支未发生，无需更新
[BPB] 预测阶段: PC=00003080, 未命中BPB
[BPB] 更新请求: PC=00003090, 实际跳转=1, 实际目标地址=0000307c
[BPB] 找到现有条目: 索引=          1
[BPB] 更新现有条目: 索引=          1, 旧状态=11, 新状态=11, 目标地址=0000307c
[BPB] 预测阶段: PC=00003084, 未命中BPB
[BPB] 预测阶段: PC=00003088, 未命中BPB
[BPB] 预测阶段: PC=0000308c, 未命中BPB
[BPB] 预测命中: PC=00003090, 条目索引=          1, 预测结果=1, 目标地址=0000307c
[BPB] 预测阶段: PC=00003090, 未命中BPB
[BPB] 预测命中: PC=00003090, 条目索引=          1, 预测结果=1, 目标地址=0000307c
[BPB] 预测阶段: PC=00003090, 命中=1, 预测跳转=1, 目标地址=0000307c
[BPB] 预测阶段: PC=0000307c, 命中=1, 预测跳转=0, 目标地址=00000000
[BPB] 预测阶段: PC=0000307c, 未命中BPB
[BPB] 更新请求: PC=0000308c, 实际跳转=0, 实际目标地址=00003090
[BPB] 未找到匹配条目且分支未发生，无需更新
[BPB] 预测阶段: PC=00003080, 未命中BPB
[BPB] 更新请求: PC=00003090, 实际跳转=1, 实际目标地址=0000307c
[BPB] 找到现有条目: 索引=          1
[BPB] 更新现有条目: 索引=          1, 旧状态=11, 新状态=11, 目标地址=0000307c
[BPB] 预测阶段: PC=00003084, 未命中BPB
[BPB] 预测阶段: PC=00003088, 未命中BPB
[BPB] 预测阶段: PC=0000308c, 未命中BPB
[BPB] 预测命中: PC=00003090, 条目索引=          1, 预测结果=1, 目标地址=0000307c
[BPB] 预测阶段: PC=00003090, 未命中BPB
[BPB] 预测命中: PC=00003090, 条目索引=          1, 预测结果=1, 目标地址=0000307c
[BPB] 预测阶段: PC=00003090, 命中=1, 预测跳转=1, 目标地址=0000307c
[BPB] 预测阶段: PC=0000307c, 命中=1, 预测跳转=0, 目标地址=00000000
[BPB] 预测阶段: PC=0000307c, 未命中BPB
[BPB] 更新请求: PC=0000308c, 实际跳转=0, 实际目标地址=00003090
[BPB] 未找到匹配条目且分支未发生，无需更新
[BPB] 预测阶段: PC=00003080, 未命中BPB
[BPB] 更新请求: PC=00003090, 实际跳转=1, 实际目标地址=0000307c
[BPB] 找到现有条目: 索引=          1
[BPB] 更新现有条目: 索引=          1, 旧状态=11, 新状态=11, 目标地址=0000307c
[BPB] 预测阶段: PC=00003084, 未命中BPB
[BPB] 预测阶段: PC=00003088, 未命中BPB
[BPB] 预测阶段: PC=0000308c, 未命中BPB
[BPB] 预测命中: PC=00003090, 条目索引=          1, 预测结果=1, 目标地址=0000307c
[BPB] 预测阶段: PC=00003090, 未命中BPB
[BPB] 预测命中: PC=00003090, 条目索引=          1, 预测结果=1, 目标地址=0000307c
[BPB] 预测阶段: PC=00003090, 命中=1, 预测跳转=1, 目标地址=0000307c
[BPB] 预测阶段: PC=0000307c, 命中=1, 预测跳转=0, 目标地址=00000000
[BPB] 预测阶段: PC=0000307c, 未命中BPB
[BPB] 更新请求: PC=0000308c, 实际跳转=0, 实际目标地址=00003090
[BPB] 未找到匹配条目且分支未发生，无需更新
[BPB] 预测阶段: PC=00003080, 未命中BPB
[BPB] 更新请求: PC=00003090, 实际跳转=1, 实际目标地址=0000307c
[BPB] 找到现有条目: 索引=          1
[BPB] 更新现有条目: 索引=          1, 旧状态=11, 新状态=11, 目标地址=0000307c
[BPB] 预测阶段: PC=00003084, 未命中BPB
[BPB] 预测阶段: PC=00003088, 未命中BPB
[BPB] 预测阶段: PC=0000308c, 未命中BPB
[BPB] 预测命中: PC=00003090, 条目索引=          1, 预测结果=1, 目标地址=0000307c
[BPB] 预测阶段: PC=00003090, 未命中BPB
[BPB] 预测命中: PC=00003090, 条目索引=          1, 预测结果=1, 目标地址=0000307c
[BPB] 预测阶段: PC=00003090, 命中=1, 预测跳转=1, 目标地址=0000307c
[BPB] 预测阶段: PC=0000307c, 命中=1, 预测跳转=0, 目标地址=00000000
[BPB] 预测阶段: PC=0000307c, 未命中BPB
[BPB] 更新请求: PC=0000308c, 实际跳转=1, 实际目标地址=00003094
[BPB] 未找到匹配条目，需要创建新条目
[BPB] LRU替换算法: 选择索引          0进行替换
[BPB] 创建新条目: 索引=          0, 标签=0308c, 状态=10, 目标地址=00003094
[BPB] 预测阶段: PC=0000307c, 未命中BPB
[BPB] 预测阶段: PC=00003094, 未命中BPB
[BPB] 预测阶段: PC=00003098, 未命中BPB
[BPB] 预测阶段: PC=0000309c, 未命中BPB
[BPB] 预测阶段: PC=000030a0, 未命中BPB
[BPB] 预测阶段: PC=000030a4, 未命中BPB
[BPB] 预测阶段: PC=000030a8, 未命中BPB
[BPB] 预测阶段: PC=000030ac, 未命中BPB
[BPB] 预测阶段: PC=000030b0, 未命中BPB
[BPB] 预测阶段: PC=000030b4, 未命中BPB
[BPB] 预测阶段: PC=000030b8, 未命中BPB
[BPB] 预测阶段: PC=000030bc, 未命中BPB
[BPB] 预测阶段: PC=000030c0, 未命中BPB
[BPB] 预测阶段: PC=000030c4, 未命中BPB
[BPB] 预测阶段: PC=000030c8, 未命中BPB
[BPB] 预测阶段: PC=000030cc, 未命中BPB
[BPB] 预测阶段: PC=000030d0, 未命中BPB
[BPB] 预测阶段: PC=000030d4, 未命中BPB
[BPB] 预测阶段: PC=000030d8, 未命中BPB
[BPB] 预测阶段: PC=000030dc, 未命中BPB
[BPB] 预测阶段: PC=000030e0, 未命中BPB
[BPB] 预测阶段: PC=000030e4, 未命中BPB
[BPB] 预测阶段: PC=000030e8, 未命中BPB
[BPB] 预测阶段: PC=000030ec, 未命中BPB
[BPB] 预测阶段: PC=000030f0, 未命中BPB
[BPB] 预测阶段: PC=000030f4, 未命中BPB
[BPB] 预测阶段: PC=000030f8, 未命中BPB
[BPB] 预测阶段: PC=000030fc, 未命中BPB
[BPB] 预测阶段: PC=00003100, 未命中BPB
[BPB] 预测阶段: PC=00003104, 未命中BPB
[BPB] 预测阶段: PC=00003108, 未命中BPB
[BPB] 预测阶段: PC=0000310c, 未命中BPB
[BPB] 预测阶段: PC=00003110, 未命中BPB
[BPB] 预测阶段: PC=00003114, 未命中BPB
[BPB] 预测阶段: PC=00003118, 未命中BPB
[BPB] 预测阶段: PC=0000311c, 未命中BPB
[BPB] 预测阶段: PC=00003120, 未命中BPB
[BPB] 预测阶段: PC=00003124, 未命中BPB
[BPB] 预测阶段: PC=00003128, 未命中BPB
[BPB] 预测阶段: PC=0000312c, 未命中BPB
[BPB] 预测阶段: PC=00003130, 未命中BPB
[BPB] 预测阶段: PC=00003134, 未命中BPB
[BPB] 预测阶段: PC=00003138, 未命中BPB
[BPB] 预测阶段: PC=0000313c, 未命中BPB
[BPB] 预测阶段: PC=00003140, 未命中BPB
[BPB] 预测阶段: PC=00003144, 未命中BPB
[BPB] 预测阶段: PC=00003148, 未命中BPB
[BPB] 预测阶段: PC=0000314c, 未命中BPB
[BPB] 预测阶段: PC=00003150, 未命中BPB
[BPB] 预测阶段: PC=00003154, 未命中BPB
[BPB] 预测阶段: PC=00003158, 未命中BPB
[BPB] 预测阶段: PC=0000315c, 未命中BPB
[BPB] 预测阶段: PC=00003160, 未命中BPB
[BPB] 预测阶段: PC=00003164, 未命中BPB
[BPB] 预测阶段: PC=00003168, 未命中BPB
[BPB] 预测阶段: PC=0000316c, 未命中BPB
[BPB] 预测阶段: PC=00003170, 未命中BPB
[BPB] 更新请求: PC=00003168, 实际跳转=1, 实际目标地址=00003150
[BPB] 未找到匹配条目，需要创建新条目
[BPB] LRU替换算法: 选择索引          2进行替换
[BPB] 创建新条目: 索引=          2, 标签=03168, 状态=10, 目标地址=00003150
[BPB] 预测阶段: PC=00003170, 未命中BPB
[BPB] 预测阶段: PC=00003150, 未命中BPB
[BPB] 预测阶段: PC=00003154, 未命中BPB
[BPB] 预测阶段: PC=00003158, 未命中BPB
[BPB] 预测阶段: PC=0000315c, 未命中BPB
[BPB] 预测阶段: PC=00003160, 未命中BPB
[BPB] 预测阶段: PC=00003164, 未命中BPB
[BPB] 预测命中: PC=00003168, 条目索引=          2, 预测结果=1, 目标地址=00003150
[BPB] 预测阶段: PC=00003168, 未命中BPB
[BPB] 预测命中: PC=00003168, 条目索引=          2, 预测结果=1, 目标地址=00003150
[BPB] 预测阶段: PC=00003168, 命中=1, 预测跳转=1, 目标地址=00003150
[BPB] 预测阶段: PC=00003150, 命中=1, 预测跳转=0, 目标地址=00000000
[BPB] 预测阶段: PC=00003150, 未命中BPB
[BPB] 预测阶段: PC=00003154, 未命中BPB
[BPB] 更新请求: PC=00003168, 实际跳转=1, 实际目标地址=00003150
[BPB] 找到现有条目: 索引=          2
[BPB] 更新现有条目: 索引=          2, 旧状态=10, 新状态=10, 目标地址=00003150
[BPB] 预测阶段: PC=00003154, 未命中BPB
[BPB] 预测阶段: PC=00003158, 未命中BPB
[BPB] 预测阶段: PC=0000315c, 未命中BPB
[BPB] 预测阶段: PC=00003160, 未命中BPB
[BPB] 预测阶段: PC=00003164, 未命中BPB
[BPB] 预测命中: PC=00003168, 条目索引=          2, 预测结果=1, 目标地址=00003150
[BPB] 预测阶段: PC=00003168, 未命中BPB
[BPB] 预测命中: PC=00003168, 条目索引=          2, 预测结果=1, 目标地址=00003150
[BPB] 预测阶段: PC=00003168, 命中=1, 预测跳转=1, 目标地址=00003150
[BPB] 预测阶段: PC=00003150, 命中=1, 预测跳转=0, 目标地址=00000000
[BPB] 预测阶段: PC=00003150, 未命中BPB
[BPB] 预测阶段: PC=00003154, 未命中BPB
[BPB] 更新请求: PC=00003168, 实际跳转=1, 实际目标地址=00003150
[BPB] 找到现有条目: 索引=          2
[BPB] 更新现有条目: 索引=          2, 旧状态=11, 新状态=11, 目标地址=00003150
[BPB] 预测阶段: PC=00003158, 未命中BPB
[BPB] 预测阶段: PC=0000315c, 未命中BPB
[BPB] 预测阶段: PC=00003160, 未命中BPB
[BPB] 预测阶段: PC=00003164, 未命中BPB
[BPB] 预测命中: PC=00003168, 条目索引=          2, 预测结果=1, 目标地址=00003150
[BPB] 预测阶段: PC=00003168, 未命中BPB
[BPB] 预测命中: PC=00003168, 条目索引=          2, 预测结果=1, 目标地址=00003150
[BPB] 预测阶段: PC=00003168, 命中=1, 预测跳转=1, 目标地址=00003150
[BPB] 预测阶段: PC=00003150, 命中=1, 预测跳转=0, 目标地址=00000000
[BPB] 预测阶段: PC=00003150, 未命中BPB
[BPB] 预测阶段: PC=00003154, 未命中BPB
[BPB] 更新请求: PC=00003168, 实际跳转=1, 实际目标地址=00003150
[BPB] 找到现有条目: 索引=          2
[BPB] 更新现有条目: 索引=          2, 旧状态=11, 新状态=11, 目标地址=00003150
[BPB] 预测阶段: PC=00003158, 未命中BPB
[BPB] 预测阶段: PC=0000315c, 未命中BPB
[BPB] 预测阶段: PC=00003160, 未命中BPB
[BPB] 预测阶段: PC=00003164, 未命中BPB
[BPB] 预测命中: PC=00003168, 条目索引=          2, 预测结果=1, 目标地址=00003150
[BPB] 预测阶段: PC=00003168, 未命中BPB
[BPB] 预测命中: PC=00003168, 条目索引=          2, 预测结果=1, 目标地址=00003150
[BPB] 预测阶段: PC=00003168, 命中=1, 预测跳转=1, 目标地址=00003150
[BPB] 预测阶段: PC=00003150, 命中=1, 预测跳转=0, 目标地址=00000000
[BPB] 预测阶段: PC=00003150, 未命中BPB
[BPB] 预测阶段: PC=00003154, 未命中BPB
[BPB] 更新请求: PC=00003168, 实际跳转=1, 实际目标地址=00003150
[BPB] 找到现有条目: 索引=          2
[BPB] 更新现有条目: 索引=          2, 旧状态=11, 新状态=11, 目标地址=00003150
[BPB] 预测阶段: PC=00003158, 未命中BPB
[BPB] 预测阶段: PC=0000315c, 未命中BPB
[BPB] 预测阶段: PC=00003160, 未命中BPB
[BPB] 预测阶段: PC=00003164, 未命中BPB
[BPB] 预测命中: PC=00003168, 条目索引=          2, 预测结果=1, 目标地址=00003150
[BPB] 预测阶段: PC=00003168, 未命中BPB
[BPB] 预测命中: PC=00003168, 条目索引=          2, 预测结果=1, 目标地址=00003150
[BPB] 预测阶段: PC=00003168, 命中=1, 预测跳转=1, 目标地址=00003150
[BPB] 预测阶段: PC=00003150, 命中=1, 预测跳转=0, 目标地址=00000000
[BPB] 预测阶段: PC=00003150, 未命中BPB
[BPB] 预测阶段: PC=00003154, 未命中BPB
[BPB] 更新请求: PC=00003168, 实际跳转=1, 实际目标地址=00003150
[BPB] 找到现有条目: 索引=          2
[BPB] 更新现有条目: 索引=          2, 旧状态=11, 新状态=11, 目标地址=00003150
[BPB] 预测阶段: PC=00003158, 未命中BPB
[BPB] 预测阶段: PC=0000315c, 未命中BPB
[BPB] 预测阶段: PC=00003160, 未命中BPB
[BPB] 预测阶段: PC=00003164, 未命中BPB
[BPB] 预测命中: PC=00003168, 条目索引=          2, 预测结果=1, 目标地址=00003150
[BPB] 预测阶段: PC=00003168, 未命中BPB
[BPB] 预测命中: PC=00003168, 条目索引=          2, 预测结果=1, 目标地址=00003150
[BPB] 预测阶段: PC=00003168, 命中=1, 预测跳转=1, 目标地址=00003150
[BPB] 预测阶段: PC=00003150, 命中=1, 预测跳转=0, 目标地址=00000000
[BPB] 预测阶段: PC=00003150, 未命中BPB
[BPB] 预测阶段: PC=00003154, 未命中BPB
[BPB] 更新请求: PC=00003168, 实际跳转=1, 实际目标地址=00003150
[BPB] 找到现有条目: 索引=          2
[BPB] 更新现有条目: 索引=          2, 旧状态=11, 新状态=11, 目标地址=00003150
[BPB] 预测阶段: PC=00003158, 未命中BPB
[BPB] 预测阶段: PC=0000315c, 未命中BPB
[BPB] 预测阶段: PC=00003160, 未命中BPB
[BPB] 预测阶段: PC=00003164, 未命中BPB
[BPB] 预测命中: PC=00003168, 条目索引=          2, 预测结果=1, 目标地址=00003150
[BPB] 预测阶段: PC=00003168, 未命中BPB
[BPB] 预测命中: PC=00003168, 条目索引=          2, 预测结果=1, 目标地址=00003150
[BPB] 预测阶段: PC=00003168, 命中=1, 预测跳转=1, 目标地址=00003150
[BPB] 预测阶段: PC=00003150, 命中=1, 预测跳转=0, 目标地址=00000000
[BPB] 预测阶段: PC=00003150, 未命中BPB
[BPB] 预测阶段: PC=00003154, 未命中BPB
[BPB] 更新请求: PC=00003168, 实际跳转=0, 实际目标地址=0000316c
[BPB] 找到现有条目: 索引=          2
[BPB] 更新现有条目: 索引=          2, 旧状态=11, 新状态=11, 目标地址=0000316c
[BPB] 预测阶段: PC=00003154, 未命中BPB
[BPB] 预测阶段: PC=0000316c, 未命中BPB
[BPB] 预测阶段: PC=00003170, 未命中BPB
[BPB] 预测阶段: PC=00003174, 未命中BPB
[BPB] 预测阶段: PC=00003178, 未命中BPB
[BPB] 预测阶段: PC=0000317c, 未命中BPB
[BPB] 预测阶段: PC=00003180, 未命中BPB
[BPB] 预测阶段: PC=00003184, 未命中BPB
[BPB] 预测阶段: PC=00003188, 未命中BPB
[BPB] 预测阶段: PC=0000318c, 未命中BPB
[BPB] 预测阶段: PC=00003190, 未命中BPB
[BPB] 预测阶段: PC=00003194, 未命中BPB
[BPB] 预测阶段: PC=00003198, 未命中BPB
[BPB] 预测阶段: PC=0000319c, 未命中BPB
[BPB] 预测阶段: PC=000031a0, 未命中BPB
[BPB] 预测阶段: PC=000031a4, 未命中BPB
[BPB] 更新请求: PC=0000319c, 实际跳转=1, 实际目标地址=00003184
[BPB] 未找到匹配条目，需要创建新条目
[BPB] LRU替换算法: 选择索引          3进行替换
[BPB] 创建新条目: 索引=          3, 标签=0319c, 状态=10, 目标地址=00003184
[BPB] 预测阶段: PC=000031a4, 未命中BPB
[BPB] 预测阶段: PC=00003184, 未命中BPB
[BPB] 预测阶段: PC=00003188, 未命中BPB
[BPB] 预测阶段: PC=0000318c, 未命中BPB
[BPB] 预测阶段: PC=00003190, 未命中BPB
[BPB] 预测阶段: PC=00003194, 未命中BPB
[BPB] 预测阶段: PC=00003198, 未命中BPB
[BPB] 预测命中: PC=0000319c, 条目索引=          3, 预测结果=1, 目标地址=00003184
[BPB] 预测阶段: PC=0000319c, 未命中BPB
[BPB] 预测命中: PC=0000319c, 条目索引=          3, 预测结果=1, 目标地址=00003184
[BPB] 预测阶段: PC=0000319c, 命中=1, 预测跳转=1, 目标地址=00003184
[BPB] 预测阶段: PC=00003184, 命中=1, 预测跳转=0, 目标地址=00000000
[BPB] 预测阶段: PC=00003184, 未命中BPB
[BPB] 预测阶段: PC=00003188, 未命中BPB
[BPB] 更新请求: PC=0000319c, 实际跳转=1, 实际目标地址=00003184
[BPB] 找到现有条目: 索引=          3
[BPB] 更新现有条目: 索引=          3, 旧状态=10, 新状态=10, 目标地址=00003184
[BPB] 预测阶段: PC=00003188, 未命中BPB
[BPB] 预测阶段: PC=0000318c, 未命中BPB
[BPB] 预测阶段: PC=00003190, 未命中BPB
[BPB] 预测阶段: PC=00003194, 未命中BPB
[BPB] 预测阶段: PC=00003198, 未命中BPB
[BPB] 预测命中: PC=0000319c, 条目索引=          3, 预测结果=1, 目标地址=00003184
[BPB] 预测阶段: PC=0000319c, 未命中BPB
[BPB] 预测命中: PC=0000319c, 条目索引=          3, 预测结果=1, 目标地址=00003184
[BPB] 预测阶段: PC=0000319c, 命中=1, 预测跳转=1, 目标地址=00003184
[BPB] 预测阶段: PC=00003184, 命中=1, 预测跳转=0, 目标地址=00000000
[BPB] 预测阶段: PC=00003184, 未命中BPB
[BPB] 预测阶段: PC=00003188, 未命中BPB
[BPB] 更新请求: PC=0000319c, 实际跳转=1, 实际目标地址=00003184
[BPB] 找到现有条目: 索引=          3
[BPB] 更新现有条目: 索引=          3, 旧状态=11, 新状态=11, 目标地址=00003184
[BPB] 预测阶段: PC=0000318c, 未命中BPB
[BPB] 预测阶段: PC=00003190, 未命中BPB
[BPB] 预测阶段: PC=00003194, 未命中BPB
[BPB] 预测阶段: PC=00003198, 未命中BPB
[BPB] 预测命中: PC=0000319c, 条目索引=          3, 预测结果=1, 目标地址=00003184
[BPB] 预测阶段: PC=0000319c, 未命中BPB
[BPB] 预测命中: PC=0000319c, 条目索引=          3, 预测结果=1, 目标地址=00003184
[BPB] 预测阶段: PC=0000319c, 命中=1, 预测跳转=1, 目标地址=00003184
[BPB] 预测阶段: PC=00003184, 命中=1, 预测跳转=0, 目标地址=00000000
[BPB] 预测阶段: PC=00003184, 未命中BPB
[BPB] 预测阶段: PC=00003188, 未命中BPB
[BPB] 更新请求: PC=0000319c, 实际跳转=1, 实际目标地址=00003184
[BPB] 找到现有条目: 索引=          3
[BPB] 更新现有条目: 索引=          3, 旧状态=11, 新状态=11, 目标地址=00003184
[BPB] 预测阶段: PC=0000318c, 未命中BPB
[BPB] 预测阶段: PC=00003190, 未命中BPB
[BPB] 预测阶段: PC=00003194, 未命中BPB
[BPB] 预测阶段: PC=00003198, 未命中BPB
[BPB] 预测命中: PC=0000319c, 条目索引=          3, 预测结果=1, 目标地址=00003184
[BPB] 预测阶段: PC=0000319c, 未命中BPB
[BPB] 预测命中: PC=0000319c, 条目索引=          3, 预测结果=1, 目标地址=00003184
[BPB] 预测阶段: PC=0000319c, 命中=1, 预测跳转=1, 目标地址=00003184
[BPB] 预测阶段: PC=00003184, 命中=1, 预测跳转=0, 目标地址=00000000
[BPB] 预测阶段: PC=00003184, 未命中BPB
[BPB] 预测阶段: PC=00003188, 未命中BPB
[BPB] 更新请求: PC=0000319c, 实际跳转=1, 实际目标地址=00003184
[BPB] 找到现有条目: 索引=          3
[BPB] 更新现有条目: 索引=          3, 旧状态=11, 新状态=11, 目标地址=00003184
[BPB] 预测阶段: PC=0000318c, 未命中BPB
[BPB] 预测阶段: PC=00003190, 未命中BPB
[BPB] 预测阶段: PC=00003194, 未命中BPB
[BPB] 预测阶段: PC=00003198, 未命中BPB
[BPB] 预测命中: PC=0000319c, 条目索引=          3, 预测结果=1, 目标地址=00003184
[BPB] 预测阶段: PC=0000319c, 未命中BPB
[BPB] 预测命中: PC=0000319c, 条目索引=          3, 预测结果=1, 目标地址=00003184
[BPB] 预测阶段: PC=0000319c, 命中=1, 预测跳转=1, 目标地址=00003184
[BPB] 预测阶段: PC=00003184, 命中=1, 预测跳转=0, 目标地址=00000000
[BPB] 预测阶段: PC=00003184, 未命中BPB
[BPB] 预测阶段: PC=00003188, 未命中BPB
[BPB] 更新请求: PC=0000319c, 实际跳转=1, 实际目标地址=00003184
[BPB] 找到现有条目: 索引=          3
[BPB] 更新现有条目: 索引=          3, 旧状态=11, 新状态=11, 目标地址=00003184
[BPB] 预测阶段: PC=0000318c, 未命中BPB
[BPB] 预测阶段: PC=00003190, 未命中BPB
[BPB] 预测阶段: PC=00003194, 未命中BPB
[BPB] 预测阶段: PC=00003198, 未命中BPB
[BPB] 预测命中: PC=0000319c, 条目索引=          3, 预测结果=1, 目标地址=00003184
[BPB] 预测阶段: PC=0000319c, 未命中BPB
[BPB] 预测命中: PC=0000319c, 条目索引=          3, 预测结果=1, 目标地址=00003184
[BPB] 预测阶段: PC=0000319c, 命中=1, 预测跳转=1, 目标地址=00003184
[BPB] 预测阶段: PC=00003184, 命中=1, 预测跳转=0, 目标地址=00000000
[BPB] 预测阶段: PC=00003184, 未命中BPB
[BPB] 预测阶段: PC=00003188, 未命中BPB
[BPB] 更新请求: PC=0000319c, 实际跳转=1, 实际目标地址=00003184
[BPB] 找到现有条目: 索引=          3
[BPB] 更新现有条目: 索引=          3, 旧状态=11, 新状态=11, 目标地址=00003184
[BPB] 预测阶段: PC=0000318c, 未命中BPB
[BPB] 预测阶段: PC=00003190, 未命中BPB
[BPB] 预测阶段: PC=00003194, 未命中BPB
[BPB] 预测阶段: PC=00003198, 未命中BPB
[BPB] 预测命中: PC=0000319c, 条目索引=          3, 预测结果=1, 目标地址=00003184
[BPB] 预测阶段: PC=0000319c, 未命中BPB
[BPB] 预测命中: PC=0000319c, 条目索引=          3, 预测结果=1, 目标地址=00003184
[BPB] 预测阶段: PC=0000319c, 命中=1, 预测跳转=1, 目标地址=00003184
[BPB] 预测阶段: PC=00003184, 命中=1, 预测跳转=0, 目标地址=00000000
[BPB] 预测阶段: PC=00003184, 未命中BPB
[BPB] 预测阶段: PC=00003188, 未命中BPB
[BPB] 更新请求: PC=0000319c, 实际跳转=0, 实际目标地址=000031a0
[BPB] 找到现有条目: 索引=          3
[BPB] 更新现有条目: 索引=          3, 旧状态=11, 新状态=11, 目标地址=000031a0
[BPB] 预测阶段: PC=00003188, 未命中BPB
[BPB] 预测阶段: PC=000031a0, 未命中BPB
[BPB] 预测阶段: PC=000031a4, 未命中BPB
[BPB] 预测阶段: PC=000031a8, 未命中BPB
[BPB] 预测阶段: PC=000031ac, 未命中BPB
[BPB] 预测阶段: PC=000031b0, 未命中BPB
[BPB] 更新请求: PC=000031a8, 实际跳转=0, 实际目标地址=000031ac
[BPB] 未找到匹配条目且分支未发生，无需更新
[BPB] 预测阶段: PC=000031b4, 未命中BPB
[BPB] 更新请求: PC=000031ac, 实际跳转=1, 实际目标地址=00003140
[BPB] 未找到匹配条目，需要创建新条目
[BPB] LRU替换算法: 选择索引          0进行替换
[BPB] 创建新条目: 索引=          0, 标签=031ac, 状态=10, 目标地址=00003140
[BPB] 预测阶段: PC=000031b4, 未命中BPB
[BPB] 预测阶段: PC=00003140, 未命中BPB
[BPB] 预测阶段: PC=00003144, 未命中BPB
[BPB] 预测阶段: PC=00003148, 未命中BPB
[BPB] 预测阶段: PC=0000314c, 未命中BPB
[BPB] 预测阶段: PC=00003150, 未命中BPB
[BPB] 预测阶段: PC=00003154, 未命中BPB
[BPB] 预测阶段: PC=00003158, 未命中BPB
[BPB] 预测阶段: PC=0000315c, 未命中BPB
[BPB] 预测阶段: PC=00003160, 未命中BPB
[BPB] 预测阶段: PC=00003164, 未命中BPB
[BPB] 预测命中: PC=00003168, 条目索引=          2, 预测结果=1, 目标地址=0000316c
[BPB] 预测阶段: PC=00003168, 未命中BPB
[BPB] 预测命中: PC=00003168, 条目索引=          2, 预测结果=1, 目标地址=0000316c
[BPB] 预测阶段: PC=00003168, 命中=1, 预测跳转=1, 目标地址=0000316c
[BPB] 预测阶段: PC=0000316c, 命中=1, 预测跳转=0, 目标地址=00000000
[BPB] 预测阶段: PC=0000316c, 未命中BPB
[BPB] 预测阶段: PC=00003170, 未命中BPB
[BPB] 更新请求: PC=00003168, 实际跳转=1, 实际目标地址=00003150
[BPB] 找到现有条目: 索引=          2
[BPB] 更新现有条目: 索引=          2, 旧状态=10, 新状态=10, 目标地址=00003150
[BPB] 预测阶段: PC=00003170, 未命中BPB
[BPB] 预测阶段: PC=00003174, 未命中BPB
[BPB] 预测阶段: PC=00003178, 未命中BPB
[BPB] 预测阶段: PC=0000317c, 未命中BPB
[BPB] 预测阶段: PC=00003180, 未命中BPB
[BPB] 预测阶段: PC=00003184, 未命中BPB
[BPB] 预测阶段: PC=00003188, 未命中BPB
[BPB] 预测阶段: PC=0000318c, 未命中BPB
[BPB] 预测阶段: PC=00003190, 未命中BPB
[BPB] 预测阶段: PC=00003194, 未命中BPB
[BPB] 预测阶段: PC=00003198, 未命中BPB
[BPB] 预测命中: PC=0000319c, 条目索引=          3, 预测结果=1, 目标地址=000031a0
[BPB] 预测阶段: PC=0000319c, 未命中BPB
[BPB] 预测命中: PC=0000319c, 条目索引=          3, 预测结果=1, 目标地址=000031a0
[BPB] 预测阶段: PC=0000319c, 命中=1, 预测跳转=1, 目标地址=000031a0
[BPB] 预测阶段: PC=000031a0, 命中=1, 预测跳转=0, 目标地址=00000000
[BPB] 预测阶段: PC=000031a0, 未命中BPB
[BPB] 预测阶段: PC=000031a4, 未命中BPB
[BPB] 更新请求: PC=0000319c, 实际跳转=1, 实际目标地址=00003184
[BPB] 找到现有条目: 索引=          3
[BPB] 更新现有条目: 索引=          3, 旧状态=10, 新状态=10, 目标地址=00003184
[BPB] 预测阶段: PC=000031a4, 未命中BPB
[BPB] 预测阶段: PC=000031a8, 未命中BPB
[BPB] 预测命中: PC=000031ac, 条目索引=          0, 预测结果=1, 目标地址=00003140
[BPB] 预测阶段: PC=000031ac, 未命中BPB
[BPB] 预测命中: PC=000031ac, 条目索引=          0, 预测结果=1, 目标地址=00003140
[BPB] 预测阶段: PC=000031ac, 命中=1, 预测跳转=1, 目标地址=00003140
[BPB] 预测阶段: PC=00003140, 命中=1, 预测跳转=0, 目标地址=00000000
[BPB] 预测阶段: PC=00003140, 未命中BPB
[BPB] 更新请求: PC=000031a8, 实际跳转=0, 实际目标地址=000031ac
[BPB] 未找到匹配条目且分支未发生，无需更新
[BPB] 预测阶段: PC=00003144, 未命中BPB
[BPB] 更新请求: PC=000031ac, 实际跳转=1, 实际目标地址=00003140
[BPB] 找到现有条目: 索引=          0
[BPB] 更新现有条目: 索引=          0, 旧状态=10, 新状态=10, 目标地址=00003140
[BPB] 预测阶段: PC=00003144, 未命中BPB
[BPB] 预测阶段: PC=00003148, 未命中BPB
[BPB] 预测阶段: PC=0000314c, 未命中BPB
[BPB] 预测阶段: PC=00003150, 未命中BPB
[BPB] 预测阶段: PC=00003154, 未命中BPB
[BPB] 预测阶段: PC=00003158, 未命中BPB
[BPB] 预测阶段: PC=0000315c, 未命中BPB
[BPB] 预测阶段: PC=00003160, 未命中BPB
[BPB] 预测阶段: PC=00003164, 未命中BPB
[BPB] 预测命中: PC=00003168, 条目索引=          2, 预测结果=1, 目标地址=00003150
[BPB] 预测阶段: PC=00003168, 未命中BPB
[BPB] 预测命中: PC=00003168, 条目索引=          2, 预测结果=1, 目标地址=00003150
[BPB] 预测阶段: PC=00003168, 命中=1, 预测跳转=1, 目标地址=00003150
[BPB] 预测阶段: PC=00003150, 命中=1, 预测跳转=0, 目标地址=00000000
[BPB] 预测阶段: PC=00003150, 未命中BPB
[BPB] 预测阶段: PC=00003154, 未命中BPB
[BPB] 更新请求: PC=00003168, 实际跳转=1, 实际目标地址=00003150
[BPB] 找到现有条目: 索引=          2
[BPB] 更新现有条目: 索引=          2, 旧状态=11, 新状态=11, 目标地址=00003150
[BPB] 预测阶段: PC=00003158, 未命中BPB
[BPB] 预测阶段: PC=0000315c, 未命中BPB
[BPB] 预测阶段: PC=00003160, 未命中BPB
[BPB] 预测阶段: PC=00003164, 未命中BPB
[BPB] 预测命中: PC=00003168, 条目索引=          2, 预测结果=1, 目标地址=00003150
[BPB] 预测阶段: PC=00003168, 未命中BPB
[BPB] 预测命中: PC=00003168, 条目索引=          2, 预测结果=1, 目标地址=00003150
[BPB] 预测阶段: PC=00003168, 命中=1, 预测跳转=1, 目标地址=00003150
[BPB] 预测阶段: PC=00003150, 命中=1, 预测跳转=0, 目标地址=00000000
[BPB] 预测阶段: PC=00003150, 未命中BPB
[BPB] 预测阶段: PC=00003154, 未命中BPB
[BPB] 更新请求: PC=00003168, 实际跳转=1, 实际目标地址=00003150
[BPB] 找到现有条目: 索引=          2
[BPB] 更新现有条目: 索引=          2, 旧状态=11, 新状态=11, 目标地址=00003150
[BPB] 预测阶段: PC=00003158, 未命中BPB
[BPB] 预测阶段: PC=0000315c, 未命中BPB
[BPB] 预测阶段: PC=00003160, 未命中BPB
[BPB] 预测阶段: PC=00003164, 未命中BPB
[BPB] 预测命中: PC=00003168, 条目索引=          2, 预测结果=1, 目标地址=00003150
[BPB] 预测阶段: PC=00003168, 未命中BPB
[BPB] 预测命中: PC=00003168, 条目索引=          2, 预测结果=1, 目标地址=00003150
[BPB] 预测阶段: PC=00003168, 命中=1, 预测跳转=1, 目标地址=00003150
[BPB] 预测阶段: PC=00003150, 命中=1, 预测跳转=0, 目标地址=00000000
[BPB] 预测阶段: PC=00003150, 未命中BPB
[BPB] 预测阶段: PC=00003154, 未命中BPB
[BPB] 更新请求: PC=00003168, 实际跳转=1, 实际目标地址=00003150
[BPB] 找到现有条目: 索引=          2
[BPB] 更新现有条目: 索引=          2, 旧状态=11, 新状态=11, 目标地址=00003150
[BPB] 预测阶段: PC=00003158, 未命中BPB
[BPB] 预测阶段: PC=0000315c, 未命中BPB
[BPB] 预测阶段: PC=00003160, 未命中BPB
[BPB] 预测阶段: PC=00003164, 未命中BPB
[BPB] 预测命中: PC=00003168, 条目索引=          2, 预测结果=1, 目标地址=00003150
[BPB] 预测阶段: PC=00003168, 未命中BPB
[BPB] 预测命中: PC=00003168, 条目索引=          2, 预测结果=1, 目标地址=00003150
[BPB] 预测阶段: PC=00003168, 命中=1, 预测跳转=1, 目标地址=00003150
[BPB] 预测阶段: PC=00003150, 命中=1, 预测跳转=0, 目标地址=00000000
[BPB] 预测阶段: PC=00003150, 未命中BPB
[BPB] 预测阶段: PC=00003154, 未命中BPB
[BPB] 更新请求: PC=00003168, 实际跳转=1, 实际目标地址=00003150
[BPB] 找到现有条目: 索引=          2
[BPB] 更新现有条目: 索引=          2, 旧状态=11, 新状态=11, 目标地址=00003150
[BPB] 预测阶段: PC=00003158, 未命中BPB
[BPB] 预测阶段: PC=0000315c, 未命中BPB
[BPB] 预测阶段: PC=00003160, 未命中BPB
[BPB] 预测阶段: PC=00003164, 未命中BPB
[BPB] 预测命中: PC=00003168, 条目索引=          2, 预测结果=1, 目标地址=00003150
[BPB] 预测阶段: PC=00003168, 未命中BPB
[BPB] 预测命中: PC=00003168, 条目索引=          2, 预测结果=1, 目标地址=00003150
[BPB] 预测阶段: PC=00003168, 命中=1, 预测跳转=1, 目标地址=00003150
[BPB] 预测阶段: PC=00003150, 命中=1, 预测跳转=0, 目标地址=00000000
[BPB] 预测阶段: PC=00003150, 未命中BPB
[BPB] 预测阶段: PC=00003154, 未命中BPB
[BPB] 更新请求: PC=00003168, 实际跳转=1, 实际目标地址=00003150
[BPB] 找到现有条目: 索引=          2
[BPB] 更新现有条目: 索引=          2, 旧状态=11, 新状态=11, 目标地址=00003150
[BPB] 预测阶段: PC=00003158, 未命中BPB
[BPB] 预测阶段: PC=0000315c, 未命中BPB
[BPB] 预测阶段: PC=00003160, 未命中BPB
[BPB] 预测阶段: PC=00003164, 未命中BPB
[BPB] 预测命中: PC=00003168, 条目索引=          2, 预测结果=1, 目标地址=00003150
[BPB] 预测阶段: PC=00003168, 未命中BPB
[BPB] 预测命中: PC=00003168, 条目索引=          2, 预测结果=1, 目标地址=00003150
[BPB] 预测阶段: PC=00003168, 命中=1, 预测跳转=1, 目标地址=00003150
[BPB] 预测阶段: PC=00003150, 命中=1, 预测跳转=0, 目标地址=00000000
[BPB] 预测阶段: PC=00003150, 未命中BPB
[BPB] 预测阶段: PC=00003154, 未命中BPB
[BPB] 更新请求: PC=00003168, 实际跳转=1, 实际目标地址=00003150
[BPB] 找到现有条目: 索引=          2
[BPB] 更新现有条目: 索引=          2, 旧状态=11, 新状态=11, 目标地址=00003150
[BPB] 预测阶段: PC=00003158, 未命中BPB
[BPB] 预测阶段: PC=0000315c, 未命中BPB
[BPB] 预测阶段: PC=00003160, 未命中BPB
[BPB] 预测阶段: PC=00003164, 未命中BPB
[BPB] 预测命中: PC=00003168, 条目索引=          2, 预测结果=1, 目标地址=00003150
[BPB] 预测阶段: PC=00003168, 未命中BPB
[BPB] 预测命中: PC=00003168, 条目索引=          2, 预测结果=1, 目标地址=00003150
[BPB] 预测阶段: PC=00003168, 命中=1, 预测跳转=1, 目标地址=00003150
[BPB] 预测阶段: PC=00003150, 命中=1, 预测跳转=0, 目标地址=00000000
[BPB] 预测阶段: PC=00003150, 未命中BPB
[BPB] 预测阶段: PC=00003154, 未命中BPB
[BPB] 更新请求: PC=00003168, 实际跳转=1, 实际目标地址=00003150
[BPB] 找到现有条目: 索引=          2
[BPB] 更新现有条目: 索引=          2, 旧状态=11, 新状态=11, 目标地址=00003150
[BPB] 预测阶段: PC=00003158, 未命中BPB
[BPB] 预测阶段: PC=0000315c, 未命中BPB
[BPB] 预测阶段: PC=00003160, 未命中BPB
[BPB] 预测阶段: PC=00003164, 未命中BPB
[BPB] 预测命中: PC=00003168, 条目索引=          2, 预测结果=1, 目标地址=00003150
[BPB] 预测阶段: PC=00003168, 未命中BPB
[BPB] 预测命中: PC=00003168, 条目索引=          2, 预测结果=1, 目标地址=00003150
[BPB] 预测阶段: PC=00003168, 命中=1, 预测跳转=1, 目标地址=00003150
[BPB] 预测阶段: PC=00003150, 命中=1, 预测跳转=0, 目标地址=00000000
[BPB] 预测阶段: PC=00003150, 未命中BPB
[BPB] 预测阶段: PC=00003154, 未命中BPB
[BPB] 更新请求: PC=00003168, 实际跳转=0, 实际目标地址=0000316c
[BPB] 找到现有条目: 索引=          2
[BPB] 更新现有条目: 索引=          2, 旧状态=11, 新状态=11, 目标地址=0000316c
[BPB] 预测阶段: PC=00003154, 未命中BPB
[BPB] 预测阶段: PC=0000316c, 未命中BPB
[BPB] 预测阶段: PC=00003170, 未命中BPB
[BPB] 预测阶段: PC=00003174, 未命中BPB
[BPB] 预测阶段: PC=00003178, 未命中BPB
[BPB] 预测阶段: PC=0000317c, 未命中BPB
[BPB] 预测阶段: PC=00003180, 未命中BPB
[BPB] 预测阶段: PC=00003184, 未命中BPB
[BPB] 预测阶段: PC=00003188, 未命中BPB
[BPB] 预测阶段: PC=0000318c, 未命中BPB
[BPB] 预测阶段: PC=00003190, 未命中BPB
[BPB] 预测阶段: PC=00003194, 未命中BPB
[BPB] 预测阶段: PC=00003198, 未命中BPB
[BPB] 预测命中: PC=0000319c, 条目索引=          3, 预测结果=1, 目标地址=00003184
[BPB] 预测阶段: PC=0000319c, 未命中BPB
[BPB] 预测命中: PC=0000319c, 条目索引=          3, 预测结果=1, 目标地址=00003184
[BPB] 预测阶段: PC=0000319c, 命中=1, 预测跳转=1, 目标地址=00003184
[BPB] 预测阶段: PC=00003184, 命中=1, 预测跳转=0, 目标地址=00000000
[BPB] 预测阶段: PC=00003184, 未命中BPB
[BPB] 预测阶段: PC=00003188, 未命中BPB
[BPB] 更新请求: PC=0000319c, 实际跳转=1, 实际目标地址=00003184
[BPB] 找到现有条目: 索引=          3
[BPB] 更新现有条目: 索引=          3, 旧状态=11, 新状态=11, 目标地址=00003184
[BPB] 预测阶段: PC=0000318c, 未命中BPB
[BPB] 预测阶段: PC=00003190, 未命中BPB
[BPB] 预测阶段: PC=00003194, 未命中BPB
[BPB] 预测阶段: PC=00003198, 未命中BPB
[BPB] 预测命中: PC=0000319c, 条目索引=          3, 预测结果=1, 目标地址=00003184
[BPB] 预测阶段: PC=0000319c, 未命中BPB
[BPB] 预测命中: PC=0000319c, 条目索引=          3, 预测结果=1, 目标地址=00003184
[BPB] 预测阶段: PC=0000319c, 命中=1, 预测跳转=1, 目标地址=00003184
[BPB] 预测阶段: PC=00003184, 命中=1, 预测跳转=0, 目标地址=00000000
[BPB] 预测阶段: PC=00003184, 未命中BPB
[BPB] 预测阶段: PC=00003188, 未命中BPB
[BPB] 更新请求: PC=0000319c, 实际跳转=1, 实际目标地址=00003184
[BPB] 找到现有条目: 索引=          3
[BPB] 更新现有条目: 索引=          3, 旧状态=11, 新状态=11, 目标地址=00003184
[BPB] 预测阶段: PC=0000318c, 未命中BPB
[BPB] 预测阶段: PC=00003190, 未命中BPB
[BPB] 预测阶段: PC=00003194, 未命中BPB
[BPB] 预测阶段: PC=00003198, 未命中BPB
[BPB] 预测命中: PC=0000319c, 条目索引=          3, 预测结果=1, 目标地址=00003184
[BPB] 预测阶段: PC=0000319c, 未命中BPB
[BPB] 预测命中: PC=0000319c, 条目索引=          3, 预测结果=1, 目标地址=00003184
[BPB] 预测阶段: PC=0000319c, 命中=1, 预测跳转=1, 目标地址=00003184
[BPB] 预测阶段: PC=00003184, 命中=1, 预测跳转=0, 目标地址=00000000
[BPB] 预测阶段: PC=00003184, 未命中BPB
[BPB] 预测阶段: PC=00003188, 未命中BPB
[BPB] 更新请求: PC=0000319c, 实际跳转=1, 实际目标地址=00003184
[BPB] 找到现有条目: 索引=          3
[BPB] 更新现有条目: 索引=          3, 旧状态=11, 新状态=11, 目标地址=00003184
[BPB] 预测阶段: PC=0000318c, 未命中BPB
[BPB] 预测阶段: PC=00003190, 未命中BPB
[BPB] 预测阶段: PC=00003194, 未命中BPB
[BPB] 预测阶段: PC=00003198, 未命中BPB
[BPB] 预测命中: PC=0000319c, 条目索引=          3, 预测结果=1, 目标地址=00003184
[BPB] 预测阶段: PC=0000319c, 未命中BPB
[BPB] 预测命中: PC=0000319c, 条目索引=          3, 预测结果=1, 目标地址=00003184
[BPB] 预测阶段: PC=0000319c, 命中=1, 预测跳转=1, 目标地址=00003184
[BPB] 预测阶段: PC=00003184, 命中=1, 预测跳转=0, 目标地址=00000000
[BPB] 预测阶段: PC=00003184, 未命中BPB
[BPB] 预测阶段: PC=00003188, 未命中BPB
[BPB] 更新请求: PC=0000319c, 实际跳转=1, 实际目标地址=00003184
[BPB] 找到现有条目: 索引=          3
[BPB] 更新现有条目: 索引=          3, 旧状态=11, 新状态=11, 目标地址=00003184
[BPB] 预测阶段: PC=0000318c, 未命中BPB
[BPB] 预测阶段: PC=00003190, 未命中BPB
[BPB] 预测阶段: PC=00003194, 未命中BPB
[BPB] 预测阶段: PC=00003198, 未命中BPB
[BPB] 预测命中: PC=0000319c, 条目索引=          3, 预测结果=1, 目标地址=00003184
[BPB] 预测阶段: PC=0000319c, 未命中BPB
[BPB] 预测命中: PC=0000319c, 条目索引=          3, 预测结果=1, 目标地址=00003184
[BPB] 预测阶段: PC=0000319c, 命中=1, 预测跳转=1, 目标地址=00003184
[BPB] 预测阶段: PC=00003184, 命中=1, 预测跳转=0, 目标地址=00000000
[BPB] 预测阶段: PC=00003184, 未命中BPB
[BPB] 预测阶段: PC=00003188, 未命中BPB
[BPB] 更新请求: PC=0000319c, 实际跳转=1, 实际目标地址=00003184
[BPB] 找到现有条目: 索引=          3
[BPB] 更新现有条目: 索引=          3, 旧状态=11, 新状态=11, 目标地址=00003184
[BPB] 预测阶段: PC=0000318c, 未命中BPB
[BPB] 预测阶段: PC=00003190, 未命中BPB
[BPB] 预测阶段: PC=00003194, 未命中BPB
[BPB] 预测阶段: PC=00003198, 未命中BPB
[BPB] 预测命中: PC=0000319c, 条目索引=          3, 预测结果=1, 目标地址=00003184
[BPB] 预测阶段: PC=0000319c, 未命中BPB
[BPB] 预测命中: PC=0000319c, 条目索引=          3, 预测结果=1, 目标地址=00003184
[BPB] 预测阶段: PC=0000319c, 命中=1, 预测跳转=1, 目标地址=00003184
[BPB] 预测阶段: PC=00003184, 命中=1, 预测跳转=0, 目标地址=00000000
[BPB] 预测阶段: PC=00003184, 未命中BPB
[BPB] 预测阶段: PC=00003188, 未命中BPB
[BPB] 更新请求: PC=0000319c, 实际跳转=1, 实际目标地址=00003184
[BPB] 找到现有条目: 索引=          3
[BPB] 更新现有条目: 索引=          3, 旧状态=11, 新状态=11, 目标地址=00003184
[BPB] 预测阶段: PC=0000318c, 未命中BPB
[BPB] 预测阶段: PC=00003190, 未命中BPB
[BPB] 预测阶段: PC=00003194, 未命中BPB
[BPB] 预测阶段: PC=00003198, 未命中BPB
[BPB] 预测命中: PC=0000319c, 条目索引=          3, 预测结果=1, 目标地址=00003184
[BPB] 预测阶段: PC=0000319c, 未命中BPB
[BPB] 预测命中: PC=0000319c, 条目索引=          3, 预测结果=1, 目标地址=00003184
[BPB] 预测阶段: PC=0000319c, 命中=1, 预测跳转=1, 目标地址=00003184
[BPB] 预测阶段: PC=00003184, 命中=1, 预测跳转=0, 目标地址=00000000
[BPB] 预测阶段: PC=00003184, 未命中BPB
[BPB] 预测阶段: PC=00003188, 未命中BPB
[BPB] 更新请求: PC=0000319c, 实际跳转=1, 实际目标地址=00003184
[BPB] 找到现有条目: 索引=          3
[BPB] 更新现有条目: 索引=          3, 旧状态=11, 新状态=11, 目标地址=00003184
[BPB] 预测阶段: PC=0000318c, 未命中BPB
[BPB] 预测阶段: PC=00003190, 未命中BPB
[BPB] 预测阶段: PC=00003194, 未命中BPB
[BPB] 预测阶段: PC=00003198, 未命中BPB
[BPB] 预测命中: PC=0000319c, 条目索引=          3, 预测结果=1, 目标地址=00003184
[BPB] 预测阶段: PC=0000319c, 未命中BPB
[BPB] 预测命中: PC=0000319c, 条目索引=          3, 预测结果=1, 目标地址=00003184
[BPB] 预测阶段: PC=0000319c, 命中=1, 预测跳转=1, 目标地址=00003184
[BPB] 预测阶段: PC=00003184, 命中=1, 预测跳转=0, 目标地址=00000000
[BPB] 预测阶段: PC=00003184, 未命中BPB
[BPB] 预测阶段: PC=00003188, 未命中BPB
[BPB] 更新请求: PC=0000319c, 实际跳转=0, 实际目标地址=000031a0
[BPB] 找到现有条目: 索引=          3
[BPB] 更新现有条目: 索引=          3, 旧状态=11, 新状态=11, 目标地址=000031a0
[BPB] 预测阶段: PC=00003188, 未命中BPB
[BPB] 预测阶段: PC=000031a0, 未命中BPB
[BPB] 预测阶段: PC=000031a4, 未命中BPB
[BPB] 预测阶段: PC=000031a8, 未命中BPB
[BPB] 预测命中: PC=000031ac, 条目索引=          0, 预测结果=1, 目标地址=00003140
[BPB] 预测阶段: PC=000031ac, 未命中BPB
[BPB] 预测命中: PC=000031ac, 条目索引=          0, 预测结果=1, 目标地址=00003140
[BPB] 预测阶段: PC=000031ac, 命中=1, 预测跳转=1, 目标地址=00003140
[BPB] 预测阶段: PC=00003140, 命中=1, 预测跳转=0, 目标地址=00000000
[BPB] 预测阶段: PC=00003140, 未命中BPB
[BPB] 更新请求: PC=000031a8, 实际跳转=1, 实际目标地址=000031b0
[BPB] 未找到匹配条目，需要创建新条目
[BPB] LRU替换算法: 选择索引          0进行替换
[BPB] 创建新条目: 索引=          0, 标签=031a8, 状态=10, 目标地址=000031b0
[BPB] 预测阶段: PC=00003140, 未命中BPB
[BPB] 预测阶段: PC=000031b0, 未命中BPB
[BPB] 预测阶段: PC=000031b4, 未命中BPB
[BPB] 预测阶段: PC=000031b8, 未命中BPB
[BPB] 预测阶段: PC=000031bc, 未命中BPB
[BPB] 预测阶段: PC=000031c0, 未命中BPB
[BPB] 预测阶段: PC=000031c4, 未命中BPB
[BPB] 预测阶段: PC=000031c8, 未命中BPB
[BPB] 预测阶段: PC=000031cc, 未命中BPB
[BPB] 预测阶段: PC=000031d0, 未命中BPB
[BPB] 预测阶段: PC=000031d4, 未命中BPB
[BPB] 预测阶段: PC=000031d8, 未命中BPB
[BPB] 预测阶段: PC=000031dc, 未命中BPB
[BPB] 预测阶段: PC=000031e0, 未命中BPB
[BPB] 预测阶段: PC=000031e4, 未命中BPB
[BPB] 预测阶段: PC=000031e8, 未命中BPB
[BPB] 预测阶段: PC=000031ec, 未命中BPB
[BPB] 预测阶段: PC=000031f0, 未命中BPB
[BPB] 预测阶段: PC=000031f4, 未命中BPB
[BPB] 预测阶段: PC=000031f8, 未命中BPB
[BPB] 预测阶段: PC=000031fc, 未命中BPB
[BPB] 预测阶段: PC=00003200, 未命中BPB
[BPB] 预测阶段: PC=00003204, 未命中BPB
[BPB] 预测阶段: PC=00003208, 未命中BPB
[BPB] 预测阶段: PC=0000320c, 未命中BPB
[BPB] 预测阶段: PC=00003210, 未命中BPB
[BPB] 预测阶段: PC=00003214, 未命中BPB
[BPB] 预测阶段: PC=00003218, 未命中BPB
[BPB] 预测阶段: PC=0000321c, 未命中BPB
[BPB] 预测阶段: PC=00003220, 未命中BPB
[BPB] 预测阶段: PC=00003224, 未命中BPB
[BPB] 预测阶段: PC=00003228, 未命中BPB
[BPB] 预测阶段: PC=0000322c, 未命中BPB
[BPB] 预测阶段: PC=00003230, 未命中BPB
[BPB] 预测阶段: PC=00003234, 未命中BPB
[BPB] 预测阶段: PC=00003238, 未命中BPB
[BPB] 预测阶段: PC=0000323c, 未命中BPB
[BPB] 预测阶段: PC=00003240, 未命中BPB
[BPB] 预测阶段: PC=00003244, 未命中BPB
[BPB] 预测阶段: PC=00003248, 未命中BPB
[BPB] 预测阶段: PC=0000324c, 未命中BPB
[BPB] 预测阶段: PC=00003250, 未命中BPB
[BPB] 预测阶段: PC=00003254, 未命中BPB
[BPB] 预测阶段: PC=00003258, 未命中BPB
[BPB] 预测阶段: PC=0000325c, 未命中BPB
[BPB] 预测阶段: PC=00003260, 未命中BPB
[BPB] 预测阶段: PC=00003264, 未命中BPB
[BPB] 预测阶段: PC=00003268, 未命中BPB
[BPB] 预测阶段: PC=0000326c, 未命中BPB
[BPB] 预测阶段: PC=00003270, 未命中BPB
[BPB] 预测阶段: PC=00003274, 未命中BPB
[BPB] 预测阶段: PC=00003278, 未命中BPB
[BPB] 预测阶段: PC=0000327c, 未命中BPB
[BPB] 预测阶段: PC=00003280, 未命中BPB
[BPB] 预测阶段: PC=00003284, 未命中BPB
[BPB] 预测阶段: PC=00003288, 未命中BPB
[BPB] 预测阶段: PC=0000328c, 未命中BPB
[BPB] 预测阶段: PC=00003290, 未命中BPB
[BPB] 预测阶段: PC=00003294, 未命中BPB
[BPB] 预测阶段: PC=00003298, 未命中BPB
[BPB] 预测阶段: PC=0000329c, 未命中BPB
[BPB] 预测阶段: PC=000032a0, 未命中BPB
[BPB] 预测阶段: PC=000032a4, 未命中BPB
[BPB] 预测阶段: PC=000032a8, 未命中BPB
[BPB] 预测阶段: PC=000032ac, 未命中BPB
[BPB] 预测阶段: PC=000032b0, 未命中BPB
[BPB] 预测阶段: PC=000032b4, 未命中BPB
[BPB] 更新请求: PC=000032ac, 实际跳转=0, 实际目标地址=000032b0
[BPB] 未找到匹配条目且分支未发生，无需更新
[BPB] 预测阶段: PC=000032b8, 未命中BPB
[BPB] 预测阶段: PC=000032bc, 未命中BPB
[BPB] 预测阶段: PC=000032c0, 未命中BPB
[BPB] 预测阶段: PC=000032c4, 未命中BPB
[BPB] 更新请求: PC=000032bc, 实际跳转=1, 实际目标地址=000032a0
[BPB] 未找到匹配条目，需要创建新条目
[BPB] LRU替换算法: 选择索引          1进行替换
[BPB] 创建新条目: 索引=          1, 标签=032bc, 状态=10, 目标地址=000032a0
[BPB] 预测阶段: PC=000032c4, 未命中BPB
[BPB] 预测阶段: PC=000032a0, 未命中BPB
[BPB] 预测阶段: PC=000032a4, 未命中BPB
[BPB] 预测阶段: PC=000032a8, 未命中BPB
[BPB] 预测阶段: PC=000032ac, 未命中BPB
[BPB] 预测阶段: PC=000032b0, 未命中BPB
[BPB] 预测阶段: PC=000032b4, 未命中BPB
[BPB] 更新请求: PC=000032ac, 实际跳转=1, 实际目标地址=000032b8
[BPB] 未找到匹配条目，需要创建新条目
[BPB] LRU替换算法: 选择索引          4进行替换
[BPB] 创建新条目: 索引=          4, 标签=032ac, 状态=10, 目标地址=000032b8
[BPB] 预测阶段: PC=000032b4, 未命中BPB
[BPB] 预测阶段: PC=000032b8, 未命中BPB
[BPB] 预测命中: PC=000032bc, 条目索引=          1, 预测结果=1, 目标地址=000032a0
[BPB] 预测阶段: PC=000032bc, 未命中BPB
[BPB] 预测命中: PC=000032bc, 条目索引=          1, 预测结果=1, 目标地址=000032a0
[BPB] 预测阶段: PC=000032bc, 命中=1, 预测跳转=1, 目标地址=000032a0
[BPB] 预测阶段: PC=000032a0, 命中=1, 预测跳转=0, 目标地址=00000000
[BPB] 预测阶段: PC=000032a0, 未命中BPB
[BPB] 预测阶段: PC=000032a4, 未命中BPB
[BPB] 更新请求: PC=000032bc, 实际跳转=1, 实际目标地址=000032a0
[BPB] 找到现有条目: 索引=          1
[BPB] 更新现有条目: 索引=          1, 旧状态=10, 新状态=10, 目标地址=000032a0
[BPB] 预测阶段: PC=000032a4, 未命中BPB
[BPB] 预测阶段: PC=000032a8, 未命中BPB
[BPB] 预测命中: PC=000032ac, 条目索引=          4, 预测结果=1, 目标地址=000032b8
[BPB] 预测阶段: PC=000032ac, 未命中BPB
[BPB] 预测命中: PC=000032ac, 条目索引=          4, 预测结果=1, 目标地址=000032b8
[BPB] 预测阶段: PC=000032ac, 命中=1, 预测跳转=1, 目标地址=000032b8
[BPB] 预测阶段: PC=000032b8, 命中=1, 预测跳转=0, 目标地址=00000000
[BPB] 预测阶段: PC=000032b8, 未命中BPB
[BPB] 预测命中: PC=000032bc, 条目索引=          1, 预测结果=1, 目标地址=000032a0
[BPB] 预测阶段: PC=000032bc, 未命中BPB
[BPB] 预测命中: PC=000032bc, 条目索引=          1, 预测结果=1, 目标地址=000032a0
[BPB] 预测阶段: PC=000032bc, 命中=1, 预测跳转=1, 目标地址=000032a0
[BPB] 更新请求: PC=000032ac, 实际跳转=1, 实际目标地址=000032b8
[BPB] 找到现有条目: 索引=          4
[BPB] 更新现有条目: 索引=          4, 旧状态=10, 新状态=10, 目标地址=000032b8
[BPB] 预测命中: PC=000032bc, 条目索引=          1, 预测结果=1, 目标地址=000032a0
[BPB] 预测阶段: PC=000032bc, 命中=1, 预测跳转=1, 目标地址=000032a0
[BPB] 预测阶段: PC=000032a0, 命中=1, 预测跳转=0, 目标地址=00000000
[BPB] 预测阶段: PC=000032a0, 未命中BPB
[BPB] 预测阶段: PC=000032a4, 未命中BPB
[BPB] 更新请求: PC=000032bc, 实际跳转=1, 实际目标地址=000032a0
[BPB] 找到现有条目: 索引=          1
[BPB] 更新现有条目: 索引=          1, 旧状态=11, 新状态=11, 目标地址=000032a0
[BPB] 预测阶段: PC=000032a8, 未命中BPB
[BPB] 预测命中: PC=000032ac, 条目索引=          4, 预测结果=1, 目标地址=000032b8
[BPB] 预测阶段: PC=000032ac, 未命中BPB
[BPB] 预测命中: PC=000032ac, 条目索引=          4, 预测结果=1, 目标地址=000032b8
[BPB] 预测阶段: PC=000032ac, 命中=1, 预测跳转=1, 目标地址=000032b8
[BPB] 预测阶段: PC=000032b8, 命中=1, 预测跳转=0, 目标地址=00000000
[BPB] 预测阶段: PC=000032b8, 未命中BPB
[BPB] 预测命中: PC=000032bc, 条目索引=          1, 预测结果=1, 目标地址=000032a0
[BPB] 预测阶段: PC=000032bc, 未命中BPB
[BPB] 预测命中: PC=000032bc, 条目索引=          1, 预测结果=1, 目标地址=000032a0
[BPB] 预测阶段: PC=000032bc, 命中=1, 预测跳转=1, 目标地址=000032a0
[BPB] 更新请求: PC=000032ac, 实际跳转=1, 实际目标地址=000032b8
[BPB] 找到现有条目: 索引=          4
[BPB] 更新现有条目: 索引=          4, 旧状态=11, 新状态=11, 目标地址=000032b8
[BPB] 预测阶段: PC=000032a0, 命中=1, 预测跳转=0, 目标地址=00000000
[BPB] 预测阶段: PC=000032a0, 未命中BPB
[BPB] 预测阶段: PC=000032a4, 未命中BPB
[BPB] 更新请求: PC=000032bc, 实际跳转=1, 实际目标地址=000032a0
[BPB] 找到现有条目: 索引=          1
[BPB] 更新现有条目: 索引=          1, 旧状态=11, 新状态=11, 目标地址=000032a0
[BPB] 预测阶段: PC=000032a8, 未命中BPB
[BPB] 预测命中: PC=000032ac, 条目索引=          4, 预测结果=1, 目标地址=000032b8
[BPB] 预测阶段: PC=000032ac, 未命中BPB
[BPB] 预测命中: PC=000032ac, 条目索引=          4, 预测结果=1, 目标地址=000032b8
[BPB] 预测阶段: PC=000032ac, 命中=1, 预测跳转=1, 目标地址=000032b8
[BPB] 预测阶段: PC=000032b8, 命中=1, 预测跳转=0, 目标地址=00000000
[BPB] 预测阶段: PC=000032b8, 未命中BPB
[BPB] 预测命中: PC=000032bc, 条目索引=          1, 预测结果=1, 目标地址=000032a0
[BPB] 预测阶段: PC=000032bc, 未命中BPB
[BPB] 预测命中: PC=000032bc, 条目索引=          1, 预测结果=1, 目标地址=000032a0
[BPB] 预测阶段: PC=000032bc, 命中=1, 预测跳转=1, 目标地址=000032a0
[BPB] 更新请求: PC=000032ac, 实际跳转=1, 实际目标地址=000032b8
[BPB] 找到现有条目: 索引=          4
[BPB] 更新现有条目: 索引=          4, 旧状态=11, 新状态=11, 目标地址=000032b8
[BPB] 预测阶段: PC=000032a0, 命中=1, 预测跳转=0, 目标地址=00000000
[BPB] 预测阶段: PC=000032a0, 未命中BPB
[BPB] 预测阶段: PC=000032a4, 未命中BPB
[BPB] 更新请求: PC=000032bc, 实际跳转=1, 实际目标地址=000032a0
[BPB] 找到现有条目: 索引=          1
[BPB] 更新现有条目: 索引=          1, 旧状态=11, 新状态=11, 目标地址=000032a0
[BPB] 预测阶段: PC=000032a8, 未命中BPB
[BPB] 预测命中: PC=000032ac, 条目索引=          4, 预测结果=1, 目标地址=000032b8
[BPB] 预测阶段: PC=000032ac, 未命中BPB
[BPB] 预测命中: PC=000032ac, 条目索引=          4, 预测结果=1, 目标地址=000032b8
[BPB] 预测阶段: PC=000032ac, 命中=1, 预测跳转=1, 目标地址=000032b8
[BPB] 预测阶段: PC=000032b8, 命中=1, 预测跳转=0, 目标地址=00000000
[BPB] 预测阶段: PC=000032b8, 未命中BPB
[BPB] 预测命中: PC=000032bc, 条目索引=          1, 预测结果=1, 目标地址=000032a0
[BPB] 预测阶段: PC=000032bc, 未命中BPB
[BPB] 预测命中: PC=000032bc, 条目索引=          1, 预测结果=1, 目标地址=000032a0
[BPB] 预测阶段: PC=000032bc, 命中=1, 预测跳转=1, 目标地址=000032a0
[BPB] 更新请求: PC=000032ac, 实际跳转=1, 实际目标地址=000032b8
[BPB] 找到现有条目: 索引=          4
[BPB] 更新现有条目: 索引=          4, 旧状态=11, 新状态=11, 目标地址=000032b8
[BPB] 预测阶段: PC=000032a0, 命中=1, 预测跳转=0, 目标地址=00000000
[BPB] 预测阶段: PC=000032a0, 未命中BPB
[BPB] 预测阶段: PC=000032a4, 未命中BPB
[BPB] 更新请求: PC=000032bc, 实际跳转=1, 实际目标地址=000032a0
[BPB] 找到现有条目: 索引=          1
[BPB] 更新现有条目: 索引=          1, 旧状态=11, 新状态=11, 目标地址=000032a0
[BPB] 预测阶段: PC=000032a8, 未命中BPB
[BPB] 预测命中: PC=000032ac, 条目索引=          4, 预测结果=1, 目标地址=000032b8
[BPB] 预测阶段: PC=000032ac, 未命中BPB
[BPB] 预测命中: PC=000032ac, 条目索引=          4, 预测结果=1, 目标地址=000032b8
[BPB] 预测阶段: PC=000032ac, 命中=1, 预测跳转=1, 目标地址=000032b8
[BPB] 预测阶段: PC=000032b8, 命中=1, 预测跳转=0, 目标地址=00000000
[BPB] 预测阶段: PC=000032b8, 未命中BPB
[BPB] 预测命中: PC=000032bc, 条目索引=          1, 预测结果=1, 目标地址=000032a0
[BPB] 预测阶段: PC=000032bc, 未命中BPB
[BPB] 预测命中: PC=000032bc, 条目索引=          1, 预测结果=1, 目标地址=000032a0
[BPB] 预测阶段: PC=000032bc, 命中=1, 预测跳转=1, 目标地址=000032a0
[BPB] 更新请求: PC=000032ac, 实际跳转=1, 实际目标地址=000032b8
[BPB] 找到现有条目: 索引=          4
[BPB] 更新现有条目: 索引=          4, 旧状态=11, 新状态=11, 目标地址=000032b8
[BPB] 预测阶段: PC=000032a0, 命中=1, 预测跳转=0, 目标地址=00000000
[BPB] 预测阶段: PC=000032a0, 未命中BPB
[BPB] 预测阶段: PC=000032a4, 未命中BPB
[BPB] 更新请求: PC=000032bc, 实际跳转=1, 实际目标地址=000032a0
[BPB] 找到现有条目: 索引=          1
[BPB] 更新现有条目: 索引=          1, 旧状态=11, 新状态=11, 目标地址=000032a0
[BPB] 预测阶段: PC=000032a8, 未命中BPB
[BPB] 预测命中: PC=000032ac, 条目索引=          4, 预测结果=1, 目标地址=000032b8
[BPB] 预测阶段: PC=000032ac, 未命中BPB
[BPB] 预测命中: PC=000032ac, 条目索引=          4, 预测结果=1, 目标地址=000032b8
[BPB] 预测阶段: PC=000032ac, 命中=1, 预测跳转=1, 目标地址=000032b8
[BPB] 预测阶段: PC=000032b8, 命中=1, 预测跳转=0, 目标地址=00000000
[BPB] 预测阶段: PC=000032b8, 未命中BPB
[BPB] 预测命中: PC=000032bc, 条目索引=          1, 预测结果=1, 目标地址=000032a0
[BPB] 预测阶段: PC=000032bc, 未命中BPB
[BPB] 预测命中: PC=000032bc, 条目索引=          1, 预测结果=1, 目标地址=000032a0
[BPB] 预测阶段: PC=000032bc, 命中=1, 预测跳转=1, 目标地址=000032a0
[BPB] 更新请求: PC=000032ac, 实际跳转=1, 实际目标地址=000032b8
[BPB] 找到现有条目: 索引=          4
[BPB] 更新现有条目: 索引=          4, 旧状态=11, 新状态=11, 目标地址=000032b8
[BPB] 预测阶段: PC=000032a0, 命中=1, 预测跳转=0, 目标地址=00000000
[BPB] 预测阶段: PC=000032a0, 未命中BPB
[BPB] 预测阶段: PC=000032a4, 未命中BPB
[BPB] 更新请求: PC=000032bc, 实际跳转=1, 实际目标地址=000032a0
[BPB] 找到现有条目: 索引=          1
[BPB] 更新现有条目: 索引=          1, 旧状态=11, 新状态=11, 目标地址=000032a0
[BPB] 预测阶段: PC=000032a8, 未命中BPB
[BPB] 预测命中: PC=000032ac, 条目索引=          4, 预测结果=1, 目标地址=000032b8
[BPB] 预测阶段: PC=000032ac, 未命中BPB
[BPB] 预测命中: PC=000032ac, 条目索引=          4, 预测结果=1, 目标地址=000032b8
[BPB] 预测阶段: PC=000032ac, 命中=1, 预测跳转=1, 目标地址=000032b8
[BPB] 预测阶段: PC=000032b8, 命中=1, 预测跳转=0, 目标地址=00000000
[BPB] 预测阶段: PC=000032b8, 未命中BPB
[BPB] 预测命中: PC=000032bc, 条目索引=          1, 预测结果=1, 目标地址=000032a0
[BPB] 预测阶段: PC=000032bc, 未命中BPB
[BPB] 预测命中: PC=000032bc, 条目索引=          1, 预测结果=1, 目标地址=000032a0
[BPB] 预测阶段: PC=000032bc, 命中=1, 预测跳转=1, 目标地址=000032a0
[BPB] 更新请求: PC=000032ac, 实际跳转=1, 实际目标地址=000032b8
[BPB] 找到现有条目: 索引=          4
[BPB] 更新现有条目: 索引=          4, 旧状态=11, 新状态=11, 目标地址=000032b8
[BPB] 预测阶段: PC=000032a0, 命中=1, 预测跳转=0, 目标地址=00000000
[BPB] 预测阶段: PC=000032a0, 未命中BPB
[BPB] 预测阶段: PC=000032a4, 未命中BPB
[BPB] 更新请求: PC=000032bc, 实际跳转=1, 实际目标地址=000032a0
[BPB] 找到现有条目: 索引=          1
[BPB] 更新现有条目: 索引=          1, 旧状态=11, 新状态=11, 目标地址=000032a0
[BPB] 预测阶段: PC=000032a8, 未命中BPB
[BPB] 预测命中: PC=000032ac, 条目索引=          4, 预测结果=1, 目标地址=000032b8
[BPB] 预测阶段: PC=000032ac, 未命中BPB
[BPB] 预测命中: PC=000032ac, 条目索引=          4, 预测结果=1, 目标地址=000032b8
[BPB] 预测阶段: PC=000032ac, 命中=1, 预测跳转=1, 目标地址=000032b8
[BPB] 预测阶段: PC=000032b8, 命中=1, 预测跳转=0, 目标地址=00000000
[BPB] 预测阶段: PC=000032b8, 未命中BPB
[BPB] 预测命中: PC=000032bc, 条目索引=          1, 预测结果=1, 目标地址=000032a0
[BPB] 预测阶段: PC=000032bc, 未命中BPB
[BPB] 预测命中: PC=000032bc, 条目索引=          1, 预测结果=1, 目标地址=000032a0
[BPB] 预测阶段: PC=000032bc, 命中=1, 预测跳转=1, 目标地址=000032a0
[BPB] 更新请求: PC=000032ac, 实际跳转=1, 实际目标地址=000032b8
[BPB] 找到现有条目: 索引=          4
[BPB] 更新现有条目: 索引=          4, 旧状态=11, 新状态=11, 目标地址=000032b8
[BPB] 预测阶段: PC=000032a0, 命中=1, 预测跳转=0, 目标地址=00000000
[BPB] 预测阶段: PC=000032a0, 未命中BPB
[BPB] 预测阶段: PC=000032a4, 未命中BPB
[BPB] 更新请求: PC=000032bc, 实际跳转=1, 实际目标地址=000032a0
[BPB] 找到现有条目: 索引=          1
[BPB] 更新现有条目: 索引=          1, 旧状态=11, 新状态=11, 目标地址=000032a0
[BPB] 预测阶段: PC=000032a8, 未命中BPB
[BPB] 预测命中: PC=000032ac, 条目索引=          4, 预测结果=1, 目标地址=000032b8
[BPB] 预测阶段: PC=000032ac, 未命中BPB
[BPB] 预测命中: PC=000032ac, 条目索引=          4, 预测结果=1, 目标地址=000032b8
[BPB] 预测阶段: PC=000032ac, 命中=1, 预测跳转=1, 目标地址=000032b8
[BPB] 预测阶段: PC=000032b8, 命中=1, 预测跳转=0, 目标地址=00000000
[BPB] 预测阶段: PC=000032b8, 未命中BPB
[BPB] 预测命中: PC=000032bc, 条目索引=          1, 预测结果=1, 目标地址=000032a0
[BPB] 预测阶段: PC=000032bc, 未命中BPB
[BPB] 预测命中: PC=000032bc, 条目索引=          1, 预测结果=1, 目标地址=000032a0
[BPB] 预测阶段: PC=000032bc, 命中=1, 预测跳转=1, 目标地址=000032a0
[BPB] 更新请求: PC=000032ac, 实际跳转=1, 实际目标地址=000032b8
[BPB] 找到现有条目: 索引=          4
[BPB] 更新现有条目: 索引=          4, 旧状态=11, 新状态=11, 目标地址=000032b8
[BPB] 预测阶段: PC=000032a0, 命中=1, 预测跳转=0, 目标地址=00000000
[BPB] 预测阶段: PC=000032a0, 未命中BPB
[BPB] 预测阶段: PC=000032a4, 未命中BPB
[BPB] 更新请求: PC=000032bc, 实际跳转=1, 实际目标地址=000032a0
[BPB] 找到现有条目: 索引=          1
[BPB] 更新现有条目: 索引=          1, 旧状态=11, 新状态=11, 目标地址=000032a0
[BPB] 预测阶段: PC=000032a8, 未命中BPB
[BPB] 预测命中: PC=000032ac, 条目索引=          4, 预测结果=1, 目标地址=000032b8
[BPB] 预测阶段: PC=000032ac, 未命中BPB
[BPB] 预测命中: PC=000032ac, 条目索引=          4, 预测结果=1, 目标地址=000032b8
[BPB] 预测阶段: PC=000032ac, 命中=1, 预测跳转=1, 目标地址=000032b8
[BPB] 预测阶段: PC=000032b8, 命中=1, 预测跳转=0, 目标地址=00000000
[BPB] 预测阶段: PC=000032b8, 未命中BPB
[BPB] 预测命中: PC=000032bc, 条目索引=          1, 预测结果=1, 目标地址=000032a0
[BPB] 预测阶段: PC=000032bc, 未命中BPB
[BPB] 预测命中: PC=000032bc, 条目索引=          1, 预测结果=1, 目标地址=000032a0
[BPB] 预测阶段: PC=000032bc, 命中=1, 预测跳转=1, 目标地址=000032a0
[BPB] 更新请求: PC=000032ac, 实际跳转=1, 实际目标地址=000032b8
[BPB] 找到现有条目: 索引=          4
[BPB] 更新现有条目: 索引=          4, 旧状态=11, 新状态=11, 目标地址=000032b8
[BPB] 预测阶段: PC=000032a0, 命中=1, 预测跳转=0, 目标地址=00000000
[BPB] 预测阶段: PC=000032a0, 未命中BPB
[BPB] 预测阶段: PC=000032a4, 未命中BPB
[BPB] 更新请求: PC=000032bc, 实际跳转=1, 实际目标地址=000032a0
[BPB] 找到现有条目: 索引=          1
[BPB] 更新现有条目: 索引=          1, 旧状态=11, 新状态=11, 目标地址=000032a0
[BPB] 预测阶段: PC=000032a8, 未命中BPB
[BPB] 预测命中: PC=000032ac, 条目索引=          4, 预测结果=1, 目标地址=000032b8
[BPB] 预测阶段: PC=000032ac, 未命中BPB
[BPB] 预测命中: PC=000032ac, 条目索引=          4, 预测结果=1, 目标地址=000032b8
[BPB] 预测阶段: PC=000032ac, 命中=1, 预测跳转=1, 目标地址=000032b8
[BPB] 预测阶段: PC=000032b8, 命中=1, 预测跳转=0, 目标地址=00000000
[BPB] 预测阶段: PC=000032b8, 未命中BPB
[BPB] 预测命中: PC=000032bc, 条目索引=          1, 预测结果=1, 目标地址=000032a0
[BPB] 预测阶段: PC=000032bc, 未命中BPB
[BPB] 预测命中: PC=000032bc, 条目索引=          1, 预测结果=1, 目标地址=000032a0
[BPB] 预测阶段: PC=000032bc, 命中=1, 预测跳转=1, 目标地址=000032a0
[BPB] 更新请求: PC=000032ac, 实际跳转=1, 实际目标地址=000032b8
[BPB] 找到现有条目: 索引=          4
[BPB] 更新现有条目: 索引=          4, 旧状态=11, 新状态=11, 目标地址=000032b8
[BPB] 预测阶段: PC=000032a0, 命中=1, 预测跳转=0, 目标地址=00000000
[BPB] 预测阶段: PC=000032a0, 未命中BPB
[BPB] 预测阶段: PC=000032a4, 未命中BPB
[BPB] 更新请求: PC=000032bc, 实际跳转=1, 实际目标地址=000032a0
[BPB] 找到现有条目: 索引=          1
[BPB] 更新现有条目: 索引=          1, 旧状态=11, 新状态=11, 目标地址=000032a0
[BPB] 预测阶段: PC=000032a8, 未命中BPB
[BPB] 预测命中: PC=000032ac, 条目索引=          4, 预测结果=1, 目标地址=000032b8
[BPB] 预测阶段: PC=000032ac, 未命中BPB
[BPB] 预测命中: PC=000032ac, 条目索引=          4, 预测结果=1, 目标地址=000032b8
[BPB] 预测阶段: PC=000032ac, 命中=1, 预测跳转=1, 目标地址=000032b8
[BPB] 预测阶段: PC=000032b8, 命中=1, 预测跳转=0, 目标地址=00000000
[BPB] 预测阶段: PC=000032b8, 未命中BPB
[BPB] 预测命中: PC=000032bc, 条目索引=          1, 预测结果=1, 目标地址=000032a0
[BPB] 预测阶段: PC=000032bc, 未命中BPB
[BPB] 预测命中: PC=000032bc, 条目索引=          1, 预测结果=1, 目标地址=000032a0
[BPB] 预测阶段: PC=000032bc, 命中=1, 预测跳转=1, 目标地址=000032a0
[BPB] 更新请求: PC=000032ac, 实际跳转=1, 实际目标地址=000032b8
[BPB] 找到现有条目: 索引=          4
[BPB] 更新现有条目: 索引=          4, 旧状态=11, 新状态=11, 目标地址=000032b8
[BPB] 预测阶段: PC=000032a0, 命中=1, 预测跳转=0, 目标地址=00000000
[BPB] 预测阶段: PC=000032a0, 未命中BPB
[BPB] 预测阶段: PC=000032a4, 未命中BPB
[BPB] 更新请求: PC=000032bc, 实际跳转=1, 实际目标地址=000032a0
[BPB] 找到现有条目: 索引=          1
[BPB] 更新现有条目: 索引=          1, 旧状态=11, 新状态=11, 目标地址=000032a0
[BPB] 预测阶段: PC=000032a8, 未命中BPB
[BPB] 预测命中: PC=000032ac, 条目索引=          4, 预测结果=1, 目标地址=000032b8
[BPB] 预测阶段: PC=000032ac, 未命中BPB
[BPB] 预测命中: PC=000032ac, 条目索引=          4, 预测结果=1, 目标地址=000032b8
[BPB] 预测阶段: PC=000032ac, 命中=1, 预测跳转=1, 目标地址=000032b8
[BPB] 预测阶段: PC=000032b8, 命中=1, 预测跳转=0, 目标地址=00000000
[BPB] 预测阶段: PC=000032b8, 未命中BPB
[BPB] 预测命中: PC=000032bc, 条目索引=          1, 预测结果=1, 目标地址=000032a0
[BPB] 预测阶段: PC=000032bc, 未命中BPB
[BPB] 预测命中: PC=000032bc, 条目索引=          1, 预测结果=1, 目标地址=000032a0
[BPB] 预测阶段: PC=000032bc, 命中=1, 预测跳转=1, 目标地址=000032a0
[BPB] 更新请求: PC=000032ac, 实际跳转=1, 实际目标地址=000032b8
[BPB] 找到现有条目: 索引=          4
[BPB] 更新现有条目: 索引=          4, 旧状态=11, 新状态=11, 目标地址=000032b8
[BPB] 预测阶段: PC=000032a0, 命中=1, 预测跳转=0, 目标地址=00000000
[BPB] 预测阶段: PC=000032a0, 未命中BPB
[BPB] 预测阶段: PC=000032a4, 未命中BPB
[BPB] 更新请求: PC=000032bc, 实际跳转=0, 实际目标地址=000032c0
[BPB] 找到现有条目: 索引=          1
[BPB] 更新现有条目: 索引=          1, 旧状态=11, 新状态=11, 目标地址=000032c0
[BPB] 预测阶段: PC=000032a4, 未命中BPB
[BPB] 预测阶段: PC=000032c0, 未命中BPB
[BPB] 预测阶段: PC=000032c4, 未命中BPB
[BPB] 预测阶段: PC=000032c8, 未命中BPB
[BPB] 预测阶段: PC=000032cc, 未命中BPB
[BPB] 预测阶段: PC=000032d0, 未命中BPB
[BPB] 预测阶段: PC=000032d4, 未命中BPB
[BPB] 预测阶段: PC=000032d8, 未命中BPB
[BPB] 预测阶段: PC=000032dc, 未命中BPB
[BPB] 更新请求: PC=000032d4, 实际跳转=1, 实际目标地址=000032a0
[BPB] 未找到匹配条目，需要创建新条目
[BPB] LRU替换算法: 选择索引          0进行替换
[BPB] 创建新条目: 索引=          0, 标签=032d4, 状态=10, 目标地址=000032a0
[BPB] 预测阶段: PC=000032dc, 未命中BPB
[BPB] 预测阶段: PC=000032a0, 未命中BPB
[BPB] 预测阶段: PC=000032a4, 未命中BPB
[BPB] 预测阶段: PC=000032a8, 未命中BPB
[BPB] 预测命中: PC=000032ac, 条目索引=          4, 预测结果=1, 目标地址=000032b8
[BPB] 预测阶段: PC=000032ac, 未命中BPB
[BPB] 预测命中: PC=000032ac, 条目索引=          4, 预测结果=1, 目标地址=000032b8
[BPB] 预测阶段: PC=000032ac, 命中=1, 预测跳转=1, 目标地址=000032b8
[BPB] 预测阶段: PC=000032b8, 命中=1, 预测跳转=0, 目标地址=00000000
[BPB] 预测阶段: PC=000032b8, 未命中BPB
[BPB] 预测命中: PC=000032bc, 条目索引=          1, 预测结果=1, 目标地址=000032c0
[BPB] 预测阶段: PC=000032bc, 未命中BPB
[BPB] 预测命中: PC=000032bc, 条目索引=          1, 预测结果=1, 目标地址=000032c0
[BPB] 预测阶段: PC=000032bc, 命中=1, 预测跳转=1, 目标地址=000032c0
[BPB] 更新请求: PC=000032ac, 实际跳转=1, 实际目标地址=000032b8
[BPB] 找到现有条目: 索引=          4
[BPB] 更新现有条目: 索引=          4, 旧状态=11, 新状态=11, 目标地址=000032b8
[BPB] 预测阶段: PC=000032c0, 命中=1, 预测跳转=0, 目标地址=00000000
[BPB] 预测阶段: PC=000032c0, 未命中BPB
[BPB] 预测阶段: PC=000032c4, 未命中BPB
[BPB] 更新请求: PC=000032bc, 实际跳转=1, 实际目标地址=000032a0
[BPB] 找到现有条目: 索引=          1
[BPB] 更新现有条目: 索引=          1, 旧状态=10, 新状态=10, 目标地址=000032a0
[BPB] 预测阶段: PC=000032c4, 未命中BPB
[BPB] 预测阶段: PC=000032c8, 未命中BPB
[BPB] 预测阶段: PC=000032cc, 未命中BPB
[BPB] 预测阶段: PC=000032d0, 未命中BPB
[BPB] 预测命中: PC=000032d4, 条目索引=          0, 预测结果=1, 目标地址=000032a0
[BPB] 预测阶段: PC=000032d4, 未命中BPB
[BPB] 预测命中: PC=000032d4, 条目索引=          0, 预测结果=1, 目标地址=000032a0
[BPB] 预测阶段: PC=000032d4, 命中=1, 预测跳转=1, 目标地址=000032a0
[BPB] 预测阶段: PC=000032a0, 命中=1, 预测跳转=0, 目标地址=00000000
[BPB] 预测阶段: PC=000032a0, 未命中BPB
[BPB] 预测阶段: PC=000032a4, 未命中BPB
[BPB] 更新请求: PC=000032d4, 实际跳转=1, 实际目标地址=000032a0
[BPB] 找到现有条目: 索引=          0
[BPB] 更新现有条目: 索引=          0, 旧状态=10, 新状态=10, 目标地址=000032a0
[BPB] 预测阶段: PC=000032a4, 未命中BPB
[BPB] 预测阶段: PC=000032a8, 未命中BPB
[BPB] 预测命中: PC=000032ac, 条目索引=          4, 预测结果=1, 目标地址=000032b8
[BPB] 预测阶段: PC=000032ac, 未命中BPB
[BPB] 预测命中: PC=000032ac, 条目索引=          4, 预测结果=1, 目标地址=000032b8
[BPB] 预测阶段: PC=000032ac, 命中=1, 预测跳转=1, 目标地址=000032b8
[BPB] 预测阶段: PC=000032b8, 命中=1, 预测跳转=0, 目标地址=00000000
[BPB] 预测阶段: PC=000032b8, 未命中BPB
[BPB] 预测命中: PC=000032bc, 条目索引=          1, 预测结果=1, 目标地址=000032a0
[BPB] 预测阶段: PC=000032bc, 未命中BPB
[BPB] 预测命中: PC=000032bc, 条目索引=          1, 预测结果=1, 目标地址=000032a0
[BPB] 预测阶段: PC=000032bc, 命中=1, 预测跳转=1, 目标地址=000032a0
[BPB] 更新请求: PC=000032ac, 实际跳转=1, 实际目标地址=000032b8
[BPB] 找到现有条目: 索引=          4
[BPB] 更新现有条目: 索引=          4, 旧状态=11, 新状态=11, 目标地址=000032b8
[BPB] 预测阶段: PC=000032a0, 命中=1, 预测跳转=0, 目标地址=00000000
[BPB] 预测阶段: PC=000032a0, 未命中BPB
[BPB] 预测阶段: PC=000032a4, 未命中BPB
[BPB] 更新请求: PC=000032bc, 实际跳转=1, 实际目标地址=000032a0
[BPB] 找到现有条目: 索引=          1
[BPB] 更新现有条目: 索引=          1, 旧状态=11, 新状态=11, 目标地址=000032a0
[BPB] 预测阶段: PC=000032a8, 未命中BPB
[BPB] 预测命中: PC=000032ac, 条目索引=          4, 预测结果=1, 目标地址=000032b8
[BPB] 预测阶段: PC=000032ac, 未命中BPB
[BPB] 预测命中: PC=000032ac, 条目索引=          4, 预测结果=1, 目标地址=000032b8
[BPB] 预测阶段: PC=000032ac, 命中=1, 预测跳转=1, 目标地址=000032b8
[BPB] 预测阶段: PC=000032b8, 命中=1, 预测跳转=0, 目标地址=00000000
[BPB] 预测阶段: PC=000032b8, 未命中BPB
[BPB] 预测命中: PC=000032bc, 条目索引=          1, 预测结果=1, 目标地址=000032a0
[BPB] 预测阶段: PC=000032bc, 未命中BPB
[BPB] 预测命中: PC=000032bc, 条目索引=          1, 预测结果=1, 目标地址=000032a0
[BPB] 预测阶段: PC=000032bc, 命中=1, 预测跳转=1, 目标地址=000032a0
[BPB] 更新请求: PC=000032ac, 实际跳转=0, 实际目标地址=000032b0
[BPB] 找到现有条目: 索引=          4
[BPB] 更新现有条目: 索引=          4, 旧状态=11, 新状态=11, 目标地址=000032b0
[BPB] 预测命中: PC=000032bc, 条目索引=          1, 预测结果=1, 目标地址=000032a0
[BPB] 预测阶段: PC=000032bc, 命中=1, 预测跳转=1, 目标地址=000032a0
[BPB] 预测阶段: PC=000032b0, 命中=1, 预测跳转=0, 目标地址=00000000
[BPB] 预测阶段: PC=000032b0, 未命中BPB
[BPB] 预测阶段: PC=000032b4, 未命中BPB
[BPB] 预测阶段: PC=000032b8, 未命中BPB
[BPB] 预测命中: PC=000032bc, 条目索引=          1, 预测结果=1, 目标地址=000032a0
[BPB] 预测阶段: PC=000032bc, 未命中BPB
[BPB] 预测命中: PC=000032bc, 条目索引=          1, 预测结果=1, 目标地址=000032a0
[BPB] 预测阶段: PC=000032bc, 命中=1, 预测跳转=1, 目标地址=000032a0
[BPB] 预测阶段: PC=000032a0, 命中=1, 预测跳转=0, 目标地址=00000000
[BPB] 预测阶段: PC=000032a0, 未命中BPB
[BPB] 预测阶段: PC=000032a4, 未命中BPB
[BPB] 更新请求: PC=000032bc, 实际跳转=1, 实际目标地址=000032a0
[BPB] 找到现有条目: 索引=          1
[BPB] 更新现有条目: 索引=          1, 旧状态=11, 新状态=11, 目标地址=000032a0
[BPB] 预测阶段: PC=000032a8, 未命中BPB
[BPB] 预测命中: PC=000032ac, 条目索引=          4, 预测结果=1, 目标地址=000032b0
[BPB] 预测阶段: PC=000032ac, 未命中BPB
[BPB] 预测命中: PC=000032ac, 条目索引=          4, 预测结果=1, 目标地址=000032b0
[BPB] 预测阶段: PC=000032ac, 命中=1, 预测跳转=1, 目标地址=000032b0
[BPB] 预测阶段: PC=000032b0, 命中=1, 预测跳转=0, 目标地址=00000000
[BPB] 预测阶段: PC=000032b0, 未命中BPB
[BPB] 预测阶段: PC=000032b4, 未命中BPB
[BPB] 更新请求: PC=000032ac, 实际跳转=1, 实际目标地址=000032b8
[BPB] 找到现有条目: 索引=          4
[BPB] 更新现有条目: 索引=          4, 旧状态=10, 新状态=10, 目标地址=000032b8
[BPB] 预测阶段: PC=000032b4, 未命中BPB
[BPB] 预测阶段: PC=000032b8, 未命中BPB
[BPB] 预测命中: PC=000032bc, 条目索引=          1, 预测结果=1, 目标地址=000032a0
[BPB] 预测阶段: PC=000032bc, 未命中BPB
[BPB] 预测命中: PC=000032bc, 条目索引=          1, 预测结果=1, 目标地址=000032a0
[BPB] 预测阶段: PC=000032bc, 命中=1, 预测跳转=1, 目标地址=000032a0
[BPB] 预测阶段: PC=000032a0, 命中=1, 预测跳转=0, 目标地址=00000000
[BPB] 预测阶段: PC=000032a0, 未命中BPB
[BPB] 预测阶段: PC=000032a4, 未命中BPB
[BPB] 更新请求: PC=000032bc, 实际跳转=1, 实际目标地址=000032a0
[BPB] 找到现有条目: 索引=          1
[BPB] 更新现有条目: 索引=          1, 旧状态=11, 新状态=11, 目标地址=000032a0
[BPB] 预测阶段: PC=000032a8, 未命中BPB
[BPB] 预测命中: PC=000032ac, 条目索引=          4, 预测结果=1, 目标地址=000032b8
[BPB] 预测阶段: PC=000032ac, 未命中BPB
[BPB] 预测命中: PC=000032ac, 条目索引=          4, 预测结果=1, 目标地址=000032b8
[BPB] 预测阶段: PC=000032ac, 命中=1, 预测跳转=1, 目标地址=000032b8
[BPB] 预测阶段: PC=000032b8, 命中=1, 预测跳转=0, 目标地址=00000000
[BPB] 预测阶段: PC=000032b8, 未命中BPB
[BPB] 预测命中: PC=000032bc, 条目索引=          1, 预测结果=1, 目标地址=000032a0
[BPB] 预测阶段: PC=000032bc, 未命中BPB
[BPB] 预测命中: PC=000032bc, 条目索引=          1, 预测结果=1, 目标地址=000032a0
[BPB] 预测阶段: PC=000032bc, 命中=1, 预测跳转=1, 目标地址=000032a0
[BPB] 更新请求: PC=000032ac, 实际跳转=1, 实际目标地址=000032b8
[BPB] 找到现有条目: 索引=          4
[BPB] 更新现有条目: 索引=          4, 旧状态=11, 新状态=11, 目标地址=000032b8
[BPB] 预测阶段: PC=000032a0, 命中=1, 预测跳转=0, 目标地址=00000000
[BPB] 预测阶段: PC=000032a0, 未命中BPB
[BPB] 预测阶段: PC=000032a4, 未命中BPB
[BPB] 更新请求: PC=000032bc, 实际跳转=1, 实际目标地址=000032a0
[BPB] 找到现有条目: 索引=          1
[BPB] 更新现有条目: 索引=          1, 旧状态=11, 新状态=11, 目标地址=000032a0
[BPB] 预测阶段: PC=000032a8, 未命中BPB
[BPB] 预测命中: PC=000032ac, 条目索引=          4, 预测结果=1, 目标地址=000032b8
[BPB] 预测阶段: PC=000032ac, 未命中BPB
[BPB] 预测命中: PC=000032ac, 条目索引=          4, 预测结果=1, 目标地址=000032b8
[BPB] 预测阶段: PC=000032ac, 命中=1, 预测跳转=1, 目标地址=000032b8
[BPB] 预测阶段: PC=000032b8, 命中=1, 预测跳转=0, 目标地址=00000000
[BPB] 预测阶段: PC=000032b8, 未命中BPB
[BPB] 预测命中: PC=000032bc, 条目索引=          1, 预测结果=1, 目标地址=000032a0
[BPB] 预测阶段: PC=000032bc, 未命中BPB
[BPB] 预测命中: PC=000032bc, 条目索引=          1, 预测结果=1, 目标地址=000032a0
[BPB] 预测阶段: PC=000032bc, 命中=1, 预测跳转=1, 目标地址=000032a0
[BPB] 更新请求: PC=000032ac, 实际跳转=1, 实际目标地址=000032b8
[BPB] 找到现有条目: 索引=          4
[BPB] 更新现有条目: 索引=          4, 旧状态=11, 新状态=11, 目标地址=000032b8
[BPB] 预测阶段: PC=000032a0, 命中=1, 预测跳转=0, 目标地址=00000000
[BPB] 预测阶段: PC=000032a0, 未命中BPB
[BPB] 预测阶段: PC=000032a4, 未命中BPB
[BPB] 更新请求: PC=000032bc, 实际跳转=1, 实际目标地址=000032a0
[BPB] 找到现有条目: 索引=          1
[BPB] 更新现有条目: 索引=          1, 旧状态=11, 新状态=11, 目标地址=000032a0
[BPB] 预测阶段: PC=000032a8, 未命中BPB
[BPB] 预测命中: PC=000032ac, 条目索引=          4, 预测结果=1, 目标地址=000032b8
[BPB] 预测阶段: PC=000032ac, 未命中BPB
[BPB] 预测命中: PC=000032ac, 条目索引=          4, 预测结果=1, 目标地址=000032b8
[BPB] 预测阶段: PC=000032ac, 命中=1, 预测跳转=1, 目标地址=000032b8
[BPB] 预测阶段: PC=000032b8, 命中=1, 预测跳转=0, 目标地址=00000000
[BPB] 预测阶段: PC=000032b8, 未命中BPB
[BPB] 预测命中: PC=000032bc, 条目索引=          1, 预测结果=1, 目标地址=000032a0
[BPB] 预测阶段: PC=000032bc, 未命中BPB
[BPB] 预测命中: PC=000032bc, 条目索引=          1, 预测结果=1, 目标地址=000032a0
[BPB] 预测阶段: PC=000032bc, 命中=1, 预测跳转=1, 目标地址=000032a0
[BPB] 更新请求: PC=000032ac, 实际跳转=1, 实际目标地址=000032b8
[BPB] 找到现有条目: 索引=          4
[BPB] 更新现有条目: 索引=          4, 旧状态=11, 新状态=11, 目标地址=000032b8
[BPB] 预测阶段: PC=000032a0, 命中=1, 预测跳转=0, 目标地址=00000000
[BPB] 预测阶段: PC=000032a0, 未命中BPB
[BPB] 预测阶段: PC=000032a4, 未命中BPB
[BPB] 更新请求: PC=000032bc, 实际跳转=1, 实际目标地址=000032a0
[BPB] 找到现有条目: 索引=          1
[BPB] 更新现有条目: 索引=          1, 旧状态=11, 新状态=11, 目标地址=000032a0
[BPB] 预测阶段: PC=000032a8, 未命中BPB
[BPB] 预测命中: PC=000032ac, 条目索引=          4, 预测结果=1, 目标地址=000032b8
[BPB] 预测阶段: PC=000032ac, 未命中BPB
[BPB] 预测命中: PC=000032ac, 条目索引=          4, 预测结果=1, 目标地址=000032b8
[BPB] 预测阶段: PC=000032ac, 命中=1, 预测跳转=1, 目标地址=000032b8
[BPB] 预测阶段: PC=000032b8, 命中=1, 预测跳转=0, 目标地址=00000000
[BPB] 预测阶段: PC=000032b8, 未命中BPB
[BPB] 预测命中: PC=000032bc, 条目索引=          1, 预测结果=1, 目标地址=000032a0
[BPB] 预测阶段: PC=000032bc, 未命中BPB
[BPB] 预测命中: PC=000032bc, 条目索引=          1, 预测结果=1, 目标地址=000032a0
[BPB] 预测阶段: PC=000032bc, 命中=1, 预测跳转=1, 目标地址=000032a0
[BPB] 更新请求: PC=000032ac, 实际跳转=1, 实际目标地址=000032b8
[BPB] 找到现有条目: 索引=          4
[BPB] 更新现有条目: 索引=          4, 旧状态=11, 新状态=11, 目标地址=000032b8
[BPB] 预测阶段: PC=000032a0, 命中=1, 预测跳转=0, 目标地址=00000000
[BPB] 预测阶段: PC=000032a0, 未命中BPB
[BPB] 预测阶段: PC=000032a4, 未命中BPB
[BPB] 更新请求: PC=000032bc, 实际跳转=1, 实际目标地址=000032a0
[BPB] 找到现有条目: 索引=          1
[BPB] 更新现有条目: 索引=          1, 旧状态=11, 新状态=11, 目标地址=000032a0
[BPB] 预测阶段: PC=000032a8, 未命中BPB
[BPB] 预测命中: PC=000032ac, 条目索引=          4, 预测结果=1, 目标地址=000032b8
[BPB] 预测阶段: PC=000032ac, 未命中BPB
[BPB] 预测命中: PC=000032ac, 条目索引=          4, 预测结果=1, 目标地址=000032b8
[BPB] 预测阶段: PC=000032ac, 命中=1, 预测跳转=1, 目标地址=000032b8
[BPB] 预测阶段: PC=000032b8, 命中=1, 预测跳转=0, 目标地址=00000000
[BPB] 预测阶段: PC=000032b8, 未命中BPB
[BPB] 预测命中: PC=000032bc, 条目索引=          1, 预测结果=1, 目标地址=000032a0
[BPB] 预测阶段: PC=000032bc, 未命中BPB
[BPB] 预测命中: PC=000032bc, 条目索引=          1, 预测结果=1, 目标地址=000032a0
[BPB] 预测阶段: PC=000032bc, 命中=1, 预测跳转=1, 目标地址=000032a0
[BPB] 更新请求: PC=000032ac, 实际跳转=1, 实际目标地址=000032b8
[BPB] 找到现有条目: 索引=          4
[BPB] 更新现有条目: 索引=          4, 旧状态=11, 新状态=11, 目标地址=000032b8
[BPB] 预测阶段: PC=000032a0, 命中=1, 预测跳转=0, 目标地址=00000000
[BPB] 预测阶段: PC=000032a0, 未命中BPB
[BPB] 预测阶段: PC=000032a4, 未命中BPB
[BPB] 更新请求: PC=000032bc, 实际跳转=1, 实际目标地址=000032a0
[BPB] 找到现有条目: 索引=          1
[BPB] 更新现有条目: 索引=          1, 旧状态=11, 新状态=11, 目标地址=000032a0
[BPB] 预测阶段: PC=000032a8, 未命中BPB
[BPB] 预测命中: PC=000032ac, 条目索引=          4, 预测结果=1, 目标地址=000032b8
[BPB] 预测阶段: PC=000032ac, 未命中BPB
[BPB] 预测命中: PC=000032ac, 条目索引=          4, 预测结果=1, 目标地址=000032b8
[BPB] 预测阶段: PC=000032ac, 命中=1, 预测跳转=1, 目标地址=000032b8
[BPB] 预测阶段: PC=000032b8, 命中=1, 预测跳转=0, 目标地址=00000000
[BPB] 预测阶段: PC=000032b8, 未命中BPB
[BPB] 预测命中: PC=000032bc, 条目索引=          1, 预测结果=1, 目标地址=000032a0
[BPB] 预测阶段: PC=000032bc, 未命中BPB
[BPB] 预测命中: PC=000032bc, 条目索引=          1, 预测结果=1, 目标地址=000032a0
[BPB] 预测阶段: PC=000032bc, 命中=1, 预测跳转=1, 目标地址=000032a0
[BPB] 更新请求: PC=000032ac, 实际跳转=1, 实际目标地址=000032b8
[BPB] 找到现有条目: 索引=          4
[BPB] 更新现有条目: 索引=          4, 旧状态=11, 新状态=11, 目标地址=000032b8
[BPB] 预测阶段: PC=000032a0, 命中=1, 预测跳转=0, 目标地址=00000000
[BPB] 预测阶段: PC=000032a0, 未命中BPB
[BPB] 预测阶段: PC=000032a4, 未命中BPB
[BPB] 更新请求: PC=000032bc, 实际跳转=1, 实际目标地址=000032a0
[BPB] 找到现有条目: 索引=          1
[BPB] 更新现有条目: 索引=          1, 旧状态=11, 新状态=11, 目标地址=000032a0
[BPB] 预测阶段: PC=000032a8, 未命中BPB
[BPB] 预测命中: PC=000032ac, 条目索引=          4, 预测结果=1, 目标地址=000032b8
[BPB] 预测阶段: PC=000032ac, 未命中BPB
[BPB] 预测命中: PC=000032ac, 条目索引=          4, 预测结果=1, 目标地址=000032b8
[BPB] 预测阶段: PC=000032ac, 命中=1, 预测跳转=1, 目标地址=000032b8
[BPB] 预测阶段: PC=000032b8, 命中=1, 预测跳转=0, 目标地址=00000000
[BPB] 预测阶段: PC=000032b8, 未命中BPB
[BPB] 预测命中: PC=000032bc, 条目索引=          1, 预测结果=1, 目标地址=000032a0
[BPB] 预测阶段: PC=000032bc, 未命中BPB
[BPB] 预测命中: PC=000032bc, 条目索引=          1, 预测结果=1, 目标地址=000032a0
[BPB] 预测阶段: PC=000032bc, 命中=1, 预测跳转=1, 目标地址=000032a0
[BPB] 更新请求: PC=000032ac, 实际跳转=1, 实际目标地址=000032b8
[BPB] 找到现有条目: 索引=          4
[BPB] 更新现有条目: 索引=          4, 旧状态=11, 新状态=11, 目标地址=000032b8
[BPB] 预测阶段: PC=000032a0, 命中=1, 预测跳转=0, 目标地址=00000000
[BPB] 预测阶段: PC=000032a0, 未命中BPB
[BPB] 预测阶段: PC=000032a4, 未命中BPB
[BPB] 更新请求: PC=000032bc, 实际跳转=1, 实际目标地址=000032a0
[BPB] 找到现有条目: 索引=          1
[BPB] 更新现有条目: 索引=          1, 旧状态=11, 新状态=11, 目标地址=000032a0
[BPB] 预测阶段: PC=000032a8, 未命中BPB
[BPB] 预测命中: PC=000032ac, 条目索引=          4, 预测结果=1, 目标地址=000032b8
[BPB] 预测阶段: PC=000032ac, 未命中BPB
[BPB] 预测命中: PC=000032ac, 条目索引=          4, 预测结果=1, 目标地址=000032b8
[BPB] 预测阶段: PC=000032ac, 命中=1, 预测跳转=1, 目标地址=000032b8
[BPB] 预测阶段: PC=000032b8, 命中=1, 预测跳转=0, 目标地址=00000000
[BPB] 预测阶段: PC=000032b8, 未命中BPB
[BPB] 预测命中: PC=000032bc, 条目索引=          1, 预测结果=1, 目标地址=000032a0
[BPB] 预测阶段: PC=000032bc, 未命中BPB
[BPB] 预测命中: PC=000032bc, 条目索引=          1, 预测结果=1, 目标地址=000032a0
[BPB] 预测阶段: PC=000032bc, 命中=1, 预测跳转=1, 目标地址=000032a0
[BPB] 更新请求: PC=000032ac, 实际跳转=1, 实际目标地址=000032b8
[BPB] 找到现有条目: 索引=          4
[BPB] 更新现有条目: 索引=          4, 旧状态=11, 新状态=11, 目标地址=000032b8
[BPB] 预测阶段: PC=000032a0, 命中=1, 预测跳转=0, 目标地址=00000000
[BPB] 预测阶段: PC=000032a0, 未命中BPB
[BPB] 预测阶段: PC=000032a4, 未命中BPB
[BPB] 更新请求: PC=000032bc, 实际跳转=1, 实际目标地址=000032a0
[BPB] 找到现有条目: 索引=          1
[BPB] 更新现有条目: 索引=          1, 旧状态=11, 新状态=11, 目标地址=000032a0
[BPB] 预测阶段: PC=000032a8, 未命中BPB
[BPB] 预测命中: PC=000032ac, 条目索引=          4, 预测结果=1, 目标地址=000032b8
[BPB] 预测阶段: PC=000032ac, 未命中BPB
[BPB] 预测命中: PC=000032ac, 条目索引=          4, 预测结果=1, 目标地址=000032b8
[BPB] 预测阶段: PC=000032ac, 命中=1, 预测跳转=1, 目标地址=000032b8
[BPB] 预测阶段: PC=000032b8, 命中=1, 预测跳转=0, 目标地址=00000000
[BPB] 预测阶段: PC=000032b8, 未命中BPB
[BPB] 预测命中: PC=000032bc, 条目索引=          1, 预测结果=1, 目标地址=000032a0
[BPB] 预测阶段: PC=000032bc, 未命中BPB
[BPB] 预测命中: PC=000032bc, 条目索引=          1, 预测结果=1, 目标地址=000032a0
[BPB] 预测阶段: PC=000032bc, 命中=1, 预测跳转=1, 目标地址=000032a0
[BPB] 更新请求: PC=000032ac, 实际跳转=1, 实际目标地址=000032b8
[BPB] 找到现有条目: 索引=          4
[BPB] 更新现有条目: 索引=          4, 旧状态=11, 新状态=11, 目标地址=000032b8
[BPB] 预测阶段: PC=000032a0, 命中=1, 预测跳转=0, 目标地址=00000000
[BPB] 预测阶段: PC=000032a0, 未命中BPB
[BPB] 预测阶段: PC=000032a4, 未命中BPB
[BPB] 更新请求: PC=000032bc, 实际跳转=1, 实际目标地址=000032a0
[BPB] 找到现有条目: 索引=          1
[BPB] 更新现有条目: 索引=          1, 旧状态=11, 新状态=11, 目标地址=000032a0
[BPB] 预测阶段: PC=000032a8, 未命中BPB
[BPB] 预测命中: PC=000032ac, 条目索引=          4, 预测结果=1, 目标地址=000032b8
[BPB] 预测阶段: PC=000032ac, 未命中BPB
[BPB] 预测命中: PC=000032ac, 条目索引=          4, 预测结果=1, 目标地址=000032b8
[BPB] 预测阶段: PC=000032ac, 命中=1, 预测跳转=1, 目标地址=000032b8
[BPB] 预测阶段: PC=000032b8, 命中=1, 预测跳转=0, 目标地址=00000000
[BPB] 预测阶段: PC=000032b8, 未命中BPB
[BPB] 预测命中: PC=000032bc, 条目索引=          1, 预测结果=1, 目标地址=000032a0
[BPB] 预测阶段: PC=000032bc, 未命中BPB
[BPB] 预测命中: PC=000032bc, 条目索引=          1, 预测结果=1, 目标地址=000032a0
[BPB] 预测阶段: PC=000032bc, 命中=1, 预测跳转=1, 目标地址=000032a0
[BPB] 更新请求: PC=000032ac, 实际跳转=1, 实际目标地址=000032b8
[BPB] 找到现有条目: 索引=          4
[BPB] 更新现有条目: 索引=          4, 旧状态=11, 新状态=11, 目标地址=000032b8
[BPB] 预测阶段: PC=000032a0, 命中=1, 预测跳转=0, 目标地址=00000000
[BPB] 预测阶段: PC=000032a0, 未命中BPB
[BPB] 预测阶段: PC=000032a4, 未命中BPB
[BPB] 更新请求: PC=000032bc, 实际跳转=0, 实际目标地址=000032c0
[BPB] 找到现有条目: 索引=          1
[BPB] 更新现有条目: 索引=          1, 旧状态=11, 新状态=11, 目标地址=000032c0
[BPB] 预测阶段: PC=000032a4, 未命中BPB
[BPB] 预测阶段: PC=000032c0, 未命中BPB
[BPB] 预测阶段: PC=000032c4, 未命中BPB
[BPB] 预测阶段: PC=000032c8, 未命中BPB
[BPB] 预测阶段: PC=000032cc, 未命中BPB
[BPB] 预测阶段: PC=000032d0, 未命中BPB
[BPB] 预测命中: PC=000032d4, 条目索引=          0, 预测结果=1, 目标地址=000032a0
[BPB] 预测阶段: PC=000032d4, 未命中BPB
[BPB] 预测命中: PC=000032d4, 条目索引=          0, 预测结果=1, 目标地址=000032a0
[BPB] 预测阶段: PC=000032d4, 命中=1, 预测跳转=1, 目标地址=000032a0
[BPB] 预测阶段: PC=000032a0, 命中=1, 预测跳转=0, 目标地址=00000000
[BPB] 预测阶段: PC=000032a0, 未命中BPB
[BPB] 预测阶段: PC=000032a4, 未命中BPB
[BPB] 更新请求: PC=000032d4, 实际跳转=1, 实际目标地址=000032a0
[BPB] 找到现有条目: 索引=          0
[BPB] 更新现有条目: 索引=          0, 旧状态=11, 新状态=11, 目标地址=000032a0
[BPB] 预测阶段: PC=000032a8, 未命中BPB
[BPB] 预测命中: PC=000032ac, 条目索引=          4, 预测结果=1, 目标地址=000032b8
[BPB] 预测阶段: PC=000032ac, 未命中BPB
[BPB] 预测命中: PC=000032ac, 条目索引=          4, 预测结果=1, 目标地址=000032b8
[BPB] 预测阶段: PC=000032ac, 命中=1, 预测跳转=1, 目标地址=000032b8
[BPB] 预测阶段: PC=000032b8, 命中=1, 预测跳转=0, 目标地址=00000000
[BPB] 预测阶段: PC=000032b8, 未命中BPB
[BPB] 预测命中: PC=000032bc, 条目索引=          1, 预测结果=1, 目标地址=000032c0
[BPB] 预测阶段: PC=000032bc, 未命中BPB
[BPB] 预测命中: PC=000032bc, 条目索引=          1, 预测结果=1, 目标地址=000032c0
[BPB] 预测阶段: PC=000032bc, 命中=1, 预测跳转=1, 目标地址=000032c0
[BPB] 更新请求: PC=000032ac, 实际跳转=1, 实际目标地址=000032b8
[BPB] 找到现有条目: 索引=          4
[BPB] 更新现有条目: 索引=          4, 旧状态=11, 新状态=11, 目标地址=000032b8
[BPB] 预测阶段: PC=000032c0, 命中=1, 预测跳转=0, 目标地址=00000000
[BPB] 预测阶段: PC=000032c0, 未命中BPB
[BPB] 预测阶段: PC=000032c4, 未命中BPB
[BPB] 更新请求: PC=000032bc, 实际跳转=1, 实际目标地址=000032a0
[BPB] 找到现有条目: 索引=          1
[BPB] 更新现有条目: 索引=          1, 旧状态=10, 新状态=10, 目标地址=000032a0
[BPB] 预测阶段: PC=000032c4, 未命中BPB
[BPB] 预测阶段: PC=000032c8, 未命中BPB
[BPB] 预测阶段: PC=000032cc, 未命中BPB
[BPB] 预测阶段: PC=000032d0, 未命中BPB
[BPB] 预测命中: PC=000032d4, 条目索引=          0, 预测结果=1, 目标地址=000032a0
[BPB] 预测阶段: PC=000032d4, 未命中BPB
[BPB] 预测命中: PC=000032d4, 条目索引=          0, 预测结果=1, 目标地址=000032a0
[BPB] 预测阶段: PC=000032d4, 命中=1, 预测跳转=1, 目标地址=000032a0
[BPB] 预测阶段: PC=000032a0, 命中=1, 预测跳转=0, 目标地址=00000000
[BPB] 预测阶段: PC=000032a0, 未命中BPB
[BPB] 预测阶段: PC=000032a4, 未命中BPB
[BPB] 更新请求: PC=000032d4, 实际跳转=1, 实际目标地址=000032a0
[BPB] 找到现有条目: 索引=          0
[BPB] 更新现有条目: 索引=          0, 旧状态=11, 新状态=11, 目标地址=000032a0
[BPB] 预测阶段: PC=000032a8, 未命中BPB
[BPB] 预测命中: PC=000032ac, 条目索引=          4, 预测结果=1, 目标地址=000032b8
[BPB] 预测阶段: PC=000032ac, 未命中BPB
[BPB] 预测命中: PC=000032ac, 条目索引=          4, 预测结果=1, 目标地址=000032b8
[BPB] 预测阶段: PC=000032ac, 命中=1, 预测跳转=1, 目标地址=000032b8
[BPB] 预测阶段: PC=000032b8, 命中=1, 预测跳转=0, 目标地址=00000000
[BPB] 预测阶段: PC=000032b8, 未命中BPB
[BPB] 预测命中: PC=000032bc, 条目索引=          1, 预测结果=1, 目标地址=000032a0
[BPB] 预测阶段: PC=000032bc, 未命中BPB
[BPB] 预测命中: PC=000032bc, 条目索引=          1, 预测结果=1, 目标地址=000032a0
[BPB] 预测阶段: PC=000032bc, 命中=1, 预测跳转=1, 目标地址=000032a0
[BPB] 更新请求: PC=000032ac, 实际跳转=1, 实际目标地址=000032b8
[BPB] 找到现有条目: 索引=          4
[BPB] 更新现有条目: 索引=          4, 旧状态=11, 新状态=11, 目标地址=000032b8
[BPB] 预测阶段: PC=000032a0, 命中=1, 预测跳转=0, 目标地址=00000000
[BPB] 预测阶段: PC=000032a0, 未命中BPB
[BPB] 预测阶段: PC=000032a4, 未命中BPB
[BPB] 更新请求: PC=000032bc, 实际跳转=1, 实际目标地址=000032a0
[BPB] 找到现有条目: 索引=          1
[BPB] 更新现有条目: 索引=          1, 旧状态=11, 新状态=11, 目标地址=000032a0
[BPB] 预测阶段: PC=000032a8, 未命中BPB
[BPB] 预测命中: PC=000032ac, 条目索引=          4, 预测结果=1, 目标地址=000032b8
[BPB] 预测阶段: PC=000032ac, 未命中BPB
[BPB] 预测命中: PC=000032ac, 条目索引=          4, 预测结果=1, 目标地址=000032b8
[BPB] 预测阶段: PC=000032ac, 命中=1, 预测跳转=1, 目标地址=000032b8
[BPB] 预测阶段: PC=000032b8, 命中=1, 预测跳转=0, 目标地址=00000000
[BPB] 预测阶段: PC=000032b8, 未命中BPB
[BPB] 预测命中: PC=000032bc, 条目索引=          1, 预测结果=1, 目标地址=000032a0
[BPB] 预测阶段: PC=000032bc, 未命中BPB
[BPB] 预测命中: PC=000032bc, 条目索引=          1, 预测结果=1, 目标地址=000032a0
[BPB] 预测阶段: PC=000032bc, 命中=1, 预测跳转=1, 目标地址=000032a0
[BPB] 更新请求: PC=000032ac, 实际跳转=1, 实际目标地址=000032b8
[BPB] 找到现有条目: 索引=          4
[BPB] 更新现有条目: 索引=          4, 旧状态=11, 新状态=11, 目标地址=000032b8
[BPB] 预测阶段: PC=000032a0, 命中=1, 预测跳转=0, 目标地址=00000000
[BPB] 预测阶段: PC=000032a0, 未命中BPB
[BPB] 预测阶段: PC=000032a4, 未命中BPB
[BPB] 更新请求: PC=000032bc, 实际跳转=1, 实际目标地址=000032a0
[BPB] 找到现有条目: 索引=          1
[BPB] 更新现有条目: 索引=          1, 旧状态=11, 新状态=11, 目标地址=000032a0
[BPB] 预测阶段: PC=000032a8, 未命中BPB
[BPB] 预测命中: PC=000032ac, 条目索引=          4, 预测结果=1, 目标地址=000032b8
[BPB] 预测阶段: PC=000032ac, 未命中BPB
[BPB] 预测命中: PC=000032ac, 条目索引=          4, 预测结果=1, 目标地址=000032b8
[BPB] 预测阶段: PC=000032ac, 命中=1, 预测跳转=1, 目标地址=000032b8
[BPB] 预测阶段: PC=000032b8, 命中=1, 预测跳转=0, 目标地址=00000000
[BPB] 预测阶段: PC=000032b8, 未命中BPB
[BPB] 预测命中: PC=000032bc, 条目索引=          1, 预测结果=1, 目标地址=000032a0
[BPB] 预测阶段: PC=000032bc, 未命中BPB
[BPB] 预测命中: PC=000032bc, 条目索引=          1, 预测结果=1, 目标地址=000032a0
[BPB] 预测阶段: PC=000032bc, 命中=1, 预测跳转=1, 目标地址=000032a0
[BPB] 更新请求: PC=000032ac, 实际跳转=0, 实际目标地址=000032b0
[BPB] 找到现有条目: 索引=          4
[BPB] 更新现有条目: 索引=          4, 旧状态=11, 新状态=11, 目标地址=000032b0
[BPB] 预测命中: PC=000032bc, 条目索引=          1, 预测结果=1, 目标地址=000032a0
[BPB] 预测阶段: PC=000032bc, 命中=1, 预测跳转=1, 目标地址=000032a0
[BPB] 预测阶段: PC=000032b0, 命中=1, 预测跳转=0, 目标地址=00000000
[BPB] 预测阶段: PC=000032b0, 未命中BPB
[BPB] 预测阶段: PC=000032b4, 未命中BPB
[BPB] 预测阶段: PC=000032b8, 未命中BPB
[BPB] 预测命中: PC=000032bc, 条目索引=          1, 预测结果=1, 目标地址=000032a0
[BPB] 预测阶段: PC=000032bc, 未命中BPB
[BPB] 预测命中: PC=000032bc, 条目索引=          1, 预测结果=1, 目标地址=000032a0
[BPB] 预测阶段: PC=000032bc, 命中=1, 预测跳转=1, 目标地址=000032a0
[BPB] 预测阶段: PC=000032a0, 命中=1, 预测跳转=0, 目标地址=00000000
[BPB] 预测阶段: PC=000032a0, 未命中BPB
[BPB] 预测阶段: PC=000032a4, 未命中BPB
[BPB] 更新请求: PC=000032bc, 实际跳转=1, 实际目标地址=000032a0
[BPB] 找到现有条目: 索引=          1
[BPB] 更新现有条目: 索引=          1, 旧状态=11, 新状态=11, 目标地址=000032a0
[BPB] 预测阶段: PC=000032a8, 未命中BPB
[BPB] 预测命中: PC=000032ac, 条目索引=          4, 预测结果=1, 目标地址=000032b0
[BPB] 预测阶段: PC=000032ac, 未命中BPB
[BPB] 预测命中: PC=000032ac, 条目索引=          4, 预测结果=1, 目标地址=000032b0
[BPB] 预测阶段: PC=000032ac, 命中=1, 预测跳转=1, 目标地址=000032b0
[BPB] 预测阶段: PC=000032b0, 命中=1, 预测跳转=0, 目标地址=00000000
[BPB] 预测阶段: PC=000032b0, 未命中BPB
[BPB] 预测阶段: PC=000032b4, 未命中BPB
[BPB] 更新请求: PC=000032ac, 实际跳转=1, 实际目标地址=000032b8
[BPB] 找到现有条目: 索引=          4
[BPB] 更新现有条目: 索引=          4, 旧状态=10, 新状态=10, 目标地址=000032b8
[BPB] 预测阶段: PC=000032b4, 未命中BPB
[BPB] 预测阶段: PC=000032b8, 未命中BPB
[BPB] 预测命中: PC=000032bc, 条目索引=          1, 预测结果=1, 目标地址=000032a0
[BPB] 预测阶段: PC=000032bc, 未命中BPB
[BPB] 预测命中: PC=000032bc, 条目索引=          1, 预测结果=1, 目标地址=000032a0
[BPB] 预测阶段: PC=000032bc, 命中=1, 预测跳转=1, 目标地址=000032a0
[BPB] 预测阶段: PC=000032a0, 命中=1, 预测跳转=0, 目标地址=00000000
[BPB] 预测阶段: PC=000032a0, 未命中BPB
[BPB] 预测阶段: PC=000032a4, 未命中BPB
[BPB] 更新请求: PC=000032bc, 实际跳转=1, 实际目标地址=000032a0
[BPB] 找到现有条目: 索引=          1
[BPB] 更新现有条目: 索引=          1, 旧状态=11, 新状态=11, 目标地址=000032a0
[BPB] 预测阶段: PC=000032a8, 未命中BPB
[BPB] 预测命中: PC=000032ac, 条目索引=          4, 预测结果=1, 目标地址=000032b8
[BPB] 预测阶段: PC=000032ac, 未命中BPB
[BPB] 预测命中: PC=000032ac, 条目索引=          4, 预测结果=1, 目标地址=000032b8
[BPB] 预测阶段: PC=000032ac, 命中=1, 预测跳转=1, 目标地址=000032b8
[BPB] 预测阶段: PC=000032b8, 命中=1, 预测跳转=0, 目标地址=00000000
[BPB] 预测阶段: PC=000032b8, 未命中BPB
[BPB] 预测命中: PC=000032bc, 条目索引=          1, 预测结果=1, 目标地址=000032a0
[BPB] 预测阶段: PC=000032bc, 未命中BPB
[BPB] 预测命中: PC=000032bc, 条目索引=          1, 预测结果=1, 目标地址=000032a0
[BPB] 预测阶段: PC=000032bc, 命中=1, 预测跳转=1, 目标地址=000032a0
[BPB] 更新请求: PC=000032ac, 实际跳转=1, 实际目标地址=000032b8
[BPB] 找到现有条目: 索引=          4
[BPB] 更新现有条目: 索引=          4, 旧状态=11, 新状态=11, 目标地址=000032b8
[BPB] 预测阶段: PC=000032a0, 命中=1, 预测跳转=0, 目标地址=00000000
[BPB] 预测阶段: PC=000032a0, 未命中BPB
[BPB] 预测阶段: PC=000032a4, 未命中BPB
[BPB] 更新请求: PC=000032bc, 实际跳转=1, 实际目标地址=000032a0
[BPB] 找到现有条目: 索引=          1
[BPB] 更新现有条目: 索引=          1, 旧状态=11, 新状态=11, 目标地址=000032a0
[BPB] 预测阶段: PC=000032a8, 未命中BPB
[BPB] 预测命中: PC=000032ac, 条目索引=          4, 预测结果=1, 目标地址=000032b8
[BPB] 预测阶段: PC=000032ac, 未命中BPB
[BPB] 预测命中: PC=000032ac, 条目索引=          4, 预测结果=1, 目标地址=000032b8
[BPB] 预测阶段: PC=000032ac, 命中=1, 预测跳转=1, 目标地址=000032b8
[BPB] 预测阶段: PC=000032b8, 命中=1, 预测跳转=0, 目标地址=00000000
[BPB] 预测阶段: PC=000032b8, 未命中BPB
[BPB] 预测命中: PC=000032bc, 条目索引=          1, 预测结果=1, 目标地址=000032a0
[BPB] 预测阶段: PC=000032bc, 未命中BPB
[BPB] 预测命中: PC=000032bc, 条目索引=          1, 预测结果=1, 目标地址=000032a0
[BPB] 预测阶段: PC=000032bc, 命中=1, 预测跳转=1, 目标地址=000032a0
[BPB] 更新请求: PC=000032ac, 实际跳转=1, 实际目标地址=000032b8
[BPB] 找到现有条目: 索引=          4
[BPB] 更新现有条目: 索引=          4, 旧状态=11, 新状态=11, 目标地址=000032b8
[BPB] 预测阶段: PC=000032a0, 命中=1, 预测跳转=0, 目标地址=00000000
[BPB] 预测阶段: PC=000032a0, 未命中BPB
[BPB] 预测阶段: PC=000032a4, 未命中BPB
[BPB] 更新请求: PC=000032bc, 实际跳转=1, 实际目标地址=000032a0
[BPB] 找到现有条目: 索引=          1
[BPB] 更新现有条目: 索引=          1, 旧状态=11, 新状态=11, 目标地址=000032a0
[BPB] 预测阶段: PC=000032a8, 未命中BPB
[BPB] 预测命中: PC=000032ac, 条目索引=          4, 预测结果=1, 目标地址=000032b8
[BPB] 预测阶段: PC=000032ac, 未命中BPB
[BPB] 预测命中: PC=000032ac, 条目索引=          4, 预测结果=1, 目标地址=000032b8
[BPB] 预测阶段: PC=000032ac, 命中=1, 预测跳转=1, 目标地址=000032b8
[BPB] 预测阶段: PC=000032b8, 命中=1, 预测跳转=0, 目标地址=00000000
[BPB] 预测阶段: PC=000032b8, 未命中BPB
[BPB] 预测命中: PC=000032bc, 条目索引=          1, 预测结果=1, 目标地址=000032a0
[BPB] 预测阶段: PC=000032bc, 未命中BPB
[BPB] 预测命中: PC=000032bc, 条目索引=          1, 预测结果=1, 目标地址=000032a0
[BPB] 预测阶段: PC=000032bc, 命中=1, 预测跳转=1, 目标地址=000032a0
[BPB] 更新请求: PC=000032ac, 实际跳转=1, 实际目标地址=000032b8
[BPB] 找到现有条目: 索引=          4
[BPB] 更新现有条目: 索引=          4, 旧状态=11, 新状态=11, 目标地址=000032b8
[BPB] 预测阶段: PC=000032a0, 命中=1, 预测跳转=0, 目标地址=00000000
[BPB] 预测阶段: PC=000032a0, 未命中BPB
[BPB] 预测阶段: PC=000032a4, 未命中BPB
[BPB] 更新请求: PC=000032bc, 实际跳转=1, 实际目标地址=000032a0
[BPB] 找到现有条目: 索引=          1
[BPB] 更新现有条目: 索引=          1, 旧状态=11, 新状态=11, 目标地址=000032a0
[BPB] 预测阶段: PC=000032a8, 未命中BPB
[BPB] 预测命中: PC=000032ac, 条目索引=          4, 预测结果=1, 目标地址=000032b8
[BPB] 预测阶段: PC=000032ac, 未命中BPB
[BPB] 预测命中: PC=000032ac, 条目索引=          4, 预测结果=1, 目标地址=000032b8
[BPB] 预测阶段: PC=000032ac, 命中=1, 预测跳转=1, 目标地址=000032b8
[BPB] 预测阶段: PC=000032b8, 命中=1, 预测跳转=0, 目标地址=00000000
[BPB] 预测阶段: PC=000032b8, 未命中BPB
[BPB] 预测命中: PC=000032bc, 条目索引=          1, 预测结果=1, 目标地址=000032a0
[BPB] 预测阶段: PC=000032bc, 未命中BPB
[BPB] 预测命中: PC=000032bc, 条目索引=          1, 预测结果=1, 目标地址=000032a0
[BPB] 预测阶段: PC=000032bc, 命中=1, 预测跳转=1, 目标地址=000032a0
[BPB] 更新请求: PC=000032ac, 实际跳转=1, 实际目标地址=000032b8
[BPB] 找到现有条目: 索引=          4
[BPB] 更新现有条目: 索引=          4, 旧状态=11, 新状态=11, 目标地址=000032b8
[BPB] 预测阶段: PC=000032a0, 命中=1, 预测跳转=0, 目标地址=00000000
[BPB] 预测阶段: PC=000032a0, 未命中BPB
[BPB] 预测阶段: PC=000032a4, 未命中BPB
[BPB] 更新请求: PC=000032bc, 实际跳转=1, 实际目标地址=000032a0
[BPB] 找到现有条目: 索引=          1
[BPB] 更新现有条目: 索引=          1, 旧状态=11, 新状态=11, 目标地址=000032a0
[BPB] 预测阶段: PC=000032a8, 未命中BPB
[BPB] 预测命中: PC=000032ac, 条目索引=          4, 预测结果=1, 目标地址=000032b8
[BPB] 预测阶段: PC=000032ac, 未命中BPB
[BPB] 预测命中: PC=000032ac, 条目索引=          4, 预测结果=1, 目标地址=000032b8
[BPB] 预测阶段: PC=000032ac, 命中=1, 预测跳转=1, 目标地址=000032b8
[BPB] 预测阶段: PC=000032b8, 命中=1, 预测跳转=0, 目标地址=00000000
[BPB] 预测阶段: PC=000032b8, 未命中BPB
[BPB] 预测命中: PC=000032bc, 条目索引=          1, 预测结果=1, 目标地址=000032a0
[BPB] 预测阶段: PC=000032bc, 未命中BPB
[BPB] 预测命中: PC=000032bc, 条目索引=          1, 预测结果=1, 目标地址=000032a0
[BPB] 预测阶段: PC=000032bc, 命中=1, 预测跳转=1, 目标地址=000032a0
[BPB] 更新请求: PC=000032ac, 实际跳转=1, 实际目标地址=000032b8
[BPB] 找到现有条目: 索引=          4
[BPB] 更新现有条目: 索引=          4, 旧状态=11, 新状态=11, 目标地址=000032b8
[BPB] 预测阶段: PC=000032a0, 命中=1, 预测跳转=0, 目标地址=00000000
[BPB] 预测阶段: PC=000032a0, 未命中BPB
[BPB] 预测阶段: PC=000032a4, 未命中BPB
[BPB] 更新请求: PC=000032bc, 实际跳转=1, 实际目标地址=000032a0
[BPB] 找到现有条目: 索引=          1
[BPB] 更新现有条目: 索引=          1, 旧状态=11, 新状态=11, 目标地址=000032a0
[BPB] 预测阶段: PC=000032a8, 未命中BPB
[BPB] 预测命中: PC=000032ac, 条目索引=          4, 预测结果=1, 目标地址=000032b8
[BPB] 预测阶段: PC=000032ac, 未命中BPB
[BPB] 预测命中: PC=000032ac, 条目索引=          4, 预测结果=1, 目标地址=000032b8
[BPB] 预测阶段: PC=000032ac, 命中=1, 预测跳转=1, 目标地址=000032b8
[BPB] 预测阶段: PC=000032b8, 命中=1, 预测跳转=0, 目标地址=00000000
[BPB] 预测阶段: PC=000032b8, 未命中BPB
[BPB] 预测命中: PC=000032bc, 条目索引=          1, 预测结果=1, 目标地址=000032a0
[BPB] 预测阶段: PC=000032bc, 未命中BPB
[BPB] 预测命中: PC=000032bc, 条目索引=          1, 预测结果=1, 目标地址=000032a0
[BPB] 预测阶段: PC=000032bc, 命中=1, 预测跳转=1, 目标地址=000032a0
[BPB] 更新请求: PC=000032ac, 实际跳转=1, 实际目标地址=000032b8
[BPB] 找到现有条目: 索引=          4
[BPB] 更新现有条目: 索引=          4, 旧状态=11, 新状态=11, 目标地址=000032b8
[BPB] 预测阶段: PC=000032a0, 命中=1, 预测跳转=0, 目标地址=00000000
[BPB] 预测阶段: PC=000032a0, 未命中BPB
[BPB] 预测阶段: PC=000032a4, 未命中BPB
[BPB] 更新请求: PC=000032bc, 实际跳转=1, 实际目标地址=000032a0
[BPB] 找到现有条目: 索引=          1
[BPB] 更新现有条目: 索引=          1, 旧状态=11, 新状态=11, 目标地址=000032a0
[BPB] 预测阶段: PC=000032a8, 未命中BPB
[BPB] 预测命中: PC=000032ac, 条目索引=          4, 预测结果=1, 目标地址=000032b8
[BPB] 预测阶段: PC=000032ac, 未命中BPB
[BPB] 预测命中: PC=000032ac, 条目索引=          4, 预测结果=1, 目标地址=000032b8
[BPB] 预测阶段: PC=000032ac, 命中=1, 预测跳转=1, 目标地址=000032b8
[BPB] 预测阶段: PC=000032b8, 命中=1, 预测跳转=0, 目标地址=00000000
[BPB] 预测阶段: PC=000032b8, 未命中BPB
[BPB] 预测命中: PC=000032bc, 条目索引=          1, 预测结果=1, 目标地址=000032a0
[BPB] 预测阶段: PC=000032bc, 未命中BPB
[BPB] 预测命中: PC=000032bc, 条目索引=          1, 预测结果=1, 目标地址=000032a0
[BPB] 预测阶段: PC=000032bc, 命中=1, 预测跳转=1, 目标地址=000032a0
[BPB] 更新请求: PC=000032ac, 实际跳转=1, 实际目标地址=000032b8
[BPB] 找到现有条目: 索引=          4
[BPB] 更新现有条目: 索引=          4, 旧状态=11, 新状态=11, 目标地址=000032b8
[BPB] 预测阶段: PC=000032a0, 命中=1, 预测跳转=0, 目标地址=00000000
[BPB] 预测阶段: PC=000032a0, 未命中BPB
[BPB] 预测阶段: PC=000032a4, 未命中BPB
[BPB] 更新请求: PC=000032bc, 实际跳转=0, 实际目标地址=000032c0
[BPB] 找到现有条目: 索引=          1
[BPB] 更新现有条目: 索引=          1, 旧状态=11, 新状态=11, 目标地址=000032c0
[BPB] 预测阶段: PC=000032a4, 未命中BPB
[BPB] 预测阶段: PC=000032c0, 未命中BPB
[BPB] 预测阶段: PC=000032c4, 未命中BPB
[BPB] 预测阶段: PC=000032c8, 未命中BPB
[BPB] 预测阶段: PC=000032cc, 未命中BPB
[BPB] 预测阶段: PC=000032d0, 未命中BPB
[BPB] 预测命中: PC=000032d4, 条目索引=          0, 预测结果=1, 目标地址=000032a0
[BPB] 预测阶段: PC=000032d4, 未命中BPB
[BPB] 预测命中: PC=000032d4, 条目索引=          0, 预测结果=1, 目标地址=000032a0
[BPB] 预测阶段: PC=000032d4, 命中=1, 预测跳转=1, 目标地址=000032a0
[BPB] 预测阶段: PC=000032a0, 命中=1, 预测跳转=0, 目标地址=00000000
[BPB] 预测阶段: PC=000032a0, 未命中BPB
[BPB] 预测阶段: PC=000032a4, 未命中BPB
[BPB] 更新请求: PC=000032d4, 实际跳转=1, 实际目标地址=000032a0
[BPB] 找到现有条目: 索引=          0
[BPB] 更新现有条目: 索引=          0, 旧状态=11, 新状态=11, 目标地址=000032a0
[BPB] 预测阶段: PC=000032a8, 未命中BPB
[BPB] 预测命中: PC=000032ac, 条目索引=          4, 预测结果=1, 目标地址=000032b8
[BPB] 预测阶段: PC=000032ac, 未命中BPB
[BPB] 预测命中: PC=000032ac, 条目索引=          4, 预测结果=1, 目标地址=000032b8
[BPB] 预测阶段: PC=000032ac, 命中=1, 预测跳转=1, 目标地址=000032b8
[BPB] 预测阶段: PC=000032b8, 命中=1, 预测跳转=0, 目标地址=00000000
[BPB] 预测阶段: PC=000032b8, 未命中BPB
[BPB] 预测命中: PC=000032bc, 条目索引=          1, 预测结果=1, 目标地址=000032c0
[BPB] 预测阶段: PC=000032bc, 未命中BPB
[BPB] 预测命中: PC=000032bc, 条目索引=          1, 预测结果=1, 目标地址=000032c0
[BPB] 预测阶段: PC=000032bc, 命中=1, 预测跳转=1, 目标地址=000032c0
[BPB] 更新请求: PC=000032ac, 实际跳转=1, 实际目标地址=000032b8
[BPB] 找到现有条目: 索引=          4
[BPB] 更新现有条目: 索引=          4, 旧状态=11, 新状态=11, 目标地址=000032b8
[BPB] 预测阶段: PC=000032c0, 命中=1, 预测跳转=0, 目标地址=00000000
[BPB] 预测阶段: PC=000032c0, 未命中BPB
[BPB] 预测阶段: PC=000032c4, 未命中BPB
[BPB] 更新请求: PC=000032bc, 实际跳转=1, 实际目标地址=000032a0
[BPB] 找到现有条目: 索引=          1
[BPB] 更新现有条目: 索引=          1, 旧状态=10, 新状态=10, 目标地址=000032a0
[BPB] 预测阶段: PC=000032c4, 未命中BPB
[BPB] 预测阶段: PC=000032c8, 未命中BPB
[BPB] 预测阶段: PC=000032cc, 未命中BPB
[BPB] 预测阶段: PC=000032d0, 未命中BPB
[BPB] 预测命中: PC=000032d4, 条目索引=          0, 预测结果=1, 目标地址=000032a0
[BPB] 预测阶段: PC=000032d4, 未命中BPB
[BPB] 预测命中: PC=000032d4, 条目索引=          0, 预测结果=1, 目标地址=000032a0
[BPB] 预测阶段: PC=000032d4, 命中=1, 预测跳转=1, 目标地址=000032a0
[BPB] 预测阶段: PC=000032a0, 命中=1, 预测跳转=0, 目标地址=00000000
[BPB] 预测阶段: PC=000032a0, 未命中BPB
[BPB] 预测阶段: PC=000032a4, 未命中BPB
[BPB] 更新请求: PC=000032d4, 实际跳转=1, 实际目标地址=000032a0
[BPB] 找到现有条目: 索引=          0
[BPB] 更新现有条目: 索引=          0, 旧状态=11, 新状态=11, 目标地址=000032a0
[BPB] 预测阶段: PC=000032a8, 未命中BPB
[BPB] 预测命中: PC=000032ac, 条目索引=          4, 预测结果=1, 目标地址=000032b8
[BPB] 预测阶段: PC=000032ac, 未命中BPB
[BPB] 预测命中: PC=000032ac, 条目索引=          4, 预测结果=1, 目标地址=000032b8
[BPB] 预测阶段: PC=000032ac, 命中=1, 预测跳转=1, 目标地址=000032b8
[BPB] 预测阶段: PC=000032b8, 命中=1, 预测跳转=0, 目标地址=00000000
[BPB] 预测阶段: PC=000032b8, 未命中BPB
[BPB] 预测命中: PC=000032bc, 条目索引=          1, 预测结果=1, 目标地址=000032a0
[BPB] 预测阶段: PC=000032bc, 未命中BPB
[BPB] 预测命中: PC=000032bc, 条目索引=          1, 预测结果=1, 目标地址=000032a0
[BPB] 预测阶段: PC=000032bc, 命中=1, 预测跳转=1, 目标地址=000032a0
[BPB] 更新请求: PC=000032ac, 实际跳转=1, 实际目标地址=000032b8
[BPB] 找到现有条目: 索引=          4
[BPB] 更新现有条目: 索引=          4, 旧状态=11, 新状态=11, 目标地址=000032b8
[BPB] 预测阶段: PC=000032a0, 命中=1, 预测跳转=0, 目标地址=00000000
[BPB] 预测阶段: PC=000032a0, 未命中BPB
[BPB] 预测阶段: PC=000032a4, 未命中BPB
[BPB] 更新请求: PC=000032bc, 实际跳转=1, 实际目标地址=000032a0
[BPB] 找到现有条目: 索引=          1
[BPB] 更新现有条目: 索引=          1, 旧状态=11, 新状态=11, 目标地址=000032a0
[BPB] 预测阶段: PC=000032a8, 未命中BPB
[BPB] 预测命中: PC=000032ac, 条目索引=          4, 预测结果=1, 目标地址=000032b8
[BPB] 预测阶段: PC=000032ac, 未命中BPB
[BPB] 预测命中: PC=000032ac, 条目索引=          4, 预测结果=1, 目标地址=000032b8
[BPB] 预测阶段: PC=000032ac, 命中=1, 预测跳转=1, 目标地址=000032b8
[BPB] 预测阶段: PC=000032b8, 命中=1, 预测跳转=0, 目标地址=00000000
[BPB] 预测阶段: PC=000032b8, 未命中BPB
[BPB] 预测命中: PC=000032bc, 条目索引=          1, 预测结果=1, 目标地址=000032a0
[BPB] 预测阶段: PC=000032bc, 未命中BPB
[BPB] 预测命中: PC=000032bc, 条目索引=          1, 预测结果=1, 目标地址=000032a0
[BPB] 预测阶段: PC=000032bc, 命中=1, 预测跳转=1, 目标地址=000032a0
[BPB] 更新请求: PC=000032ac, 实际跳转=1, 实际目标地址=000032b8
[BPB] 找到现有条目: 索引=          4
[BPB] 更新现有条目: 索引=          4, 旧状态=11, 新状态=11, 目标地址=000032b8
[BPB] 预测阶段: PC=000032a0, 命中=1, 预测跳转=0, 目标地址=00000000
[BPB] 预测阶段: PC=000032a0, 未命中BPB
[BPB] 预测阶段: PC=000032a4, 未命中BPB
[BPB] 更新请求: PC=000032bc, 实际跳转=1, 实际目标地址=000032a0
[BPB] 找到现有条目: 索引=          1
[BPB] 更新现有条目: 索引=          1, 旧状态=11, 新状态=11, 目标地址=000032a0
[BPB] 预测阶段: PC=000032a8, 未命中BPB
[BPB] 预测命中: PC=000032ac, 条目索引=          4, 预测结果=1, 目标地址=000032b8
[BPB] 预测阶段: PC=000032ac, 未命中BPB
[BPB] 预测命中: PC=000032ac, 条目索引=          4, 预测结果=1, 目标地址=000032b8
[BPB] 预测阶段: PC=000032ac, 命中=1, 预测跳转=1, 目标地址=000032b8
[BPB] 预测阶段: PC=000032b8, 命中=1, 预测跳转=0, 目标地址=00000000
[BPB] 预测阶段: PC=000032b8, 未命中BPB
[BPB] 预测命中: PC=000032bc, 条目索引=          1, 预测结果=1, 目标地址=000032a0
[BPB] 预测阶段: PC=000032bc, 未命中BPB
[BPB] 预测命中: PC=000032bc, 条目索引=          1, 预测结果=1, 目标地址=000032a0
[BPB] 预测阶段: PC=000032bc, 命中=1, 预测跳转=1, 目标地址=000032a0
[BPB] 更新请求: PC=000032ac, 实际跳转=1, 实际目标地址=000032b8
[BPB] 找到现有条目: 索引=          4
[BPB] 更新现有条目: 索引=          4, 旧状态=11, 新状态=11, 目标地址=000032b8
[BPB] 预测阶段: PC=000032a0, 命中=1, 预测跳转=0, 目标地址=00000000
[BPB] 预测阶段: PC=000032a0, 未命中BPB
[BPB] 预测阶段: PC=000032a4, 未命中BPB
[BPB] 更新请求: PC=000032bc, 实际跳转=1, 实际目标地址=000032a0
[BPB] 找到现有条目: 索引=          1
[BPB] 更新现有条目: 索引=          1, 旧状态=11, 新状态=11, 目标地址=000032a0
[BPB] 预测阶段: PC=000032a8, 未命中BPB
[BPB] 预测命中: PC=000032ac, 条目索引=          4, 预测结果=1, 目标地址=000032b8
[BPB] 预测阶段: PC=000032ac, 未命中BPB
[BPB] 预测命中: PC=000032ac, 条目索引=          4, 预测结果=1, 目标地址=000032b8
[BPB] 预测阶段: PC=000032ac, 命中=1, 预测跳转=1, 目标地址=000032b8
[BPB] 预测阶段: PC=000032b8, 命中=1, 预测跳转=0, 目标地址=00000000
[BPB] 预测阶段: PC=000032b8, 未命中BPB
[BPB] 预测命中: PC=000032bc, 条目索引=          1, 预测结果=1, 目标地址=000032a0
[BPB] 预测阶段: PC=000032bc, 未命中BPB
[BPB] 预测命中: PC=000032bc, 条目索引=          1, 预测结果=1, 目标地址=000032a0
[BPB] 预测阶段: PC=000032bc, 命中=1, 预测跳转=1, 目标地址=000032a0
[BPB] 更新请求: PC=000032ac, 实际跳转=0, 实际目标地址=000032b0
[BPB] 找到现有条目: 索引=          4
[BPB] 更新现有条目: 索引=          4, 旧状态=11, 新状态=11, 目标地址=000032b0
[BPB] 预测命中: PC=000032bc, 条目索引=          1, 预测结果=1, 目标地址=000032a0
[BPB] 预测阶段: PC=000032bc, 命中=1, 预测跳转=1, 目标地址=000032a0
[BPB] 预测阶段: PC=000032b0, 命中=1, 预测跳转=0, 目标地址=00000000
[BPB] 预测阶段: PC=000032b0, 未命中BPB
[BPB] 预测阶段: PC=000032b4, 未命中BPB
[BPB] 预测阶段: PC=000032b8, 未命中BPB
[BPB] 预测命中: PC=000032bc, 条目索引=          1, 预测结果=1, 目标地址=000032a0
[BPB] 预测阶段: PC=000032bc, 未命中BPB
[BPB] 预测命中: PC=000032bc, 条目索引=          1, 预测结果=1, 目标地址=000032a0
[BPB] 预测阶段: PC=000032bc, 命中=1, 预测跳转=1, 目标地址=000032a0
[BPB] 预测阶段: PC=000032a0, 命中=1, 预测跳转=0, 目标地址=00000000
[BPB] 预测阶段: PC=000032a0, 未命中BPB
[BPB] 预测阶段: PC=000032a4, 未命中BPB
[BPB] 更新请求: PC=000032bc, 实际跳转=1, 实际目标地址=000032a0
[BPB] 找到现有条目: 索引=          1
[BPB] 更新现有条目: 索引=          1, 旧状态=11, 新状态=11, 目标地址=000032a0
[BPB] 预测阶段: PC=000032a8, 未命中BPB
[BPB] 预测命中: PC=000032ac, 条目索引=          4, 预测结果=1, 目标地址=000032b0
[BPB] 预测阶段: PC=000032ac, 未命中BPB
[BPB] 预测命中: PC=000032ac, 条目索引=          4, 预测结果=1, 目标地址=000032b0
[BPB] 预测阶段: PC=000032ac, 命中=1, 预测跳转=1, 目标地址=000032b0
[BPB] 预测阶段: PC=000032b0, 命中=1, 预测跳转=0, 目标地址=00000000
[BPB] 预测阶段: PC=000032b0, 未命中BPB
[BPB] 预测阶段: PC=000032b4, 未命中BPB
[BPB] 更新请求: PC=000032ac, 实际跳转=1, 实际目标地址=000032b8
[BPB] 找到现有条目: 索引=          4
[BPB] 更新现有条目: 索引=          4, 旧状态=10, 新状态=10, 目标地址=000032b8
[BPB] 预测阶段: PC=000032b4, 未命中BPB
[BPB] 预测阶段: PC=000032b8, 未命中BPB
[BPB] 预测命中: PC=000032bc, 条目索引=          1, 预测结果=1, 目标地址=000032a0
[BPB] 预测阶段: PC=000032bc, 未命中BPB
[BPB] 预测命中: PC=000032bc, 条目索引=          1, 预测结果=1, 目标地址=000032a0
[BPB] 预测阶段: PC=000032bc, 命中=1, 预测跳转=1, 目标地址=000032a0
[BPB] 预测阶段: PC=000032a0, 命中=1, 预测跳转=0, 目标地址=00000000
[BPB] 预测阶段: PC=000032a0, 未命中BPB
[BPB] 预测阶段: PC=000032a4, 未命中BPB
[BPB] 更新请求: PC=000032bc, 实际跳转=1, 实际目标地址=000032a0
[BPB] 找到现有条目: 索引=          1
[BPB] 更新现有条目: 索引=          1, 旧状态=11, 新状态=11, 目标地址=000032a0
[BPB] 预测阶段: PC=000032a8, 未命中BPB
[BPB] 预测命中: PC=000032ac, 条目索引=          4, 预测结果=1, 目标地址=000032b8
[BPB] 预测阶段: PC=000032ac, 未命中BPB
[BPB] 预测命中: PC=000032ac, 条目索引=          4, 预测结果=1, 目标地址=000032b8
[BPB] 预测阶段: PC=000032ac, 命中=1, 预测跳转=1, 目标地址=000032b8
[BPB] 预测阶段: PC=000032b8, 命中=1, 预测跳转=0, 目标地址=00000000
[BPB] 预测阶段: PC=000032b8, 未命中BPB
[BPB] 预测命中: PC=000032bc, 条目索引=          1, 预测结果=1, 目标地址=000032a0
[BPB] 预测阶段: PC=000032bc, 未命中BPB
[BPB] 预测命中: PC=000032bc, 条目索引=          1, 预测结果=1, 目标地址=000032a0
[BPB] 预测阶段: PC=000032bc, 命中=1, 预测跳转=1, 目标地址=000032a0
[BPB] 更新请求: PC=000032ac, 实际跳转=1, 实际目标地址=000032b8
[BPB] 找到现有条目: 索引=          4
[BPB] 更新现有条目: 索引=          4, 旧状态=11, 新状态=11, 目标地址=000032b8
[BPB] 预测阶段: PC=000032a0, 命中=1, 预测跳转=0, 目标地址=00000000
[BPB] 预测阶段: PC=000032a0, 未命中BPB
[BPB] 预测阶段: PC=000032a4, 未命中BPB
[BPB] 更新请求: PC=000032bc, 实际跳转=1, 实际目标地址=000032a0
[BPB] 找到现有条目: 索引=          1
[BPB] 更新现有条目: 索引=          1, 旧状态=11, 新状态=11, 目标地址=000032a0
[BPB] 预测阶段: PC=000032a8, 未命中BPB
[BPB] 预测命中: PC=000032ac, 条目索引=          4, 预测结果=1, 目标地址=000032b8
[BPB] 预测阶段: PC=000032ac, 未命中BPB
[BPB] 预测命中: PC=000032ac, 条目索引=          4, 预测结果=1, 目标地址=000032b8
[BPB] 预测阶段: PC=000032ac, 命中=1, 预测跳转=1, 目标地址=000032b8
[BPB] 预测阶段: PC=000032b8, 命中=1, 预测跳转=0, 目标地址=00000000
[BPB] 预测阶段: PC=000032b8, 未命中BPB
[BPB] 预测命中: PC=000032bc, 条目索引=          1, 预测结果=1, 目标地址=000032a0
[BPB] 预测阶段: PC=000032bc, 未命中BPB
[BPB] 预测命中: PC=000032bc, 条目索引=          1, 预测结果=1, 目标地址=000032a0
[BPB] 预测阶段: PC=000032bc, 命中=1, 预测跳转=1, 目标地址=000032a0
[BPB] 更新请求: PC=000032ac, 实际跳转=1, 实际目标地址=000032b8
[BPB] 找到现有条目: 索引=          4
[BPB] 更新现有条目: 索引=          4, 旧状态=11, 新状态=11, 目标地址=000032b8
[BPB] 预测阶段: PC=000032a0, 命中=1, 预测跳转=0, 目标地址=00000000
[BPB] 预测阶段: PC=000032a0, 未命中BPB
[BPB] 预测阶段: PC=000032a4, 未命中BPB
[BPB] 更新请求: PC=000032bc, 实际跳转=1, 实际目标地址=000032a0
[BPB] 找到现有条目: 索引=          1
[BPB] 更新现有条目: 索引=          1, 旧状态=11, 新状态=11, 目标地址=000032a0
[BPB] 预测阶段: PC=000032a8, 未命中BPB
[BPB] 预测命中: PC=000032ac, 条目索引=          4, 预测结果=1, 目标地址=000032b8
[BPB] 预测阶段: PC=000032ac, 未命中BPB
[BPB] 预测命中: PC=000032ac, 条目索引=          4, 预测结果=1, 目标地址=000032b8
[BPB] 预测阶段: PC=000032ac, 命中=1, 预测跳转=1, 目标地址=000032b8
[BPB] 预测阶段: PC=000032b8, 命中=1, 预测跳转=0, 目标地址=00000000
[BPB] 预测阶段: PC=000032b8, 未命中BPB
[BPB] 预测命中: PC=000032bc, 条目索引=          1, 预测结果=1, 目标地址=000032a0
[BPB] 预测阶段: PC=000032bc, 未命中BPB
[BPB] 预测命中: PC=000032bc, 条目索引=          1, 预测结果=1, 目标地址=000032a0
[BPB] 预测阶段: PC=000032bc, 命中=1, 预测跳转=1, 目标地址=000032a0
[BPB] 更新请求: PC=000032ac, 实际跳转=1, 实际目标地址=000032b8
[BPB] 找到现有条目: 索引=          4
[BPB] 更新现有条目: 索引=          4, 旧状态=11, 新状态=11, 目标地址=000032b8
[BPB] 预测阶段: PC=000032a0, 命中=1, 预测跳转=0, 目标地址=00000000
[BPB] 预测阶段: PC=000032a0, 未命中BPB
[BPB] 预测阶段: PC=000032a4, 未命中BPB
[BPB] 更新请求: PC=000032bc, 实际跳转=1, 实际目标地址=000032a0
[BPB] 找到现有条目: 索引=          1
[BPB] 更新现有条目: 索引=          1, 旧状态=11, 新状态=11, 目标地址=000032a0
[BPB] 预测阶段: PC=000032a8, 未命中BPB
[BPB] 预测命中: PC=000032ac, 条目索引=          4, 预测结果=1, 目标地址=000032b8
[BPB] 预测阶段: PC=000032ac, 未命中BPB
[BPB] 预测命中: PC=000032ac, 条目索引=          4, 预测结果=1, 目标地址=000032b8
[BPB] 预测阶段: PC=000032ac, 命中=1, 预测跳转=1, 目标地址=000032b8
[BPB] 预测阶段: PC=000032b8, 命中=1, 预测跳转=0, 目标地址=00000000
[BPB] 预测阶段: PC=000032b8, 未命中BPB
[BPB] 预测命中: PC=000032bc, 条目索引=          1, 预测结果=1, 目标地址=000032a0
[BPB] 预测阶段: PC=000032bc, 未命中BPB
[BPB] 预测命中: PC=000032bc, 条目索引=          1, 预测结果=1, 目标地址=000032a0
[BPB] 预测阶段: PC=000032bc, 命中=1, 预测跳转=1, 目标地址=000032a0
[BPB] 更新请求: PC=000032ac, 实际跳转=1, 实际目标地址=000032b8
[BPB] 找到现有条目: 索引=          4
[BPB] 更新现有条目: 索引=          4, 旧状态=11, 新状态=11, 目标地址=000032b8
[BPB] 预测阶段: PC=000032a0, 命中=1, 预测跳转=0, 目标地址=00000000
[BPB] 预测阶段: PC=000032a0, 未命中BPB
[BPB] 预测阶段: PC=000032a4, 未命中BPB
[BPB] 更新请求: PC=000032bc, 实际跳转=0, 实际目标地址=000032c0
[BPB] 找到现有条目: 索引=          1
[BPB] 更新现有条目: 索引=          1, 旧状态=11, 新状态=11, 目标地址=000032c0
[BPB] 预测阶段: PC=000032a4, 未命中BPB
[BPB] 预测阶段: PC=000032c0, 未命中BPB
[BPB] 预测阶段: PC=000032c4, 未命中BPB
[BPB] 预测阶段: PC=000032c8, 未命中BPB
[BPB] 预测阶段: PC=000032cc, 未命中BPB
[BPB] 预测阶段: PC=000032d0, 未命中BPB
[BPB] 预测命中: PC=000032d4, 条目索引=          0, 预测结果=1, 目标地址=000032a0
[BPB] 预测阶段: PC=000032d4, 未命中BPB
[BPB] 预测命中: PC=000032d4, 条目索引=          0, 预测结果=1, 目标地址=000032a0
[BPB] 预测阶段: PC=000032d4, 命中=1, 预测跳转=1, 目标地址=000032a0
[BPB] 预测阶段: PC=000032a0, 命中=1, 预测跳转=0, 目标地址=00000000
[BPB] 预测阶段: PC=000032a0, 未命中BPB
[BPB] 预测阶段: PC=000032a4, 未命中BPB
[BPB] 更新请求: PC=000032d4, 实际跳转=1, 实际目标地址=000032a0
[BPB] 找到现有条目: 索引=          0
[BPB] 更新现有条目: 索引=          0, 旧状态=11, 新状态=11, 目标地址=000032a0
[BPB] 预测阶段: PC=000032a8, 未命中BPB
[BPB] 预测命中: PC=000032ac, 条目索引=          4, 预测结果=1, 目标地址=000032b8
[BPB] 预测阶段: PC=000032ac, 未命中BPB
[BPB] 预测命中: PC=000032ac, 条目索引=          4, 预测结果=1, 目标地址=000032b8
[BPB] 预测阶段: PC=000032ac, 命中=1, 预测跳转=1, 目标地址=000032b8
[BPB] 预测阶段: PC=000032b8, 命中=1, 预测跳转=0, 目标地址=00000000
[BPB] 预测阶段: PC=000032b8, 未命中BPB
[BPB] 预测命中: PC=000032bc, 条目索引=          1, 预测结果=1, 目标地址=000032c0
[BPB] 预测阶段: PC=000032bc, 未命中BPB
[BPB] 预测命中: PC=000032bc, 条目索引=          1, 预测结果=1, 目标地址=000032c0
[BPB] 预测阶段: PC=000032bc, 命中=1, 预测跳转=1, 目标地址=000032c0
[BPB] 更新请求: PC=000032ac, 实际跳转=1, 实际目标地址=000032b8
[BPB] 找到现有条目: 索引=          4
[BPB] 更新现有条目: 索引=          4, 旧状态=11, 新状态=11, 目标地址=000032b8
[BPB] 预测阶段: PC=000032c0, 命中=1, 预测跳转=0, 目标地址=00000000
[BPB] 预测阶段: PC=000032c0, 未命中BPB
[BPB] 预测阶段: PC=000032c4, 未命中BPB
[BPB] 更新请求: PC=000032bc, 实际跳转=1, 实际目标地址=000032a0
[BPB] 找到现有条目: 索引=          1
[BPB] 更新现有条目: 索引=          1, 旧状态=10, 新状态=10, 目标地址=000032a0
[BPB] 预测阶段: PC=000032c4, 未命中BPB
[BPB] 预测阶段: PC=000032c8, 未命中BPB
[BPB] 预测阶段: PC=000032cc, 未命中BPB
[BPB] 预测阶段: PC=000032d0, 未命中BPB
[BPB] 预测命中: PC=000032d4, 条目索引=          0, 预测结果=1, 目标地址=000032a0
[BPB] 预测阶段: PC=000032d4, 未命中BPB
[BPB] 预测命中: PC=000032d4, 条目索引=          0, 预测结果=1, 目标地址=000032a0
[BPB] 预测阶段: PC=000032d4, 命中=1, 预测跳转=1, 目标地址=000032a0
[BPB] 预测阶段: PC=000032a0, 命中=1, 预测跳转=0, 目标地址=00000000
[BPB] 预测阶段: PC=000032a0, 未命中BPB
[BPB] 预测阶段: PC=000032a4, 未命中BPB
[BPB] 更新请求: PC=000032d4, 实际跳转=1, 实际目标地址=000032a0
[BPB] 找到现有条目: 索引=          0
[BPB] 更新现有条目: 索引=          0, 旧状态=11, 新状态=11, 目标地址=000032a0
[BPB] 预测阶段: PC=000032a8, 未命中BPB
[BPB] 预测命中: PC=000032ac, 条目索引=          4, 预测结果=1, 目标地址=000032b8
[BPB] 预测阶段: PC=000032ac, 未命中BPB
[BPB] 预测命中: PC=000032ac, 条目索引=          4, 预测结果=1, 目标地址=000032b8
[BPB] 预测阶段: PC=000032ac, 命中=1, 预测跳转=1, 目标地址=000032b8
[BPB] 预测阶段: PC=000032b8, 命中=1, 预测跳转=0, 目标地址=00000000
[BPB] 预测阶段: PC=000032b8, 未命中BPB
[BPB] 预测命中: PC=000032bc, 条目索引=          1, 预测结果=1, 目标地址=000032a0
[BPB] 预测阶段: PC=000032bc, 未命中BPB
[BPB] 预测命中: PC=000032bc, 条目索引=          1, 预测结果=1, 目标地址=000032a0
[BPB] 预测阶段: PC=000032bc, 命中=1, 预测跳转=1, 目标地址=000032a0
[BPB] 更新请求: PC=000032ac, 实际跳转=1, 实际目标地址=000032b8
[BPB] 找到现有条目: 索引=          4
[BPB] 更新现有条目: 索引=          4, 旧状态=11, 新状态=11, 目标地址=000032b8
[BPB] 预测阶段: PC=000032a0, 命中=1, 预测跳转=0, 目标地址=00000000
[BPB] 预测阶段: PC=000032a0, 未命中BPB
[BPB] 预测阶段: PC=000032a4, 未命中BPB
[BPB] 更新请求: PC=000032bc, 实际跳转=1, 实际目标地址=000032a0
[BPB] 找到现有条目: 索引=          1
[BPB] 更新现有条目: 索引=          1, 旧状态=11, 新状态=11, 目标地址=000032a0
[BPB] 预测阶段: PC=000032a8, 未命中BPB
[BPB] 预测命中: PC=000032ac, 条目索引=          4, 预测结果=1, 目标地址=000032b8
[BPB] 预测阶段: PC=000032ac, 未命中BPB
[BPB] 预测命中: PC=000032ac, 条目索引=          4, 预测结果=1, 目标地址=000032b8
[BPB] 预测阶段: PC=000032ac, 命中=1, 预测跳转=1, 目标地址=000032b8
[BPB] 预测阶段: PC=000032b8, 命中=1, 预测跳转=0, 目标地址=00000000
[BPB] 预测阶段: PC=000032b8, 未命中BPB
[BPB] 预测命中: PC=000032bc, 条目索引=          1, 预测结果=1, 目标地址=000032a0
[BPB] 预测阶段: PC=000032bc, 未命中BPB
[BPB] 预测命中: PC=000032bc, 条目索引=          1, 预测结果=1, 目标地址=000032a0
[BPB] 预测阶段: PC=000032bc, 命中=1, 预测跳转=1, 目标地址=000032a0
[BPB] 更新请求: PC=000032ac, 实际跳转=1, 实际目标地址=000032b8
[BPB] 找到现有条目: 索引=          4
[BPB] 更新现有条目: 索引=          4, 旧状态=11, 新状态=11, 目标地址=000032b8
[BPB] 预测阶段: PC=000032a0, 命中=1, 预测跳转=0, 目标地址=00000000
[BPB] 预测阶段: PC=000032a0, 未命中BPB
[BPB] 预测阶段: PC=000032a4, 未命中BPB
[BPB] 更新请求: PC=000032bc, 实际跳转=1, 实际目标地址=000032a0
[BPB] 找到现有条目: 索引=          1
[BPB] 更新现有条目: 索引=          1, 旧状态=11, 新状态=11, 目标地址=000032a0
[BPB] 预测阶段: PC=000032a8, 未命中BPB
[BPB] 预测命中: PC=000032ac, 条目索引=          4, 预测结果=1, 目标地址=000032b8
[BPB] 预测阶段: PC=000032ac, 未命中BPB
[BPB] 预测命中: PC=000032ac, 条目索引=          4, 预测结果=1, 目标地址=000032b8
[BPB] 预测阶段: PC=000032ac, 命中=1, 预测跳转=1, 目标地址=000032b8
[BPB] 预测阶段: PC=000032b8, 命中=1, 预测跳转=0, 目标地址=00000000
[BPB] 预测阶段: PC=000032b8, 未命中BPB
[BPB] 预测命中: PC=000032bc, 条目索引=          1, 预测结果=1, 目标地址=000032a0
[BPB] 预测阶段: PC=000032bc, 未命中BPB
[BPB] 预测命中: PC=000032bc, 条目索引=          1, 预测结果=1, 目标地址=000032a0
[BPB] 预测阶段: PC=000032bc, 命中=1, 预测跳转=1, 目标地址=000032a0
[BPB] 更新请求: PC=000032ac, 实际跳转=1, 实际目标地址=000032b8
[BPB] 找到现有条目: 索引=          4
[BPB] 更新现有条目: 索引=          4, 旧状态=11, 新状态=11, 目标地址=000032b8
[BPB] 预测阶段: PC=000032a0, 命中=1, 预测跳转=0, 目标地址=00000000
[BPB] 预测阶段: PC=000032a0, 未命中BPB
[BPB] 预测阶段: PC=000032a4, 未命中BPB
[BPB] 更新请求: PC=000032bc, 实际跳转=1, 实际目标地址=000032a0
[BPB] 找到现有条目: 索引=          1
[BPB] 更新现有条目: 索引=          1, 旧状态=11, 新状态=11, 目标地址=000032a0
[BPB] 预测阶段: PC=000032a8, 未命中BPB
[BPB] 预测命中: PC=000032ac, 条目索引=          4, 预测结果=1, 目标地址=000032b8
[BPB] 预测阶段: PC=000032ac, 未命中BPB
[BPB] 预测命中: PC=000032ac, 条目索引=          4, 预测结果=1, 目标地址=000032b8
[BPB] 预测阶段: PC=000032ac, 命中=1, 预测跳转=1, 目标地址=000032b8
[BPB] 预测阶段: PC=000032b8, 命中=1, 预测跳转=0, 目标地址=00000000
[BPB] 预测阶段: PC=000032b8, 未命中BPB
[BPB] 预测命中: PC=000032bc, 条目索引=          1, 预测结果=1, 目标地址=000032a0
[BPB] 预测阶段: PC=000032bc, 未命中BPB
[BPB] 预测命中: PC=000032bc, 条目索引=          1, 预测结果=1, 目标地址=000032a0
[BPB] 预测阶段: PC=000032bc, 命中=1, 预测跳转=1, 目标地址=000032a0
[BPB] 更新请求: PC=000032ac, 实际跳转=1, 实际目标地址=000032b8
[BPB] 找到现有条目: 索引=          4
[BPB] 更新现有条目: 索引=          4, 旧状态=11, 新状态=11, 目标地址=000032b8
[BPB] 预测阶段: PC=000032a0, 命中=1, 预测跳转=0, 目标地址=00000000
[BPB] 预测阶段: PC=000032a0, 未命中BPB
[BPB] 预测阶段: PC=000032a4, 未命中BPB
[BPB] 更新请求: PC=000032bc, 实际跳转=1, 实际目标地址=000032a0
[BPB] 找到现有条目: 索引=          1
[BPB] 更新现有条目: 索引=          1, 旧状态=11, 新状态=11, 目标地址=000032a0
[BPB] 预测阶段: PC=000032a8, 未命中BPB
[BPB] 预测命中: PC=000032ac, 条目索引=          4, 预测结果=1, 目标地址=000032b8
[BPB] 预测阶段: PC=000032ac, 未命中BPB
[BPB] 预测命中: PC=000032ac, 条目索引=          4, 预测结果=1, 目标地址=000032b8
[BPB] 预测阶段: PC=000032ac, 命中=1, 预测跳转=1, 目标地址=000032b8
[BPB] 预测阶段: PC=000032b8, 命中=1, 预测跳转=0, 目标地址=00000000
[BPB] 预测阶段: PC=000032b8, 未命中BPB
[BPB] 预测命中: PC=000032bc, 条目索引=          1, 预测结果=1, 目标地址=000032a0
[BPB] 预测阶段: PC=000032bc, 未命中BPB
[BPB] 预测命中: PC=000032bc, 条目索引=          1, 预测结果=1, 目标地址=000032a0
[BPB] 预测阶段: PC=000032bc, 命中=1, 预测跳转=1, 目标地址=000032a0
[BPB] 更新请求: PC=000032ac, 实际跳转=0, 实际目标地址=000032b0
[BPB] 找到现有条目: 索引=          4
[BPB] 更新现有条目: 索引=          4, 旧状态=11, 新状态=11, 目标地址=000032b0
[BPB] 预测命中: PC=000032bc, 条目索引=          1, 预测结果=1, 目标地址=000032a0
[BPB] 预测阶段: PC=000032bc, 命中=1, 预测跳转=1, 目标地址=000032a0
[BPB] 预测阶段: PC=000032b0, 命中=1, 预测跳转=0, 目标地址=00000000
[BPB] 预测阶段: PC=000032b0, 未命中BPB
[BPB] 预测阶段: PC=000032b4, 未命中BPB
[BPB] 预测阶段: PC=000032b8, 未命中BPB
[BPB] 预测命中: PC=000032bc, 条目索引=          1, 预测结果=1, 目标地址=000032a0
[BPB] 预测阶段: PC=000032bc, 未命中BPB
[BPB] 预测命中: PC=000032bc, 条目索引=          1, 预测结果=1, 目标地址=000032a0
[BPB] 预测阶段: PC=000032bc, 命中=1, 预测跳转=1, 目标地址=000032a0
[BPB] 预测阶段: PC=000032a0, 命中=1, 预测跳转=0, 目标地址=00000000
[BPB] 预测阶段: PC=000032a0, 未命中BPB
[BPB] 预测阶段: PC=000032a4, 未命中BPB
[BPB] 更新请求: PC=000032bc, 实际跳转=1, 实际目标地址=000032a0
[BPB] 找到现有条目: 索引=          1
[BPB] 更新现有条目: 索引=          1, 旧状态=11, 新状态=11, 目标地址=000032a0
[BPB] 预测阶段: PC=000032a8, 未命中BPB
[BPB] 预测命中: PC=000032ac, 条目索引=          4, 预测结果=1, 目标地址=000032b0
[BPB] 预测阶段: PC=000032ac, 未命中BPB
[BPB] 预测命中: PC=000032ac, 条目索引=          4, 预测结果=1, 目标地址=000032b0
[BPB] 预测阶段: PC=000032ac, 命中=1, 预测跳转=1, 目标地址=000032b0
[BPB] 预测阶段: PC=000032b0, 命中=1, 预测跳转=0, 目标地址=00000000
[BPB] 预测阶段: PC=000032b0, 未命中BPB
[BPB] 预测阶段: PC=000032b4, 未命中BPB
[BPB] 更新请求: PC=000032ac, 实际跳转=1, 实际目标地址=000032b8
[BPB] 找到现有条目: 索引=          4
[BPB] 更新现有条目: 索引=          4, 旧状态=10, 新状态=10, 目标地址=000032b8
[BPB] 预测阶段: PC=000032b4, 未命中BPB
[BPB] 预测阶段: PC=000032b8, 未命中BPB
[BPB] 预测命中: PC=000032bc, 条目索引=          1, 预测结果=1, 目标地址=000032a0
[BPB] 预测阶段: PC=000032bc, 未命中BPB
[BPB] 预测命中: PC=000032bc, 条目索引=          1, 预测结果=1, 目标地址=000032a0
[BPB] 预测阶段: PC=000032bc, 命中=1, 预测跳转=1, 目标地址=000032a0
[BPB] 预测阶段: PC=000032a0, 命中=1, 预测跳转=0, 目标地址=00000000
[BPB] 预测阶段: PC=000032a0, 未命中BPB
[BPB] 预测阶段: PC=000032a4, 未命中BPB
[BPB] 更新请求: PC=000032bc, 实际跳转=1, 实际目标地址=000032a0
[BPB] 找到现有条目: 索引=          1
[BPB] 更新现有条目: 索引=          1, 旧状态=11, 新状态=11, 目标地址=000032a0
[BPB] 预测阶段: PC=000032a8, 未命中BPB
[BPB] 预测命中: PC=000032ac, 条目索引=          4, 预测结果=1, 目标地址=000032b8
[BPB] 预测阶段: PC=000032ac, 未命中BPB
[BPB] 预测命中: PC=000032ac, 条目索引=          4, 预测结果=1, 目标地址=000032b8
[BPB] 预测阶段: PC=000032ac, 命中=1, 预测跳转=1, 目标地址=000032b8
[BPB] 预测阶段: PC=000032b8, 命中=1, 预测跳转=0, 目标地址=00000000
[BPB] 预测阶段: PC=000032b8, 未命中BPB
[BPB] 预测命中: PC=000032bc, 条目索引=          1, 预测结果=1, 目标地址=000032a0
[BPB] 预测阶段: PC=000032bc, 未命中BPB
[BPB] 预测命中: PC=000032bc, 条目索引=          1, 预测结果=1, 目标地址=000032a0
[BPB] 预测阶段: PC=000032bc, 命中=1, 预测跳转=1, 目标地址=000032a0
[BPB] 更新请求: PC=000032ac, 实际跳转=1, 实际目标地址=000032b8
[BPB] 找到现有条目: 索引=          4
[BPB] 更新现有条目: 索引=          4, 旧状态=11, 新状态=11, 目标地址=000032b8
[BPB] 预测阶段: PC=000032a0, 命中=1, 预测跳转=0, 目标地址=00000000
[BPB] 预测阶段: PC=000032a0, 未命中BPB
[BPB] 预测阶段: PC=000032a4, 未命中BPB
[BPB] 更新请求: PC=000032bc, 实际跳转=0, 实际目标地址=000032c0
[BPB] 找到现有条目: 索引=          1
[BPB] 更新现有条目: 索引=          1, 旧状态=11, 新状态=11, 目标地址=000032c0
[BPB] 预测阶段: PC=000032a4, 未命中BPB
[BPB] 预测阶段: PC=000032c0, 未命中BPB
[BPB] 预测阶段: PC=000032c4, 未命中BPB
[BPB] 预测阶段: PC=000032c8, 未命中BPB
[BPB] 预测阶段: PC=000032cc, 未命中BPB
[BPB] 预测阶段: PC=000032d0, 未命中BPB
[BPB] 预测命中: PC=000032d4, 条目索引=          0, 预测结果=1, 目标地址=000032a0
[BPB] 预测阶段: PC=000032d4, 未命中BPB
[BPB] 预测命中: PC=000032d4, 条目索引=          0, 预测结果=1, 目标地址=000032a0
[BPB] 预测阶段: PC=000032d4, 命中=1, 预测跳转=1, 目标地址=000032a0
[BPB] 预测阶段: PC=000032a0, 命中=1, 预测跳转=0, 目标地址=00000000
[BPB] 预测阶段: PC=000032a0, 未命中BPB
[BPB] 预测阶段: PC=000032a4, 未命中BPB
[BPB] 更新请求: PC=000032d4, 实际跳转=1, 实际目标地址=000032a0
[BPB] 找到现有条目: 索引=          0
[BPB] 更新现有条目: 索引=          0, 旧状态=11, 新状态=11, 目标地址=000032a0
[BPB] 预测阶段: PC=000032a8, 未命中BPB
[BPB] 预测命中: PC=000032ac, 条目索引=          4, 预测结果=1, 目标地址=000032b8
[BPB] 预测阶段: PC=000032ac, 未命中BPB
[BPB] 预测命中: PC=000032ac, 条目索引=          4, 预测结果=1, 目标地址=000032b8
[BPB] 预测阶段: PC=000032ac, 命中=1, 预测跳转=1, 目标地址=000032b8
[BPB] 预测阶段: PC=000032b8, 命中=1, 预测跳转=0, 目标地址=00000000
[BPB] 预测阶段: PC=000032b8, 未命中BPB
[BPB] 预测命中: PC=000032bc, 条目索引=          1, 预测结果=1, 目标地址=000032c0
[BPB] 预测阶段: PC=000032bc, 未命中BPB
[BPB] 预测命中: PC=000032bc, 条目索引=          1, 预测结果=1, 目标地址=000032c0
[BPB] 预测阶段: PC=000032bc, 命中=1, 预测跳转=1, 目标地址=000032c0
[BPB] 更新请求: PC=000032ac, 实际跳转=1, 实际目标地址=000032b8
[BPB] 找到现有条目: 索引=          4
[BPB] 更新现有条目: 索引=          4, 旧状态=11, 新状态=11, 目标地址=000032b8
[BPB] 预测阶段: PC=000032c0, 命中=1, 预测跳转=0, 目标地址=00000000
[BPB] 预测阶段: PC=000032c0, 未命中BPB
[BPB] 预测阶段: PC=000032c4, 未命中BPB
[BPB] 更新请求: PC=000032bc, 实际跳转=1, 实际目标地址=000032a0
[BPB] 找到现有条目: 索引=          1
[BPB] 更新现有条目: 索引=          1, 旧状态=10, 新状态=10, 目标地址=000032a0
[BPB] 预测阶段: PC=000032c4, 未命中BPB
[BPB] 预测阶段: PC=000032c8, 未命中BPB
[BPB] 预测阶段: PC=000032cc, 未命中BPB
[BPB] 预测阶段: PC=000032d0, 未命中BPB
[BPB] 预测命中: PC=000032d4, 条目索引=          0, 预测结果=1, 目标地址=000032a0
[BPB] 预测阶段: PC=000032d4, 未命中BPB
[BPB] 预测命中: PC=000032d4, 条目索引=          0, 预测结果=1, 目标地址=000032a0
[BPB] 预测阶段: PC=000032d4, 命中=1, 预测跳转=1, 目标地址=000032a0
[BPB] 预测阶段: PC=000032a0, 命中=1, 预测跳转=0, 目标地址=00000000
[BPB] 预测阶段: PC=000032a0, 未命中BPB
[BPB] 预测阶段: PC=000032a4, 未命中BPB
[BPB] 更新请求: PC=000032d4, 实际跳转=1, 实际目标地址=000032a0
[BPB] 找到现有条目: 索引=          0
[BPB] 更新现有条目: 索引=          0, 旧状态=11, 新状态=11, 目标地址=000032a0
[BPB] 预测阶段: PC=000032a8, 未命中BPB
[BPB] 预测命中: PC=000032ac, 条目索引=          4, 预测结果=1, 目标地址=000032b8
[BPB] 预测阶段: PC=000032ac, 未命中BPB
[BPB] 预测命中: PC=000032ac, 条目索引=          4, 预测结果=1, 目标地址=000032b8
[BPB] 预测阶段: PC=000032ac, 命中=1, 预测跳转=1, 目标地址=000032b8
[BPB] 预测阶段: PC=000032b8, 命中=1, 预测跳转=0, 目标地址=00000000
[BPB] 预测阶段: PC=000032b8, 未命中BPB
[BPB] 预测命中: PC=000032bc, 条目索引=          1, 预测结果=1, 目标地址=000032a0
[BPB] 预测阶段: PC=000032bc, 未命中BPB
[BPB] 预测命中: PC=000032bc, 条目索引=          1, 预测结果=1, 目标地址=000032a0
[BPB] 预测阶段: PC=000032bc, 命中=1, 预测跳转=1, 目标地址=000032a0
[BPB] 更新请求: PC=000032ac, 实际跳转=1, 实际目标地址=000032b8
[BPB] 找到现有条目: 索引=          4
[BPB] 更新现有条目: 索引=          4, 旧状态=11, 新状态=11, 目标地址=000032b8
[BPB] 预测阶段: PC=000032a0, 命中=1, 预测跳转=0, 目标地址=00000000
[BPB] 预测阶段: PC=000032a0, 未命中BPB
[BPB] 预测阶段: PC=000032a4, 未命中BPB
[BPB] 更新请求: PC=000032bc, 实际跳转=1, 实际目标地址=000032a0
[BPB] 找到现有条目: 索引=          1
[BPB] 更新现有条目: 索引=          1, 旧状态=11, 新状态=11, 目标地址=000032a0
[BPB] 预测阶段: PC=000032a8, 未命中BPB
[BPB] 预测命中: PC=000032ac, 条目索引=          4, 预测结果=1, 目标地址=000032b8
[BPB] 预测阶段: PC=000032ac, 未命中BPB
[BPB] 预测命中: PC=000032ac, 条目索引=          4, 预测结果=1, 目标地址=000032b8
[BPB] 预测阶段: PC=000032ac, 命中=1, 预测跳转=1, 目标地址=000032b8
[BPB] 预测阶段: PC=000032b8, 命中=1, 预测跳转=0, 目标地址=00000000
[BPB] 预测阶段: PC=000032b8, 未命中BPB
[BPB] 预测命中: PC=000032bc, 条目索引=          1, 预测结果=1, 目标地址=000032a0
[BPB] 预测阶段: PC=000032bc, 未命中BPB
[BPB] 预测命中: PC=000032bc, 条目索引=          1, 预测结果=1, 目标地址=000032a0
[BPB] 预测阶段: PC=000032bc, 命中=1, 预测跳转=1, 目标地址=000032a0
[BPB] 更新请求: PC=000032ac, 实际跳转=1, 实际目标地址=000032b8
[BPB] 找到现有条目: 索引=          4
[BPB] 更新现有条目: 索引=          4, 旧状态=11, 新状态=11, 目标地址=000032b8
[BPB] 预测阶段: PC=000032a0, 命中=1, 预测跳转=0, 目标地址=00000000
[BPB] 预测阶段: PC=000032a0, 未命中BPB
[BPB] 预测阶段: PC=000032a4, 未命中BPB
[BPB] 更新请求: PC=000032bc, 实际跳转=1, 实际目标地址=000032a0
[BPB] 找到现有条目: 索引=          1
[BPB] 更新现有条目: 索引=          1, 旧状态=11, 新状态=11, 目标地址=000032a0
[BPB] 预测阶段: PC=000032a8, 未命中BPB
[BPB] 预测命中: PC=000032ac, 条目索引=          4, 预测结果=1, 目标地址=000032b8
[BPB] 预测阶段: PC=000032ac, 未命中BPB
[BPB] 预测命中: PC=000032ac, 条目索引=          4, 预测结果=1, 目标地址=000032b8
[BPB] 预测阶段: PC=000032ac, 命中=1, 预测跳转=1, 目标地址=000032b8
[BPB] 预测阶段: PC=000032b8, 命中=1, 预测跳转=0, 目标地址=00000000
[BPB] 预测阶段: PC=000032b8, 未命中BPB
[BPB] 预测命中: PC=000032bc, 条目索引=          1, 预测结果=1, 目标地址=000032a0
[BPB] 预测阶段: PC=000032bc, 未命中BPB
[BPB] 预测命中: PC=000032bc, 条目索引=          1, 预测结果=1, 目标地址=000032a0
[BPB] 预测阶段: PC=000032bc, 命中=1, 预测跳转=1, 目标地址=000032a0
[BPB] 更新请求: PC=000032ac, 实际跳转=1, 实际目标地址=000032b8
[BPB] 找到现有条目: 索引=          4
[BPB] 更新现有条目: 索引=          4, 旧状态=11, 新状态=11, 目标地址=000032b8
[BPB] 预测阶段: PC=000032a0, 命中=1, 预测跳转=0, 目标地址=00000000
[BPB] 预测阶段: PC=000032a0, 未命中BPB
[BPB] 预测阶段: PC=000032a4, 未命中BPB
[BPB] 更新请求: PC=000032bc, 实际跳转=1, 实际目标地址=000032a0
[BPB] 找到现有条目: 索引=          1
[BPB] 更新现有条目: 索引=          1, 旧状态=11, 新状态=11, 目标地址=000032a0
[BPB] 预测阶段: PC=000032a8, 未命中BPB
[BPB] 预测命中: PC=000032ac, 条目索引=          4, 预测结果=1, 目标地址=000032b8
[BPB] 预测阶段: PC=000032ac, 未命中BPB
[BPB] 预测命中: PC=000032ac, 条目索引=          4, 预测结果=1, 目标地址=000032b8
[BPB] 预测阶段: PC=000032ac, 命中=1, 预测跳转=1, 目标地址=000032b8
[BPB] 预测阶段: PC=000032b8, 命中=1, 预测跳转=0, 目标地址=00000000
[BPB] 预测阶段: PC=000032b8, 未命中BPB
[BPB] 预测命中: PC=000032bc, 条目索引=          1, 预测结果=1, 目标地址=000032a0
[BPB] 预测阶段: PC=000032bc, 未命中BPB
[BPB] 预测命中: PC=000032bc, 条目索引=          1, 预测结果=1, 目标地址=000032a0
[BPB] 预测阶段: PC=000032bc, 命中=1, 预测跳转=1, 目标地址=000032a0
[BPB] 更新请求: PC=000032ac, 实际跳转=1, 实际目标地址=000032b8
[BPB] 找到现有条目: 索引=          4
[BPB] 更新现有条目: 索引=          4, 旧状态=11, 新状态=11, 目标地址=000032b8
[BPB] 预测阶段: PC=000032a0, 命中=1, 预测跳转=0, 目标地址=00000000
[BPB] 预测阶段: PC=000032a0, 未命中BPB
[BPB] 预测阶段: PC=000032a4, 未命中BPB
[BPB] 更新请求: PC=000032bc, 实际跳转=1, 实际目标地址=000032a0
[BPB] 找到现有条目: 索引=          1
[BPB] 更新现有条目: 索引=          1, 旧状态=11, 新状态=11, 目标地址=000032a0
[BPB] 预测阶段: PC=000032a8, 未命中BPB
[BPB] 预测命中: PC=000032ac, 条目索引=          4, 预测结果=1, 目标地址=000032b8
[BPB] 预测阶段: PC=000032ac, 未命中BPB
[BPB] 预测命中: PC=000032ac, 条目索引=          4, 预测结果=1, 目标地址=000032b8
[BPB] 预测阶段: PC=000032ac, 命中=1, 预测跳转=1, 目标地址=000032b8
[BPB] 预测阶段: PC=000032b8, 命中=1, 预测跳转=0, 目标地址=00000000
[BPB] 预测阶段: PC=000032b8, 未命中BPB
[BPB] 预测命中: PC=000032bc, 条目索引=          1, 预测结果=1, 目标地址=000032a0
[BPB] 预测阶段: PC=000032bc, 未命中BPB
[BPB] 预测命中: PC=000032bc, 条目索引=          1, 预测结果=1, 目标地址=000032a0
[BPB] 预测阶段: PC=000032bc, 命中=1, 预测跳转=1, 目标地址=000032a0
[BPB] 更新请求: PC=000032ac, 实际跳转=1, 实际目标地址=000032b8
[BPB] 找到现有条目: 索引=          4
[BPB] 更新现有条目: 索引=          4, 旧状态=11, 新状态=11, 目标地址=000032b8
[BPB] 预测阶段: PC=000032a0, 命中=1, 预测跳转=0, 目标地址=00000000
[BPB] 预测阶段: PC=000032a0, 未命中BPB
[BPB] 预测阶段: PC=000032a4, 未命中BPB
[BPB] 更新请求: PC=000032bc, 实际跳转=0, 实际目标地址=000032c0
[BPB] 找到现有条目: 索引=          1
[BPB] 更新现有条目: 索引=          1, 旧状态=11, 新状态=11, 目标地址=000032c0
[BPB] 预测阶段: PC=000032a4, 未命中BPB
[BPB] 预测阶段: PC=000032c0, 未命中BPB
[BPB] 预测阶段: PC=000032c4, 未命中BPB
[BPB] 预测阶段: PC=000032c8, 未命中BPB
[BPB] 预测阶段: PC=000032cc, 未命中BPB
[BPB] 预测阶段: PC=000032d0, 未命中BPB
[BPB] 预测命中: PC=000032d4, 条目索引=          0, 预测结果=1, 目标地址=000032a0
[BPB] 预测阶段: PC=000032d4, 未命中BPB
[BPB] 预测命中: PC=000032d4, 条目索引=          0, 预测结果=1, 目标地址=000032a0
[BPB] 预测阶段: PC=000032d4, 命中=1, 预测跳转=1, 目标地址=000032a0
[BPB] 预测阶段: PC=000032a0, 命中=1, 预测跳转=0, 目标地址=00000000
[BPB] 预测阶段: PC=000032a0, 未命中BPB
[BPB] 预测阶段: PC=000032a4, 未命中BPB
[BPB] 更新请求: PC=000032d4, 实际跳转=1, 实际目标地址=000032a0
[BPB] 找到现有条目: 索引=          0
[BPB] 更新现有条目: 索引=          0, 旧状态=11, 新状态=11, 目标地址=000032a0
[BPB] 预测阶段: PC=000032a8, 未命中BPB
[BPB] 预测命中: PC=000032ac, 条目索引=          4, 预测结果=1, 目标地址=000032b8
[BPB] 预测阶段: PC=000032ac, 未命中BPB
[BPB] 预测命中: PC=000032ac, 条目索引=          4, 预测结果=1, 目标地址=000032b8
[BPB] 预测阶段: PC=000032ac, 命中=1, 预测跳转=1, 目标地址=000032b8
[BPB] 预测阶段: PC=000032b8, 命中=1, 预测跳转=0, 目标地址=00000000
[BPB] 预测阶段: PC=000032b8, 未命中BPB
[BPB] 预测命中: PC=000032bc, 条目索引=          1, 预测结果=1, 目标地址=000032c0
[BPB] 预测阶段: PC=000032bc, 未命中BPB
[BPB] 预测命中: PC=000032bc, 条目索引=          1, 预测结果=1, 目标地址=000032c0
[BPB] 预测阶段: PC=000032bc, 命中=1, 预测跳转=1, 目标地址=000032c0
[BPB] 更新请求: PC=000032ac, 实际跳转=1, 实际目标地址=000032b8
[BPB] 找到现有条目: 索引=          4
[BPB] 更新现有条目: 索引=          4, 旧状态=11, 新状态=11, 目标地址=000032b8
[BPB] 预测阶段: PC=000032c0, 命中=1, 预测跳转=0, 目标地址=00000000
[BPB] 预测阶段: PC=000032c0, 未命中BPB
[BPB] 预测阶段: PC=000032c4, 未命中BPB
[BPB] 更新请求: PC=000032bc, 实际跳转=1, 实际目标地址=000032a0
[BPB] 找到现有条目: 索引=          1
[BPB] 更新现有条目: 索引=          1, 旧状态=10, 新状态=10, 目标地址=000032a0
[BPB] 预测阶段: PC=000032c4, 未命中BPB
[BPB] 预测阶段: PC=000032c8, 未命中BPB
[BPB] 预测阶段: PC=000032cc, 未命中BPB
[BPB] 预测阶段: PC=000032d0, 未命中BPB
[BPB] 预测命中: PC=000032d4, 条目索引=          0, 预测结果=1, 目标地址=000032a0
[BPB] 预测阶段: PC=000032d4, 未命中BPB
[BPB] 预测命中: PC=000032d4, 条目索引=          0, 预测结果=1, 目标地址=000032a0
[BPB] 预测阶段: PC=000032d4, 命中=1, 预测跳转=1, 目标地址=000032a0
[BPB] 预测阶段: PC=000032a0, 命中=1, 预测跳转=0, 目标地址=00000000
[BPB] 预测阶段: PC=000032a0, 未命中BPB
[BPB] 预测阶段: PC=000032a4, 未命中BPB
[BPB] 更新请求: PC=000032d4, 实际跳转=1, 实际目标地址=000032a0
[BPB] 找到现有条目: 索引=          0
[BPB] 更新现有条目: 索引=          0, 旧状态=11, 新状态=11, 目标地址=000032a0
[BPB] 预测阶段: PC=000032a8, 未命中BPB
[BPB] 预测命中: PC=000032ac, 条目索引=          4, 预测结果=1, 目标地址=000032b8
[BPB] 预测阶段: PC=000032ac, 未命中BPB
[BPB] 预测命中: PC=000032ac, 条目索引=          4, 预测结果=1, 目标地址=000032b8
[BPB] 预测阶段: PC=000032ac, 命中=1, 预测跳转=1, 目标地址=000032b8
[BPB] 预测阶段: PC=000032b8, 命中=1, 预测跳转=0, 目标地址=00000000
[BPB] 预测阶段: PC=000032b8, 未命中BPB
[BPB] 预测命中: PC=000032bc, 条目索引=          1, 预测结果=1, 目标地址=000032a0
[BPB] 预测阶段: PC=000032bc, 未命中BPB
[BPB] 预测命中: PC=000032bc, 条目索引=          1, 预测结果=1, 目标地址=000032a0
[BPB] 预测阶段: PC=000032bc, 命中=1, 预测跳转=1, 目标地址=000032a0
[BPB] 更新请求: PC=000032ac, 实际跳转=1, 实际目标地址=000032b8
[BPB] 找到现有条目: 索引=          4
[BPB] 更新现有条目: 索引=          4, 旧状态=11, 新状态=11, 目标地址=000032b8
[BPB] 预测阶段: PC=000032a0, 命中=1, 预测跳转=0, 目标地址=00000000
[BPB] 预测阶段: PC=000032a0, 未命中BPB
[BPB] 预测阶段: PC=000032a4, 未命中BPB
[BPB] 更新请求: PC=000032bc, 实际跳转=1, 实际目标地址=000032a0
[BPB] 找到现有条目: 索引=          1
[BPB] 更新现有条目: 索引=          1, 旧状态=11, 新状态=11, 目标地址=000032a0
[BPB] 预测阶段: PC=000032a8, 未命中BPB
[BPB] 预测命中: PC=000032ac, 条目索引=          4, 预测结果=1, 目标地址=000032b8
[BPB] 预测阶段: PC=000032ac, 未命中BPB
[BPB] 预测命中: PC=000032ac, 条目索引=          4, 预测结果=1, 目标地址=000032b8
[BPB] 预测阶段: PC=000032ac, 命中=1, 预测跳转=1, 目标地址=000032b8
[BPB] 预测阶段: PC=000032b8, 命中=1, 预测跳转=0, 目标地址=00000000
[BPB] 预测阶段: PC=000032b8, 未命中BPB
[BPB] 预测命中: PC=000032bc, 条目索引=          1, 预测结果=1, 目标地址=000032a0
[BPB] 预测阶段: PC=000032bc, 未命中BPB
[BPB] 预测命中: PC=000032bc, 条目索引=          1, 预测结果=1, 目标地址=000032a0
[BPB] 预测阶段: PC=000032bc, 命中=1, 预测跳转=1, 目标地址=000032a0
[BPB] 更新请求: PC=000032ac, 实际跳转=1, 实际目标地址=000032b8
[BPB] 找到现有条目: 索引=          4
[BPB] 更新现有条目: 索引=          4, 旧状态=11, 新状态=11, 目标地址=000032b8
[BPB] 预测阶段: PC=000032a0, 命中=1, 预测跳转=0, 目标地址=00000000
[BPB] 预测阶段: PC=000032a0, 未命中BPB
[BPB] 预测阶段: PC=000032a4, 未命中BPB
[BPB] 更新请求: PC=000032bc, 实际跳转=1, 实际目标地址=000032a0
[BPB] 找到现有条目: 索引=          1
[BPB] 更新现有条目: 索引=          1, 旧状态=11, 新状态=11, 目标地址=000032a0
[BPB] 预测阶段: PC=000032a8, 未命中BPB
[BPB] 预测命中: PC=000032ac, 条目索引=          4, 预测结果=1, 目标地址=000032b8
[BPB] 预测阶段: PC=000032ac, 未命中BPB
[BPB] 预测命中: PC=000032ac, 条目索引=          4, 预测结果=1, 目标地址=000032b8
[BPB] 预测阶段: PC=000032ac, 命中=1, 预测跳转=1, 目标地址=000032b8
[BPB] 预测阶段: PC=000032b8, 命中=1, 预测跳转=0, 目标地址=00000000
[BPB] 预测阶段: PC=000032b8, 未命中BPB
[BPB] 预测命中: PC=000032bc, 条目索引=          1, 预测结果=1, 目标地址=000032a0
[BPB] 预测阶段: PC=000032bc, 未命中BPB
[BPB] 预测命中: PC=000032bc, 条目索引=          1, 预测结果=1, 目标地址=000032a0
[BPB] 预测阶段: PC=000032bc, 命中=1, 预测跳转=1, 目标地址=000032a0
[BPB] 更新请求: PC=000032ac, 实际跳转=1, 实际目标地址=000032b8
[BPB] 找到现有条目: 索引=          4
[BPB] 更新现有条目: 索引=          4, 旧状态=11, 新状态=11, 目标地址=000032b8
[BPB] 预测阶段: PC=000032a0, 命中=1, 预测跳转=0, 目标地址=00000000
[BPB] 预测阶段: PC=000032a0, 未命中BPB
[BPB] 预测阶段: PC=000032a4, 未命中BPB
[BPB] 更新请求: PC=000032bc, 实际跳转=0, 实际目标地址=000032c0
[BPB] 找到现有条目: 索引=          1
[BPB] 更新现有条目: 索引=          1, 旧状态=11, 新状态=11, 目标地址=000032c0
[BPB] 预测阶段: PC=000032a4, 未命中BPB
[BPB] 预测阶段: PC=000032c0, 未命中BPB
[BPB] 预测阶段: PC=000032c4, 未命中BPB
[BPB] 预测阶段: PC=000032c8, 未命中BPB
[BPB] 预测阶段: PC=000032cc, 未命中BPB
[BPB] 预测阶段: PC=000032d0, 未命中BPB
[BPB] 预测命中: PC=000032d4, 条目索引=          0, 预测结果=1, 目标地址=000032a0
[BPB] 预测阶段: PC=000032d4, 未命中BPB
[BPB] 预测命中: PC=000032d4, 条目索引=          0, 预测结果=1, 目标地址=000032a0
[BPB] 预测阶段: PC=000032d4, 命中=1, 预测跳转=1, 目标地址=000032a0
[BPB] 预测阶段: PC=000032a0, 命中=1, 预测跳转=0, 目标地址=00000000
[BPB] 预测阶段: PC=000032a0, 未命中BPB
[BPB] 预测阶段: PC=000032a4, 未命中BPB
[BPB] 更新请求: PC=000032d4, 实际跳转=1, 实际目标地址=000032a0
[BPB] 找到现有条目: 索引=          0
[BPB] 更新现有条目: 索引=          0, 旧状态=11, 新状态=11, 目标地址=000032a0
[BPB] 预测阶段: PC=000032a8, 未命中BPB
[BPB] 预测命中: PC=000032ac, 条目索引=          4, 预测结果=1, 目标地址=000032b8
[BPB] 预测阶段: PC=000032ac, 未命中BPB
[BPB] 预测命中: PC=000032ac, 条目索引=          4, 预测结果=1, 目标地址=000032b8
[BPB] 预测阶段: PC=000032ac, 命中=1, 预测跳转=1, 目标地址=000032b8
[BPB] 预测阶段: PC=000032b8, 命中=1, 预测跳转=0, 目标地址=00000000
[BPB] 预测阶段: PC=000032b8, 未命中BPB
[BPB] 预测命中: PC=000032bc, 条目索引=          1, 预测结果=1, 目标地址=000032c0
[BPB] 预测阶段: PC=000032bc, 未命中BPB
[BPB] 预测命中: PC=000032bc, 条目索引=          1, 预测结果=1, 目标地址=000032c0
[BPB] 预测阶段: PC=000032bc, 命中=1, 预测跳转=1, 目标地址=000032c0
[BPB] 更新请求: PC=000032ac, 实际跳转=1, 实际目标地址=000032b8
[BPB] 找到现有条目: 索引=          4
[BPB] 更新现有条目: 索引=          4, 旧状态=11, 新状态=11, 目标地址=000032b8
[BPB] 预测阶段: PC=000032c0, 命中=1, 预测跳转=0, 目标地址=00000000
[BPB] 预测阶段: PC=000032c0, 未命中BPB
[BPB] 预测阶段: PC=000032c4, 未命中BPB
[BPB] 更新请求: PC=000032bc, 实际跳转=1, 实际目标地址=000032a0
[BPB] 找到现有条目: 索引=          1
[BPB] 更新现有条目: 索引=          1, 旧状态=10, 新状态=10, 目标地址=000032a0
[BPB] 预测阶段: PC=000032c4, 未命中BPB
[BPB] 预测阶段: PC=000032c8, 未命中BPB
[BPB] 预测阶段: PC=000032cc, 未命中BPB
[BPB] 预测阶段: PC=000032d0, 未命中BPB
[BPB] 预测命中: PC=000032d4, 条目索引=          0, 预测结果=1, 目标地址=000032a0
[BPB] 预测阶段: PC=000032d4, 未命中BPB
[BPB] 预测命中: PC=000032d4, 条目索引=          0, 预测结果=1, 目标地址=000032a0
[BPB] 预测阶段: PC=000032d4, 命中=1, 预测跳转=1, 目标地址=000032a0
[BPB] 预测阶段: PC=000032a0, 命中=1, 预测跳转=0, 目标地址=00000000
[BPB] 预测阶段: PC=000032a0, 未命中BPB
[BPB] 预测阶段: PC=000032a4, 未命中BPB
[BPB] 更新请求: PC=000032d4, 实际跳转=1, 实际目标地址=000032a0
[BPB] 找到现有条目: 索引=          0
[BPB] 更新现有条目: 索引=          0, 旧状态=11, 新状态=11, 目标地址=000032a0
[BPB] 预测阶段: PC=000032a8, 未命中BPB
[BPB] 预测命中: PC=000032ac, 条目索引=          4, 预测结果=1, 目标地址=000032b8
[BPB] 预测阶段: PC=000032ac, 未命中BPB
[BPB] 预测命中: PC=000032ac, 条目索引=          4, 预测结果=1, 目标地址=000032b8
[BPB] 预测阶段: PC=000032ac, 命中=1, 预测跳转=1, 目标地址=000032b8
[BPB] 预测阶段: PC=000032b8, 命中=1, 预测跳转=0, 目标地址=00000000
[BPB] 预测阶段: PC=000032b8, 未命中BPB
[BPB] 预测命中: PC=000032bc, 条目索引=          1, 预测结果=1, 目标地址=000032a0
[BPB] 预测阶段: PC=000032bc, 未命中BPB
[BPB] 预测命中: PC=000032bc, 条目索引=          1, 预测结果=1, 目标地址=000032a0
[BPB] 预测阶段: PC=000032bc, 命中=1, 预测跳转=1, 目标地址=000032a0
[BPB] 更新请求: PC=000032ac, 实际跳转=1, 实际目标地址=000032b8
[BPB] 找到现有条目: 索引=          4
[BPB] 更新现有条目: 索引=          4, 旧状态=11, 新状态=11, 目标地址=000032b8
[BPB] 预测阶段: PC=000032a0, 命中=1, 预测跳转=0, 目标地址=00000000
[BPB] 预测阶段: PC=000032a0, 未命中BPB
[BPB] 预测阶段: PC=000032a4, 未命中BPB
[BPB] 更新请求: PC=000032bc, 实际跳转=0, 实际目标地址=000032c0
[BPB] 找到现有条目: 索引=          1
[BPB] 更新现有条目: 索引=          1, 旧状态=11, 新状态=11, 目标地址=000032c0
[BPB] 预测阶段: PC=000032a4, 未命中BPB
[BPB] 预测阶段: PC=000032c0, 未命中BPB
[BPB] 预测阶段: PC=000032c4, 未命中BPB
[BPB] 预测阶段: PC=000032c8, 未命中BPB
[BPB] 预测阶段: PC=000032cc, 未命中BPB
[BPB] 预测阶段: PC=000032d0, 未命中BPB
[BPB] 预测命中: PC=000032d4, 条目索引=          0, 预测结果=1, 目标地址=000032a0
[BPB] 预测阶段: PC=000032d4, 未命中BPB
[BPB] 预测命中: PC=000032d4, 条目索引=          0, 预测结果=1, 目标地址=000032a0
[BPB] 预测阶段: PC=000032d4, 命中=1, 预测跳转=1, 目标地址=000032a0
[BPB] 预测阶段: PC=000032a0, 命中=1, 预测跳转=0, 目标地址=00000000
[BPB] 预测阶段: PC=000032a0, 未命中BPB
[BPB] 预测阶段: PC=000032a4, 未命中BPB
[BPB] 更新请求: PC=000032d4, 实际跳转=0, 实际目标地址=000032d8
[BPB] 找到现有条目: 索引=          0
[BPB] 更新现有条目: 索引=          0, 旧状态=11, 新状态=11, 目标地址=000032d8
[BPB] 预测阶段: PC=000032a4, 未命中BPB
[BPB] 预测阶段: PC=000032d8, 未命中BPB
[BPB] 预测阶段: PC=000032dc, 未命中BPB
[BPB] 预测阶段: PC=000032e0, 未命中BPB
[BPB] 预测阶段: PC=000032e4, 未命中BPB
