#-----------------------------------------------------------
# Vivado v2022.1 (64-bit)
# SW Build 3526262 on Mon Apr 18 15:48:16 MDT 2022
# IP Build 3524634 on Mon Apr 18 20:55:01 MDT 2022
# Start of session at: Wed Aug 20 14:07:01 2025
# Process ID: 1664
# Current directory: D:/Xilinx/Vivado/projects-ps/JMP_Predict_CPU
# Command line: vivado.exe -gui_launcher_event rodinguilauncherevent23000 D:\Xilinx\Vivado\projects-ps\JMP_Predict_CPU\JMP_Predict_CPU.xpr
# Log file: D:/Xilinx/Vivado/projects-ps/JMP_Predict_CPU/vivado.log
# Journal file: D:/Xilinx/Vivado/projects-ps/JMP_Predict_CPU\vivado.jou
# Running On: ps, OS: Windows, CPU Frequency: 3793 MHz, CPU Physical cores: 16, Host memory: 16334 MB
#-----------------------------------------------------------
start_gui
open_project D:/Xilinx/Vivado/projects-ps/JMP_Predict_CPU/JMP_Predict_CPU.xpr
WARNING: [Board 49-26] cannot add Board Part xilinx.com:kc705:part0:1.6 available at D:/Xilinx/Vivado/2022.1/data/xhub/boards/XilinxBoardStore/boards/Xilinx/kc705/1.6/board.xml as part xc7k325tffg900-2 specified in board_part file is either invalid or not available
WARNING: [Board 49-26] cannot add Board Part xilinx.com:kcu105:part0:1.6 available at D:/Xilinx/Vivado/2022.1/data/xhub/boards/XilinxBoardStore/boards/Xilinx/kcu105/1.6/board.xml as part xcku040-ffva1156-2-e specified in board_part file is either invalid or not available
WARNING: [Board 49-26] cannot add Board Part xilinx.com:kcu105:part0:1.7 available at D:/Xilinx/Vivado/2022.1/data/xhub/boards/XilinxBoardStore/boards/Xilinx/kcu105/1.7/board.xml as part xcku040-ffva1156-2-e specified in board_part file is either invalid or not available
WARNING: [Board 49-26] cannot add Board Part xilinx.com:kcu1500:part0:1.2 available at D:/Xilinx/Vivado/2022.1/data/xhub/boards/XilinxBoardStore/boards/Xilinx/kcu1500/1.2/board.xml as part xcku115-flvb2104-2-e specified in board_part file is either invalid or not available
WARNING: [Board 49-26] cannot add Board Part xilinx.com:vc707:part0:1.4 available at D:/Xilinx/Vivado/2022.1/data/xhub/boards/XilinxBoardStore/boards/Xilinx/vc707/1.4/board.xml as part xc7vx485tffg1761-2 specified in board_part file is either invalid or not available
WARNING: [Board 49-26] cannot add Board Part xilinx.com:vc709:part0:1.8 available at D:/Xilinx/Vivado/2022.1/data/xhub/boards/XilinxBoardStore/boards/Xilinx/vc709/1.8/board.xml as part xc7vx690tffg1761-2 specified in board_part file is either invalid or not available
WARNING: [Board 49-26] cannot add Board Part xilinx.com:vck190:part0:2.2 available at D:/Xilinx/Vivado/2022.1/data/xhub/boards/XilinxBoardStore/boards/Xilinx/vck190/production/2.2/board.xml as part xcvc1902-vsva2197-2mp-e-s specified in board_part file is either invalid or not available
WARNING: [Board 49-26] cannot add Board Part xilinx.com:vck190:part0:3.0 available at D:/Xilinx/Vivado/2022.1/data/xhub/boards/XilinxBoardStore/boards/Xilinx/vck190/production/3.0/board.xml as part xcvc1902-vsva2197-2mp-e-s specified in board_part file is either invalid or not available
WARNING: [Board 49-26] cannot add Board Part xilinx.com:vck190_newl:part0:1.0 available at D:/Xilinx/Vivado/2022.1/data/xhub/boards/XilinxBoardStore/boards/Xilinx/vck190_newl/production/1.0/board.xml as part xcvc1902-vsva2197-2mp-e-s specified in board_part file is either invalid or not available
WARNING: [Board 49-26] cannot add Board Part xilinx.com:vcu108:part0:1.6 available at D:/Xilinx/Vivado/2022.1/data/xhub/boards/XilinxBoardStore/boards/Xilinx/vcu108/1.6/board.xml as part xcvu095-ffva2104-2-e specified in board_part file is either invalid or not available
WARNING: [Board 49-26] cannot add Board Part xilinx.com:vcu108:part0:1.7 available at D:/Xilinx/Vivado/2022.1/data/xhub/boards/XilinxBoardStore/boards/Xilinx/vcu108/1.7/board.xml as part xcvu095-ffva2104-2-e specified in board_part file is either invalid or not available
WARNING: [Board 49-26] cannot add Board Part xilinx.com:vcu110:part0:1.4 available at D:/Xilinx/Vivado/2022.1/data/xhub/boards/XilinxBoardStore/boards/Xilinx/vcu110/1.4/board.xml as part xcvu190-flgc2104-2-e specified in board_part file is either invalid or not available
WARNING: [Board 49-26] cannot add Board Part xilinx.com:vcu118:part0:2.0 available at D:/Xilinx/Vivado/2022.1/data/xhub/boards/XilinxBoardStore/boards/Xilinx/vcu118/2.0/board.xml as part xcvu9p-flga2104-2l-e specified in board_part file is either invalid or not available
WARNING: [Board 49-26] cannot add Board Part xilinx.com:vcu118:part0:2.3 available at D:/Xilinx/Vivado/2022.1/data/xhub/boards/XilinxBoardStore/boards/Xilinx/vcu118/2.3/board.xml as part xcvu9p-flga2104-2l-e specified in board_part file is either invalid or not available
WARNING: [Board 49-26] cannot add Board Part xilinx.com:vcu118:part0:2.4 available at D:/Xilinx/Vivado/2022.1/data/xhub/boards/XilinxBoardStore/boards/Xilinx/vcu118/2.4/board.xml as part xcvu9p-flga2104-2l-e specified in board_part file is either invalid or not available
WARNING: [Board 49-26] cannot add Board Part xilinx.com:vcu128:part0:1.0 available at D:/Xilinx/Vivado/2022.1/data/xhub/boards/XilinxBoardStore/boards/Xilinx/vcu128/production/1.0/board.xml as part xcvu37p-fsvh2892-2l-e specified in board_part file is either invalid or not available
WARNING: [Board 49-26] cannot add Board Part xilinx.com:vcu129:part0:1.0 available at D:/Xilinx/Vivado/2022.1/data/xhub/boards/XilinxBoardStore/boards/Xilinx/vcu129/production/1.0/board.xml as part xcvu29p-fsga2577-2l-e specified in board_part file is either invalid or not available
WARNING: [Board 49-26] cannot add Board Part xilinx.com:vcu1525:part0:1.3 available at D:/Xilinx/Vivado/2022.1/data/xhub/boards/XilinxBoardStore/boards/Xilinx/vcu1525/1.3/board.xml as part xcvu9p-fsgd2104-2l-e specified in board_part file is either invalid or not available
WARNING: [Board 49-26] cannot add Board Part xilinx.com:vermeo_t1_mpsoc:part0:1.0 available at D:/Xilinx/Vivado/2022.1/data/xhub/boards/XilinxBoardStore/boards/Xilinx/vermeo_t1_mpsoc/1.0/board.xml as part xczu19eg-ffvd1760-2l-e specified in board_part file is either invalid or not available
WARNING: [Board 49-26] cannot add Board Part xilinx.com:vermeo_t1_rfsoc:part0:1.0 available at D:/Xilinx/Vivado/2022.1/data/xhub/boards/XilinxBoardStore/boards/Xilinx/vermeo_t1_rfsoc/1.0/board.xml as part xczu21dr-ffvd1156-2l-e specified in board_part file is either invalid or not available
WARNING: [Board 49-26] cannot add Board Part xilinx.com:vmk180:part0:2.2 available at D:/Xilinx/Vivado/2022.1/data/xhub/boards/XilinxBoardStore/boards/Xilinx/vmk180/production/2.2/board.xml as part xcvm1802-vsva2197-2mp-e-s specified in board_part file is either invalid or not available
WARNING: [Board 49-26] cannot add Board Part xilinx.com:vmk180:part0:3.0 available at D:/Xilinx/Vivado/2022.1/data/xhub/boards/XilinxBoardStore/boards/Xilinx/vmk180/production/3.0/board.xml as part xcvm1802-vsva2197-2mp-e-s specified in board_part file is either invalid or not available
WARNING: [Board 49-26] cannot add Board Part xilinx.com:vmk180_newl:part0:1.0 available at D:/Xilinx/Vivado/2022.1/data/xhub/boards/XilinxBoardStore/boards/Xilinx/vmk180_newl/production/1.0/board.xml as part xcvm1802-vsva2197-2mp-e-s specified in board_part file is either invalid or not available
WARNING: [Board 49-26] cannot add Board Part xilinx.com:vpk120_es:part0:1.2 available at D:/Xilinx/Vivado/2022.1/data/xhub/boards/XilinxBoardStore/boards/Xilinx/vpk120/es/1.2/board.xml as part xcvp1202-vsva2785-2mp-e-s-es1 specified in board_part file is either invalid or not available
WARNING: [Board 49-26] cannot add Board Part xilinx.com:vpk120_es_revb:part0:1.0 available at D:/Xilinx/Vivado/2022.1/data/xhub/boards/XilinxBoardStore/boards/Xilinx/vpk120_revb/es/1.0/board.xml as part xcvp1202-vsva2785-2mp-e-s-es1 specified in board_part file is either invalid or not available
WARNING: [Board 49-26] cannot add Board Part xilinx.com:zc706:part0:1.4 available at D:/Xilinx/Vivado/2022.1/data/xhub/boards/XilinxBoardStore/boards/Xilinx/zc706/1.4/board.xml as part xc7z045ffg900-2 specified in board_part file is either invalid or not available
WARNING: [Board 49-26] cannot add Board Part xilinx.com:zcu102:part0:3.3 available at D:/Xilinx/Vivado/2022.1/data/xhub/boards/XilinxBoardStore/boards/Xilinx/zcu102/3.3/board.xml as part xczu9eg-ffvb1156-2-e specified in board_part file is either invalid or not available
WARNING: [Board 49-26] cannot add Board Part xilinx.com:zcu102:part0:3.4 available at D:/Xilinx/Vivado/2022.1/data/xhub/boards/XilinxBoardStore/boards/Xilinx/zcu102/3.4/board.xml as part xczu9eg-ffvb1156-2-e specified in board_part file is either invalid or not available
WARNING: [Board 49-26] cannot add Board Part xilinx.com:zcu111:part0:1.2 available at D:/Xilinx/Vivado/2022.1/data/xhub/boards/XilinxBoardStore/boards/Xilinx/zcu111/1.2/board.xml as part xczu28dr-ffvg1517-2-e specified in board_part file is either invalid or not available
WARNING: [Board 49-26] cannot add Board Part xilinx.com:zcu111:part0:1.3 available at D:/Xilinx/Vivado/2022.1/data/xhub/boards/XilinxBoardStore/boards/Xilinx/zcu111/1.3/board.xml as part xczu28dr-ffvg1517-2-e specified in board_part file is either invalid or not available
WARNING: [Board 49-26] cannot add Board Part xilinx.com:zcu111:part0:1.4 available at D:/Xilinx/Vivado/2022.1/data/xhub/boards/XilinxBoardStore/boards/Xilinx/zcu111/1.4/board.xml as part xczu28dr-ffvg1517-2-e specified in board_part file is either invalid or not available
WARNING: [Board 49-26] cannot add Board Part xilinx.com:zcu1275:part0:1.0 available at D:/Xilinx/Vivado/2022.1/data/xhub/boards/XilinxBoardStore/boards/Xilinx/zcu1275/1.0/board.xml as part xczu29dr-ffvf1760-2-e specified in board_part file is either invalid or not available
WARNING: [Board 49-26] cannot add Board Part xilinx.com:zcu1285:part0:1.0 available at D:/Xilinx/Vivado/2022.1/data/xhub/boards/XilinxBoardStore/boards/Xilinx/zcu1285/1.0/board.xml as part xczu39dr-ffvf1760-2-i specified in board_part file is either invalid or not available
WARNING: [Board 49-26] cannot add Board Part xilinx.com:zcu208:part0:2.0 available at D:/Xilinx/Vivado/2022.1/data/xhub/boards/XilinxBoardStore/boards/Xilinx/zcu208/production/2.0/board.xml as part xczu48dr-fsvg1517-2-e specified in board_part file is either invalid or not available
WARNING: [Board 49-26] cannot add Board Part xilinx.com:zcu208ld:part0:2.0 available at D:/Xilinx/Vivado/2022.1/data/xhub/boards/XilinxBoardStore/boards/Xilinx/zcu208ld/production/2.0/board.xml as part xczu58dr-fsvg1517-2-i specified in board_part file is either invalid or not available
WARNING: [Board 49-26] cannot add Board Part xilinx.com:zcu216:part0:2.0 available at D:/Xilinx/Vivado/2022.1/data/xhub/boards/XilinxBoardStore/boards/Xilinx/zcu216/production/2.0/board.xml as part xczu49dr-ffvf1760-2-e specified in board_part file is either invalid or not available
WARNING: [Board 49-26] cannot add Board Part xilinx.com:zcu216ld:part0:2.0 available at D:/Xilinx/Vivado/2022.1/data/xhub/boards/XilinxBoardStore/boards/Xilinx/zcu216ld/production/2.0/board.xml as part xczu59dr-ffvf1760-2-i specified in board_part file is either invalid or not available
WARNING: [Board 49-26] cannot add Board Part xilinx.com:zcu670:part0:2.0 available at D:/Xilinx/Vivado/2022.1/data/xhub/boards/XilinxBoardStore/boards/Xilinx/zcu670/2.0/board.xml as part xczu67dr-fsve1156-2-i specified in board_part file is either invalid or not available
WARNING: [Board 49-26] cannot add Board Part xilinx.com:zcu670ld:part0:1.0 available at D:/Xilinx/Vivado/2022.1/data/xhub/boards/XilinxBoardStore/boards/Xilinx/zcu670ld/1.0/board.xml as part xczu57dr-fsve1156-2-i specified in board_part file is either invalid or not available
Scanning sources...
Finished scanning sources
INFO: [IP_Flow 19-234] Refreshing IP repositories
INFO: [IP_Flow 19-1704] No user IP repositories specified
INFO: [IP_Flow 19-2313] Loaded Vivado IP repository 'D:/Xilinx/Vivado/2022.1/data/ip'.
update_compile_order -fileset sources_1
close [ open D:/Xilinx/Vivado/projects-ps/JMP_Predict_CPU/JMP_Predict_CPU.srcs/sources_1/new/BPB.v w ]
add_files D:/Xilinx/Vivado/projects-ps/JMP_Predict_CPU/JMP_Predict_CPU.srcs/sources_1/new/BPB.v
update_compile_order -fileset sources_1
update_compile_order -fileset sources_1
launch_simulation
Command: launch_simulation 
INFO: [Vivado 12-12493] Simulation top is 'sim_cpu'
WARNING: [Vivado 12-13340] Unable to auto find GCC executables from simulator install path! (path not set)
WARNING: [Vivado 12-13277] Compiled library path does not exist: ''
INFO: [Vivado 12-5698] Checking validity of IPs in the design for the 'XSim' simulator...
INFO: [Runs 36-567] Checking/generating simulation output products for IPs/BDs (if any)...
INFO: [Vivado 12-5682] Launching behavioral simulation in 'D:/Xilinx/Vivado/projects-ps/JMP_Predict_CPU/JMP_Predict_CPU.sim/sim_1/behav/xsim'
INFO: [Vivado 12-4795] Using compiled simulation libraries for IPs
INFO: [SIM-utils-51] Simulation object is 'sim_1'
INFO: [SIM-utils-72] Using boost library from 'D:/Xilinx/Vivado/2022.1/tps/boost_1_72_0'
INFO: [USF-XSim-7] Finding pre-compiled libraries...
INFO: [USF-XSim-11] File 'D:/Xilinx/Vivado/2022.1/data/xsim/xsim.ini' copied to run dir:'D:/Xilinx/Vivado/projects-ps/JMP_Predict_CPU/JMP_Predict_CPU.sim/sim_1/behav/xsim'
INFO: [SIM-utils-54] Inspecting design source files for 'sim_cpu' in fileset 'sim_1'...
INFO: [SIM-utils-43] Exported 'D:/Xilinx/Vivado/projects-ps/JMP_Predict_CPU/JMP_Predict_CPU.sim/sim_1/behav/xsim/CS_DRAM.mif'
INFO: [SIM-utils-43] Exported 'D:/Xilinx/Vivado/projects-ps/JMP_Predict_CPU/JMP_Predict_CPU.sim/sim_1/behav/xsim/28_ins_test.coe'
INFO: [SIM-utils-43] Exported 'D:/Xilinx/Vivado/projects-ps/JMP_Predict_CPU/JMP_Predict_CPU.sim/sim_1/behav/xsim/benchmark.coe'
INFO: [SIM-utils-43] Exported 'D:/Xilinx/Vivado/projects-ps/JMP_Predict_CPU/JMP_Predict_CPU.sim/sim_1/behav/xsim/benchmark1.coe'
INFO: [SIM-utils-43] Exported 'D:/Xilinx/Vivado/projects-ps/JMP_Predict_CPU/JMP_Predict_CPU.sim/sim_1/behav/xsim/benchmark2.coe'
INFO: [USF-XSim-97] Finding global include files...
INFO: [USF-XSim-98] Fetching design files from 'sim_1'...
INFO: [USF-XSim-2] XSim::Compile design
INFO: [USF-XSim-61] Executing 'COMPILE and ANALYZE' step in 'D:/Xilinx/Vivado/projects-ps/JMP_Predict_CPU/JMP_Predict_CPU.sim/sim_1/behav/xsim'
"xvlog --incr --relax -prj sim_cpu_vlog.prj"
INFO: [VRFC 10-2263] Analyzing Verilog file "D:/Xilinx/Vivado/projects-ps/JMP_Predict_CPU/JMP_Predict_CPU.gen/sources_1/ip/DS_DRAM/sim/DS_DRAM.v" into library xil_defaultlib
INFO: [VRFC 10-311] analyzing module DS_DRAM
INFO: [VRFC 10-2263] Analyzing Verilog file "D:/Xilinx/Vivado/projects-ps/JMP_Predict_CPU/JMP_Predict_CPU.gen/sources_1/ip/CS_DRAM/sim/CS_DRAM.v" into library xil_defaultlib
INFO: [VRFC 10-311] analyzing module CS_DRAM
INFO: [VRFC 10-2263] Analyzing Verilog file "D:/Xilinx/Vivado/projects-ps/JMP_Predict_CPU/JMP_Predict_CPU.srcs/sources_1/new/ALU.v" into library xil_defaultlib
INFO: [VRFC 10-311] analyzing module ALU
INFO: [VRFC 10-2263] Analyzing Verilog file "D:/Xilinx/Vivado/projects-ps/JMP_Predict_CPU/JMP_Predict_CPU.srcs/sources_1/new/BPB.v" into library xil_defaultlib
INFO: [VRFC 10-311] analyzing module BPB
INFO: [VRFC 10-2263] Analyzing Verilog file "D:/Xilinx/Vivado/projects-ps/JMP_Predict_CPU/JMP_Predict_CPU.srcs/sources_1/new/BubleDel.v" into library xil_defaultlib
INFO: [VRFC 10-311] analyzing module BubleDel
INFO: [VRFC 10-2263] Analyzing Verilog file "D:/Xilinx/Vivado/projects-ps/JMP_Predict_CPU/JMP_Predict_CPU.srcs/sources_1/new/CPU.v" into library xil_defaultlib
INFO: [VRFC 10-311] analyzing module CPU
WARNING: [VRFC 10-3248] data object 'Branch' is already declared [D:/Xilinx/Vivado/projects-ps/JMP_Predict_CPU/JMP_Predict_CPU.srcs/sources_1/new/CPU.v:52]
WARNING: [VRFC 10-9364] second declaration of 'Branch' is ignored [D:/Xilinx/Vivado/projects-ps/JMP_Predict_CPU/JMP_Predict_CPU.srcs/sources_1/new/CPU.v:52]
WARNING: [VRFC 10-3380] identifier 'actual_branchtaken' is used before its declaration [D:/Xilinx/Vivado/projects-ps/JMP_Predict_CPU/JMP_Predict_CPU.srcs/sources_1/new/CPU.v:36]
WARNING: [VRFC 10-3380] identifier 'Predict_jmp_taken' is used before its declaration [D:/Xilinx/Vivado/projects-ps/JMP_Predict_CPU/JMP_Predict_CPU.srcs/sources_1/new/CPU.v:37]
WARNING: [VRFC 10-3380] identifier 'PredictJump_EX' is used before its declaration [D:/Xilinx/Vivado/projects-ps/JMP_Predict_CPU/JMP_Predict_CPU.srcs/sources_1/new/CPU.v:38]
WARNING: [VRFC 10-3380] identifier 'ALU_SRCA' is used before its declaration [D:/Xilinx/Vivado/projects-ps/JMP_Predict_CPU/JMP_Predict_CPU.srcs/sources_1/new/CPU.v:56]
INFO: [VRFC 10-2263] Analyzing Verilog file "D:/Xilinx/Vivado/projects-ps/JMP_Predict_CPU/JMP_Predict_CPU.srcs/sources_1/new/CU.v" into library xil_defaultlib
INFO: [VRFC 10-311] analyzing module CU
INFO: [VRFC 10-2263] Analyzing Verilog file "D:/Xilinx/Vivado/projects-ps/JMP_Predict_CPU/JMP_Predict_CPU.srcs/sources_1/new/EXMEM.v" into library xil_defaultlib
INFO: [VRFC 10-311] analyzing module EXMEM
INFO: [VRFC 10-2263] Analyzing Verilog file "D:/Xilinx/Vivado/projects-ps/JMP_Predict_CPU/JMP_Predict_CPU.srcs/sources_1/new/IDEX.v" into library xil_defaultlib
INFO: [VRFC 10-311] analyzing module IDEX
INFO: [VRFC 10-2263] Analyzing Verilog file "D:/Xilinx/Vivado/projects-ps/JMP_Predict_CPU/JMP_Predict_CPU.srcs/sources_1/new/IFID.v" into library xil_defaultlib
INFO: [VRFC 10-311] analyzing module IFID
INFO: [VRFC 10-2263] Analyzing Verilog file "D:/Xilinx/Vivado/projects-ps/JMP_Predict_CPU/JMP_Predict_CPU.srcs/sources_1/new/MEMWB.v" into library xil_defaultlib
INFO: [VRFC 10-311] analyzing module MEMWB
INFO: [VRFC 10-2263] Analyzing Verilog file "D:/Xilinx/Vivado/projects-ps/JMP_Predict_CPU/JMP_Predict_CPU.srcs/sources_1/new/PC.v" into library xil_defaultlib
INFO: [VRFC 10-311] analyzing module PC
INFO: [VRFC 10-2263] Analyzing Verilog file "D:/Xilinx/Vivado/projects-ps/JMP_Predict_CPU/JMP_Predict_CPU.srcs/sources_1/new/RegFile.v" into library xil_defaultlib
INFO: [VRFC 10-311] analyzing module RegFile
INFO: [VRFC 10-2263] Analyzing Verilog file "D:/Xilinx/Vivado/projects-ps/JMP_Predict_CPU/JMP_Predict_CPU.srcs/sim_1/new/sim_cpu.v" into library xil_defaultlib
INFO: [VRFC 10-311] analyzing module sim_cpu
INFO: [VRFC 10-2263] Analyzing Verilog file "D:/Xilinx/Vivado/projects-ps/JMP_Predict_CPU/JMP_Predict_CPU.sim/sim_1/behav/xsim/glbl.v" into library xil_defaultlib
INFO: [VRFC 10-311] analyzing module glbl
INFO: [USF-XSim-69] 'compile' step finished in '3' seconds
INFO: [USF-XSim-3] XSim::Elaborate design
INFO: [USF-XSim-61] Executing 'ELABORATE' step in 'D:/Xilinx/Vivado/projects-ps/JMP_Predict_CPU/JMP_Predict_CPU.sim/sim_1/behav/xsim'
"xelab --incr --debug typical --relax --mt 2 -L xil_defaultlib -L dist_mem_gen_v8_0_13 -L unisims_ver -L unimacro_ver -L secureip -L xpm --snapshot sim_cpu_behav xil_defaultlib.sim_cpu xil_defaultlib.glbl -log elaborate.log"
Vivado Simulator v2022.1
Copyright 1986-1999, 2001-2022 Xilinx, Inc. All Rights Reserved.
Running: D:/Xilinx/Vivado/2022.1/bin/unwrapped/win64.o/xelab.exe --incr --debug typical --relax --mt 2 -L xil_defaultlib -L dist_mem_gen_v8_0_13 -L unisims_ver -L unimacro_ver -L secureip -L xpm --snapshot sim_cpu_behav xil_defaultlib.sim_cpu xil_defaultlib.glbl -log elaborate.log 
Using 2 slave threads.
Starting static elaboration
Pass Through NonSizing Optimizer
ERROR: [VRFC 10-2989] 'break' is not declared [D:/Xilinx/Vivado/projects-ps/JMP_Predict_CPU/JMP_Predict_CPU.srcs/sources_1/new/BPB.v:128]
ERROR: [VRFC 10-2989] 'break' is not declared [D:/Xilinx/Vivado/projects-ps/JMP_Predict_CPU/JMP_Predict_CPU.srcs/sources_1/new/BPB.v:154]
ERROR: [XSIM 43-3322] Static elaboration of top level Verilog design unit(s) in library work failed.
INFO: [USF-XSim-69] 'elaborate' step finished in '2' seconds
INFO: [USF-XSim-99] Step results log file:'D:/Xilinx/Vivado/projects-ps/JMP_Predict_CPU/JMP_Predict_CPU.sim/sim_1/behav/xsim/elaborate.log'
ERROR: [USF-XSim-62] 'elaborate' step failed with error(s). Please check the Tcl console output or 'D:/Xilinx/Vivado/projects-ps/JMP_Predict_CPU/JMP_Predict_CPU.sim/sim_1/behav/xsim/elaborate.log' file for more information.
ERROR: [Vivado 12-4473] Detected error while running simulation. Please correct the issue and retry this operation.
launch_simulation: Time (s): cpu = 00:00:01 ; elapsed = 00:00:06 . Memory (MB): peak = 1573.969 ; gain = 0.000
ERROR: [Common 17-39] 'launch_simulation' failed due to earlier errors.
launch_simulation
Command: launch_simulation 
INFO: [Vivado 12-12493] Simulation top is 'sim_cpu'
WARNING: [Vivado 12-13340] Unable to auto find GCC executables from simulator install path! (path not set)
WARNING: [Vivado 12-13277] Compiled library path does not exist: ''
INFO: [Vivado 12-5698] Checking validity of IPs in the design for the 'XSim' simulator...
INFO: [Runs 36-567] Checking/generating simulation output products for IPs/BDs (if any)...
INFO: [Vivado 12-5682] Launching behavioral simulation in 'D:/Xilinx/Vivado/projects-ps/JMP_Predict_CPU/JMP_Predict_CPU.sim/sim_1/behav/xsim'
INFO: [Vivado 12-4795] Using compiled simulation libraries for IPs
INFO: [SIM-utils-51] Simulation object is 'sim_1'
INFO: [SIM-utils-72] Using boost library from 'D:/Xilinx/Vivado/2022.1/tps/boost_1_72_0'
INFO: [USF-XSim-7] Finding pre-compiled libraries...
INFO: [USF-XSim-11] File 'D:/Xilinx/Vivado/2022.1/data/xsim/xsim.ini' copied to run dir:'D:/Xilinx/Vivado/projects-ps/JMP_Predict_CPU/JMP_Predict_CPU.sim/sim_1/behav/xsim'
INFO: [SIM-utils-54] Inspecting design source files for 'sim_cpu' in fileset 'sim_1'...
INFO: [SIM-utils-43] Exported 'D:/Xilinx/Vivado/projects-ps/JMP_Predict_CPU/JMP_Predict_CPU.sim/sim_1/behav/xsim/CS_DRAM.mif'
INFO: [SIM-utils-43] Exported 'D:/Xilinx/Vivado/projects-ps/JMP_Predict_CPU/JMP_Predict_CPU.sim/sim_1/behav/xsim/28_ins_test.coe'
INFO: [SIM-utils-43] Exported 'D:/Xilinx/Vivado/projects-ps/JMP_Predict_CPU/JMP_Predict_CPU.sim/sim_1/behav/xsim/benchmark.coe'
INFO: [SIM-utils-43] Exported 'D:/Xilinx/Vivado/projects-ps/JMP_Predict_CPU/JMP_Predict_CPU.sim/sim_1/behav/xsim/benchmark1.coe'
INFO: [SIM-utils-43] Exported 'D:/Xilinx/Vivado/projects-ps/JMP_Predict_CPU/JMP_Predict_CPU.sim/sim_1/behav/xsim/benchmark2.coe'
INFO: [USF-XSim-97] Finding global include files...
INFO: [USF-XSim-98] Fetching design files from 'sim_1'...
INFO: [USF-XSim-2] XSim::Compile design
INFO: [USF-XSim-61] Executing 'COMPILE and ANALYZE' step in 'D:/Xilinx/Vivado/projects-ps/JMP_Predict_CPU/JMP_Predict_CPU.sim/sim_1/behav/xsim'
"xvlog --incr --relax -prj sim_cpu_vlog.prj"
INFO: [VRFC 10-2263] Analyzing Verilog file "D:/Xilinx/Vivado/projects-ps/JMP_Predict_CPU/JMP_Predict_CPU.gen/sources_1/ip/DS_DRAM/sim/DS_DRAM.v" into library xil_defaultlib
INFO: [VRFC 10-311] analyzing module DS_DRAM
INFO: [VRFC 10-2263] Analyzing Verilog file "D:/Xilinx/Vivado/projects-ps/JMP_Predict_CPU/JMP_Predict_CPU.gen/sources_1/ip/CS_DRAM/sim/CS_DRAM.v" into library xil_defaultlib
INFO: [VRFC 10-311] analyzing module CS_DRAM
INFO: [VRFC 10-2263] Analyzing Verilog file "D:/Xilinx/Vivado/projects-ps/JMP_Predict_CPU/JMP_Predict_CPU.srcs/sources_1/new/ALU.v" into library xil_defaultlib
INFO: [VRFC 10-311] analyzing module ALU
INFO: [VRFC 10-2263] Analyzing Verilog file "D:/Xilinx/Vivado/projects-ps/JMP_Predict_CPU/JMP_Predict_CPU.srcs/sources_1/new/BPB.v" into library xil_defaultlib
INFO: [VRFC 10-311] analyzing module BPB
INFO: [VRFC 10-2263] Analyzing Verilog file "D:/Xilinx/Vivado/projects-ps/JMP_Predict_CPU/JMP_Predict_CPU.srcs/sources_1/new/BubleDel.v" into library xil_defaultlib
INFO: [VRFC 10-311] analyzing module BubleDel
INFO: [VRFC 10-2263] Analyzing Verilog file "D:/Xilinx/Vivado/projects-ps/JMP_Predict_CPU/JMP_Predict_CPU.srcs/sources_1/new/CPU.v" into library xil_defaultlib
INFO: [VRFC 10-311] analyzing module CPU
WARNING: [VRFC 10-3248] data object 'Branch' is already declared [D:/Xilinx/Vivado/projects-ps/JMP_Predict_CPU/JMP_Predict_CPU.srcs/sources_1/new/CPU.v:52]
WARNING: [VRFC 10-9364] second declaration of 'Branch' is ignored [D:/Xilinx/Vivado/projects-ps/JMP_Predict_CPU/JMP_Predict_CPU.srcs/sources_1/new/CPU.v:52]
WARNING: [VRFC 10-3380] identifier 'actual_branchtaken' is used before its declaration [D:/Xilinx/Vivado/projects-ps/JMP_Predict_CPU/JMP_Predict_CPU.srcs/sources_1/new/CPU.v:36]
WARNING: [VRFC 10-3380] identifier 'Predict_jmp_taken' is used before its declaration [D:/Xilinx/Vivado/projects-ps/JMP_Predict_CPU/JMP_Predict_CPU.srcs/sources_1/new/CPU.v:37]
WARNING: [VRFC 10-3380] identifier 'PredictJump_EX' is used before its declaration [D:/Xilinx/Vivado/projects-ps/JMP_Predict_CPU/JMP_Predict_CPU.srcs/sources_1/new/CPU.v:38]
WARNING: [VRFC 10-3380] identifier 'ALU_SRCA' is used before its declaration [D:/Xilinx/Vivado/projects-ps/JMP_Predict_CPU/JMP_Predict_CPU.srcs/sources_1/new/CPU.v:56]
INFO: [VRFC 10-2263] Analyzing Verilog file "D:/Xilinx/Vivado/projects-ps/JMP_Predict_CPU/JMP_Predict_CPU.srcs/sources_1/new/CU.v" into library xil_defaultlib
INFO: [VRFC 10-311] analyzing module CU
INFO: [VRFC 10-2263] Analyzing Verilog file "D:/Xilinx/Vivado/projects-ps/JMP_Predict_CPU/JMP_Predict_CPU.srcs/sources_1/new/EXMEM.v" into library xil_defaultlib
INFO: [VRFC 10-311] analyzing module EXMEM
INFO: [VRFC 10-2263] Analyzing Verilog file "D:/Xilinx/Vivado/projects-ps/JMP_Predict_CPU/JMP_Predict_CPU.srcs/sources_1/new/IDEX.v" into library xil_defaultlib
INFO: [VRFC 10-311] analyzing module IDEX
INFO: [VRFC 10-2263] Analyzing Verilog file "D:/Xilinx/Vivado/projects-ps/JMP_Predict_CPU/JMP_Predict_CPU.srcs/sources_1/new/IFID.v" into library xil_defaultlib
INFO: [VRFC 10-311] analyzing module IFID
INFO: [VRFC 10-2263] Analyzing Verilog file "D:/Xilinx/Vivado/projects-ps/JMP_Predict_CPU/JMP_Predict_CPU.srcs/sources_1/new/MEMWB.v" into library xil_defaultlib
INFO: [VRFC 10-311] analyzing module MEMWB
INFO: [VRFC 10-2263] Analyzing Verilog file "D:/Xilinx/Vivado/projects-ps/JMP_Predict_CPU/JMP_Predict_CPU.srcs/sources_1/new/PC.v" into library xil_defaultlib
INFO: [VRFC 10-311] analyzing module PC
INFO: [VRFC 10-2263] Analyzing Verilog file "D:/Xilinx/Vivado/projects-ps/JMP_Predict_CPU/JMP_Predict_CPU.srcs/sources_1/new/RegFile.v" into library xil_defaultlib
INFO: [VRFC 10-311] analyzing module RegFile
INFO: [VRFC 10-2263] Analyzing Verilog file "D:/Xilinx/Vivado/projects-ps/JMP_Predict_CPU/JMP_Predict_CPU.srcs/sim_1/new/sim_cpu.v" into library xil_defaultlib
INFO: [VRFC 10-311] analyzing module sim_cpu
INFO: [USF-XSim-69] 'compile' step finished in '1' seconds
INFO: [USF-XSim-3] XSim::Elaborate design
INFO: [USF-XSim-61] Executing 'ELABORATE' step in 'D:/Xilinx/Vivado/projects-ps/JMP_Predict_CPU/JMP_Predict_CPU.sim/sim_1/behav/xsim'
"xelab --incr --debug typical --relax --mt 2 -L xil_defaultlib -L dist_mem_gen_v8_0_13 -L unisims_ver -L unimacro_ver -L secureip -L xpm --snapshot sim_cpu_behav xil_defaultlib.sim_cpu xil_defaultlib.glbl -log elaborate.log"
Vivado Simulator v2022.1
Copyright 1986-1999, 2001-2022 Xilinx, Inc. All Rights Reserved.
Running: D:/Xilinx/Vivado/2022.1/bin/unwrapped/win64.o/xelab.exe --incr --debug typical --relax --mt 2 -L xil_defaultlib -L dist_mem_gen_v8_0_13 -L unisims_ver -L unimacro_ver -L secureip -L xpm --snapshot sim_cpu_behav xil_defaultlib.sim_cpu xil_defaultlib.glbl -log elaborate.log 
Using 2 slave threads.
Starting static elaboration
Pass Through NonSizing Optimizer
WARNING: [VRFC 10-5021] port 'go' is not connected on this instance [D:/Xilinx/Vivado/projects-ps/JMP_Predict_CPU/JMP_Predict_CPU.srcs/sim_1/new/sim_cpu.v:7]
Completed static elaboration
Starting simulation data flow analysis
Completed simulation data flow analysis
Time Resolution for simulation is 1ps
Compiling module xil_defaultlib.PC
Compiling module xil_defaultlib.BPB_default
Compiling module dist_mem_gen_v8_0_13.dist_mem_gen_v8_0_13(C_FAMILY="a...
Compiling module xil_defaultlib.CS_DRAM
Compiling module xil_defaultlib.IFID
Compiling module xil_defaultlib.BubleDel
Compiling module xil_defaultlib.CU
Compiling module xil_defaultlib.RegFile
Compiling module xil_defaultlib.IDEX
Compiling module xil_defaultlib.ALU
Compiling module xil_defaultlib.EXMEM
Compiling module dist_mem_gen_v8_0_13.dist_mem_gen_v8_0_13(C_FAMILY="a...
Compiling module xil_defaultlib.DS_DRAM
Compiling module xil_defaultlib.MEMWB
Compiling module xil_defaultlib.CPU
Compiling module xil_defaultlib.sim_cpu
Compiling module xil_defaultlib.glbl
Built simulation snapshot sim_cpu_behav
INFO: [USF-XSim-69] 'elaborate' step finished in '3' seconds
INFO: [USF-XSim-4] XSim::Simulate design
INFO: [USF-XSim-61] Executing 'SIMULATE' step in 'D:/Xilinx/Vivado/projects-ps/JMP_Predict_CPU/JMP_Predict_CPU.sim/sim_1/behav/xsim'
INFO: [USF-XSim-98] *** Running xsim
   with args "sim_cpu_behav -key {Behavioral:sim_1:Functional:sim_cpu} -tclbatch {sim_cpu.tcl} -log {simulate.log}"
INFO: [USF-XSim-8] Loading simulator feature
Time resolution is 1 ps
source sim_cpu.tcl
# set curr_wave [current_wave_config]
# if { [string length $curr_wave] == 0 } {
#   if { [llength [get_objects]] > 0} {
#     add_wave /
#     set_property needs_save false [current_wave_config]
#   } else {
#      send_msg_id Add_Wave-1 WARNING "No top level signals found. Simulator will start without a wave window. If you want to open a wave window go to 'File->New Waveform Configuration' or type 'create_wave_config' in the TCL console."
#   }
# }
# log_wave -r /
# run 45000ns
WARNING: This core is supplied with a behavioral model. To model cycle-accurate behavior you must run timing simulation.
WARNING: This core is supplied with a behavioral model. To model cycle-accurate behavior you must run timing simulation.
WARNING in sim_cpu.CPU_0.CS_0.inst at time                 5000 ns: 
Reading from out-of-range address. Max address in sim_cpu.CPU_0.CS_0.inst is        1023
INFO: [USF-XSim-96] XSim completed. Design snapshot 'sim_cpu_behav' loaded.
INFO: [USF-XSim-97] XSim simulation ran for 45000ns
launch_simulation: Time (s): cpu = 00:00:04 ; elapsed = 00:00:09 . Memory (MB): peak = 1573.969 ; gain = 0.000
close_sim
INFO: [Simtcl 6-16] Simulation closed
launch_simulation
Command: launch_simulation 
INFO: [Vivado 12-12493] Simulation top is 'sim_cpu'
WARNING: [Vivado 12-13340] Unable to auto find GCC executables from simulator install path! (path not set)
WARNING: [Vivado 12-13277] Compiled library path does not exist: ''
INFO: [Vivado 12-5698] Checking validity of IPs in the design for the 'XSim' simulator...
INFO: [Runs 36-567] Checking/generating simulation output products for IPs/BDs (if any)...
INFO: [Vivado 12-5682] Launching behavioral simulation in 'D:/Xilinx/Vivado/projects-ps/JMP_Predict_CPU/JMP_Predict_CPU.sim/sim_1/behav/xsim'
INFO: [Vivado 12-4795] Using compiled simulation libraries for IPs
INFO: [SIM-utils-51] Simulation object is 'sim_1'
INFO: [SIM-utils-72] Using boost library from 'D:/Xilinx/Vivado/2022.1/tps/boost_1_72_0'
INFO: [USF-XSim-7] Finding pre-compiled libraries...
INFO: [USF-XSim-11] File 'D:/Xilinx/Vivado/2022.1/data/xsim/xsim.ini' copied to run dir:'D:/Xilinx/Vivado/projects-ps/JMP_Predict_CPU/JMP_Predict_CPU.sim/sim_1/behav/xsim'
INFO: [SIM-utils-54] Inspecting design source files for 'sim_cpu' in fileset 'sim_1'...
INFO: [SIM-utils-43] Exported 'D:/Xilinx/Vivado/projects-ps/JMP_Predict_CPU/JMP_Predict_CPU.sim/sim_1/behav/xsim/CS_DRAM.mif'
INFO: [SIM-utils-43] Exported 'D:/Xilinx/Vivado/projects-ps/JMP_Predict_CPU/JMP_Predict_CPU.sim/sim_1/behav/xsim/28_ins_test.coe'
INFO: [SIM-utils-43] Exported 'D:/Xilinx/Vivado/projects-ps/JMP_Predict_CPU/JMP_Predict_CPU.sim/sim_1/behav/xsim/benchmark.coe'
INFO: [SIM-utils-43] Exported 'D:/Xilinx/Vivado/projects-ps/JMP_Predict_CPU/JMP_Predict_CPU.sim/sim_1/behav/xsim/benchmark1.coe'
INFO: [SIM-utils-43] Exported 'D:/Xilinx/Vivado/projects-ps/JMP_Predict_CPU/JMP_Predict_CPU.sim/sim_1/behav/xsim/benchmark2.coe'
INFO: [USF-XSim-97] Finding global include files...
INFO: [USF-XSim-98] Fetching design files from 'sim_1'...
INFO: [USF-XSim-2] XSim::Compile design
INFO: [USF-XSim-61] Executing 'COMPILE and ANALYZE' step in 'D:/Xilinx/Vivado/projects-ps/JMP_Predict_CPU/JMP_Predict_CPU.sim/sim_1/behav/xsim'
"xvlog --incr --relax -prj sim_cpu_vlog.prj"
INFO: [VRFC 10-2263] Analyzing Verilog file "D:/Xilinx/Vivado/projects-ps/JMP_Predict_CPU/JMP_Predict_CPU.gen/sources_1/ip/DS_DRAM/sim/DS_DRAM.v" into library xil_defaultlib
INFO: [VRFC 10-311] analyzing module DS_DRAM
INFO: [VRFC 10-2263] Analyzing Verilog file "D:/Xilinx/Vivado/projects-ps/JMP_Predict_CPU/JMP_Predict_CPU.gen/sources_1/ip/CS_DRAM/sim/CS_DRAM.v" into library xil_defaultlib
INFO: [VRFC 10-311] analyzing module CS_DRAM
INFO: [VRFC 10-2263] Analyzing Verilog file "D:/Xilinx/Vivado/projects-ps/JMP_Predict_CPU/JMP_Predict_CPU.srcs/sources_1/new/ALU.v" into library xil_defaultlib
INFO: [VRFC 10-311] analyzing module ALU
INFO: [VRFC 10-2263] Analyzing Verilog file "D:/Xilinx/Vivado/projects-ps/JMP_Predict_CPU/JMP_Predict_CPU.srcs/sources_1/new/BPB.v" into library xil_defaultlib
INFO: [VRFC 10-311] analyzing module BPB
INFO: [VRFC 10-2263] Analyzing Verilog file "D:/Xilinx/Vivado/projects-ps/JMP_Predict_CPU/JMP_Predict_CPU.srcs/sources_1/new/BubleDel.v" into library xil_defaultlib
INFO: [VRFC 10-311] analyzing module BubleDel
INFO: [VRFC 10-2263] Analyzing Verilog file "D:/Xilinx/Vivado/projects-ps/JMP_Predict_CPU/JMP_Predict_CPU.srcs/sources_1/new/CPU.v" into library xil_defaultlib
INFO: [VRFC 10-311] analyzing module CPU
WARNING: [VRFC 10-3248] data object 'Branch' is already declared [D:/Xilinx/Vivado/projects-ps/JMP_Predict_CPU/JMP_Predict_CPU.srcs/sources_1/new/CPU.v:52]
WARNING: [VRFC 10-9364] second declaration of 'Branch' is ignored [D:/Xilinx/Vivado/projects-ps/JMP_Predict_CPU/JMP_Predict_CPU.srcs/sources_1/new/CPU.v:52]
WARNING: [VRFC 10-3380] identifier 'actual_branchtaken' is used before its declaration [D:/Xilinx/Vivado/projects-ps/JMP_Predict_CPU/JMP_Predict_CPU.srcs/sources_1/new/CPU.v:36]
WARNING: [VRFC 10-3380] identifier 'Predict_jmp_taken' is used before its declaration [D:/Xilinx/Vivado/projects-ps/JMP_Predict_CPU/JMP_Predict_CPU.srcs/sources_1/new/CPU.v:37]
WARNING: [VRFC 10-3380] identifier 'PredictJump_EX' is used before its declaration [D:/Xilinx/Vivado/projects-ps/JMP_Predict_CPU/JMP_Predict_CPU.srcs/sources_1/new/CPU.v:38]
WARNING: [VRFC 10-3380] identifier 'ALU_SRCA' is used before its declaration [D:/Xilinx/Vivado/projects-ps/JMP_Predict_CPU/JMP_Predict_CPU.srcs/sources_1/new/CPU.v:56]
INFO: [VRFC 10-2263] Analyzing Verilog file "D:/Xilinx/Vivado/projects-ps/JMP_Predict_CPU/JMP_Predict_CPU.srcs/sources_1/new/CU.v" into library xil_defaultlib
INFO: [VRFC 10-311] analyzing module CU
INFO: [VRFC 10-2263] Analyzing Verilog file "D:/Xilinx/Vivado/projects-ps/JMP_Predict_CPU/JMP_Predict_CPU.srcs/sources_1/new/EXMEM.v" into library xil_defaultlib
INFO: [VRFC 10-311] analyzing module EXMEM
INFO: [VRFC 10-2263] Analyzing Verilog file "D:/Xilinx/Vivado/projects-ps/JMP_Predict_CPU/JMP_Predict_CPU.srcs/sources_1/new/IDEX.v" into library xil_defaultlib
INFO: [VRFC 10-311] analyzing module IDEX
INFO: [VRFC 10-2263] Analyzing Verilog file "D:/Xilinx/Vivado/projects-ps/JMP_Predict_CPU/JMP_Predict_CPU.srcs/sources_1/new/IFID.v" into library xil_defaultlib
INFO: [VRFC 10-311] analyzing module IFID
INFO: [VRFC 10-2263] Analyzing Verilog file "D:/Xilinx/Vivado/projects-ps/JMP_Predict_CPU/JMP_Predict_CPU.srcs/sources_1/new/MEMWB.v" into library xil_defaultlib
INFO: [VRFC 10-311] analyzing module MEMWB
INFO: [VRFC 10-2263] Analyzing Verilog file "D:/Xilinx/Vivado/projects-ps/JMP_Predict_CPU/JMP_Predict_CPU.srcs/sources_1/new/PC.v" into library xil_defaultlib
INFO: [VRFC 10-311] analyzing module PC
INFO: [VRFC 10-2263] Analyzing Verilog file "D:/Xilinx/Vivado/projects-ps/JMP_Predict_CPU/JMP_Predict_CPU.srcs/sources_1/new/RegFile.v" into library xil_defaultlib
INFO: [VRFC 10-311] analyzing module RegFile
INFO: [VRFC 10-2263] Analyzing Verilog file "D:/Xilinx/Vivado/projects-ps/JMP_Predict_CPU/JMP_Predict_CPU.srcs/sim_1/new/sim_cpu.v" into library xil_defaultlib
INFO: [VRFC 10-311] analyzing module sim_cpu
INFO: [USF-XSim-69] 'compile' step finished in '1' seconds
INFO: [USF-XSim-3] XSim::Elaborate design
INFO: [USF-XSim-61] Executing 'ELABORATE' step in 'D:/Xilinx/Vivado/projects-ps/JMP_Predict_CPU/JMP_Predict_CPU.sim/sim_1/behav/xsim'
"xelab --incr --debug typical --relax --mt 2 -L xil_defaultlib -L dist_mem_gen_v8_0_13 -L unisims_ver -L unimacro_ver -L secureip -L xpm --snapshot sim_cpu_behav xil_defaultlib.sim_cpu xil_defaultlib.glbl -log elaborate.log"
Vivado Simulator v2022.1
Copyright 1986-1999, 2001-2022 Xilinx, Inc. All Rights Reserved.
Running: D:/Xilinx/Vivado/2022.1/bin/unwrapped/win64.o/xelab.exe --incr --debug typical --relax --mt 2 -L xil_defaultlib -L dist_mem_gen_v8_0_13 -L unisims_ver -L unimacro_ver -L secureip -L xpm --snapshot sim_cpu_behav xil_defaultlib.sim_cpu xil_defaultlib.glbl -log elaborate.log 
Using 2 slave threads.
Starting static elaboration
Pass Through NonSizing Optimizer
WARNING: [VRFC 10-5021] port 'go' is not connected on this instance [D:/Xilinx/Vivado/projects-ps/JMP_Predict_CPU/JMP_Predict_CPU.srcs/sim_1/new/sim_cpu.v:7]
Completed static elaboration
Starting simulation data flow analysis
Completed simulation data flow analysis
Time Resolution for simulation is 1ps
Compiling module xil_defaultlib.PC
Compiling module xil_defaultlib.BPB_default
Compiling module dist_mem_gen_v8_0_13.dist_mem_gen_v8_0_13(C_FAMILY="a...
Compiling module xil_defaultlib.CS_DRAM
Compiling module xil_defaultlib.IFID
Compiling module xil_defaultlib.BubleDel
Compiling module xil_defaultlib.CU
Compiling module xil_defaultlib.RegFile
Compiling module xil_defaultlib.IDEX
Compiling module xil_defaultlib.ALU
Compiling module xil_defaultlib.EXMEM
Compiling module dist_mem_gen_v8_0_13.dist_mem_gen_v8_0_13(C_FAMILY="a...
Compiling module xil_defaultlib.DS_DRAM
Compiling module xil_defaultlib.MEMWB
Compiling module xil_defaultlib.CPU
Compiling module xil_defaultlib.sim_cpu
Compiling module xil_defaultlib.glbl
Built simulation snapshot sim_cpu_behav
INFO: [USF-XSim-69] 'elaborate' step finished in '4' seconds
INFO: [USF-XSim-4] XSim::Simulate design
INFO: [USF-XSim-61] Executing 'SIMULATE' step in 'D:/Xilinx/Vivado/projects-ps/JMP_Predict_CPU/JMP_Predict_CPU.sim/sim_1/behav/xsim'
INFO: [USF-XSim-98] *** Running xsim
   with args "sim_cpu_behav -key {Behavioral:sim_1:Functional:sim_cpu} -tclbatch {sim_cpu.tcl} -log {simulate.log}"
INFO: [USF-XSim-8] Loading simulator feature
Time resolution is 1 ps
source sim_cpu.tcl
# set curr_wave [current_wave_config]
# if { [string length $curr_wave] == 0 } {
#   if { [llength [get_objects]] > 0} {
#     add_wave /
#     set_property needs_save false [current_wave_config]
#   } else {
#      send_msg_id Add_Wave-1 WARNING "No top level signals found. Simulator will start without a wave window. If you want to open a wave window go to 'File->New Waveform Configuration' or type 'create_wave_config' in the TCL console."
#   }
# }
# log_wave -r /
# run 45000ns
WARNING: This core is supplied with a behavioral model. To model cycle-accurate behavior you must run timing simulation.
WARNING: This core is supplied with a behavioral model. To model cycle-accurate behavior you must run timing simulation.
WARNING in sim_cpu.CPU_0.CS_0.inst at time                 5000 ns: 
Reading from out-of-range address. Max address in sim_cpu.CPU_0.CS_0.inst is        1023
INFO: [USF-XSim-96] XSim completed. Design snapshot 'sim_cpu_behav' loaded.
INFO: [USF-XSim-97] XSim simulation ran for 45000ns
launch_simulation: Time (s): cpu = 00:00:02 ; elapsed = 00:00:07 . Memory (MB): peak = 1573.969 ; gain = 0.000
close_sim
INFO: [Simtcl 6-16] Simulation closed
launch_simulation
Command: launch_simulation 
INFO: [Vivado 12-12493] Simulation top is 'sim_cpu'
WARNING: [Vivado 12-13340] Unable to auto find GCC executables from simulator install path! (path not set)
WARNING: [Vivado 12-13277] Compiled library path does not exist: ''
INFO: [Vivado 12-5698] Checking validity of IPs in the design for the 'XSim' simulator...
INFO: [Runs 36-567] Checking/generating simulation output products for IPs/BDs (if any)...
INFO: [Vivado 12-5682] Launching behavioral simulation in 'D:/Xilinx/Vivado/projects-ps/JMP_Predict_CPU/JMP_Predict_CPU.sim/sim_1/behav/xsim'
INFO: [Vivado 12-4795] Using compiled simulation libraries for IPs
INFO: [SIM-utils-51] Simulation object is 'sim_1'
INFO: [SIM-utils-72] Using boost library from 'D:/Xilinx/Vivado/2022.1/tps/boost_1_72_0'
INFO: [USF-XSim-7] Finding pre-compiled libraries...
INFO: [USF-XSim-11] File 'D:/Xilinx/Vivado/2022.1/data/xsim/xsim.ini' copied to run dir:'D:/Xilinx/Vivado/projects-ps/JMP_Predict_CPU/JMP_Predict_CPU.sim/sim_1/behav/xsim'
INFO: [SIM-utils-54] Inspecting design source files for 'sim_cpu' in fileset 'sim_1'...
INFO: [SIM-utils-43] Exported 'D:/Xilinx/Vivado/projects-ps/JMP_Predict_CPU/JMP_Predict_CPU.sim/sim_1/behav/xsim/CS_DRAM.mif'
INFO: [SIM-utils-43] Exported 'D:/Xilinx/Vivado/projects-ps/JMP_Predict_CPU/JMP_Predict_CPU.sim/sim_1/behav/xsim/28_ins_test.coe'
INFO: [SIM-utils-43] Exported 'D:/Xilinx/Vivado/projects-ps/JMP_Predict_CPU/JMP_Predict_CPU.sim/sim_1/behav/xsim/benchmark.coe'
INFO: [SIM-utils-43] Exported 'D:/Xilinx/Vivado/projects-ps/JMP_Predict_CPU/JMP_Predict_CPU.sim/sim_1/behav/xsim/benchmark1.coe'
INFO: [SIM-utils-43] Exported 'D:/Xilinx/Vivado/projects-ps/JMP_Predict_CPU/JMP_Predict_CPU.sim/sim_1/behav/xsim/benchmark2.coe'
INFO: [USF-XSim-97] Finding global include files...
INFO: [USF-XSim-98] Fetching design files from 'sim_1'...
INFO: [USF-XSim-2] XSim::Compile design
INFO: [USF-XSim-61] Executing 'COMPILE and ANALYZE' step in 'D:/Xilinx/Vivado/projects-ps/JMP_Predict_CPU/JMP_Predict_CPU.sim/sim_1/behav/xsim'
"xvlog --incr --relax -prj sim_cpu_vlog.prj"
INFO: [VRFC 10-2263] Analyzing Verilog file "D:/Xilinx/Vivado/projects-ps/JMP_Predict_CPU/JMP_Predict_CPU.gen/sources_1/ip/DS_DRAM/sim/DS_DRAM.v" into library xil_defaultlib
INFO: [VRFC 10-311] analyzing module DS_DRAM
INFO: [VRFC 10-2263] Analyzing Verilog file "D:/Xilinx/Vivado/projects-ps/JMP_Predict_CPU/JMP_Predict_CPU.gen/sources_1/ip/CS_DRAM/sim/CS_DRAM.v" into library xil_defaultlib
INFO: [VRFC 10-311] analyzing module CS_DRAM
INFO: [VRFC 10-2263] Analyzing Verilog file "D:/Xilinx/Vivado/projects-ps/JMP_Predict_CPU/JMP_Predict_CPU.srcs/sources_1/new/ALU.v" into library xil_defaultlib
INFO: [VRFC 10-311] analyzing module ALU
INFO: [VRFC 10-2263] Analyzing Verilog file "D:/Xilinx/Vivado/projects-ps/JMP_Predict_CPU/JMP_Predict_CPU.srcs/sources_1/new/BPB.v" into library xil_defaultlib
INFO: [VRFC 10-311] analyzing module BPB
INFO: [VRFC 10-2263] Analyzing Verilog file "D:/Xilinx/Vivado/projects-ps/JMP_Predict_CPU/JMP_Predict_CPU.srcs/sources_1/new/BubleDel.v" into library xil_defaultlib
INFO: [VRFC 10-311] analyzing module BubleDel
INFO: [VRFC 10-2263] Analyzing Verilog file "D:/Xilinx/Vivado/projects-ps/JMP_Predict_CPU/JMP_Predict_CPU.srcs/sources_1/new/CPU.v" into library xil_defaultlib
INFO: [VRFC 10-311] analyzing module CPU
WARNING: [VRFC 10-3248] data object 'Branch' is already declared [D:/Xilinx/Vivado/projects-ps/JMP_Predict_CPU/JMP_Predict_CPU.srcs/sources_1/new/CPU.v:52]
WARNING: [VRFC 10-9364] second declaration of 'Branch' is ignored [D:/Xilinx/Vivado/projects-ps/JMP_Predict_CPU/JMP_Predict_CPU.srcs/sources_1/new/CPU.v:52]
WARNING: [VRFC 10-3380] identifier 'actual_branchtaken' is used before its declaration [D:/Xilinx/Vivado/projects-ps/JMP_Predict_CPU/JMP_Predict_CPU.srcs/sources_1/new/CPU.v:36]
WARNING: [VRFC 10-3380] identifier 'Predict_jmp_taken' is used before its declaration [D:/Xilinx/Vivado/projects-ps/JMP_Predict_CPU/JMP_Predict_CPU.srcs/sources_1/new/CPU.v:37]
WARNING: [VRFC 10-3380] identifier 'PredictJump_EX' is used before its declaration [D:/Xilinx/Vivado/projects-ps/JMP_Predict_CPU/JMP_Predict_CPU.srcs/sources_1/new/CPU.v:38]
WARNING: [VRFC 10-3380] identifier 'ALU_SRCA' is used before its declaration [D:/Xilinx/Vivado/projects-ps/JMP_Predict_CPU/JMP_Predict_CPU.srcs/sources_1/new/CPU.v:56]
INFO: [VRFC 10-2263] Analyzing Verilog file "D:/Xilinx/Vivado/projects-ps/JMP_Predict_CPU/JMP_Predict_CPU.srcs/sources_1/new/CU.v" into library xil_defaultlib
INFO: [VRFC 10-311] analyzing module CU
INFO: [VRFC 10-2263] Analyzing Verilog file "D:/Xilinx/Vivado/projects-ps/JMP_Predict_CPU/JMP_Predict_CPU.srcs/sources_1/new/EXMEM.v" into library xil_defaultlib
INFO: [VRFC 10-311] analyzing module EXMEM
INFO: [VRFC 10-2263] Analyzing Verilog file "D:/Xilinx/Vivado/projects-ps/JMP_Predict_CPU/JMP_Predict_CPU.srcs/sources_1/new/IDEX.v" into library xil_defaultlib
INFO: [VRFC 10-311] analyzing module IDEX
INFO: [VRFC 10-2263] Analyzing Verilog file "D:/Xilinx/Vivado/projects-ps/JMP_Predict_CPU/JMP_Predict_CPU.srcs/sources_1/new/IFID.v" into library xil_defaultlib
INFO: [VRFC 10-311] analyzing module IFID
INFO: [VRFC 10-2263] Analyzing Verilog file "D:/Xilinx/Vivado/projects-ps/JMP_Predict_CPU/JMP_Predict_CPU.srcs/sources_1/new/MEMWB.v" into library xil_defaultlib
INFO: [VRFC 10-311] analyzing module MEMWB
INFO: [VRFC 10-2263] Analyzing Verilog file "D:/Xilinx/Vivado/projects-ps/JMP_Predict_CPU/JMP_Predict_CPU.srcs/sources_1/new/PC.v" into library xil_defaultlib
INFO: [VRFC 10-311] analyzing module PC
INFO: [VRFC 10-2263] Analyzing Verilog file "D:/Xilinx/Vivado/projects-ps/JMP_Predict_CPU/JMP_Predict_CPU.srcs/sources_1/new/RegFile.v" into library xil_defaultlib
INFO: [VRFC 10-311] analyzing module RegFile
INFO: [VRFC 10-2263] Analyzing Verilog file "D:/Xilinx/Vivado/projects-ps/JMP_Predict_CPU/JMP_Predict_CPU.srcs/sim_1/new/sim_cpu.v" into library xil_defaultlib
INFO: [VRFC 10-311] analyzing module sim_cpu
INFO: [USF-XSim-69] 'compile' step finished in '2' seconds
INFO: [USF-XSim-3] XSim::Elaborate design
INFO: [USF-XSim-61] Executing 'ELABORATE' step in 'D:/Xilinx/Vivado/projects-ps/JMP_Predict_CPU/JMP_Predict_CPU.sim/sim_1/behav/xsim'
"xelab --incr --debug typical --relax --mt 2 -L xil_defaultlib -L dist_mem_gen_v8_0_13 -L unisims_ver -L unimacro_ver -L secureip -L xpm --snapshot sim_cpu_behav xil_defaultlib.sim_cpu xil_defaultlib.glbl -log elaborate.log"
Vivado Simulator v2022.1
Copyright 1986-1999, 2001-2022 Xilinx, Inc. All Rights Reserved.
Running: D:/Xilinx/Vivado/2022.1/bin/unwrapped/win64.o/xelab.exe --incr --debug typical --relax --mt 2 -L xil_defaultlib -L dist_mem_gen_v8_0_13 -L unisims_ver -L unimacro_ver -L secureip -L xpm --snapshot sim_cpu_behav xil_defaultlib.sim_cpu xil_defaultlib.glbl -log elaborate.log 
Using 2 slave threads.
Starting static elaboration
Pass Through NonSizing Optimizer
WARNING: [VRFC 10-5021] port 'go' is not connected on this instance [D:/Xilinx/Vivado/projects-ps/JMP_Predict_CPU/JMP_Predict_CPU.srcs/sim_1/new/sim_cpu.v:7]
Completed static elaboration
Starting simulation data flow analysis
Completed simulation data flow analysis
Time Resolution for simulation is 1ps
Compiling module xil_defaultlib.PC
Compiling module xil_defaultlib.BPB_default
Compiling module dist_mem_gen_v8_0_13.dist_mem_gen_v8_0_13(C_FAMILY="a...
Compiling module xil_defaultlib.CS_DRAM
Compiling module xil_defaultlib.IFID
Compiling module xil_defaultlib.BubleDel
Compiling module xil_defaultlib.CU
Compiling module xil_defaultlib.RegFile
Compiling module xil_defaultlib.IDEX
Compiling module xil_defaultlib.ALU
Compiling module xil_defaultlib.EXMEM
Compiling module dist_mem_gen_v8_0_13.dist_mem_gen_v8_0_13(C_FAMILY="a...
Compiling module xil_defaultlib.DS_DRAM
Compiling module xil_defaultlib.MEMWB
Compiling module xil_defaultlib.CPU
Compiling module xil_defaultlib.sim_cpu
Compiling module xil_defaultlib.glbl
Built simulation snapshot sim_cpu_behav
INFO: [USF-XSim-69] 'elaborate' step finished in '4' seconds
INFO: [USF-XSim-4] XSim::Simulate design
INFO: [USF-XSim-61] Executing 'SIMULATE' step in 'D:/Xilinx/Vivado/projects-ps/JMP_Predict_CPU/JMP_Predict_CPU.sim/sim_1/behav/xsim'
INFO: [USF-XSim-98] *** Running xsim
   with args "sim_cpu_behav -key {Behavioral:sim_1:Functional:sim_cpu} -tclbatch {sim_cpu.tcl} -log {simulate.log}"
INFO: [USF-XSim-8] Loading simulator feature
Time resolution is 1 ps
source sim_cpu.tcl
# set curr_wave [current_wave_config]
# if { [string length $curr_wave] == 0 } {
#   if { [llength [get_objects]] > 0} {
#     add_wave /
#     set_property needs_save false [current_wave_config]
#   } else {
#      send_msg_id Add_Wave-1 WARNING "No top level signals found. Simulator will start without a wave window. If you want to open a wave window go to 'File->New Waveform Configuration' or type 'create_wave_config' in the TCL console."
#   }
# }
# log_wave -r /
# run 45000ns
WARNING: This core is supplied with a behavioral model. To model cycle-accurate behavior you must run timing simulation.
WARNING: This core is supplied with a behavioral model. To model cycle-accurate behavior you must run timing simulation.
WARNING in sim_cpu.CPU_0.CS_0.inst at time                 5000 ns: 
Reading from out-of-range address. Max address in sim_cpu.CPU_0.CS_0.inst is        1023
INFO: [USF-XSim-96] XSim completed. Design snapshot 'sim_cpu_behav' loaded.
INFO: [USF-XSim-97] XSim simulation ran for 45000ns
launch_simulation: Time (s): cpu = 00:00:02 ; elapsed = 00:00:09 . Memory (MB): peak = 1573.969 ; gain = 0.000
close_sim
INFO: [Simtcl 6-16] Simulation closed
launch_simulation
Command: launch_simulation 
INFO: [Vivado 12-12493] Simulation top is 'sim_cpu'
WARNING: [Vivado 12-13340] Unable to auto find GCC executables from simulator install path! (path not set)
WARNING: [Vivado 12-13277] Compiled library path does not exist: ''
INFO: [Vivado 12-5698] Checking validity of IPs in the design for the 'XSim' simulator...
INFO: [Runs 36-567] Checking/generating simulation output products for IPs/BDs (if any)...
INFO: [Vivado 12-5682] Launching behavioral simulation in 'D:/Xilinx/Vivado/projects-ps/JMP_Predict_CPU/JMP_Predict_CPU.sim/sim_1/behav/xsim'
INFO: [Vivado 12-4795] Using compiled simulation libraries for IPs
INFO: [SIM-utils-51] Simulation object is 'sim_1'
INFO: [SIM-utils-72] Using boost library from 'D:/Xilinx/Vivado/2022.1/tps/boost_1_72_0'
INFO: [USF-XSim-7] Finding pre-compiled libraries...
INFO: [USF-XSim-11] File 'D:/Xilinx/Vivado/2022.1/data/xsim/xsim.ini' copied to run dir:'D:/Xilinx/Vivado/projects-ps/JMP_Predict_CPU/JMP_Predict_CPU.sim/sim_1/behav/xsim'
INFO: [SIM-utils-54] Inspecting design source files for 'sim_cpu' in fileset 'sim_1'...
INFO: [SIM-utils-43] Exported 'D:/Xilinx/Vivado/projects-ps/JMP_Predict_CPU/JMP_Predict_CPU.sim/sim_1/behav/xsim/CS_DRAM.mif'
INFO: [SIM-utils-43] Exported 'D:/Xilinx/Vivado/projects-ps/JMP_Predict_CPU/JMP_Predict_CPU.sim/sim_1/behav/xsim/28_ins_test.coe'
INFO: [SIM-utils-43] Exported 'D:/Xilinx/Vivado/projects-ps/JMP_Predict_CPU/JMP_Predict_CPU.sim/sim_1/behav/xsim/benchmark.coe'
INFO: [SIM-utils-43] Exported 'D:/Xilinx/Vivado/projects-ps/JMP_Predict_CPU/JMP_Predict_CPU.sim/sim_1/behav/xsim/benchmark1.coe'
INFO: [SIM-utils-43] Exported 'D:/Xilinx/Vivado/projects-ps/JMP_Predict_CPU/JMP_Predict_CPU.sim/sim_1/behav/xsim/benchmark2.coe'
INFO: [USF-XSim-97] Finding global include files...
INFO: [USF-XSim-98] Fetching design files from 'sim_1'...
INFO: [USF-XSim-2] XSim::Compile design
INFO: [USF-XSim-61] Executing 'COMPILE and ANALYZE' step in 'D:/Xilinx/Vivado/projects-ps/JMP_Predict_CPU/JMP_Predict_CPU.sim/sim_1/behav/xsim'
"xvlog --incr --relax -prj sim_cpu_vlog.prj"
INFO: [VRFC 10-2263] Analyzing Verilog file "D:/Xilinx/Vivado/projects-ps/JMP_Predict_CPU/JMP_Predict_CPU.gen/sources_1/ip/DS_DRAM/sim/DS_DRAM.v" into library xil_defaultlib
INFO: [VRFC 10-311] analyzing module DS_DRAM
INFO: [VRFC 10-2263] Analyzing Verilog file "D:/Xilinx/Vivado/projects-ps/JMP_Predict_CPU/JMP_Predict_CPU.gen/sources_1/ip/CS_DRAM/sim/CS_DRAM.v" into library xil_defaultlib
INFO: [VRFC 10-311] analyzing module CS_DRAM
INFO: [VRFC 10-2263] Analyzing Verilog file "D:/Xilinx/Vivado/projects-ps/JMP_Predict_CPU/JMP_Predict_CPU.srcs/sources_1/new/ALU.v" into library xil_defaultlib
INFO: [VRFC 10-311] analyzing module ALU
INFO: [VRFC 10-2263] Analyzing Verilog file "D:/Xilinx/Vivado/projects-ps/JMP_Predict_CPU/JMP_Predict_CPU.srcs/sources_1/new/BPB.v" into library xil_defaultlib
INFO: [VRFC 10-311] analyzing module BPB
INFO: [VRFC 10-2263] Analyzing Verilog file "D:/Xilinx/Vivado/projects-ps/JMP_Predict_CPU/JMP_Predict_CPU.srcs/sources_1/new/BubleDel.v" into library xil_defaultlib
INFO: [VRFC 10-311] analyzing module BubleDel
INFO: [VRFC 10-2263] Analyzing Verilog file "D:/Xilinx/Vivado/projects-ps/JMP_Predict_CPU/JMP_Predict_CPU.srcs/sources_1/new/CPU.v" into library xil_defaultlib
INFO: [VRFC 10-311] analyzing module CPU
WARNING: [VRFC 10-3248] data object 'Branch' is already declared [D:/Xilinx/Vivado/projects-ps/JMP_Predict_CPU/JMP_Predict_CPU.srcs/sources_1/new/CPU.v:52]
WARNING: [VRFC 10-9364] second declaration of 'Branch' is ignored [D:/Xilinx/Vivado/projects-ps/JMP_Predict_CPU/JMP_Predict_CPU.srcs/sources_1/new/CPU.v:52]
WARNING: [VRFC 10-3380] identifier 'actual_branchtaken' is used before its declaration [D:/Xilinx/Vivado/projects-ps/JMP_Predict_CPU/JMP_Predict_CPU.srcs/sources_1/new/CPU.v:36]
WARNING: [VRFC 10-3380] identifier 'Predict_jmp_taken' is used before its declaration [D:/Xilinx/Vivado/projects-ps/JMP_Predict_CPU/JMP_Predict_CPU.srcs/sources_1/new/CPU.v:37]
WARNING: [VRFC 10-3380] identifier 'PredictJump_EX' is used before its declaration [D:/Xilinx/Vivado/projects-ps/JMP_Predict_CPU/JMP_Predict_CPU.srcs/sources_1/new/CPU.v:38]
WARNING: [VRFC 10-3380] identifier 'ALU_SRCA' is used before its declaration [D:/Xilinx/Vivado/projects-ps/JMP_Predict_CPU/JMP_Predict_CPU.srcs/sources_1/new/CPU.v:56]
INFO: [VRFC 10-2263] Analyzing Verilog file "D:/Xilinx/Vivado/projects-ps/JMP_Predict_CPU/JMP_Predict_CPU.srcs/sources_1/new/CU.v" into library xil_defaultlib
INFO: [VRFC 10-311] analyzing module CU
INFO: [VRFC 10-2263] Analyzing Verilog file "D:/Xilinx/Vivado/projects-ps/JMP_Predict_CPU/JMP_Predict_CPU.srcs/sources_1/new/EXMEM.v" into library xil_defaultlib
INFO: [VRFC 10-311] analyzing module EXMEM
INFO: [VRFC 10-2263] Analyzing Verilog file "D:/Xilinx/Vivado/projects-ps/JMP_Predict_CPU/JMP_Predict_CPU.srcs/sources_1/new/IDEX.v" into library xil_defaultlib
INFO: [VRFC 10-311] analyzing module IDEX
INFO: [VRFC 10-2263] Analyzing Verilog file "D:/Xilinx/Vivado/projects-ps/JMP_Predict_CPU/JMP_Predict_CPU.srcs/sources_1/new/IFID.v" into library xil_defaultlib
INFO: [VRFC 10-311] analyzing module IFID
INFO: [VRFC 10-2263] Analyzing Verilog file "D:/Xilinx/Vivado/projects-ps/JMP_Predict_CPU/JMP_Predict_CPU.srcs/sources_1/new/MEMWB.v" into library xil_defaultlib
INFO: [VRFC 10-311] analyzing module MEMWB
INFO: [VRFC 10-2263] Analyzing Verilog file "D:/Xilinx/Vivado/projects-ps/JMP_Predict_CPU/JMP_Predict_CPU.srcs/sources_1/new/PC.v" into library xil_defaultlib
INFO: [VRFC 10-311] analyzing module PC
INFO: [VRFC 10-2263] Analyzing Verilog file "D:/Xilinx/Vivado/projects-ps/JMP_Predict_CPU/JMP_Predict_CPU.srcs/sources_1/new/RegFile.v" into library xil_defaultlib
INFO: [VRFC 10-311] analyzing module RegFile
INFO: [VRFC 10-2263] Analyzing Verilog file "D:/Xilinx/Vivado/projects-ps/JMP_Predict_CPU/JMP_Predict_CPU.srcs/sim_1/new/sim_cpu.v" into library xil_defaultlib
INFO: [VRFC 10-311] analyzing module sim_cpu
INFO: [USF-XSim-69] 'compile' step finished in '1' seconds
INFO: [USF-XSim-3] XSim::Elaborate design
INFO: [USF-XSim-61] Executing 'ELABORATE' step in 'D:/Xilinx/Vivado/projects-ps/JMP_Predict_CPU/JMP_Predict_CPU.sim/sim_1/behav/xsim'
"xelab --incr --debug typical --relax --mt 2 -L xil_defaultlib -L dist_mem_gen_v8_0_13 -L unisims_ver -L unimacro_ver -L secureip -L xpm --snapshot sim_cpu_behav xil_defaultlib.sim_cpu xil_defaultlib.glbl -log elaborate.log"
Vivado Simulator v2022.1
Copyright 1986-1999, 2001-2022 Xilinx, Inc. All Rights Reserved.
Running: D:/Xilinx/Vivado/2022.1/bin/unwrapped/win64.o/xelab.exe --incr --debug typical --relax --mt 2 -L xil_defaultlib -L dist_mem_gen_v8_0_13 -L unisims_ver -L unimacro_ver -L secureip -L xpm --snapshot sim_cpu_behav xil_defaultlib.sim_cpu xil_defaultlib.glbl -log elaborate.log 
Using 2 slave threads.
Starting static elaboration
Pass Through NonSizing Optimizer
WARNING: [VRFC 10-5021] port 'go' is not connected on this instance [D:/Xilinx/Vivado/projects-ps/JMP_Predict_CPU/JMP_Predict_CPU.srcs/sim_1/new/sim_cpu.v:7]
Completed static elaboration
Starting simulation data flow analysis
Completed simulation data flow analysis
Time Resolution for simulation is 1ps
Compiling module xil_defaultlib.PC
Compiling module xil_defaultlib.BPB_default
Compiling module dist_mem_gen_v8_0_13.dist_mem_gen_v8_0_13(C_FAMILY="a...
Compiling module xil_defaultlib.CS_DRAM
Compiling module xil_defaultlib.IFID
Compiling module xil_defaultlib.BubleDel
Compiling module xil_defaultlib.CU
Compiling module xil_defaultlib.RegFile
Compiling module xil_defaultlib.IDEX
Compiling module xil_defaultlib.ALU
Compiling module xil_defaultlib.EXMEM
Compiling module dist_mem_gen_v8_0_13.dist_mem_gen_v8_0_13(C_FAMILY="a...
Compiling module xil_defaultlib.DS_DRAM
Compiling module xil_defaultlib.MEMWB
Compiling module xil_defaultlib.CPU
Compiling module xil_defaultlib.sim_cpu
Compiling module xil_defaultlib.glbl
Built simulation snapshot sim_cpu_behav
INFO: [USF-XSim-69] 'elaborate' step finished in '4' seconds
INFO: [USF-XSim-4] XSim::Simulate design
INFO: [USF-XSim-61] Executing 'SIMULATE' step in 'D:/Xilinx/Vivado/projects-ps/JMP_Predict_CPU/JMP_Predict_CPU.sim/sim_1/behav/xsim'
INFO: [USF-XSim-98] *** Running xsim
   with args "sim_cpu_behav -key {Behavioral:sim_1:Functional:sim_cpu} -tclbatch {sim_cpu.tcl} -log {simulate.log}"
INFO: [USF-XSim-8] Loading simulator feature
Time resolution is 1 ps
source sim_cpu.tcl
# set curr_wave [current_wave_config]
# if { [string length $curr_wave] == 0 } {
#   if { [llength [get_objects]] > 0} {
#     add_wave /
#     set_property needs_save false [current_wave_config]
#   } else {
#      send_msg_id Add_Wave-1 WARNING "No top level signals found. Simulator will start without a wave window. If you want to open a wave window go to 'File->New Waveform Configuration' or type 'create_wave_config' in the TCL console."
#   }
# }
# log_wave -r /
# run 45000ns
WARNING: This core is supplied with a behavioral model. To model cycle-accurate behavior you must run timing simulation.
WARNING: This core is supplied with a behavioral model. To model cycle-accurate behavior you must run timing simulation.
WARNING in sim_cpu.CPU_0.CS_0.inst at time                15000 ns: 
Reading from out-of-range address. Max address in sim_cpu.CPU_0.CS_0.inst is        1023
WARNING in sim_cpu.CPU_0.CS_0.inst at time              2495000 ns: 
Reading from out-of-range address. Max address in sim_cpu.CPU_0.CS_0.inst is        1023
WARNING in sim_cpu.CPU_0.CS_0.inst at time              2715000 ns: 
Reading from out-of-range address. Max address in sim_cpu.CPU_0.CS_0.inst is        1023
WARNING in sim_cpu.CPU_0.CS_0.inst at time              2935000 ns: 
Reading from out-of-range address. Max address in sim_cpu.CPU_0.CS_0.inst is        1023
WARNING in sim_cpu.CPU_0.CS_0.inst at time              3155000 ns: 
Reading from out-of-range address. Max address in sim_cpu.CPU_0.CS_0.inst is        1023
WARNING in sim_cpu.CPU_0.CS_0.inst at time              3375000 ns: 
Reading from out-of-range address. Max address in sim_cpu.CPU_0.CS_0.inst is        1023
WARNING in sim_cpu.CPU_0.CS_0.inst at time              3595000 ns: 
Reading from out-of-range address. Max address in sim_cpu.CPU_0.CS_0.inst is        1023
WARNING in sim_cpu.CPU_0.CS_0.inst at time              3815000 ns: 
Reading from out-of-range address. Max address in sim_cpu.CPU_0.CS_0.inst is        1023
WARNING in sim_cpu.CPU_0.CS_0.inst at time              4035000 ns: 
Reading from out-of-range address. Max address in sim_cpu.CPU_0.CS_0.inst is        1023
WARNING in sim_cpu.CPU_0.CS_0.inst at time              4255000 ns: 
Reading from out-of-range address. Max address in sim_cpu.CPU_0.CS_0.inst is        1023
WARNING in sim_cpu.CPU_0.CS_0.inst at time              4475000 ns: 
Reading from out-of-range address. Max address in sim_cpu.CPU_0.CS_0.inst is        1023
WARNING in sim_cpu.CPU_0.CS_0.inst at time              4695000 ns: 
Reading from out-of-range address. Max address in sim_cpu.CPU_0.CS_0.inst is        1023
WARNING in sim_cpu.CPU_0.CS_0.inst at time              4915000 ns: 
Reading from out-of-range address. Max address in sim_cpu.CPU_0.CS_0.inst is        1023
WARNING in sim_cpu.CPU_0.CS_0.inst at time              5135000 ns: 
Reading from out-of-range address. Max address in sim_cpu.CPU_0.CS_0.inst is        1023
WARNING in sim_cpu.CPU_0.CS_0.inst at time              5355000 ns: 
Reading from out-of-range address. Max address in sim_cpu.CPU_0.CS_0.inst is        1023
WARNING in sim_cpu.CPU_0.CS_0.inst at time              5575000 ns: 
Reading from out-of-range address. Max address in sim_cpu.CPU_0.CS_0.inst is        1023
WARNING in sim_cpu.CPU_0.CS_0.inst at time              5805000 ns: 
Reading from out-of-range address. Max address in sim_cpu.CPU_0.CS_0.inst is        1023
WARNING in sim_cpu.CPU_0.CS_0.inst at time              5835000 ns: 
Reading from out-of-range address. Max address in sim_cpu.CPU_0.CS_0.inst is        1023
WARNING in sim_cpu.CPU_0.CS_0.inst at time              5865000 ns: 
Reading from out-of-range address. Max address in sim_cpu.CPU_0.CS_0.inst is        1023
WARNING in sim_cpu.CPU_0.CS_0.inst at time              5895000 ns: 
Reading from out-of-range address. Max address in sim_cpu.CPU_0.CS_0.inst is        1023
INFO: [USF-XSim-96] XSim completed. Design snapshot 'sim_cpu_behav' loaded.
INFO: [USF-XSim-97] XSim simulation ran for 45000ns
launch_simulation: Time (s): cpu = 00:00:02 ; elapsed = 00:00:09 . Memory (MB): peak = 1573.969 ; gain = 0.000
close_sim
INFO: [Simtcl 6-16] Simulation closed
launch_simulation
Command: launch_simulation 
INFO: [Vivado 12-12493] Simulation top is 'sim_cpu'
WARNING: [Vivado 12-13340] Unable to auto find GCC executables from simulator install path! (path not set)
WARNING: [Vivado 12-13277] Compiled library path does not exist: ''
INFO: [Vivado 12-5698] Checking validity of IPs in the design for the 'XSim' simulator...
INFO: [Runs 36-567] Checking/generating simulation output products for IPs/BDs (if any)...
INFO: [Vivado 12-5682] Launching behavioral simulation in 'D:/Xilinx/Vivado/projects-ps/JMP_Predict_CPU/JMP_Predict_CPU.sim/sim_1/behav/xsim'
INFO: [Vivado 12-4795] Using compiled simulation libraries for IPs
INFO: [SIM-utils-51] Simulation object is 'sim_1'
INFO: [SIM-utils-72] Using boost library from 'D:/Xilinx/Vivado/2022.1/tps/boost_1_72_0'
INFO: [USF-XSim-7] Finding pre-compiled libraries...
INFO: [USF-XSim-11] File 'D:/Xilinx/Vivado/2022.1/data/xsim/xsim.ini' copied to run dir:'D:/Xilinx/Vivado/projects-ps/JMP_Predict_CPU/JMP_Predict_CPU.sim/sim_1/behav/xsim'
INFO: [SIM-utils-54] Inspecting design source files for 'sim_cpu' in fileset 'sim_1'...
INFO: [SIM-utils-43] Exported 'D:/Xilinx/Vivado/projects-ps/JMP_Predict_CPU/JMP_Predict_CPU.sim/sim_1/behav/xsim/CS_DRAM.mif'
INFO: [SIM-utils-43] Exported 'D:/Xilinx/Vivado/projects-ps/JMP_Predict_CPU/JMP_Predict_CPU.sim/sim_1/behav/xsim/28_ins_test.coe'
INFO: [SIM-utils-43] Exported 'D:/Xilinx/Vivado/projects-ps/JMP_Predict_CPU/JMP_Predict_CPU.sim/sim_1/behav/xsim/benchmark.coe'
INFO: [SIM-utils-43] Exported 'D:/Xilinx/Vivado/projects-ps/JMP_Predict_CPU/JMP_Predict_CPU.sim/sim_1/behav/xsim/benchmark1.coe'
INFO: [SIM-utils-43] Exported 'D:/Xilinx/Vivado/projects-ps/JMP_Predict_CPU/JMP_Predict_CPU.sim/sim_1/behav/xsim/benchmark2.coe'
INFO: [USF-XSim-97] Finding global include files...
INFO: [USF-XSim-98] Fetching design files from 'sim_1'...
INFO: [USF-XSim-2] XSim::Compile design
INFO: [USF-XSim-61] Executing 'COMPILE and ANALYZE' step in 'D:/Xilinx/Vivado/projects-ps/JMP_Predict_CPU/JMP_Predict_CPU.sim/sim_1/behav/xsim'
"xvlog --incr --relax -prj sim_cpu_vlog.prj"
INFO: [VRFC 10-2263] Analyzing Verilog file "D:/Xilinx/Vivado/projects-ps/JMP_Predict_CPU/JMP_Predict_CPU.gen/sources_1/ip/DS_DRAM/sim/DS_DRAM.v" into library xil_defaultlib
INFO: [VRFC 10-311] analyzing module DS_DRAM
INFO: [VRFC 10-2263] Analyzing Verilog file "D:/Xilinx/Vivado/projects-ps/JMP_Predict_CPU/JMP_Predict_CPU.gen/sources_1/ip/CS_DRAM/sim/CS_DRAM.v" into library xil_defaultlib
INFO: [VRFC 10-311] analyzing module CS_DRAM
INFO: [VRFC 10-2263] Analyzing Verilog file "D:/Xilinx/Vivado/projects-ps/JMP_Predict_CPU/JMP_Predict_CPU.srcs/sources_1/new/ALU.v" into library xil_defaultlib
INFO: [VRFC 10-311] analyzing module ALU
INFO: [VRFC 10-2263] Analyzing Verilog file "D:/Xilinx/Vivado/projects-ps/JMP_Predict_CPU/JMP_Predict_CPU.srcs/sources_1/new/BPB.v" into library xil_defaultlib
INFO: [VRFC 10-311] analyzing module BPB
INFO: [VRFC 10-2263] Analyzing Verilog file "D:/Xilinx/Vivado/projects-ps/JMP_Predict_CPU/JMP_Predict_CPU.srcs/sources_1/new/BubleDel.v" into library xil_defaultlib
INFO: [VRFC 10-311] analyzing module BubleDel
INFO: [VRFC 10-2263] Analyzing Verilog file "D:/Xilinx/Vivado/projects-ps/JMP_Predict_CPU/JMP_Predict_CPU.srcs/sources_1/new/CPU.v" into library xil_defaultlib
INFO: [VRFC 10-311] analyzing module CPU
WARNING: [VRFC 10-3248] data object 'Branch' is already declared [D:/Xilinx/Vivado/projects-ps/JMP_Predict_CPU/JMP_Predict_CPU.srcs/sources_1/new/CPU.v:52]
WARNING: [VRFC 10-9364] second declaration of 'Branch' is ignored [D:/Xilinx/Vivado/projects-ps/JMP_Predict_CPU/JMP_Predict_CPU.srcs/sources_1/new/CPU.v:52]
WARNING: [VRFC 10-3380] identifier 'actual_branchtaken' is used before its declaration [D:/Xilinx/Vivado/projects-ps/JMP_Predict_CPU/JMP_Predict_CPU.srcs/sources_1/new/CPU.v:36]
WARNING: [VRFC 10-3380] identifier 'Predict_jmp_taken' is used before its declaration [D:/Xilinx/Vivado/projects-ps/JMP_Predict_CPU/JMP_Predict_CPU.srcs/sources_1/new/CPU.v:37]
WARNING: [VRFC 10-3380] identifier 'PredictJump_EX' is used before its declaration [D:/Xilinx/Vivado/projects-ps/JMP_Predict_CPU/JMP_Predict_CPU.srcs/sources_1/new/CPU.v:38]
WARNING: [VRFC 10-3380] identifier 'ALU_SRCA' is used before its declaration [D:/Xilinx/Vivado/projects-ps/JMP_Predict_CPU/JMP_Predict_CPU.srcs/sources_1/new/CPU.v:56]
INFO: [VRFC 10-2263] Analyzing Verilog file "D:/Xilinx/Vivado/projects-ps/JMP_Predict_CPU/JMP_Predict_CPU.srcs/sources_1/new/CU.v" into library xil_defaultlib
INFO: [VRFC 10-311] analyzing module CU
INFO: [VRFC 10-2263] Analyzing Verilog file "D:/Xilinx/Vivado/projects-ps/JMP_Predict_CPU/JMP_Predict_CPU.srcs/sources_1/new/EXMEM.v" into library xil_defaultlib
INFO: [VRFC 10-311] analyzing module EXMEM
INFO: [VRFC 10-2263] Analyzing Verilog file "D:/Xilinx/Vivado/projects-ps/JMP_Predict_CPU/JMP_Predict_CPU.srcs/sources_1/new/IDEX.v" into library xil_defaultlib
INFO: [VRFC 10-311] analyzing module IDEX
INFO: [VRFC 10-2263] Analyzing Verilog file "D:/Xilinx/Vivado/projects-ps/JMP_Predict_CPU/JMP_Predict_CPU.srcs/sources_1/new/IFID.v" into library xil_defaultlib
INFO: [VRFC 10-311] analyzing module IFID
INFO: [VRFC 10-2263] Analyzing Verilog file "D:/Xilinx/Vivado/projects-ps/JMP_Predict_CPU/JMP_Predict_CPU.srcs/sources_1/new/MEMWB.v" into library xil_defaultlib
INFO: [VRFC 10-311] analyzing module MEMWB
INFO: [VRFC 10-2263] Analyzing Verilog file "D:/Xilinx/Vivado/projects-ps/JMP_Predict_CPU/JMP_Predict_CPU.srcs/sources_1/new/PC.v" into library xil_defaultlib
INFO: [VRFC 10-311] analyzing module PC
INFO: [VRFC 10-2263] Analyzing Verilog file "D:/Xilinx/Vivado/projects-ps/JMP_Predict_CPU/JMP_Predict_CPU.srcs/sources_1/new/RegFile.v" into library xil_defaultlib
INFO: [VRFC 10-311] analyzing module RegFile
INFO: [VRFC 10-2263] Analyzing Verilog file "D:/Xilinx/Vivado/projects-ps/JMP_Predict_CPU/JMP_Predict_CPU.srcs/sim_1/new/sim_cpu.v" into library xil_defaultlib
INFO: [VRFC 10-311] analyzing module sim_cpu
INFO: [USF-XSim-69] 'compile' step finished in '2' seconds
INFO: [USF-XSim-3] XSim::Elaborate design
INFO: [USF-XSim-61] Executing 'ELABORATE' step in 'D:/Xilinx/Vivado/projects-ps/JMP_Predict_CPU/JMP_Predict_CPU.sim/sim_1/behav/xsim'
"xelab --incr --debug typical --relax --mt 2 -L xil_defaultlib -L dist_mem_gen_v8_0_13 -L unisims_ver -L unimacro_ver -L secureip -L xpm --snapshot sim_cpu_behav xil_defaultlib.sim_cpu xil_defaultlib.glbl -log elaborate.log"
Vivado Simulator v2022.1
Copyright 1986-1999, 2001-2022 Xilinx, Inc. All Rights Reserved.
Running: D:/Xilinx/Vivado/2022.1/bin/unwrapped/win64.o/xelab.exe --incr --debug typical --relax --mt 2 -L xil_defaultlib -L dist_mem_gen_v8_0_13 -L unisims_ver -L unimacro_ver -L secureip -L xpm --snapshot sim_cpu_behav xil_defaultlib.sim_cpu xil_defaultlib.glbl -log elaborate.log 
Using 2 slave threads.
Starting static elaboration
Pass Through NonSizing Optimizer
WARNING: [VRFC 10-5021] port 'go' is not connected on this instance [D:/Xilinx/Vivado/projects-ps/JMP_Predict_CPU/JMP_Predict_CPU.srcs/sim_1/new/sim_cpu.v:7]
Completed static elaboration
Starting simulation data flow analysis
Completed simulation data flow analysis
Time Resolution for simulation is 1ps
Compiling module xil_defaultlib.PC
Compiling module xil_defaultlib.BPB_default
Compiling module dist_mem_gen_v8_0_13.dist_mem_gen_v8_0_13(C_FAMILY="a...
Compiling module xil_defaultlib.CS_DRAM
Compiling module xil_defaultlib.IFID
Compiling module xil_defaultlib.BubleDel
Compiling module xil_defaultlib.CU
Compiling module xil_defaultlib.RegFile
Compiling module xil_defaultlib.IDEX
Compiling module xil_defaultlib.ALU
Compiling module xil_defaultlib.EXMEM
Compiling module dist_mem_gen_v8_0_13.dist_mem_gen_v8_0_13(C_FAMILY="a...
Compiling module xil_defaultlib.DS_DRAM
Compiling module xil_defaultlib.MEMWB
Compiling module xil_defaultlib.CPU
Compiling module xil_defaultlib.sim_cpu
Compiling module xil_defaultlib.glbl
Built simulation snapshot sim_cpu_behav
INFO: [USF-XSim-69] 'elaborate' step finished in '4' seconds
INFO: [USF-XSim-4] XSim::Simulate design
INFO: [USF-XSim-61] Executing 'SIMULATE' step in 'D:/Xilinx/Vivado/projects-ps/JMP_Predict_CPU/JMP_Predict_CPU.sim/sim_1/behav/xsim'
INFO: [USF-XSim-98] *** Running xsim
   with args "sim_cpu_behav -key {Behavioral:sim_1:Functional:sim_cpu} -tclbatch {sim_cpu.tcl} -log {simulate.log}"
INFO: [USF-XSim-8] Loading simulator feature
Time resolution is 1 ps
source sim_cpu.tcl
# set curr_wave [current_wave_config]
# if { [string length $curr_wave] == 0 } {
#   if { [llength [get_objects]] > 0} {
#     add_wave /
#     set_property needs_save false [current_wave_config]
#   } else {
#      send_msg_id Add_Wave-1 WARNING "No top level signals found. Simulator will start without a wave window. If you want to open a wave window go to 'File->New Waveform Configuration' or type 'create_wave_config' in the TCL console."
#   }
# }
# log_wave -r /
# run 45000ns
WARNING: This core is supplied with a behavioral model. To model cycle-accurate behavior you must run timing simulation.
WARNING: This core is supplied with a behavioral model. To model cycle-accurate behavior you must run timing simulation.
WARNING in sim_cpu.CPU_0.CS_0.inst at time                 5000 ns: 
Reading from out-of-range address. Max address in sim_cpu.CPU_0.CS_0.inst is        1023
INFO: [USF-XSim-96] XSim completed. Design snapshot 'sim_cpu_behav' loaded.
INFO: [USF-XSim-97] XSim simulation ran for 45000ns
launch_simulation: Time (s): cpu = 00:00:02 ; elapsed = 00:00:08 . Memory (MB): peak = 1573.969 ; gain = 0.000
close_sim
INFO: [Simtcl 6-16] Simulation closed
launch_simulation
Command: launch_simulation 
INFO: [Vivado 12-12493] Simulation top is 'sim_cpu'
WARNING: [Vivado 12-13340] Unable to auto find GCC executables from simulator install path! (path not set)
WARNING: [Vivado 12-13277] Compiled library path does not exist: ''
INFO: [Vivado 12-5698] Checking validity of IPs in the design for the 'XSim' simulator...
INFO: [Runs 36-567] Checking/generating simulation output products for IPs/BDs (if any)...
INFO: [Vivado 12-5682] Launching behavioral simulation in 'D:/Xilinx/Vivado/projects-ps/JMP_Predict_CPU/JMP_Predict_CPU.sim/sim_1/behav/xsim'
INFO: [Vivado 12-4795] Using compiled simulation libraries for IPs
INFO: [SIM-utils-51] Simulation object is 'sim_1'
INFO: [SIM-utils-72] Using boost library from 'D:/Xilinx/Vivado/2022.1/tps/boost_1_72_0'
INFO: [USF-XSim-7] Finding pre-compiled libraries...
INFO: [USF-XSim-11] File 'D:/Xilinx/Vivado/2022.1/data/xsim/xsim.ini' copied to run dir:'D:/Xilinx/Vivado/projects-ps/JMP_Predict_CPU/JMP_Predict_CPU.sim/sim_1/behav/xsim'
INFO: [SIM-utils-54] Inspecting design source files for 'sim_cpu' in fileset 'sim_1'...
INFO: [SIM-utils-43] Exported 'D:/Xilinx/Vivado/projects-ps/JMP_Predict_CPU/JMP_Predict_CPU.sim/sim_1/behav/xsim/CS_DRAM.mif'
INFO: [SIM-utils-43] Exported 'D:/Xilinx/Vivado/projects-ps/JMP_Predict_CPU/JMP_Predict_CPU.sim/sim_1/behav/xsim/28_ins_test.coe'
INFO: [SIM-utils-43] Exported 'D:/Xilinx/Vivado/projects-ps/JMP_Predict_CPU/JMP_Predict_CPU.sim/sim_1/behav/xsim/benchmark.coe'
INFO: [SIM-utils-43] Exported 'D:/Xilinx/Vivado/projects-ps/JMP_Predict_CPU/JMP_Predict_CPU.sim/sim_1/behav/xsim/benchmark1.coe'
INFO: [SIM-utils-43] Exported 'D:/Xilinx/Vivado/projects-ps/JMP_Predict_CPU/JMP_Predict_CPU.sim/sim_1/behav/xsim/benchmark2.coe'
INFO: [USF-XSim-97] Finding global include files...
INFO: [USF-XSim-98] Fetching design files from 'sim_1'...
INFO: [USF-XSim-2] XSim::Compile design
INFO: [USF-XSim-61] Executing 'COMPILE and ANALYZE' step in 'D:/Xilinx/Vivado/projects-ps/JMP_Predict_CPU/JMP_Predict_CPU.sim/sim_1/behav/xsim'
"xvlog --incr --relax -prj sim_cpu_vlog.prj"
INFO: [VRFC 10-2263] Analyzing Verilog file "D:/Xilinx/Vivado/projects-ps/JMP_Predict_CPU/JMP_Predict_CPU.gen/sources_1/ip/DS_DRAM/sim/DS_DRAM.v" into library xil_defaultlib
INFO: [VRFC 10-311] analyzing module DS_DRAM
INFO: [VRFC 10-2263] Analyzing Verilog file "D:/Xilinx/Vivado/projects-ps/JMP_Predict_CPU/JMP_Predict_CPU.gen/sources_1/ip/CS_DRAM/sim/CS_DRAM.v" into library xil_defaultlib
INFO: [VRFC 10-311] analyzing module CS_DRAM
INFO: [VRFC 10-2263] Analyzing Verilog file "D:/Xilinx/Vivado/projects-ps/JMP_Predict_CPU/JMP_Predict_CPU.srcs/sources_1/new/ALU.v" into library xil_defaultlib
INFO: [VRFC 10-311] analyzing module ALU
INFO: [VRFC 10-2263] Analyzing Verilog file "D:/Xilinx/Vivado/projects-ps/JMP_Predict_CPU/JMP_Predict_CPU.srcs/sources_1/new/BPB.v" into library xil_defaultlib
INFO: [VRFC 10-311] analyzing module BPB
INFO: [VRFC 10-2263] Analyzing Verilog file "D:/Xilinx/Vivado/projects-ps/JMP_Predict_CPU/JMP_Predict_CPU.srcs/sources_1/new/BubleDel.v" into library xil_defaultlib
INFO: [VRFC 10-311] analyzing module BubleDel
INFO: [VRFC 10-2263] Analyzing Verilog file "D:/Xilinx/Vivado/projects-ps/JMP_Predict_CPU/JMP_Predict_CPU.srcs/sources_1/new/CPU.v" into library xil_defaultlib
INFO: [VRFC 10-311] analyzing module CPU
WARNING: [VRFC 10-3248] data object 'Branch' is already declared [D:/Xilinx/Vivado/projects-ps/JMP_Predict_CPU/JMP_Predict_CPU.srcs/sources_1/new/CPU.v:52]
WARNING: [VRFC 10-9364] second declaration of 'Branch' is ignored [D:/Xilinx/Vivado/projects-ps/JMP_Predict_CPU/JMP_Predict_CPU.srcs/sources_1/new/CPU.v:52]
WARNING: [VRFC 10-3380] identifier 'actual_branchtaken' is used before its declaration [D:/Xilinx/Vivado/projects-ps/JMP_Predict_CPU/JMP_Predict_CPU.srcs/sources_1/new/CPU.v:36]
WARNING: [VRFC 10-3380] identifier 'Predict_jmp_taken' is used before its declaration [D:/Xilinx/Vivado/projects-ps/JMP_Predict_CPU/JMP_Predict_CPU.srcs/sources_1/new/CPU.v:37]
WARNING: [VRFC 10-3380] identifier 'PredictJump_EX' is used before its declaration [D:/Xilinx/Vivado/projects-ps/JMP_Predict_CPU/JMP_Predict_CPU.srcs/sources_1/new/CPU.v:38]
WARNING: [VRFC 10-3380] identifier 'ALU_SRCA' is used before its declaration [D:/Xilinx/Vivado/projects-ps/JMP_Predict_CPU/JMP_Predict_CPU.srcs/sources_1/new/CPU.v:56]
INFO: [VRFC 10-2263] Analyzing Verilog file "D:/Xilinx/Vivado/projects-ps/JMP_Predict_CPU/JMP_Predict_CPU.srcs/sources_1/new/CU.v" into library xil_defaultlib
INFO: [VRFC 10-311] analyzing module CU
INFO: [VRFC 10-2263] Analyzing Verilog file "D:/Xilinx/Vivado/projects-ps/JMP_Predict_CPU/JMP_Predict_CPU.srcs/sources_1/new/EXMEM.v" into library xil_defaultlib
INFO: [VRFC 10-311] analyzing module EXMEM
INFO: [VRFC 10-2263] Analyzing Verilog file "D:/Xilinx/Vivado/projects-ps/JMP_Predict_CPU/JMP_Predict_CPU.srcs/sources_1/new/IDEX.v" into library xil_defaultlib
INFO: [VRFC 10-311] analyzing module IDEX
INFO: [VRFC 10-2263] Analyzing Verilog file "D:/Xilinx/Vivado/projects-ps/JMP_Predict_CPU/JMP_Predict_CPU.srcs/sources_1/new/IFID.v" into library xil_defaultlib
INFO: [VRFC 10-311] analyzing module IFID
INFO: [VRFC 10-2263] Analyzing Verilog file "D:/Xilinx/Vivado/projects-ps/JMP_Predict_CPU/JMP_Predict_CPU.srcs/sources_1/new/MEMWB.v" into library xil_defaultlib
INFO: [VRFC 10-311] analyzing module MEMWB
INFO: [VRFC 10-2263] Analyzing Verilog file "D:/Xilinx/Vivado/projects-ps/JMP_Predict_CPU/JMP_Predict_CPU.srcs/sources_1/new/PC.v" into library xil_defaultlib
INFO: [VRFC 10-311] analyzing module PC
INFO: [VRFC 10-2263] Analyzing Verilog file "D:/Xilinx/Vivado/projects-ps/JMP_Predict_CPU/JMP_Predict_CPU.srcs/sources_1/new/RegFile.v" into library xil_defaultlib
INFO: [VRFC 10-311] analyzing module RegFile
INFO: [VRFC 10-2263] Analyzing Verilog file "D:/Xilinx/Vivado/projects-ps/JMP_Predict_CPU/JMP_Predict_CPU.srcs/sim_1/new/sim_cpu.v" into library xil_defaultlib
INFO: [VRFC 10-311] analyzing module sim_cpu
INFO: [USF-XSim-69] 'compile' step finished in '1' seconds
INFO: [USF-XSim-3] XSim::Elaborate design
INFO: [USF-XSim-61] Executing 'ELABORATE' step in 'D:/Xilinx/Vivado/projects-ps/JMP_Predict_CPU/JMP_Predict_CPU.sim/sim_1/behav/xsim'
"xelab --incr --debug typical --relax --mt 2 -L xil_defaultlib -L dist_mem_gen_v8_0_13 -L unisims_ver -L unimacro_ver -L secureip -L xpm --snapshot sim_cpu_behav xil_defaultlib.sim_cpu xil_defaultlib.glbl -log elaborate.log"
Vivado Simulator v2022.1
Copyright 1986-1999, 2001-2022 Xilinx, Inc. All Rights Reserved.
Running: D:/Xilinx/Vivado/2022.1/bin/unwrapped/win64.o/xelab.exe --incr --debug typical --relax --mt 2 -L xil_defaultlib -L dist_mem_gen_v8_0_13 -L unisims_ver -L unimacro_ver -L secureip -L xpm --snapshot sim_cpu_behav xil_defaultlib.sim_cpu xil_defaultlib.glbl -log elaborate.log 
Using 2 slave threads.
Starting static elaboration
Pass Through NonSizing Optimizer
WARNING: [VRFC 10-5021] port 'go' is not connected on this instance [D:/Xilinx/Vivado/projects-ps/JMP_Predict_CPU/JMP_Predict_CPU.srcs/sim_1/new/sim_cpu.v:7]
Completed static elaboration
Starting simulation data flow analysis
Completed simulation data flow analysis
Time Resolution for simulation is 1ps
Compiling module xil_defaultlib.PC
Compiling module xil_defaultlib.BPB_default
Compiling module dist_mem_gen_v8_0_13.dist_mem_gen_v8_0_13(C_FAMILY="a...
Compiling module xil_defaultlib.CS_DRAM
Compiling module xil_defaultlib.IFID
Compiling module xil_defaultlib.BubleDel
Compiling module xil_defaultlib.CU
Compiling module xil_defaultlib.RegFile
Compiling module xil_defaultlib.IDEX
Compiling module xil_defaultlib.ALU
Compiling module xil_defaultlib.EXMEM
Compiling module dist_mem_gen_v8_0_13.dist_mem_gen_v8_0_13(C_FAMILY="a...
Compiling module xil_defaultlib.DS_DRAM
Compiling module xil_defaultlib.MEMWB
Compiling module xil_defaultlib.CPU
Compiling module xil_defaultlib.sim_cpu
Compiling module xil_defaultlib.glbl
Built simulation snapshot sim_cpu_behav
INFO: [USF-XSim-69] 'elaborate' step finished in '4' seconds
INFO: [USF-XSim-4] XSim::Simulate design
INFO: [USF-XSim-61] Executing 'SIMULATE' step in 'D:/Xilinx/Vivado/projects-ps/JMP_Predict_CPU/JMP_Predict_CPU.sim/sim_1/behav/xsim'
INFO: [USF-XSim-98] *** Running xsim
   with args "sim_cpu_behav -key {Behavioral:sim_1:Functional:sim_cpu} -tclbatch {sim_cpu.tcl} -log {simulate.log}"
INFO: [USF-XSim-8] Loading simulator feature
Time resolution is 1 ps
source sim_cpu.tcl
# set curr_wave [current_wave_config]
# if { [string length $curr_wave] == 0 } {
#   if { [llength [get_objects]] > 0} {
#     add_wave /
#     set_property needs_save false [current_wave_config]
#   } else {
#      send_msg_id Add_Wave-1 WARNING "No top level signals found. Simulator will start without a wave window. If you want to open a wave window go to 'File->New Waveform Configuration' or type 'create_wave_config' in the TCL console."
#   }
# }
# log_wave -r /
# run 45000ns
WARNING: This core is supplied with a behavioral model. To model cycle-accurate behavior you must run timing simulation.
WARNING: This core is supplied with a behavioral model. To model cycle-accurate behavior you must run timing simulation.
WARNING in sim_cpu.CPU_0.CS_0.inst at time                 5000 ns: 
Reading from out-of-range address. Max address in sim_cpu.CPU_0.CS_0.inst is        1023
INFO: [USF-XSim-96] XSim completed. Design snapshot 'sim_cpu_behav' loaded.
INFO: [USF-XSim-97] XSim simulation ran for 45000ns
launch_simulation: Time (s): cpu = 00:00:02 ; elapsed = 00:00:08 . Memory (MB): peak = 1573.969 ; gain = 0.000
close_sim
INFO: [Simtcl 6-16] Simulation closed
launch_simulation
Command: launch_simulation 
INFO: [Vivado 12-12493] Simulation top is 'sim_cpu'
WARNING: [Vivado 12-13340] Unable to auto find GCC executables from simulator install path! (path not set)
WARNING: [Vivado 12-13277] Compiled library path does not exist: ''
INFO: [Vivado 12-5698] Checking validity of IPs in the design for the 'XSim' simulator...
INFO: [Runs 36-567] Checking/generating simulation output products for IPs/BDs (if any)...
INFO: [Vivado 12-5682] Launching behavioral simulation in 'D:/Xilinx/Vivado/projects-ps/JMP_Predict_CPU/JMP_Predict_CPU.sim/sim_1/behav/xsim'
INFO: [Vivado 12-4795] Using compiled simulation libraries for IPs
INFO: [SIM-utils-51] Simulation object is 'sim_1'
INFO: [SIM-utils-72] Using boost library from 'D:/Xilinx/Vivado/2022.1/tps/boost_1_72_0'
INFO: [USF-XSim-7] Finding pre-compiled libraries...
INFO: [USF-XSim-11] File 'D:/Xilinx/Vivado/2022.1/data/xsim/xsim.ini' copied to run dir:'D:/Xilinx/Vivado/projects-ps/JMP_Predict_CPU/JMP_Predict_CPU.sim/sim_1/behav/xsim'
INFO: [SIM-utils-54] Inspecting design source files for 'sim_cpu' in fileset 'sim_1'...
INFO: [SIM-utils-43] Exported 'D:/Xilinx/Vivado/projects-ps/JMP_Predict_CPU/JMP_Predict_CPU.sim/sim_1/behav/xsim/CS_DRAM.mif'
INFO: [SIM-utils-43] Exported 'D:/Xilinx/Vivado/projects-ps/JMP_Predict_CPU/JMP_Predict_CPU.sim/sim_1/behav/xsim/28_ins_test.coe'
INFO: [SIM-utils-43] Exported 'D:/Xilinx/Vivado/projects-ps/JMP_Predict_CPU/JMP_Predict_CPU.sim/sim_1/behav/xsim/benchmark.coe'
INFO: [SIM-utils-43] Exported 'D:/Xilinx/Vivado/projects-ps/JMP_Predict_CPU/JMP_Predict_CPU.sim/sim_1/behav/xsim/benchmark1.coe'
INFO: [SIM-utils-43] Exported 'D:/Xilinx/Vivado/projects-ps/JMP_Predict_CPU/JMP_Predict_CPU.sim/sim_1/behav/xsim/benchmark2.coe'
INFO: [USF-XSim-97] Finding global include files...
INFO: [USF-XSim-98] Fetching design files from 'sim_1'...
INFO: [USF-XSim-2] XSim::Compile design
INFO: [USF-XSim-61] Executing 'COMPILE and ANALYZE' step in 'D:/Xilinx/Vivado/projects-ps/JMP_Predict_CPU/JMP_Predict_CPU.sim/sim_1/behav/xsim'
"xvlog --incr --relax -prj sim_cpu_vlog.prj"
INFO: [VRFC 10-2263] Analyzing Verilog file "D:/Xilinx/Vivado/projects-ps/JMP_Predict_CPU/JMP_Predict_CPU.gen/sources_1/ip/DS_DRAM/sim/DS_DRAM.v" into library xil_defaultlib
INFO: [VRFC 10-311] analyzing module DS_DRAM
INFO: [VRFC 10-2263] Analyzing Verilog file "D:/Xilinx/Vivado/projects-ps/JMP_Predict_CPU/JMP_Predict_CPU.gen/sources_1/ip/CS_DRAM/sim/CS_DRAM.v" into library xil_defaultlib
INFO: [VRFC 10-311] analyzing module CS_DRAM
INFO: [VRFC 10-2263] Analyzing Verilog file "D:/Xilinx/Vivado/projects-ps/JMP_Predict_CPU/JMP_Predict_CPU.srcs/sources_1/new/ALU.v" into library xil_defaultlib
INFO: [VRFC 10-311] analyzing module ALU
INFO: [VRFC 10-2263] Analyzing Verilog file "D:/Xilinx/Vivado/projects-ps/JMP_Predict_CPU/JMP_Predict_CPU.srcs/sources_1/new/BPB.v" into library xil_defaultlib
INFO: [VRFC 10-311] analyzing module BPB
INFO: [VRFC 10-2263] Analyzing Verilog file "D:/Xilinx/Vivado/projects-ps/JMP_Predict_CPU/JMP_Predict_CPU.srcs/sources_1/new/BubleDel.v" into library xil_defaultlib
INFO: [VRFC 10-311] analyzing module BubleDel
INFO: [VRFC 10-2263] Analyzing Verilog file "D:/Xilinx/Vivado/projects-ps/JMP_Predict_CPU/JMP_Predict_CPU.srcs/sources_1/new/CPU.v" into library xil_defaultlib
INFO: [VRFC 10-311] analyzing module CPU
WARNING: [VRFC 10-3248] data object 'Branch' is already declared [D:/Xilinx/Vivado/projects-ps/JMP_Predict_CPU/JMP_Predict_CPU.srcs/sources_1/new/CPU.v:52]
WARNING: [VRFC 10-9364] second declaration of 'Branch' is ignored [D:/Xilinx/Vivado/projects-ps/JMP_Predict_CPU/JMP_Predict_CPU.srcs/sources_1/new/CPU.v:52]
WARNING: [VRFC 10-3380] identifier 'actual_branchtaken' is used before its declaration [D:/Xilinx/Vivado/projects-ps/JMP_Predict_CPU/JMP_Predict_CPU.srcs/sources_1/new/CPU.v:36]
WARNING: [VRFC 10-3380] identifier 'Predict_jmp_taken' is used before its declaration [D:/Xilinx/Vivado/projects-ps/JMP_Predict_CPU/JMP_Predict_CPU.srcs/sources_1/new/CPU.v:37]
WARNING: [VRFC 10-3380] identifier 'PredictJump_EX' is used before its declaration [D:/Xilinx/Vivado/projects-ps/JMP_Predict_CPU/JMP_Predict_CPU.srcs/sources_1/new/CPU.v:38]
WARNING: [VRFC 10-3380] identifier 'ALU_SRCA' is used before its declaration [D:/Xilinx/Vivado/projects-ps/JMP_Predict_CPU/JMP_Predict_CPU.srcs/sources_1/new/CPU.v:56]
INFO: [VRFC 10-2263] Analyzing Verilog file "D:/Xilinx/Vivado/projects-ps/JMP_Predict_CPU/JMP_Predict_CPU.srcs/sources_1/new/CU.v" into library xil_defaultlib
INFO: [VRFC 10-311] analyzing module CU
INFO: [VRFC 10-2263] Analyzing Verilog file "D:/Xilinx/Vivado/projects-ps/JMP_Predict_CPU/JMP_Predict_CPU.srcs/sources_1/new/EXMEM.v" into library xil_defaultlib
INFO: [VRFC 10-311] analyzing module EXMEM
INFO: [VRFC 10-2263] Analyzing Verilog file "D:/Xilinx/Vivado/projects-ps/JMP_Predict_CPU/JMP_Predict_CPU.srcs/sources_1/new/IDEX.v" into library xil_defaultlib
INFO: [VRFC 10-311] analyzing module IDEX
INFO: [VRFC 10-2263] Analyzing Verilog file "D:/Xilinx/Vivado/projects-ps/JMP_Predict_CPU/JMP_Predict_CPU.srcs/sources_1/new/IFID.v" into library xil_defaultlib
INFO: [VRFC 10-311] analyzing module IFID
INFO: [VRFC 10-2263] Analyzing Verilog file "D:/Xilinx/Vivado/projects-ps/JMP_Predict_CPU/JMP_Predict_CPU.srcs/sources_1/new/MEMWB.v" into library xil_defaultlib
INFO: [VRFC 10-311] analyzing module MEMWB
INFO: [VRFC 10-2263] Analyzing Verilog file "D:/Xilinx/Vivado/projects-ps/JMP_Predict_CPU/JMP_Predict_CPU.srcs/sources_1/new/PC.v" into library xil_defaultlib
INFO: [VRFC 10-311] analyzing module PC
INFO: [VRFC 10-2263] Analyzing Verilog file "D:/Xilinx/Vivado/projects-ps/JMP_Predict_CPU/JMP_Predict_CPU.srcs/sources_1/new/RegFile.v" into library xil_defaultlib
INFO: [VRFC 10-311] analyzing module RegFile
INFO: [VRFC 10-2263] Analyzing Verilog file "D:/Xilinx/Vivado/projects-ps/JMP_Predict_CPU/JMP_Predict_CPU.srcs/sim_1/new/sim_cpu.v" into library xil_defaultlib
INFO: [VRFC 10-311] analyzing module sim_cpu
WARNING: [VRFC 10-8956] extra semicolon is not allowed here in this dialect; use SystemVerilog mode instead [D:/Xilinx/Vivado/projects-ps/JMP_Predict_CPU/JMP_Predict_CPU.srcs/sim_1/new/sim_cpu.v:12]
INFO: [USF-XSim-69] 'compile' step finished in '3' seconds
INFO: [USF-XSim-3] XSim::Elaborate design
INFO: [USF-XSim-61] Executing 'ELABORATE' step in 'D:/Xilinx/Vivado/projects-ps/JMP_Predict_CPU/JMP_Predict_CPU.sim/sim_1/behav/xsim'
"xelab --incr --debug typical --relax --mt 2 -L xil_defaultlib -L dist_mem_gen_v8_0_13 -L unisims_ver -L unimacro_ver -L secureip -L xpm --snapshot sim_cpu_behav xil_defaultlib.sim_cpu xil_defaultlib.glbl -log elaborate.log"
Vivado Simulator v2022.1
Copyright 1986-1999, 2001-2022 Xilinx, Inc. All Rights Reserved.
Running: D:/Xilinx/Vivado/2022.1/bin/unwrapped/win64.o/xelab.exe --incr --debug typical --relax --mt 2 -L xil_defaultlib -L dist_mem_gen_v8_0_13 -L unisims_ver -L unimacro_ver -L secureip -L xpm --snapshot sim_cpu_behav xil_defaultlib.sim_cpu xil_defaultlib.glbl -log elaborate.log 
Using 2 slave threads.
Starting static elaboration
Pass Through NonSizing Optimizer
WARNING: [VRFC 10-5021] port 'go' is not connected on this instance [D:/Xilinx/Vivado/projects-ps/JMP_Predict_CPU/JMP_Predict_CPU.srcs/sim_1/new/sim_cpu.v:7]
Completed static elaboration
Starting simulation data flow analysis
Completed simulation data flow analysis
Time Resolution for simulation is 1ps
Compiling module xil_defaultlib.PC
Compiling module xil_defaultlib.BPB_default
Compiling module dist_mem_gen_v8_0_13.dist_mem_gen_v8_0_13(C_FAMILY="a...
Compiling module xil_defaultlib.CS_DRAM
Compiling module xil_defaultlib.IFID
Compiling module xil_defaultlib.BubleDel
Compiling module xil_defaultlib.CU
Compiling module xil_defaultlib.RegFile
Compiling module xil_defaultlib.IDEX
Compiling module xil_defaultlib.ALU
Compiling module xil_defaultlib.EXMEM
Compiling module dist_mem_gen_v8_0_13.dist_mem_gen_v8_0_13(C_FAMILY="a...
Compiling module xil_defaultlib.DS_DRAM
Compiling module xil_defaultlib.MEMWB
Compiling module xil_defaultlib.CPU
Compiling module xil_defaultlib.sim_cpu
Compiling module xil_defaultlib.glbl
Built simulation snapshot sim_cpu_behav
INFO: [USF-XSim-69] 'elaborate' step finished in '4' seconds
INFO: [USF-XSim-4] XSim::Simulate design
INFO: [USF-XSim-61] Executing 'SIMULATE' step in 'D:/Xilinx/Vivado/projects-ps/JMP_Predict_CPU/JMP_Predict_CPU.sim/sim_1/behav/xsim'
INFO: [USF-XSim-98] *** Running xsim
   with args "sim_cpu_behav -key {Behavioral:sim_1:Functional:sim_cpu} -tclbatch {sim_cpu.tcl} -log {simulate.log}"
INFO: [USF-XSim-8] Loading simulator feature
Time resolution is 1 ps
source sim_cpu.tcl
# set curr_wave [current_wave_config]
# if { [string length $curr_wave] == 0 } {
#   if { [llength [get_objects]] > 0} {
#     add_wave /
#     set_property needs_save false [current_wave_config]
#   } else {
#      send_msg_id Add_Wave-1 WARNING "No top level signals found. Simulator will start without a wave window. If you want to open a wave window go to 'File->New Waveform Configuration' or type 'create_wave_config' in the TCL console."
#   }
# }
# log_wave -r /
# run 45000ns
WARNING: This core is supplied with a behavioral model. To model cycle-accurate behavior you must run timing simulation.
WARNING: This core is supplied with a behavioral model. To model cycle-accurate behavior you must run timing simulation.
WARNING in sim_cpu.CPU_0.CS_0.inst at time                 5000 ns: 
Reading from out-of-range address. Max address in sim_cpu.CPU_0.CS_0.inst is        1023
INFO: [USF-XSim-96] XSim completed. Design snapshot 'sim_cpu_behav' loaded.
INFO: [USF-XSim-97] XSim simulation ran for 45000ns
launch_simulation: Time (s): cpu = 00:00:02 ; elapsed = 00:00:11 . Memory (MB): peak = 1573.969 ; gain = 0.000
close_sim
INFO: [Simtcl 6-16] Simulation closed
launch_simulation
Command: launch_simulation 
INFO: [Vivado 12-12493] Simulation top is 'sim_cpu'
WARNING: [Vivado 12-13340] Unable to auto find GCC executables from simulator install path! (path not set)
WARNING: [Vivado 12-13277] Compiled library path does not exist: ''
INFO: [Vivado 12-5698] Checking validity of IPs in the design for the 'XSim' simulator...
INFO: [Runs 36-567] Checking/generating simulation output products for IPs/BDs (if any)...
INFO: [Vivado 12-5682] Launching behavioral simulation in 'D:/Xilinx/Vivado/projects-ps/JMP_Predict_CPU/JMP_Predict_CPU.sim/sim_1/behav/xsim'
INFO: [Vivado 12-4795] Using compiled simulation libraries for IPs
INFO: [SIM-utils-51] Simulation object is 'sim_1'
INFO: [SIM-utils-72] Using boost library from 'D:/Xilinx/Vivado/2022.1/tps/boost_1_72_0'
INFO: [USF-XSim-7] Finding pre-compiled libraries...
INFO: [USF-XSim-11] File 'D:/Xilinx/Vivado/2022.1/data/xsim/xsim.ini' copied to run dir:'D:/Xilinx/Vivado/projects-ps/JMP_Predict_CPU/JMP_Predict_CPU.sim/sim_1/behav/xsim'
INFO: [SIM-utils-54] Inspecting design source files for 'sim_cpu' in fileset 'sim_1'...
INFO: [SIM-utils-43] Exported 'D:/Xilinx/Vivado/projects-ps/JMP_Predict_CPU/JMP_Predict_CPU.sim/sim_1/behav/xsim/CS_DRAM.mif'
INFO: [SIM-utils-43] Exported 'D:/Xilinx/Vivado/projects-ps/JMP_Predict_CPU/JMP_Predict_CPU.sim/sim_1/behav/xsim/28_ins_test.coe'
INFO: [SIM-utils-43] Exported 'D:/Xilinx/Vivado/projects-ps/JMP_Predict_CPU/JMP_Predict_CPU.sim/sim_1/behav/xsim/benchmark.coe'
INFO: [SIM-utils-43] Exported 'D:/Xilinx/Vivado/projects-ps/JMP_Predict_CPU/JMP_Predict_CPU.sim/sim_1/behav/xsim/benchmark1.coe'
INFO: [SIM-utils-43] Exported 'D:/Xilinx/Vivado/projects-ps/JMP_Predict_CPU/JMP_Predict_CPU.sim/sim_1/behav/xsim/benchmark2.coe'
INFO: [USF-XSim-97] Finding global include files...
INFO: [USF-XSim-98] Fetching design files from 'sim_1'...
INFO: [USF-XSim-2] XSim::Compile design
INFO: [USF-XSim-61] Executing 'COMPILE and ANALYZE' step in 'D:/Xilinx/Vivado/projects-ps/JMP_Predict_CPU/JMP_Predict_CPU.sim/sim_1/behav/xsim'
"xvlog --incr --relax -prj sim_cpu_vlog.prj"
INFO: [VRFC 10-2263] Analyzing Verilog file "D:/Xilinx/Vivado/projects-ps/JMP_Predict_CPU/JMP_Predict_CPU.gen/sources_1/ip/DS_DRAM/sim/DS_DRAM.v" into library xil_defaultlib
INFO: [VRFC 10-311] analyzing module DS_DRAM
INFO: [VRFC 10-2263] Analyzing Verilog file "D:/Xilinx/Vivado/projects-ps/JMP_Predict_CPU/JMP_Predict_CPU.gen/sources_1/ip/CS_DRAM/sim/CS_DRAM.v" into library xil_defaultlib
INFO: [VRFC 10-311] analyzing module CS_DRAM
INFO: [VRFC 10-2263] Analyzing Verilog file "D:/Xilinx/Vivado/projects-ps/JMP_Predict_CPU/JMP_Predict_CPU.srcs/sources_1/new/ALU.v" into library xil_defaultlib
INFO: [VRFC 10-311] analyzing module ALU
INFO: [VRFC 10-2263] Analyzing Verilog file "D:/Xilinx/Vivado/projects-ps/JMP_Predict_CPU/JMP_Predict_CPU.srcs/sources_1/new/BPB.v" into library xil_defaultlib
INFO: [VRFC 10-311] analyzing module BPB
INFO: [VRFC 10-2263] Analyzing Verilog file "D:/Xilinx/Vivado/projects-ps/JMP_Predict_CPU/JMP_Predict_CPU.srcs/sources_1/new/BubleDel.v" into library xil_defaultlib
INFO: [VRFC 10-311] analyzing module BubleDel
INFO: [VRFC 10-2263] Analyzing Verilog file "D:/Xilinx/Vivado/projects-ps/JMP_Predict_CPU/JMP_Predict_CPU.srcs/sources_1/new/CPU.v" into library xil_defaultlib
INFO: [VRFC 10-311] analyzing module CPU
WARNING: [VRFC 10-3248] data object 'Branch' is already declared [D:/Xilinx/Vivado/projects-ps/JMP_Predict_CPU/JMP_Predict_CPU.srcs/sources_1/new/CPU.v:52]
WARNING: [VRFC 10-9364] second declaration of 'Branch' is ignored [D:/Xilinx/Vivado/projects-ps/JMP_Predict_CPU/JMP_Predict_CPU.srcs/sources_1/new/CPU.v:52]
WARNING: [VRFC 10-3380] identifier 'actual_branchtaken' is used before its declaration [D:/Xilinx/Vivado/projects-ps/JMP_Predict_CPU/JMP_Predict_CPU.srcs/sources_1/new/CPU.v:36]
WARNING: [VRFC 10-3380] identifier 'Predict_jmp_taken' is used before its declaration [D:/Xilinx/Vivado/projects-ps/JMP_Predict_CPU/JMP_Predict_CPU.srcs/sources_1/new/CPU.v:37]
WARNING: [VRFC 10-3380] identifier 'PredictJump_EX' is used before its declaration [D:/Xilinx/Vivado/projects-ps/JMP_Predict_CPU/JMP_Predict_CPU.srcs/sources_1/new/CPU.v:38]
WARNING: [VRFC 10-3380] identifier 'ALU_SRCA' is used before its declaration [D:/Xilinx/Vivado/projects-ps/JMP_Predict_CPU/JMP_Predict_CPU.srcs/sources_1/new/CPU.v:56]
INFO: [VRFC 10-2263] Analyzing Verilog file "D:/Xilinx/Vivado/projects-ps/JMP_Predict_CPU/JMP_Predict_CPU.srcs/sources_1/new/CU.v" into library xil_defaultlib
INFO: [VRFC 10-311] analyzing module CU
INFO: [VRFC 10-2263] Analyzing Verilog file "D:/Xilinx/Vivado/projects-ps/JMP_Predict_CPU/JMP_Predict_CPU.srcs/sources_1/new/EXMEM.v" into library xil_defaultlib
INFO: [VRFC 10-311] analyzing module EXMEM
INFO: [VRFC 10-2263] Analyzing Verilog file "D:/Xilinx/Vivado/projects-ps/JMP_Predict_CPU/JMP_Predict_CPU.srcs/sources_1/new/IDEX.v" into library xil_defaultlib
INFO: [VRFC 10-311] analyzing module IDEX
INFO: [VRFC 10-2263] Analyzing Verilog file "D:/Xilinx/Vivado/projects-ps/JMP_Predict_CPU/JMP_Predict_CPU.srcs/sources_1/new/IFID.v" into library xil_defaultlib
INFO: [VRFC 10-311] analyzing module IFID
INFO: [VRFC 10-2263] Analyzing Verilog file "D:/Xilinx/Vivado/projects-ps/JMP_Predict_CPU/JMP_Predict_CPU.srcs/sources_1/new/MEMWB.v" into library xil_defaultlib
INFO: [VRFC 10-311] analyzing module MEMWB
INFO: [VRFC 10-2263] Analyzing Verilog file "D:/Xilinx/Vivado/projects-ps/JMP_Predict_CPU/JMP_Predict_CPU.srcs/sources_1/new/PC.v" into library xil_defaultlib
INFO: [VRFC 10-311] analyzing module PC
INFO: [VRFC 10-2263] Analyzing Verilog file "D:/Xilinx/Vivado/projects-ps/JMP_Predict_CPU/JMP_Predict_CPU.srcs/sources_1/new/RegFile.v" into library xil_defaultlib
INFO: [VRFC 10-311] analyzing module RegFile
INFO: [VRFC 10-2263] Analyzing Verilog file "D:/Xilinx/Vivado/projects-ps/JMP_Predict_CPU/JMP_Predict_CPU.srcs/sim_1/new/sim_cpu.v" into library xil_defaultlib
INFO: [VRFC 10-311] analyzing module sim_cpu
INFO: [USF-XSim-69] 'compile' step finished in '1' seconds
INFO: [USF-XSim-3] XSim::Elaborate design
INFO: [USF-XSim-61] Executing 'ELABORATE' step in 'D:/Xilinx/Vivado/projects-ps/JMP_Predict_CPU/JMP_Predict_CPU.sim/sim_1/behav/xsim'
"xelab --incr --debug typical --relax --mt 2 -L xil_defaultlib -L dist_mem_gen_v8_0_13 -L unisims_ver -L unimacro_ver -L secureip -L xpm --snapshot sim_cpu_behav xil_defaultlib.sim_cpu xil_defaultlib.glbl -log elaborate.log"
Vivado Simulator v2022.1
Copyright 1986-1999, 2001-2022 Xilinx, Inc. All Rights Reserved.
Running: D:/Xilinx/Vivado/2022.1/bin/unwrapped/win64.o/xelab.exe --incr --debug typical --relax --mt 2 -L xil_defaultlib -L dist_mem_gen_v8_0_13 -L unisims_ver -L unimacro_ver -L secureip -L xpm --snapshot sim_cpu_behav xil_defaultlib.sim_cpu xil_defaultlib.glbl -log elaborate.log 
Using 2 slave threads.
Starting static elaboration
Pass Through NonSizing Optimizer
WARNING: [VRFC 10-5021] port 'go' is not connected on this instance [D:/Xilinx/Vivado/projects-ps/JMP_Predict_CPU/JMP_Predict_CPU.srcs/sim_1/new/sim_cpu.v:7]
Completed static elaboration
Starting simulation data flow analysis
Completed simulation data flow analysis
Time Resolution for simulation is 1ps
Compiling module xil_defaultlib.PC
Compiling module xil_defaultlib.BPB_default
Compiling module dist_mem_gen_v8_0_13.dist_mem_gen_v8_0_13(C_FAMILY="a...
Compiling module xil_defaultlib.CS_DRAM
Compiling module xil_defaultlib.IFID
Compiling module xil_defaultlib.BubleDel
Compiling module xil_defaultlib.CU
Compiling module xil_defaultlib.RegFile
Compiling module xil_defaultlib.IDEX
Compiling module xil_defaultlib.ALU
Compiling module xil_defaultlib.EXMEM
Compiling module dist_mem_gen_v8_0_13.dist_mem_gen_v8_0_13(C_FAMILY="a...
Compiling module xil_defaultlib.DS_DRAM
Compiling module xil_defaultlib.MEMWB
Compiling module xil_defaultlib.CPU
Compiling module xil_defaultlib.sim_cpu
Compiling module xil_defaultlib.glbl
Built simulation snapshot sim_cpu_behav
INFO: [USF-XSim-69] 'elaborate' step finished in '4' seconds
INFO: [USF-XSim-4] XSim::Simulate design
INFO: [USF-XSim-61] Executing 'SIMULATE' step in 'D:/Xilinx/Vivado/projects-ps/JMP_Predict_CPU/JMP_Predict_CPU.sim/sim_1/behav/xsim'
INFO: [USF-XSim-98] *** Running xsim
   with args "sim_cpu_behav -key {Behavioral:sim_1:Functional:sim_cpu} -tclbatch {sim_cpu.tcl} -log {simulate.log}"
INFO: [USF-XSim-8] Loading simulator feature
Time resolution is 1 ps
source sim_cpu.tcl
# set curr_wave [current_wave_config]
# if { [string length $curr_wave] == 0 } {
#   if { [llength [get_objects]] > 0} {
#     add_wave /
#     set_property needs_save false [current_wave_config]
#   } else {
#      send_msg_id Add_Wave-1 WARNING "No top level signals found. Simulator will start without a wave window. If you want to open a wave window go to 'File->New Waveform Configuration' or type 'create_wave_config' in the TCL console."
#   }
# }
# log_wave -r /
# run 45000ns
WARNING: This core is supplied with a behavioral model. To model cycle-accurate behavior you must run timing simulation.
WARNING: This core is supplied with a behavioral model. To model cycle-accurate behavior you must run timing simulation.
WARNING in sim_cpu.CPU_0.CS_0.inst at time                 5000 ns: 
Reading from out-of-range address. Max address in sim_cpu.CPU_0.CS_0.inst is        1023
INFO: [USF-XSim-96] XSim completed. Design snapshot 'sim_cpu_behav' loaded.
INFO: [USF-XSim-97] XSim simulation ran for 45000ns
launch_simulation: Time (s): cpu = 00:00:02 ; elapsed = 00:00:08 . Memory (MB): peak = 1573.969 ; gain = 0.000
close_sim
INFO: [Simtcl 6-16] Simulation closed
launch_simulation
Command: launch_simulation 
INFO: [Vivado 12-12493] Simulation top is 'sim_cpu'
WARNING: [Vivado 12-13340] Unable to auto find GCC executables from simulator install path! (path not set)
WARNING: [Vivado 12-13277] Compiled library path does not exist: ''
INFO: [Vivado 12-5698] Checking validity of IPs in the design for the 'XSim' simulator...
INFO: [Runs 36-567] Checking/generating simulation output products for IPs/BDs (if any)...
INFO: [Vivado 12-5682] Launching behavioral simulation in 'D:/Xilinx/Vivado/projects-ps/JMP_Predict_CPU/JMP_Predict_CPU.sim/sim_1/behav/xsim'
INFO: [Vivado 12-4795] Using compiled simulation libraries for IPs
INFO: [SIM-utils-51] Simulation object is 'sim_1'
INFO: [SIM-utils-72] Using boost library from 'D:/Xilinx/Vivado/2022.1/tps/boost_1_72_0'
INFO: [USF-XSim-7] Finding pre-compiled libraries...
INFO: [USF-XSim-11] File 'D:/Xilinx/Vivado/2022.1/data/xsim/xsim.ini' copied to run dir:'D:/Xilinx/Vivado/projects-ps/JMP_Predict_CPU/JMP_Predict_CPU.sim/sim_1/behav/xsim'
INFO: [SIM-utils-54] Inspecting design source files for 'sim_cpu' in fileset 'sim_1'...
INFO: [SIM-utils-43] Exported 'D:/Xilinx/Vivado/projects-ps/JMP_Predict_CPU/JMP_Predict_CPU.sim/sim_1/behav/xsim/CS_DRAM.mif'
INFO: [SIM-utils-43] Exported 'D:/Xilinx/Vivado/projects-ps/JMP_Predict_CPU/JMP_Predict_CPU.sim/sim_1/behav/xsim/28_ins_test.coe'
INFO: [SIM-utils-43] Exported 'D:/Xilinx/Vivado/projects-ps/JMP_Predict_CPU/JMP_Predict_CPU.sim/sim_1/behav/xsim/benchmark.coe'
INFO: [SIM-utils-43] Exported 'D:/Xilinx/Vivado/projects-ps/JMP_Predict_CPU/JMP_Predict_CPU.sim/sim_1/behav/xsim/benchmark1.coe'
INFO: [SIM-utils-43] Exported 'D:/Xilinx/Vivado/projects-ps/JMP_Predict_CPU/JMP_Predict_CPU.sim/sim_1/behav/xsim/benchmark2.coe'
INFO: [USF-XSim-97] Finding global include files...
INFO: [USF-XSim-98] Fetching design files from 'sim_1'...
INFO: [USF-XSim-2] XSim::Compile design
INFO: [USF-XSim-61] Executing 'COMPILE and ANALYZE' step in 'D:/Xilinx/Vivado/projects-ps/JMP_Predict_CPU/JMP_Predict_CPU.sim/sim_1/behav/xsim'
"xvlog --incr --relax -prj sim_cpu_vlog.prj"
INFO: [VRFC 10-2263] Analyzing Verilog file "D:/Xilinx/Vivado/projects-ps/JMP_Predict_CPU/JMP_Predict_CPU.gen/sources_1/ip/DS_DRAM/sim/DS_DRAM.v" into library xil_defaultlib
INFO: [VRFC 10-311] analyzing module DS_DRAM
INFO: [VRFC 10-2263] Analyzing Verilog file "D:/Xilinx/Vivado/projects-ps/JMP_Predict_CPU/JMP_Predict_CPU.gen/sources_1/ip/CS_DRAM/sim/CS_DRAM.v" into library xil_defaultlib
INFO: [VRFC 10-311] analyzing module CS_DRAM
INFO: [VRFC 10-2263] Analyzing Verilog file "D:/Xilinx/Vivado/projects-ps/JMP_Predict_CPU/JMP_Predict_CPU.srcs/sources_1/new/ALU.v" into library xil_defaultlib
INFO: [VRFC 10-311] analyzing module ALU
INFO: [VRFC 10-2263] Analyzing Verilog file "D:/Xilinx/Vivado/projects-ps/JMP_Predict_CPU/JMP_Predict_CPU.srcs/sources_1/new/BPB.v" into library xil_defaultlib
INFO: [VRFC 10-311] analyzing module BPB
INFO: [VRFC 10-2263] Analyzing Verilog file "D:/Xilinx/Vivado/projects-ps/JMP_Predict_CPU/JMP_Predict_CPU.srcs/sources_1/new/BubleDel.v" into library xil_defaultlib
INFO: [VRFC 10-311] analyzing module BubleDel
INFO: [VRFC 10-2263] Analyzing Verilog file "D:/Xilinx/Vivado/projects-ps/JMP_Predict_CPU/JMP_Predict_CPU.srcs/sources_1/new/CPU.v" into library xil_defaultlib
INFO: [VRFC 10-311] analyzing module CPU
WARNING: [VRFC 10-3248] data object 'Branch' is already declared [D:/Xilinx/Vivado/projects-ps/JMP_Predict_CPU/JMP_Predict_CPU.srcs/sources_1/new/CPU.v:52]
WARNING: [VRFC 10-9364] second declaration of 'Branch' is ignored [D:/Xilinx/Vivado/projects-ps/JMP_Predict_CPU/JMP_Predict_CPU.srcs/sources_1/new/CPU.v:52]
WARNING: [VRFC 10-3380] identifier 'actual_branchtaken' is used before its declaration [D:/Xilinx/Vivado/projects-ps/JMP_Predict_CPU/JMP_Predict_CPU.srcs/sources_1/new/CPU.v:36]
WARNING: [VRFC 10-3380] identifier 'Predict_jmp_taken' is used before its declaration [D:/Xilinx/Vivado/projects-ps/JMP_Predict_CPU/JMP_Predict_CPU.srcs/sources_1/new/CPU.v:37]
WARNING: [VRFC 10-3380] identifier 'PredictJump_EX' is used before its declaration [D:/Xilinx/Vivado/projects-ps/JMP_Predict_CPU/JMP_Predict_CPU.srcs/sources_1/new/CPU.v:38]
WARNING: [VRFC 10-3380] identifier 'ALU_SRCA' is used before its declaration [D:/Xilinx/Vivado/projects-ps/JMP_Predict_CPU/JMP_Predict_CPU.srcs/sources_1/new/CPU.v:56]
INFO: [VRFC 10-2263] Analyzing Verilog file "D:/Xilinx/Vivado/projects-ps/JMP_Predict_CPU/JMP_Predict_CPU.srcs/sources_1/new/CU.v" into library xil_defaultlib
INFO: [VRFC 10-311] analyzing module CU
INFO: [VRFC 10-2263] Analyzing Verilog file "D:/Xilinx/Vivado/projects-ps/JMP_Predict_CPU/JMP_Predict_CPU.srcs/sources_1/new/EXMEM.v" into library xil_defaultlib
INFO: [VRFC 10-311] analyzing module EXMEM
INFO: [VRFC 10-2263] Analyzing Verilog file "D:/Xilinx/Vivado/projects-ps/JMP_Predict_CPU/JMP_Predict_CPU.srcs/sources_1/new/IDEX.v" into library xil_defaultlib
INFO: [VRFC 10-311] analyzing module IDEX
INFO: [VRFC 10-2263] Analyzing Verilog file "D:/Xilinx/Vivado/projects-ps/JMP_Predict_CPU/JMP_Predict_CPU.srcs/sources_1/new/IFID.v" into library xil_defaultlib
INFO: [VRFC 10-311] analyzing module IFID
INFO: [VRFC 10-2263] Analyzing Verilog file "D:/Xilinx/Vivado/projects-ps/JMP_Predict_CPU/JMP_Predict_CPU.srcs/sources_1/new/MEMWB.v" into library xil_defaultlib
INFO: [VRFC 10-311] analyzing module MEMWB
INFO: [VRFC 10-2263] Analyzing Verilog file "D:/Xilinx/Vivado/projects-ps/JMP_Predict_CPU/JMP_Predict_CPU.srcs/sources_1/new/PC.v" into library xil_defaultlib
INFO: [VRFC 10-311] analyzing module PC
INFO: [VRFC 10-2263] Analyzing Verilog file "D:/Xilinx/Vivado/projects-ps/JMP_Predict_CPU/JMP_Predict_CPU.srcs/sources_1/new/RegFile.v" into library xil_defaultlib
INFO: [VRFC 10-311] analyzing module RegFile
INFO: [VRFC 10-2263] Analyzing Verilog file "D:/Xilinx/Vivado/projects-ps/JMP_Predict_CPU/JMP_Predict_CPU.srcs/sim_1/new/sim_cpu.v" into library xil_defaultlib
INFO: [VRFC 10-311] analyzing module sim_cpu
INFO: [USF-XSim-69] 'compile' step finished in '1' seconds
INFO: [USF-XSim-3] XSim::Elaborate design
INFO: [USF-XSim-61] Executing 'ELABORATE' step in 'D:/Xilinx/Vivado/projects-ps/JMP_Predict_CPU/JMP_Predict_CPU.sim/sim_1/behav/xsim'
"xelab --incr --debug typical --relax --mt 2 -L xil_defaultlib -L dist_mem_gen_v8_0_13 -L unisims_ver -L unimacro_ver -L secureip -L xpm --snapshot sim_cpu_behav xil_defaultlib.sim_cpu xil_defaultlib.glbl -log elaborate.log"
Vivado Simulator v2022.1
Copyright 1986-1999, 2001-2022 Xilinx, Inc. All Rights Reserved.
Running: D:/Xilinx/Vivado/2022.1/bin/unwrapped/win64.o/xelab.exe --incr --debug typical --relax --mt 2 -L xil_defaultlib -L dist_mem_gen_v8_0_13 -L unisims_ver -L unimacro_ver -L secureip -L xpm --snapshot sim_cpu_behav xil_defaultlib.sim_cpu xil_defaultlib.glbl -log elaborate.log 
Using 2 slave threads.
Starting static elaboration
Pass Through NonSizing Optimizer
WARNING: [VRFC 10-5021] port 'go' is not connected on this instance [D:/Xilinx/Vivado/projects-ps/JMP_Predict_CPU/JMP_Predict_CPU.srcs/sim_1/new/sim_cpu.v:7]
Completed static elaboration
Starting simulation data flow analysis
Completed simulation data flow analysis
Time Resolution for simulation is 1ps
Compiling module xil_defaultlib.PC
Compiling module xil_defaultlib.BPB_default
Compiling module dist_mem_gen_v8_0_13.dist_mem_gen_v8_0_13(C_FAMILY="a...
Compiling module xil_defaultlib.CS_DRAM
Compiling module xil_defaultlib.IFID
Compiling module xil_defaultlib.BubleDel
Compiling module xil_defaultlib.CU
Compiling module xil_defaultlib.RegFile
Compiling module xil_defaultlib.IDEX
Compiling module xil_defaultlib.ALU
Compiling module xil_defaultlib.EXMEM
Compiling module dist_mem_gen_v8_0_13.dist_mem_gen_v8_0_13(C_FAMILY="a...
Compiling module xil_defaultlib.DS_DRAM
Compiling module xil_defaultlib.MEMWB
Compiling module xil_defaultlib.CPU
Compiling module xil_defaultlib.sim_cpu
Compiling module xil_defaultlib.glbl
Built simulation snapshot sim_cpu_behav
INFO: [USF-XSim-69] 'elaborate' step finished in '4' seconds
INFO: [USF-XSim-4] XSim::Simulate design
INFO: [USF-XSim-61] Executing 'SIMULATE' step in 'D:/Xilinx/Vivado/projects-ps/JMP_Predict_CPU/JMP_Predict_CPU.sim/sim_1/behav/xsim'
INFO: [USF-XSim-98] *** Running xsim
   with args "sim_cpu_behav -key {Behavioral:sim_1:Functional:sim_cpu} -tclbatch {sim_cpu.tcl} -log {simulate.log}"
INFO: [USF-XSim-8] Loading simulator feature
Time resolution is 1 ps
source sim_cpu.tcl
# set curr_wave [current_wave_config]
# if { [string length $curr_wave] == 0 } {
#   if { [llength [get_objects]] > 0} {
#     add_wave /
#     set_property needs_save false [current_wave_config]
#   } else {
#      send_msg_id Add_Wave-1 WARNING "No top level signals found. Simulator will start without a wave window. If you want to open a wave window go to 'File->New Waveform Configuration' or type 'create_wave_config' in the TCL console."
#   }
# }
# log_wave -r /
# run 45000ns
WARNING: This core is supplied with a behavioral model. To model cycle-accurate behavior you must run timing simulation.
WARNING: This core is supplied with a behavioral model. To model cycle-accurate behavior you must run timing simulation.
WARNING in sim_cpu.CPU_0.CS_0.inst at time                 5000 ns: 
Reading from out-of-range address. Max address in sim_cpu.CPU_0.CS_0.inst is        1023
INFO: [USF-XSim-96] XSim completed. Design snapshot 'sim_cpu_behav' loaded.
INFO: [USF-XSim-97] XSim simulation ran for 45000ns
launch_simulation: Time (s): cpu = 00:00:02 ; elapsed = 00:00:07 . Memory (MB): peak = 1573.969 ; gain = 0.000
close_sim
INFO: [Simtcl 6-16] Simulation closed
launch_simulation
Command: launch_simulation 
INFO: [Vivado 12-12493] Simulation top is 'sim_cpu'
WARNING: [Vivado 12-13340] Unable to auto find GCC executables from simulator install path! (path not set)
WARNING: [Vivado 12-13277] Compiled library path does not exist: ''
INFO: [Vivado 12-5698] Checking validity of IPs in the design for the 'XSim' simulator...
INFO: [Runs 36-567] Checking/generating simulation output products for IPs/BDs (if any)...
INFO: [Vivado 12-5682] Launching behavioral simulation in 'D:/Xilinx/Vivado/projects-ps/JMP_Predict_CPU/JMP_Predict_CPU.sim/sim_1/behav/xsim'
INFO: [Vivado 12-4795] Using compiled simulation libraries for IPs
INFO: [SIM-utils-51] Simulation object is 'sim_1'
INFO: [SIM-utils-72] Using boost library from 'D:/Xilinx/Vivado/2022.1/tps/boost_1_72_0'
INFO: [USF-XSim-7] Finding pre-compiled libraries...
INFO: [USF-XSim-11] File 'D:/Xilinx/Vivado/2022.1/data/xsim/xsim.ini' copied to run dir:'D:/Xilinx/Vivado/projects-ps/JMP_Predict_CPU/JMP_Predict_CPU.sim/sim_1/behav/xsim'
INFO: [SIM-utils-54] Inspecting design source files for 'sim_cpu' in fileset 'sim_1'...
INFO: [SIM-utils-43] Exported 'D:/Xilinx/Vivado/projects-ps/JMP_Predict_CPU/JMP_Predict_CPU.sim/sim_1/behav/xsim/CS_DRAM.mif'
INFO: [SIM-utils-43] Exported 'D:/Xilinx/Vivado/projects-ps/JMP_Predict_CPU/JMP_Predict_CPU.sim/sim_1/behav/xsim/28_ins_test.coe'
INFO: [SIM-utils-43] Exported 'D:/Xilinx/Vivado/projects-ps/JMP_Predict_CPU/JMP_Predict_CPU.sim/sim_1/behav/xsim/benchmark.coe'
INFO: [SIM-utils-43] Exported 'D:/Xilinx/Vivado/projects-ps/JMP_Predict_CPU/JMP_Predict_CPU.sim/sim_1/behav/xsim/benchmark1.coe'
INFO: [SIM-utils-43] Exported 'D:/Xilinx/Vivado/projects-ps/JMP_Predict_CPU/JMP_Predict_CPU.sim/sim_1/behav/xsim/benchmark2.coe'
INFO: [USF-XSim-97] Finding global include files...
INFO: [USF-XSim-98] Fetching design files from 'sim_1'...
INFO: [USF-XSim-2] XSim::Compile design
INFO: [USF-XSim-61] Executing 'COMPILE and ANALYZE' step in 'D:/Xilinx/Vivado/projects-ps/JMP_Predict_CPU/JMP_Predict_CPU.sim/sim_1/behav/xsim'
"xvlog --incr --relax -prj sim_cpu_vlog.prj"
INFO: [VRFC 10-2263] Analyzing Verilog file "D:/Xilinx/Vivado/projects-ps/JMP_Predict_CPU/JMP_Predict_CPU.gen/sources_1/ip/DS_DRAM/sim/DS_DRAM.v" into library xil_defaultlib
INFO: [VRFC 10-311] analyzing module DS_DRAM
INFO: [VRFC 10-2263] Analyzing Verilog file "D:/Xilinx/Vivado/projects-ps/JMP_Predict_CPU/JMP_Predict_CPU.gen/sources_1/ip/CS_DRAM/sim/CS_DRAM.v" into library xil_defaultlib
INFO: [VRFC 10-311] analyzing module CS_DRAM
INFO: [VRFC 10-2263] Analyzing Verilog file "D:/Xilinx/Vivado/projects-ps/JMP_Predict_CPU/JMP_Predict_CPU.srcs/sources_1/new/ALU.v" into library xil_defaultlib
INFO: [VRFC 10-311] analyzing module ALU
INFO: [VRFC 10-2263] Analyzing Verilog file "D:/Xilinx/Vivado/projects-ps/JMP_Predict_CPU/JMP_Predict_CPU.srcs/sources_1/new/BPB.v" into library xil_defaultlib
INFO: [VRFC 10-311] analyzing module BPB
INFO: [VRFC 10-2263] Analyzing Verilog file "D:/Xilinx/Vivado/projects-ps/JMP_Predict_CPU/JMP_Predict_CPU.srcs/sources_1/new/BubleDel.v" into library xil_defaultlib
INFO: [VRFC 10-311] analyzing module BubleDel
INFO: [VRFC 10-2263] Analyzing Verilog file "D:/Xilinx/Vivado/projects-ps/JMP_Predict_CPU/JMP_Predict_CPU.srcs/sources_1/new/CPU.v" into library xil_defaultlib
INFO: [VRFC 10-311] analyzing module CPU
WARNING: [VRFC 10-3248] data object 'Branch' is already declared [D:/Xilinx/Vivado/projects-ps/JMP_Predict_CPU/JMP_Predict_CPU.srcs/sources_1/new/CPU.v:52]
WARNING: [VRFC 10-9364] second declaration of 'Branch' is ignored [D:/Xilinx/Vivado/projects-ps/JMP_Predict_CPU/JMP_Predict_CPU.srcs/sources_1/new/CPU.v:52]
WARNING: [VRFC 10-3380] identifier 'actual_branchtaken' is used before its declaration [D:/Xilinx/Vivado/projects-ps/JMP_Predict_CPU/JMP_Predict_CPU.srcs/sources_1/new/CPU.v:36]
WARNING: [VRFC 10-3380] identifier 'Predict_jmp_taken' is used before its declaration [D:/Xilinx/Vivado/projects-ps/JMP_Predict_CPU/JMP_Predict_CPU.srcs/sources_1/new/CPU.v:37]
WARNING: [VRFC 10-3380] identifier 'PredictJump_EX' is used before its declaration [D:/Xilinx/Vivado/projects-ps/JMP_Predict_CPU/JMP_Predict_CPU.srcs/sources_1/new/CPU.v:38]
WARNING: [VRFC 10-3380] identifier 'ALU_SRCA' is used before its declaration [D:/Xilinx/Vivado/projects-ps/JMP_Predict_CPU/JMP_Predict_CPU.srcs/sources_1/new/CPU.v:56]
INFO: [VRFC 10-2263] Analyzing Verilog file "D:/Xilinx/Vivado/projects-ps/JMP_Predict_CPU/JMP_Predict_CPU.srcs/sources_1/new/CU.v" into library xil_defaultlib
INFO: [VRFC 10-311] analyzing module CU
INFO: [VRFC 10-2263] Analyzing Verilog file "D:/Xilinx/Vivado/projects-ps/JMP_Predict_CPU/JMP_Predict_CPU.srcs/sources_1/new/EXMEM.v" into library xil_defaultlib
INFO: [VRFC 10-311] analyzing module EXMEM
INFO: [VRFC 10-2263] Analyzing Verilog file "D:/Xilinx/Vivado/projects-ps/JMP_Predict_CPU/JMP_Predict_CPU.srcs/sources_1/new/IDEX.v" into library xil_defaultlib
INFO: [VRFC 10-311] analyzing module IDEX
INFO: [VRFC 10-2263] Analyzing Verilog file "D:/Xilinx/Vivado/projects-ps/JMP_Predict_CPU/JMP_Predict_CPU.srcs/sources_1/new/IFID.v" into library xil_defaultlib
INFO: [VRFC 10-311] analyzing module IFID
INFO: [VRFC 10-2263] Analyzing Verilog file "D:/Xilinx/Vivado/projects-ps/JMP_Predict_CPU/JMP_Predict_CPU.srcs/sources_1/new/MEMWB.v" into library xil_defaultlib
INFO: [VRFC 10-311] analyzing module MEMWB
INFO: [VRFC 10-2263] Analyzing Verilog file "D:/Xilinx/Vivado/projects-ps/JMP_Predict_CPU/JMP_Predict_CPU.srcs/sources_1/new/PC.v" into library xil_defaultlib
INFO: [VRFC 10-311] analyzing module PC
INFO: [VRFC 10-2263] Analyzing Verilog file "D:/Xilinx/Vivado/projects-ps/JMP_Predict_CPU/JMP_Predict_CPU.srcs/sources_1/new/RegFile.v" into library xil_defaultlib
INFO: [VRFC 10-311] analyzing module RegFile
INFO: [VRFC 10-2263] Analyzing Verilog file "D:/Xilinx/Vivado/projects-ps/JMP_Predict_CPU/JMP_Predict_CPU.srcs/sim_1/new/sim_cpu.v" into library xil_defaultlib
INFO: [VRFC 10-311] analyzing module sim_cpu
INFO: [USF-XSim-69] 'compile' step finished in '1' seconds
INFO: [USF-XSim-3] XSim::Elaborate design
INFO: [USF-XSim-61] Executing 'ELABORATE' step in 'D:/Xilinx/Vivado/projects-ps/JMP_Predict_CPU/JMP_Predict_CPU.sim/sim_1/behav/xsim'
"xelab --incr --debug typical --relax --mt 2 -L xil_defaultlib -L dist_mem_gen_v8_0_13 -L unisims_ver -L unimacro_ver -L secureip -L xpm --snapshot sim_cpu_behav xil_defaultlib.sim_cpu xil_defaultlib.glbl -log elaborate.log"
Vivado Simulator v2022.1
Copyright 1986-1999, 2001-2022 Xilinx, Inc. All Rights Reserved.
Running: D:/Xilinx/Vivado/2022.1/bin/unwrapped/win64.o/xelab.exe --incr --debug typical --relax --mt 2 -L xil_defaultlib -L dist_mem_gen_v8_0_13 -L unisims_ver -L unimacro_ver -L secureip -L xpm --snapshot sim_cpu_behav xil_defaultlib.sim_cpu xil_defaultlib.glbl -log elaborate.log 
Using 2 slave threads.
Starting static elaboration
Pass Through NonSizing Optimizer
WARNING: [VRFC 10-5021] port 'go' is not connected on this instance [D:/Xilinx/Vivado/projects-ps/JMP_Predict_CPU/JMP_Predict_CPU.srcs/sim_1/new/sim_cpu.v:7]
Completed static elaboration
Starting simulation data flow analysis
Completed simulation data flow analysis
Time Resolution for simulation is 1ps
Compiling module xil_defaultlib.PC
Compiling module xil_defaultlib.BPB_default
Compiling module dist_mem_gen_v8_0_13.dist_mem_gen_v8_0_13(C_FAMILY="a...
Compiling module xil_defaultlib.CS_DRAM
Compiling module xil_defaultlib.IFID
Compiling module xil_defaultlib.BubleDel
Compiling module xil_defaultlib.CU
Compiling module xil_defaultlib.RegFile
Compiling module xil_defaultlib.IDEX
Compiling module xil_defaultlib.ALU
Compiling module xil_defaultlib.EXMEM
Compiling module dist_mem_gen_v8_0_13.dist_mem_gen_v8_0_13(C_FAMILY="a...
Compiling module xil_defaultlib.DS_DRAM
Compiling module xil_defaultlib.MEMWB
Compiling module xil_defaultlib.CPU
Compiling module xil_defaultlib.sim_cpu
Compiling module xil_defaultlib.glbl
Built simulation snapshot sim_cpu_behav
INFO: [USF-XSim-69] 'elaborate' step finished in '4' seconds
INFO: [USF-XSim-4] XSim::Simulate design
INFO: [USF-XSim-61] Executing 'SIMULATE' step in 'D:/Xilinx/Vivado/projects-ps/JMP_Predict_CPU/JMP_Predict_CPU.sim/sim_1/behav/xsim'
INFO: [USF-XSim-98] *** Running xsim
   with args "sim_cpu_behav -key {Behavioral:sim_1:Functional:sim_cpu} -tclbatch {sim_cpu.tcl} -log {simulate.log}"
INFO: [USF-XSim-8] Loading simulator feature
Time resolution is 1 ps
source sim_cpu.tcl
# set curr_wave [current_wave_config]
# if { [string length $curr_wave] == 0 } {
#   if { [llength [get_objects]] > 0} {
#     add_wave /
#     set_property needs_save false [current_wave_config]
#   } else {
#      send_msg_id Add_Wave-1 WARNING "No top level signals found. Simulator will start without a wave window. If you want to open a wave window go to 'File->New Waveform Configuration' or type 'create_wave_config' in the TCL console."
#   }
# }
# log_wave -r /
# run 45000ns
WARNING: This core is supplied with a behavioral model. To model cycle-accurate behavior you must run timing simulation.
WARNING: This core is supplied with a behavioral model. To model cycle-accurate behavior you must run timing simulation.
WARNING in sim_cpu.CPU_0.CS_0.inst at time              2495000 ns: 
Reading from out-of-range address. Max address in sim_cpu.CPU_0.CS_0.inst is        1023
INFO: [USF-XSim-96] XSim completed. Design snapshot 'sim_cpu_behav' loaded.
INFO: [USF-XSim-97] XSim simulation ran for 45000ns
launch_simulation: Time (s): cpu = 00:00:02 ; elapsed = 00:00:08 . Memory (MB): peak = 1573.969 ; gain = 0.000
close_sim
INFO: [Simtcl 6-16] Simulation closed
launch_simulation
Command: launch_simulation 
INFO: [Vivado 12-12493] Simulation top is 'sim_cpu'
WARNING: [Vivado 12-13340] Unable to auto find GCC executables from simulator install path! (path not set)
WARNING: [Vivado 12-13277] Compiled library path does not exist: ''
INFO: [Vivado 12-5698] Checking validity of IPs in the design for the 'XSim' simulator...
INFO: [Runs 36-567] Checking/generating simulation output products for IPs/BDs (if any)...
INFO: [Vivado 12-5682] Launching behavioral simulation in 'D:/Xilinx/Vivado/projects-ps/JMP_Predict_CPU/JMP_Predict_CPU.sim/sim_1/behav/xsim'
INFO: [Vivado 12-4795] Using compiled simulation libraries for IPs
INFO: [SIM-utils-51] Simulation object is 'sim_1'
INFO: [SIM-utils-72] Using boost library from 'D:/Xilinx/Vivado/2022.1/tps/boost_1_72_0'
INFO: [USF-XSim-7] Finding pre-compiled libraries...
INFO: [USF-XSim-11] File 'D:/Xilinx/Vivado/2022.1/data/xsim/xsim.ini' copied to run dir:'D:/Xilinx/Vivado/projects-ps/JMP_Predict_CPU/JMP_Predict_CPU.sim/sim_1/behav/xsim'
INFO: [SIM-utils-54] Inspecting design source files for 'sim_cpu' in fileset 'sim_1'...
INFO: [SIM-utils-43] Exported 'D:/Xilinx/Vivado/projects-ps/JMP_Predict_CPU/JMP_Predict_CPU.sim/sim_1/behav/xsim/CS_DRAM.mif'
INFO: [SIM-utils-43] Exported 'D:/Xilinx/Vivado/projects-ps/JMP_Predict_CPU/JMP_Predict_CPU.sim/sim_1/behav/xsim/28_ins_test.coe'
INFO: [SIM-utils-43] Exported 'D:/Xilinx/Vivado/projects-ps/JMP_Predict_CPU/JMP_Predict_CPU.sim/sim_1/behav/xsim/benchmark.coe'
INFO: [SIM-utils-43] Exported 'D:/Xilinx/Vivado/projects-ps/JMP_Predict_CPU/JMP_Predict_CPU.sim/sim_1/behav/xsim/benchmark1.coe'
INFO: [SIM-utils-43] Exported 'D:/Xilinx/Vivado/projects-ps/JMP_Predict_CPU/JMP_Predict_CPU.sim/sim_1/behav/xsim/benchmark2.coe'
INFO: [USF-XSim-97] Finding global include files...
INFO: [USF-XSim-98] Fetching design files from 'sim_1'...
INFO: [USF-XSim-2] XSim::Compile design
INFO: [USF-XSim-61] Executing 'COMPILE and ANALYZE' step in 'D:/Xilinx/Vivado/projects-ps/JMP_Predict_CPU/JMP_Predict_CPU.sim/sim_1/behav/xsim'
"xvlog --incr --relax -prj sim_cpu_vlog.prj"
INFO: [VRFC 10-2263] Analyzing Verilog file "D:/Xilinx/Vivado/projects-ps/JMP_Predict_CPU/JMP_Predict_CPU.gen/sources_1/ip/DS_DRAM/sim/DS_DRAM.v" into library xil_defaultlib
INFO: [VRFC 10-311] analyzing module DS_DRAM
INFO: [VRFC 10-2263] Analyzing Verilog file "D:/Xilinx/Vivado/projects-ps/JMP_Predict_CPU/JMP_Predict_CPU.gen/sources_1/ip/CS_DRAM/sim/CS_DRAM.v" into library xil_defaultlib
INFO: [VRFC 10-311] analyzing module CS_DRAM
INFO: [VRFC 10-2263] Analyzing Verilog file "D:/Xilinx/Vivado/projects-ps/JMP_Predict_CPU/JMP_Predict_CPU.srcs/sources_1/new/ALU.v" into library xil_defaultlib
INFO: [VRFC 10-311] analyzing module ALU
INFO: [VRFC 10-2263] Analyzing Verilog file "D:/Xilinx/Vivado/projects-ps/JMP_Predict_CPU/JMP_Predict_CPU.srcs/sources_1/new/BPB.v" into library xil_defaultlib
INFO: [VRFC 10-311] analyzing module BPB
INFO: [VRFC 10-2263] Analyzing Verilog file "D:/Xilinx/Vivado/projects-ps/JMP_Predict_CPU/JMP_Predict_CPU.srcs/sources_1/new/BubleDel.v" into library xil_defaultlib
INFO: [VRFC 10-311] analyzing module BubleDel
INFO: [VRFC 10-2263] Analyzing Verilog file "D:/Xilinx/Vivado/projects-ps/JMP_Predict_CPU/JMP_Predict_CPU.srcs/sources_1/new/CPU.v" into library xil_defaultlib
INFO: [VRFC 10-311] analyzing module CPU
WARNING: [VRFC 10-3248] data object 'Branch' is already declared [D:/Xilinx/Vivado/projects-ps/JMP_Predict_CPU/JMP_Predict_CPU.srcs/sources_1/new/CPU.v:52]
WARNING: [VRFC 10-9364] second declaration of 'Branch' is ignored [D:/Xilinx/Vivado/projects-ps/JMP_Predict_CPU/JMP_Predict_CPU.srcs/sources_1/new/CPU.v:52]
WARNING: [VRFC 10-3380] identifier 'actual_branchtaken' is used before its declaration [D:/Xilinx/Vivado/projects-ps/JMP_Predict_CPU/JMP_Predict_CPU.srcs/sources_1/new/CPU.v:36]
WARNING: [VRFC 10-3380] identifier 'Predict_jmp_taken' is used before its declaration [D:/Xilinx/Vivado/projects-ps/JMP_Predict_CPU/JMP_Predict_CPU.srcs/sources_1/new/CPU.v:37]
WARNING: [VRFC 10-3380] identifier 'PredictJump_EX' is used before its declaration [D:/Xilinx/Vivado/projects-ps/JMP_Predict_CPU/JMP_Predict_CPU.srcs/sources_1/new/CPU.v:38]
WARNING: [VRFC 10-3380] identifier 'ALU_SRCA' is used before its declaration [D:/Xilinx/Vivado/projects-ps/JMP_Predict_CPU/JMP_Predict_CPU.srcs/sources_1/new/CPU.v:56]
INFO: [VRFC 10-2263] Analyzing Verilog file "D:/Xilinx/Vivado/projects-ps/JMP_Predict_CPU/JMP_Predict_CPU.srcs/sources_1/new/CU.v" into library xil_defaultlib
INFO: [VRFC 10-311] analyzing module CU
INFO: [VRFC 10-2263] Analyzing Verilog file "D:/Xilinx/Vivado/projects-ps/JMP_Predict_CPU/JMP_Predict_CPU.srcs/sources_1/new/EXMEM.v" into library xil_defaultlib
INFO: [VRFC 10-311] analyzing module EXMEM
INFO: [VRFC 10-2263] Analyzing Verilog file "D:/Xilinx/Vivado/projects-ps/JMP_Predict_CPU/JMP_Predict_CPU.srcs/sources_1/new/IDEX.v" into library xil_defaultlib
INFO: [VRFC 10-311] analyzing module IDEX
INFO: [VRFC 10-2263] Analyzing Verilog file "D:/Xilinx/Vivado/projects-ps/JMP_Predict_CPU/JMP_Predict_CPU.srcs/sources_1/new/IFID.v" into library xil_defaultlib
INFO: [VRFC 10-311] analyzing module IFID
INFO: [VRFC 10-2263] Analyzing Verilog file "D:/Xilinx/Vivado/projects-ps/JMP_Predict_CPU/JMP_Predict_CPU.srcs/sources_1/new/MEMWB.v" into library xil_defaultlib
INFO: [VRFC 10-311] analyzing module MEMWB
INFO: [VRFC 10-2263] Analyzing Verilog file "D:/Xilinx/Vivado/projects-ps/JMP_Predict_CPU/JMP_Predict_CPU.srcs/sources_1/new/PC.v" into library xil_defaultlib
INFO: [VRFC 10-311] analyzing module PC
INFO: [VRFC 10-2263] Analyzing Verilog file "D:/Xilinx/Vivado/projects-ps/JMP_Predict_CPU/JMP_Predict_CPU.srcs/sources_1/new/RegFile.v" into library xil_defaultlib
INFO: [VRFC 10-311] analyzing module RegFile
INFO: [VRFC 10-2263] Analyzing Verilog file "D:/Xilinx/Vivado/projects-ps/JMP_Predict_CPU/JMP_Predict_CPU.srcs/sim_1/new/sim_cpu.v" into library xil_defaultlib
INFO: [VRFC 10-311] analyzing module sim_cpu
INFO: [USF-XSim-69] 'compile' step finished in '2' seconds
INFO: [USF-XSim-3] XSim::Elaborate design
INFO: [USF-XSim-61] Executing 'ELABORATE' step in 'D:/Xilinx/Vivado/projects-ps/JMP_Predict_CPU/JMP_Predict_CPU.sim/sim_1/behav/xsim'
"xelab --incr --debug typical --relax --mt 2 -L xil_defaultlib -L dist_mem_gen_v8_0_13 -L unisims_ver -L unimacro_ver -L secureip -L xpm --snapshot sim_cpu_behav xil_defaultlib.sim_cpu xil_defaultlib.glbl -log elaborate.log"
Vivado Simulator v2022.1
Copyright 1986-1999, 2001-2022 Xilinx, Inc. All Rights Reserved.
Running: D:/Xilinx/Vivado/2022.1/bin/unwrapped/win64.o/xelab.exe --incr --debug typical --relax --mt 2 -L xil_defaultlib -L dist_mem_gen_v8_0_13 -L unisims_ver -L unimacro_ver -L secureip -L xpm --snapshot sim_cpu_behav xil_defaultlib.sim_cpu xil_defaultlib.glbl -log elaborate.log 
Using 2 slave threads.
Starting static elaboration
Pass Through NonSizing Optimizer
WARNING: [VRFC 10-5021] port 'go' is not connected on this instance [D:/Xilinx/Vivado/projects-ps/JMP_Predict_CPU/JMP_Predict_CPU.srcs/sim_1/new/sim_cpu.v:7]
Completed static elaboration
Starting simulation data flow analysis
Completed simulation data flow analysis
Time Resolution for simulation is 1ps
Compiling module xil_defaultlib.PC
Compiling module xil_defaultlib.BPB_default
Compiling module dist_mem_gen_v8_0_13.dist_mem_gen_v8_0_13(C_FAMILY="a...
Compiling module xil_defaultlib.CS_DRAM
Compiling module xil_defaultlib.IFID
Compiling module xil_defaultlib.BubleDel
Compiling module xil_defaultlib.CU
Compiling module xil_defaultlib.RegFile
Compiling module xil_defaultlib.IDEX
Compiling module xil_defaultlib.ALU
Compiling module xil_defaultlib.EXMEM
Compiling module dist_mem_gen_v8_0_13.dist_mem_gen_v8_0_13(C_FAMILY="a...
Compiling module xil_defaultlib.DS_DRAM
Compiling module xil_defaultlib.MEMWB
Compiling module xil_defaultlib.CPU
Compiling module xil_defaultlib.sim_cpu
Compiling module xil_defaultlib.glbl
Built simulation snapshot sim_cpu_behav
INFO: [USF-XSim-69] 'elaborate' step finished in '4' seconds
INFO: [USF-XSim-4] XSim::Simulate design
INFO: [USF-XSim-61] Executing 'SIMULATE' step in 'D:/Xilinx/Vivado/projects-ps/JMP_Predict_CPU/JMP_Predict_CPU.sim/sim_1/behav/xsim'
INFO: [USF-XSim-98] *** Running xsim
   with args "sim_cpu_behav -key {Behavioral:sim_1:Functional:sim_cpu} -tclbatch {sim_cpu.tcl} -log {simulate.log}"
INFO: [USF-XSim-8] Loading simulator feature
Time resolution is 1 ps
source sim_cpu.tcl
# set curr_wave [current_wave_config]
# if { [string length $curr_wave] == 0 } {
#   if { [llength [get_objects]] > 0} {
#     add_wave /
#     set_property needs_save false [current_wave_config]
#   } else {
#      send_msg_id Add_Wave-1 WARNING "No top level signals found. Simulator will start without a wave window. If you want to open a wave window go to 'File->New Waveform Configuration' or type 'create_wave_config' in the TCL console."
#   }
# }
# log_wave -r /
# run 45000ns
WARNING: This core is supplied with a behavioral model. To model cycle-accurate behavior you must run timing simulation.
WARNING: This core is supplied with a behavioral model. To model cycle-accurate behavior you must run timing simulation.
WARNING in sim_cpu.CPU_0.CS_0.inst at time              2495000 ns: 
Reading from out-of-range address. Max address in sim_cpu.CPU_0.CS_0.inst is        1023
INFO: [USF-XSim-96] XSim completed. Design snapshot 'sim_cpu_behav' loaded.
INFO: [USF-XSim-97] XSim simulation ran for 45000ns
launch_simulation: Time (s): cpu = 00:00:02 ; elapsed = 00:00:08 . Memory (MB): peak = 1573.969 ; gain = 0.000
set_property -dict [list CONFIG.coefficient_file {D:/jump.coe}] [get_ips CS_DRAM]
INFO: [IP_Flow 19-3484] Absolute path of file 'd:/jump.coe' provided. It will be converted relative to IP Instance files '../../../../../../../../jump.coe'
generate_target all [get_files  D:/Xilinx/Vivado/projects-ps/JMP_Predict_CPU/JMP_Predict_CPU.srcs/sources_1/ip/CS_DRAM/CS_DRAM.xci]
INFO: [IP_Flow 19-1686] Generating 'Instantiation Template' target for IP 'CS_DRAM'...
INFO: [IP_Flow 19-1686] Generating 'Synthesis' target for IP 'CS_DRAM'...
INFO: [IP_Flow 19-1686] Generating 'Simulation' target for IP 'CS_DRAM'...
INFO: [IP_Flow 19-1686] Generating 'Change Log' target for IP 'CS_DRAM'...
export_ip_user_files -of_objects [get_files D:/Xilinx/Vivado/projects-ps/JMP_Predict_CPU/JMP_Predict_CPU.srcs/sources_1/ip/CS_DRAM/CS_DRAM.xci] -no_script -sync -force -quiet
export_simulation -of_objects [get_files D:/Xilinx/Vivado/projects-ps/JMP_Predict_CPU/JMP_Predict_CPU.srcs/sources_1/ip/CS_DRAM/CS_DRAM.xci] -directory D:/Xilinx/Vivado/projects-ps/JMP_Predict_CPU/JMP_Predict_CPU.ip_user_files/sim_scripts -ip_user_files_dir D:/Xilinx/Vivado/projects-ps/JMP_Predict_CPU/JMP_Predict_CPU.ip_user_files -ipstatic_source_dir D:/Xilinx/Vivado/projects-ps/JMP_Predict_CPU/JMP_Predict_CPU.ip_user_files/ipstatic -lib_map_path [list {modelsim=D:/Xilinx/Vivado/projects-ps/JMP_Predict_CPU/JMP_Predict_CPU.cache/compile_simlib/modelsim} {questa=D:/Xilinx/Vivado/projects-ps/JMP_Predict_CPU/JMP_Predict_CPU.cache/compile_simlib/questa} {riviera=D:/Xilinx/Vivado/projects-ps/JMP_Predict_CPU/JMP_Predict_CPU.cache/compile_simlib/riviera} {activehdl=D:/Xilinx/Vivado/projects-ps/JMP_Predict_CPU/JMP_Predict_CPU.cache/compile_simlib/activehdl}] -use_ip_compiled_libs -force -quiet
close_sim
INFO: [Simtcl 6-16] Simulation closed
launch_simulation
Command: launch_simulation 
INFO: [Vivado 12-12493] Simulation top is 'sim_cpu'
WARNING: [Vivado 12-13340] Unable to auto find GCC executables from simulator install path! (path not set)
WARNING: [Vivado 12-13277] Compiled library path does not exist: ''
INFO: [Vivado 12-5698] Checking validity of IPs in the design for the 'XSim' simulator...
INFO: [Runs 36-567] Checking/generating simulation output products for IPs/BDs (if any)...
INFO: [Vivado 12-5682] Launching behavioral simulation in 'D:/Xilinx/Vivado/projects-ps/JMP_Predict_CPU/JMP_Predict_CPU.sim/sim_1/behav/xsim'
INFO: [Vivado 12-4795] Using compiled simulation libraries for IPs
INFO: [SIM-utils-51] Simulation object is 'sim_1'
INFO: [SIM-utils-72] Using boost library from 'D:/Xilinx/Vivado/2022.1/tps/boost_1_72_0'
INFO: [USF-XSim-7] Finding pre-compiled libraries...
INFO: [USF-XSim-11] File 'D:/Xilinx/Vivado/2022.1/data/xsim/xsim.ini' copied to run dir:'D:/Xilinx/Vivado/projects-ps/JMP_Predict_CPU/JMP_Predict_CPU.sim/sim_1/behav/xsim'
INFO: [SIM-utils-54] Inspecting design source files for 'sim_cpu' in fileset 'sim_1'...
INFO: [SIM-utils-43] Exported 'D:/Xilinx/Vivado/projects-ps/JMP_Predict_CPU/JMP_Predict_CPU.sim/sim_1/behav/xsim/CS_DRAM.mif'
INFO: [SIM-utils-43] Exported 'D:/Xilinx/Vivado/projects-ps/JMP_Predict_CPU/JMP_Predict_CPU.sim/sim_1/behav/xsim/jump.coe'
INFO: [SIM-utils-43] Exported 'D:/Xilinx/Vivado/projects-ps/JMP_Predict_CPU/JMP_Predict_CPU.sim/sim_1/behav/xsim/benchmark.coe'
INFO: [SIM-utils-43] Exported 'D:/Xilinx/Vivado/projects-ps/JMP_Predict_CPU/JMP_Predict_CPU.sim/sim_1/behav/xsim/benchmark1.coe'
INFO: [SIM-utils-43] Exported 'D:/Xilinx/Vivado/projects-ps/JMP_Predict_CPU/JMP_Predict_CPU.sim/sim_1/behav/xsim/benchmark2.coe'
INFO: [SIM-utils-43] Exported 'D:/Xilinx/Vivado/projects-ps/JMP_Predict_CPU/JMP_Predict_CPU.sim/sim_1/behav/xsim/28_ins_test.coe'
INFO: [USF-XSim-97] Finding global include files...
INFO: [USF-XSim-98] Fetching design files from 'sim_1'...
INFO: [USF-XSim-2] XSim::Compile design
INFO: [USF-XSim-61] Executing 'COMPILE and ANALYZE' step in 'D:/Xilinx/Vivado/projects-ps/JMP_Predict_CPU/JMP_Predict_CPU.sim/sim_1/behav/xsim'
"xvlog --incr --relax -prj sim_cpu_vlog.prj"
INFO: [VRFC 10-2263] Analyzing Verilog file "D:/Xilinx/Vivado/projects-ps/JMP_Predict_CPU/JMP_Predict_CPU.gen/sources_1/ip/DS_DRAM/sim/DS_DRAM.v" into library xil_defaultlib
INFO: [VRFC 10-311] analyzing module DS_DRAM
INFO: [VRFC 10-2263] Analyzing Verilog file "D:/Xilinx/Vivado/projects-ps/JMP_Predict_CPU/JMP_Predict_CPU.gen/sources_1/ip/CS_DRAM/sim/CS_DRAM.v" into library xil_defaultlib
INFO: [VRFC 10-311] analyzing module CS_DRAM
INFO: [VRFC 10-2263] Analyzing Verilog file "D:/Xilinx/Vivado/projects-ps/JMP_Predict_CPU/JMP_Predict_CPU.srcs/sources_1/new/ALU.v" into library xil_defaultlib
INFO: [VRFC 10-311] analyzing module ALU
INFO: [VRFC 10-2263] Analyzing Verilog file "D:/Xilinx/Vivado/projects-ps/JMP_Predict_CPU/JMP_Predict_CPU.srcs/sources_1/new/BPB.v" into library xil_defaultlib
INFO: [VRFC 10-311] analyzing module BPB
INFO: [VRFC 10-2263] Analyzing Verilog file "D:/Xilinx/Vivado/projects-ps/JMP_Predict_CPU/JMP_Predict_CPU.srcs/sources_1/new/BubleDel.v" into library xil_defaultlib
INFO: [VRFC 10-311] analyzing module BubleDel
INFO: [VRFC 10-2263] Analyzing Verilog file "D:/Xilinx/Vivado/projects-ps/JMP_Predict_CPU/JMP_Predict_CPU.srcs/sources_1/new/CPU.v" into library xil_defaultlib
INFO: [VRFC 10-311] analyzing module CPU
WARNING: [VRFC 10-3248] data object 'Branch' is already declared [D:/Xilinx/Vivado/projects-ps/JMP_Predict_CPU/JMP_Predict_CPU.srcs/sources_1/new/CPU.v:52]
WARNING: [VRFC 10-9364] second declaration of 'Branch' is ignored [D:/Xilinx/Vivado/projects-ps/JMP_Predict_CPU/JMP_Predict_CPU.srcs/sources_1/new/CPU.v:52]
WARNING: [VRFC 10-3380] identifier 'actual_branchtaken' is used before its declaration [D:/Xilinx/Vivado/projects-ps/JMP_Predict_CPU/JMP_Predict_CPU.srcs/sources_1/new/CPU.v:36]
WARNING: [VRFC 10-3380] identifier 'Predict_jmp_taken' is used before its declaration [D:/Xilinx/Vivado/projects-ps/JMP_Predict_CPU/JMP_Predict_CPU.srcs/sources_1/new/CPU.v:37]
WARNING: [VRFC 10-3380] identifier 'PredictJump_EX' is used before its declaration [D:/Xilinx/Vivado/projects-ps/JMP_Predict_CPU/JMP_Predict_CPU.srcs/sources_1/new/CPU.v:38]
WARNING: [VRFC 10-3380] identifier 'ALU_SRCA' is used before its declaration [D:/Xilinx/Vivado/projects-ps/JMP_Predict_CPU/JMP_Predict_CPU.srcs/sources_1/new/CPU.v:56]
INFO: [VRFC 10-2263] Analyzing Verilog file "D:/Xilinx/Vivado/projects-ps/JMP_Predict_CPU/JMP_Predict_CPU.srcs/sources_1/new/CU.v" into library xil_defaultlib
INFO: [VRFC 10-311] analyzing module CU
INFO: [VRFC 10-2263] Analyzing Verilog file "D:/Xilinx/Vivado/projects-ps/JMP_Predict_CPU/JMP_Predict_CPU.srcs/sources_1/new/EXMEM.v" into library xil_defaultlib
INFO: [VRFC 10-311] analyzing module EXMEM
INFO: [VRFC 10-2263] Analyzing Verilog file "D:/Xilinx/Vivado/projects-ps/JMP_Predict_CPU/JMP_Predict_CPU.srcs/sources_1/new/IDEX.v" into library xil_defaultlib
INFO: [VRFC 10-311] analyzing module IDEX
INFO: [VRFC 10-2263] Analyzing Verilog file "D:/Xilinx/Vivado/projects-ps/JMP_Predict_CPU/JMP_Predict_CPU.srcs/sources_1/new/IFID.v" into library xil_defaultlib
INFO: [VRFC 10-311] analyzing module IFID
INFO: [VRFC 10-2263] Analyzing Verilog file "D:/Xilinx/Vivado/projects-ps/JMP_Predict_CPU/JMP_Predict_CPU.srcs/sources_1/new/MEMWB.v" into library xil_defaultlib
INFO: [VRFC 10-311] analyzing module MEMWB
INFO: [VRFC 10-2263] Analyzing Verilog file "D:/Xilinx/Vivado/projects-ps/JMP_Predict_CPU/JMP_Predict_CPU.srcs/sources_1/new/PC.v" into library xil_defaultlib
INFO: [VRFC 10-311] analyzing module PC
INFO: [VRFC 10-2263] Analyzing Verilog file "D:/Xilinx/Vivado/projects-ps/JMP_Predict_CPU/JMP_Predict_CPU.srcs/sources_1/new/RegFile.v" into library xil_defaultlib
INFO: [VRFC 10-311] analyzing module RegFile
INFO: [VRFC 10-2263] Analyzing Verilog file "D:/Xilinx/Vivado/projects-ps/JMP_Predict_CPU/JMP_Predict_CPU.srcs/sim_1/new/sim_cpu.v" into library xil_defaultlib
INFO: [VRFC 10-311] analyzing module sim_cpu
INFO: [USF-XSim-69] 'compile' step finished in '1' seconds
INFO: [USF-XSim-3] XSim::Elaborate design
INFO: [USF-XSim-61] Executing 'ELABORATE' step in 'D:/Xilinx/Vivado/projects-ps/JMP_Predict_CPU/JMP_Predict_CPU.sim/sim_1/behav/xsim'
"xelab --incr --debug typical --relax --mt 2 -L xil_defaultlib -L dist_mem_gen_v8_0_13 -L unisims_ver -L unimacro_ver -L secureip -L xpm --snapshot sim_cpu_behav xil_defaultlib.sim_cpu xil_defaultlib.glbl -log elaborate.log"
Vivado Simulator v2022.1
Copyright 1986-1999, 2001-2022 Xilinx, Inc. All Rights Reserved.
Running: D:/Xilinx/Vivado/2022.1/bin/unwrapped/win64.o/xelab.exe --incr --debug typical --relax --mt 2 -L xil_defaultlib -L dist_mem_gen_v8_0_13 -L unisims_ver -L unimacro_ver -L secureip -L xpm --snapshot sim_cpu_behav xil_defaultlib.sim_cpu xil_defaultlib.glbl -log elaborate.log 
Using 2 slave threads.
Starting static elaboration
Pass Through NonSizing Optimizer
WARNING: [VRFC 10-5021] port 'go' is not connected on this instance [D:/Xilinx/Vivado/projects-ps/JMP_Predict_CPU/JMP_Predict_CPU.srcs/sim_1/new/sim_cpu.v:7]
Completed static elaboration
Starting simulation data flow analysis
Completed simulation data flow analysis
Time Resolution for simulation is 1ps
Compiling module xil_defaultlib.PC
Compiling module xil_defaultlib.BPB_default
Compiling module dist_mem_gen_v8_0_13.dist_mem_gen_v8_0_13(C_FAMILY="a...
Compiling module xil_defaultlib.CS_DRAM
Compiling module xil_defaultlib.IFID
Compiling module xil_defaultlib.BubleDel
Compiling module xil_defaultlib.CU
Compiling module xil_defaultlib.RegFile
Compiling module xil_defaultlib.IDEX
Compiling module xil_defaultlib.ALU
Compiling module xil_defaultlib.EXMEM
Compiling module dist_mem_gen_v8_0_13.dist_mem_gen_v8_0_13(C_FAMILY="a...
Compiling module xil_defaultlib.DS_DRAM
Compiling module xil_defaultlib.MEMWB
Compiling module xil_defaultlib.CPU
Compiling module xil_defaultlib.sim_cpu
Compiling module xil_defaultlib.glbl
Built simulation snapshot sim_cpu_behav
INFO: [USF-XSim-69] 'elaborate' step finished in '4' seconds
INFO: [USF-XSim-4] XSim::Simulate design
INFO: [USF-XSim-61] Executing 'SIMULATE' step in 'D:/Xilinx/Vivado/projects-ps/JMP_Predict_CPU/JMP_Predict_CPU.sim/sim_1/behav/xsim'
INFO: [USF-XSim-98] *** Running xsim
   with args "sim_cpu_behav -key {Behavioral:sim_1:Functional:sim_cpu} -tclbatch {sim_cpu.tcl} -log {simulate.log}"
INFO: [USF-XSim-8] Loading simulator feature
Time resolution is 1 ps
source sim_cpu.tcl
# set curr_wave [current_wave_config]
# if { [string length $curr_wave] == 0 } {
#   if { [llength [get_objects]] > 0} {
#     add_wave /
#     set_property needs_save false [current_wave_config]
#   } else {
#      send_msg_id Add_Wave-1 WARNING "No top level signals found. Simulator will start without a wave window. If you want to open a wave window go to 'File->New Waveform Configuration' or type 'create_wave_config' in the TCL console."
#   }
# }
# log_wave -r /
# run 45000ns
WARNING: This core is supplied with a behavioral model. To model cycle-accurate behavior you must run timing simulation.
WARNING: This core is supplied with a behavioral model. To model cycle-accurate behavior you must run timing simulation.
INFO: [USF-XSim-96] XSim completed. Design snapshot 'sim_cpu_behav' loaded.
INFO: [USF-XSim-97] XSim simulation ran for 45000ns
launch_simulation: Time (s): cpu = 00:00:03 ; elapsed = 00:00:09 . Memory (MB): peak = 2485.496 ; gain = 0.000
close [ open D:/Xilinx/Vivado/projects-ps/JMP_Predict_CPU/JMP_Predict_CPU.srcs/sources_1/new/BHT.v w ]
add_files D:/Xilinx/Vivado/projects-ps/JMP_Predict_CPU/JMP_Predict_CPU.srcs/sources_1/new/BHT.v
update_compile_order -fileset sources_1
close [ open D:/Xilinx/Vivado/projects-ps/JMP_Predict_CPU/JMP_Predict_CPU.srcs/sources_1/new/BTB.v w ]
add_files D:/Xilinx/Vivado/projects-ps/JMP_Predict_CPU/JMP_Predict_CPU.srcs/sources_1/new/BTB.v
update_compile_order -fileset sources_1
update_compile_order -fileset sources_1
close_sim
INFO: [Simtcl 6-16] Simulation closed
launch_simulation
Command: launch_simulation 
INFO: [Vivado 12-12493] Simulation top is 'sim_cpu'
WARNING: [Vivado 12-13340] Unable to auto find GCC executables from simulator install path! (path not set)
WARNING: [Vivado 12-13277] Compiled library path does not exist: ''
INFO: [Vivado 12-5698] Checking validity of IPs in the design for the 'XSim' simulator...
INFO: [Runs 36-567] Checking/generating simulation output products for IPs/BDs (if any)...
INFO: [Vivado 12-5682] Launching behavioral simulation in 'D:/Xilinx/Vivado/projects-ps/JMP_Predict_CPU/JMP_Predict_CPU.sim/sim_1/behav/xsim'
INFO: [Vivado 12-4795] Using compiled simulation libraries for IPs
INFO: [SIM-utils-51] Simulation object is 'sim_1'
INFO: [SIM-utils-72] Using boost library from 'D:/Xilinx/Vivado/2022.1/tps/boost_1_72_0'
INFO: [USF-XSim-7] Finding pre-compiled libraries...
INFO: [USF-XSim-11] File 'D:/Xilinx/Vivado/2022.1/data/xsim/xsim.ini' copied to run dir:'D:/Xilinx/Vivado/projects-ps/JMP_Predict_CPU/JMP_Predict_CPU.sim/sim_1/behav/xsim'
INFO: [SIM-utils-54] Inspecting design source files for 'sim_cpu' in fileset 'sim_1'...
INFO: [SIM-utils-43] Exported 'D:/Xilinx/Vivado/projects-ps/JMP_Predict_CPU/JMP_Predict_CPU.sim/sim_1/behav/xsim/CS_DRAM.mif'
INFO: [SIM-utils-43] Exported 'D:/Xilinx/Vivado/projects-ps/JMP_Predict_CPU/JMP_Predict_CPU.sim/sim_1/behav/xsim/jump.coe'
INFO: [SIM-utils-43] Exported 'D:/Xilinx/Vivado/projects-ps/JMP_Predict_CPU/JMP_Predict_CPU.sim/sim_1/behav/xsim/benchmark.coe'
INFO: [SIM-utils-43] Exported 'D:/Xilinx/Vivado/projects-ps/JMP_Predict_CPU/JMP_Predict_CPU.sim/sim_1/behav/xsim/benchmark1.coe'
INFO: [SIM-utils-43] Exported 'D:/Xilinx/Vivado/projects-ps/JMP_Predict_CPU/JMP_Predict_CPU.sim/sim_1/behav/xsim/benchmark2.coe'
INFO: [SIM-utils-43] Exported 'D:/Xilinx/Vivado/projects-ps/JMP_Predict_CPU/JMP_Predict_CPU.sim/sim_1/behav/xsim/28_ins_test.coe'
INFO: [USF-XSim-97] Finding global include files...
INFO: [USF-XSim-98] Fetching design files from 'sim_1'...
INFO: [USF-XSim-2] XSim::Compile design
INFO: [USF-XSim-61] Executing 'COMPILE and ANALYZE' step in 'D:/Xilinx/Vivado/projects-ps/JMP_Predict_CPU/JMP_Predict_CPU.sim/sim_1/behav/xsim'
"xvlog --incr --relax -prj sim_cpu_vlog.prj"
INFO: [VRFC 10-2263] Analyzing Verilog file "D:/Xilinx/Vivado/projects-ps/JMP_Predict_CPU/JMP_Predict_CPU.gen/sources_1/ip/DS_DRAM/sim/DS_DRAM.v" into library xil_defaultlib
INFO: [VRFC 10-311] analyzing module DS_DRAM
INFO: [VRFC 10-2263] Analyzing Verilog file "D:/Xilinx/Vivado/projects-ps/JMP_Predict_CPU/JMP_Predict_CPU.gen/sources_1/ip/CS_DRAM/sim/CS_DRAM.v" into library xil_defaultlib
INFO: [VRFC 10-311] analyzing module CS_DRAM
INFO: [VRFC 10-2263] Analyzing Verilog file "D:/Xilinx/Vivado/projects-ps/JMP_Predict_CPU/JMP_Predict_CPU.srcs/sources_1/new/ALU.v" into library xil_defaultlib
INFO: [VRFC 10-311] analyzing module ALU
INFO: [VRFC 10-2263] Analyzing Verilog file "D:/Xilinx/Vivado/projects-ps/JMP_Predict_CPU/JMP_Predict_CPU.srcs/sources_1/new/BHT.v" into library xil_defaultlib
INFO: [VRFC 10-311] analyzing module BHT
WARNING: [VRFC 10-8374] loop variable declaration is not allowed in this mode of Verilog [D:/Xilinx/Vivado/projects-ps/JMP_Predict_CPU/JMP_Predict_CPU.srcs/sources_1/new/BHT.v:30]
INFO: [VRFC 10-2263] Analyzing Verilog file "D:/Xilinx/Vivado/projects-ps/JMP_Predict_CPU/JMP_Predict_CPU.srcs/sources_1/new/BTB.v" into library xil_defaultlib
INFO: [VRFC 10-311] analyzing module BTB
WARNING: [VRFC 10-8374] loop variable declaration is not allowed in this mode of Verilog [D:/Xilinx/Vivado/projects-ps/JMP_Predict_CPU/JMP_Predict_CPU.srcs/sources_1/new/BTB.v:43]
INFO: [VRFC 10-2263] Analyzing Verilog file "D:/Xilinx/Vivado/projects-ps/JMP_Predict_CPU/JMP_Predict_CPU.srcs/sources_1/new/BubleDel.v" into library xil_defaultlib
INFO: [VRFC 10-311] analyzing module BubleDel
INFO: [VRFC 10-2263] Analyzing Verilog file "D:/Xilinx/Vivado/projects-ps/JMP_Predict_CPU/JMP_Predict_CPU.srcs/sources_1/new/CPU.v" into library xil_defaultlib
INFO: [VRFC 10-311] analyzing module CPU
WARNING: [VRFC 10-3248] data object 'Branch' is already declared [D:/Xilinx/Vivado/projects-ps/JMP_Predict_CPU/JMP_Predict_CPU.srcs/sources_1/new/CPU.v:52]
WARNING: [VRFC 10-9364] second declaration of 'Branch' is ignored [D:/Xilinx/Vivado/projects-ps/JMP_Predict_CPU/JMP_Predict_CPU.srcs/sources_1/new/CPU.v:52]
WARNING: [VRFC 10-3380] identifier 'actual_branchtaken' is used before its declaration [D:/Xilinx/Vivado/projects-ps/JMP_Predict_CPU/JMP_Predict_CPU.srcs/sources_1/new/CPU.v:36]
WARNING: [VRFC 10-3380] identifier 'Predict_jmp_taken' is used before its declaration [D:/Xilinx/Vivado/projects-ps/JMP_Predict_CPU/JMP_Predict_CPU.srcs/sources_1/new/CPU.v:37]
WARNING: [VRFC 10-3380] identifier 'PredictJump_EX' is used before its declaration [D:/Xilinx/Vivado/projects-ps/JMP_Predict_CPU/JMP_Predict_CPU.srcs/sources_1/new/CPU.v:38]
WARNING: [VRFC 10-3380] identifier 'ALU_SRCA' is used before its declaration [D:/Xilinx/Vivado/projects-ps/JMP_Predict_CPU/JMP_Predict_CPU.srcs/sources_1/new/CPU.v:56]
INFO: [VRFC 10-2263] Analyzing Verilog file "D:/Xilinx/Vivado/projects-ps/JMP_Predict_CPU/JMP_Predict_CPU.srcs/sources_1/new/CU.v" into library xil_defaultlib
INFO: [VRFC 10-311] analyzing module CU
INFO: [VRFC 10-2263] Analyzing Verilog file "D:/Xilinx/Vivado/projects-ps/JMP_Predict_CPU/JMP_Predict_CPU.srcs/sources_1/new/EXMEM.v" into library xil_defaultlib
INFO: [VRFC 10-311] analyzing module EXMEM
INFO: [VRFC 10-2263] Analyzing Verilog file "D:/Xilinx/Vivado/projects-ps/JMP_Predict_CPU/JMP_Predict_CPU.srcs/sources_1/new/IDEX.v" into library xil_defaultlib
INFO: [VRFC 10-311] analyzing module IDEX
INFO: [VRFC 10-2263] Analyzing Verilog file "D:/Xilinx/Vivado/projects-ps/JMP_Predict_CPU/JMP_Predict_CPU.srcs/sources_1/new/IFID.v" into library xil_defaultlib
INFO: [VRFC 10-311] analyzing module IFID
INFO: [VRFC 10-2263] Analyzing Verilog file "D:/Xilinx/Vivado/projects-ps/JMP_Predict_CPU/JMP_Predict_CPU.srcs/sources_1/new/MEMWB.v" into library xil_defaultlib
INFO: [VRFC 10-311] analyzing module MEMWB
INFO: [VRFC 10-2263] Analyzing Verilog file "D:/Xilinx/Vivado/projects-ps/JMP_Predict_CPU/JMP_Predict_CPU.srcs/sources_1/new/PC.v" into library xil_defaultlib
INFO: [VRFC 10-311] analyzing module PC
INFO: [VRFC 10-2263] Analyzing Verilog file "D:/Xilinx/Vivado/projects-ps/JMP_Predict_CPU/JMP_Predict_CPU.srcs/sources_1/new/RegFile.v" into library xil_defaultlib
INFO: [VRFC 10-311] analyzing module RegFile
INFO: [VRFC 10-2263] Analyzing Verilog file "D:/Xilinx/Vivado/projects-ps/JMP_Predict_CPU/JMP_Predict_CPU.srcs/sim_1/new/sim_cpu.v" into library xil_defaultlib
INFO: [VRFC 10-311] analyzing module sim_cpu
INFO: [USF-XSim-69] 'compile' step finished in '3' seconds
INFO: [USF-XSim-3] XSim::Elaborate design
INFO: [USF-XSim-61] Executing 'ELABORATE' step in 'D:/Xilinx/Vivado/projects-ps/JMP_Predict_CPU/JMP_Predict_CPU.sim/sim_1/behav/xsim'
"xelab --incr --debug typical --relax --mt 2 -L xil_defaultlib -L dist_mem_gen_v8_0_13 -L unisims_ver -L unimacro_ver -L secureip -L xpm --snapshot sim_cpu_behav xil_defaultlib.sim_cpu xil_defaultlib.glbl -log elaborate.log"
Vivado Simulator v2022.1
Copyright 1986-1999, 2001-2022 Xilinx, Inc. All Rights Reserved.
Running: D:/Xilinx/Vivado/2022.1/bin/unwrapped/win64.o/xelab.exe --incr --debug typical --relax --mt 2 -L xil_defaultlib -L dist_mem_gen_v8_0_13 -L unisims_ver -L unimacro_ver -L secureip -L xpm --snapshot sim_cpu_behav xil_defaultlib.sim_cpu xil_defaultlib.glbl -log elaborate.log 
Using 2 slave threads.
Starting static elaboration
Pass Through NonSizing Optimizer
ERROR: [VRFC 10-2991] 'BPB_0' is not declared under prefix 'CPU_0' [D:/Xilinx/Vivado/projects-ps/JMP_Predict_CPU/JMP_Predict_CPU.srcs/sim_1/new/sim_cpu.v:12]
ERROR: [XSIM 43-3322] Static elaboration of top level Verilog design unit(s) in library work failed.
INFO: [USF-XSim-69] 'elaborate' step finished in '2' seconds
INFO: [USF-XSim-99] Step results log file:'D:/Xilinx/Vivado/projects-ps/JMP_Predict_CPU/JMP_Predict_CPU.sim/sim_1/behav/xsim/elaborate.log'
ERROR: [USF-XSim-62] 'elaborate' step failed with error(s). Please check the Tcl console output or 'D:/Xilinx/Vivado/projects-ps/JMP_Predict_CPU/JMP_Predict_CPU.sim/sim_1/behav/xsim/elaborate.log' file for more information.
ERROR: [Vivado 12-4473] Detected error while running simulation. Please correct the issue and retry this operation.
launch_simulation: Time (s): cpu = 00:00:01 ; elapsed = 00:00:06 . Memory (MB): peak = 2485.496 ; gain = 0.000
ERROR: [Common 17-39] 'launch_simulation' failed due to earlier errors.
launch_simulation
Command: launch_simulation 
INFO: [Vivado 12-12493] Simulation top is 'sim_cpu'
WARNING: [Vivado 12-13340] Unable to auto find GCC executables from simulator install path! (path not set)
WARNING: [Vivado 12-13277] Compiled library path does not exist: ''
INFO: [Vivado 12-5698] Checking validity of IPs in the design for the 'XSim' simulator...
INFO: [Runs 36-567] Checking/generating simulation output products for IPs/BDs (if any)...
INFO: [Vivado 12-5682] Launching behavioral simulation in 'D:/Xilinx/Vivado/projects-ps/JMP_Predict_CPU/JMP_Predict_CPU.sim/sim_1/behav/xsim'
INFO: [Vivado 12-4795] Using compiled simulation libraries for IPs
INFO: [SIM-utils-51] Simulation object is 'sim_1'
INFO: [SIM-utils-72] Using boost library from 'D:/Xilinx/Vivado/2022.1/tps/boost_1_72_0'
INFO: [USF-XSim-7] Finding pre-compiled libraries...
INFO: [USF-XSim-11] File 'D:/Xilinx/Vivado/2022.1/data/xsim/xsim.ini' copied to run dir:'D:/Xilinx/Vivado/projects-ps/JMP_Predict_CPU/JMP_Predict_CPU.sim/sim_1/behav/xsim'
INFO: [SIM-utils-54] Inspecting design source files for 'sim_cpu' in fileset 'sim_1'...
INFO: [SIM-utils-43] Exported 'D:/Xilinx/Vivado/projects-ps/JMP_Predict_CPU/JMP_Predict_CPU.sim/sim_1/behav/xsim/CS_DRAM.mif'
INFO: [SIM-utils-43] Exported 'D:/Xilinx/Vivado/projects-ps/JMP_Predict_CPU/JMP_Predict_CPU.sim/sim_1/behav/xsim/jump.coe'
INFO: [SIM-utils-43] Exported 'D:/Xilinx/Vivado/projects-ps/JMP_Predict_CPU/JMP_Predict_CPU.sim/sim_1/behav/xsim/benchmark.coe'
INFO: [SIM-utils-43] Exported 'D:/Xilinx/Vivado/projects-ps/JMP_Predict_CPU/JMP_Predict_CPU.sim/sim_1/behav/xsim/benchmark1.coe'
INFO: [SIM-utils-43] Exported 'D:/Xilinx/Vivado/projects-ps/JMP_Predict_CPU/JMP_Predict_CPU.sim/sim_1/behav/xsim/benchmark2.coe'
INFO: [SIM-utils-43] Exported 'D:/Xilinx/Vivado/projects-ps/JMP_Predict_CPU/JMP_Predict_CPU.sim/sim_1/behav/xsim/28_ins_test.coe'
INFO: [USF-XSim-97] Finding global include files...
INFO: [USF-XSim-98] Fetching design files from 'sim_1'...
INFO: [USF-XSim-2] XSim::Compile design
INFO: [USF-XSim-61] Executing 'COMPILE and ANALYZE' step in 'D:/Xilinx/Vivado/projects-ps/JMP_Predict_CPU/JMP_Predict_CPU.sim/sim_1/behav/xsim'
"xvlog --incr --relax -prj sim_cpu_vlog.prj"
INFO: [VRFC 10-2263] Analyzing Verilog file "D:/Xilinx/Vivado/projects-ps/JMP_Predict_CPU/JMP_Predict_CPU.gen/sources_1/ip/DS_DRAM/sim/DS_DRAM.v" into library xil_defaultlib
INFO: [VRFC 10-311] analyzing module DS_DRAM
INFO: [VRFC 10-2263] Analyzing Verilog file "D:/Xilinx/Vivado/projects-ps/JMP_Predict_CPU/JMP_Predict_CPU.gen/sources_1/ip/CS_DRAM/sim/CS_DRAM.v" into library xil_defaultlib
INFO: [VRFC 10-311] analyzing module CS_DRAM
INFO: [VRFC 10-2263] Analyzing Verilog file "D:/Xilinx/Vivado/projects-ps/JMP_Predict_CPU/JMP_Predict_CPU.srcs/sources_1/new/ALU.v" into library xil_defaultlib
INFO: [VRFC 10-311] analyzing module ALU
INFO: [VRFC 10-2263] Analyzing Verilog file "D:/Xilinx/Vivado/projects-ps/JMP_Predict_CPU/JMP_Predict_CPU.srcs/sources_1/new/BHT.v" into library xil_defaultlib
INFO: [VRFC 10-311] analyzing module BHT
WARNING: [VRFC 10-8374] loop variable declaration is not allowed in this mode of Verilog [D:/Xilinx/Vivado/projects-ps/JMP_Predict_CPU/JMP_Predict_CPU.srcs/sources_1/new/BHT.v:30]
INFO: [VRFC 10-2263] Analyzing Verilog file "D:/Xilinx/Vivado/projects-ps/JMP_Predict_CPU/JMP_Predict_CPU.srcs/sources_1/new/BTB.v" into library xil_defaultlib
INFO: [VRFC 10-311] analyzing module BTB
WARNING: [VRFC 10-8374] loop variable declaration is not allowed in this mode of Verilog [D:/Xilinx/Vivado/projects-ps/JMP_Predict_CPU/JMP_Predict_CPU.srcs/sources_1/new/BTB.v:43]
INFO: [VRFC 10-2263] Analyzing Verilog file "D:/Xilinx/Vivado/projects-ps/JMP_Predict_CPU/JMP_Predict_CPU.srcs/sources_1/new/BubleDel.v" into library xil_defaultlib
INFO: [VRFC 10-311] analyzing module BubleDel
INFO: [VRFC 10-2263] Analyzing Verilog file "D:/Xilinx/Vivado/projects-ps/JMP_Predict_CPU/JMP_Predict_CPU.srcs/sources_1/new/CPU.v" into library xil_defaultlib
INFO: [VRFC 10-311] analyzing module CPU
WARNING: [VRFC 10-3248] data object 'Branch' is already declared [D:/Xilinx/Vivado/projects-ps/JMP_Predict_CPU/JMP_Predict_CPU.srcs/sources_1/new/CPU.v:52]
WARNING: [VRFC 10-9364] second declaration of 'Branch' is ignored [D:/Xilinx/Vivado/projects-ps/JMP_Predict_CPU/JMP_Predict_CPU.srcs/sources_1/new/CPU.v:52]
WARNING: [VRFC 10-3380] identifier 'actual_branchtaken' is used before its declaration [D:/Xilinx/Vivado/projects-ps/JMP_Predict_CPU/JMP_Predict_CPU.srcs/sources_1/new/CPU.v:36]
WARNING: [VRFC 10-3380] identifier 'Predict_jmp_taken' is used before its declaration [D:/Xilinx/Vivado/projects-ps/JMP_Predict_CPU/JMP_Predict_CPU.srcs/sources_1/new/CPU.v:37]
WARNING: [VRFC 10-3380] identifier 'PredictJump_EX' is used before its declaration [D:/Xilinx/Vivado/projects-ps/JMP_Predict_CPU/JMP_Predict_CPU.srcs/sources_1/new/CPU.v:38]
WARNING: [VRFC 10-3380] identifier 'ALU_SRCA' is used before its declaration [D:/Xilinx/Vivado/projects-ps/JMP_Predict_CPU/JMP_Predict_CPU.srcs/sources_1/new/CPU.v:56]
INFO: [VRFC 10-2263] Analyzing Verilog file "D:/Xilinx/Vivado/projects-ps/JMP_Predict_CPU/JMP_Predict_CPU.srcs/sources_1/new/CU.v" into library xil_defaultlib
INFO: [VRFC 10-311] analyzing module CU
INFO: [VRFC 10-2263] Analyzing Verilog file "D:/Xilinx/Vivado/projects-ps/JMP_Predict_CPU/JMP_Predict_CPU.srcs/sources_1/new/EXMEM.v" into library xil_defaultlib
INFO: [VRFC 10-311] analyzing module EXMEM
INFO: [VRFC 10-2263] Analyzing Verilog file "D:/Xilinx/Vivado/projects-ps/JMP_Predict_CPU/JMP_Predict_CPU.srcs/sources_1/new/IDEX.v" into library xil_defaultlib
INFO: [VRFC 10-311] analyzing module IDEX
INFO: [VRFC 10-2263] Analyzing Verilog file "D:/Xilinx/Vivado/projects-ps/JMP_Predict_CPU/JMP_Predict_CPU.srcs/sources_1/new/IFID.v" into library xil_defaultlib
INFO: [VRFC 10-311] analyzing module IFID
INFO: [VRFC 10-2263] Analyzing Verilog file "D:/Xilinx/Vivado/projects-ps/JMP_Predict_CPU/JMP_Predict_CPU.srcs/sources_1/new/MEMWB.v" into library xil_defaultlib
INFO: [VRFC 10-311] analyzing module MEMWB
INFO: [VRFC 10-2263] Analyzing Verilog file "D:/Xilinx/Vivado/projects-ps/JMP_Predict_CPU/JMP_Predict_CPU.srcs/sources_1/new/PC.v" into library xil_defaultlib
INFO: [VRFC 10-311] analyzing module PC
INFO: [VRFC 10-2263] Analyzing Verilog file "D:/Xilinx/Vivado/projects-ps/JMP_Predict_CPU/JMP_Predict_CPU.srcs/sources_1/new/RegFile.v" into library xil_defaultlib
INFO: [VRFC 10-311] analyzing module RegFile
INFO: [VRFC 10-2263] Analyzing Verilog file "D:/Xilinx/Vivado/projects-ps/JMP_Predict_CPU/JMP_Predict_CPU.srcs/sim_1/new/sim_cpu.v" into library xil_defaultlib
INFO: [VRFC 10-311] analyzing module sim_cpu
INFO: [USF-XSim-69] 'compile' step finished in '3' seconds
INFO: [USF-XSim-3] XSim::Elaborate design
INFO: [USF-XSim-61] Executing 'ELABORATE' step in 'D:/Xilinx/Vivado/projects-ps/JMP_Predict_CPU/JMP_Predict_CPU.sim/sim_1/behav/xsim'
"xelab --incr --debug typical --relax --mt 2 -L xil_defaultlib -L dist_mem_gen_v8_0_13 -L unisims_ver -L unimacro_ver -L secureip -L xpm --snapshot sim_cpu_behav xil_defaultlib.sim_cpu xil_defaultlib.glbl -log elaborate.log"
Vivado Simulator v2022.1
Copyright 1986-1999, 2001-2022 Xilinx, Inc. All Rights Reserved.
Running: D:/Xilinx/Vivado/2022.1/bin/unwrapped/win64.o/xelab.exe --incr --debug typical --relax --mt 2 -L xil_defaultlib -L dist_mem_gen_v8_0_13 -L unisims_ver -L unimacro_ver -L secureip -L xpm --snapshot sim_cpu_behav xil_defaultlib.sim_cpu xil_defaultlib.glbl -log elaborate.log 
Using 2 slave threads.
Starting static elaboration
Pass Through NonSizing Optimizer
WARNING: [VRFC 10-5021] port 'go' is not connected on this instance [D:/Xilinx/Vivado/projects-ps/JMP_Predict_CPU/JMP_Predict_CPU.srcs/sim_1/new/sim_cpu.v:7]
Completed static elaboration
Starting simulation data flow analysis
Completed simulation data flow analysis
Time Resolution for simulation is 1ps
Compiling module xil_defaultlib.PC
Compiling module xil_defaultlib.BHT_default
Compiling module xil_defaultlib.BTB_default
Compiling module dist_mem_gen_v8_0_13.dist_mem_gen_v8_0_13(C_FAMILY="a...
Compiling module xil_defaultlib.CS_DRAM
Compiling module xil_defaultlib.IFID
Compiling module xil_defaultlib.BubleDel
Compiling module xil_defaultlib.CU
Compiling module xil_defaultlib.RegFile
Compiling module xil_defaultlib.IDEX
Compiling module xil_defaultlib.ALU
Compiling module xil_defaultlib.EXMEM
Compiling module dist_mem_gen_v8_0_13.dist_mem_gen_v8_0_13(C_FAMILY="a...
Compiling module xil_defaultlib.DS_DRAM
Compiling module xil_defaultlib.MEMWB
Compiling module xil_defaultlib.CPU
Compiling module xil_defaultlib.sim_cpu
Compiling module xil_defaultlib.glbl
Built simulation snapshot sim_cpu_behav
INFO: [USF-XSim-69] 'elaborate' step finished in '3' seconds
INFO: [USF-XSim-4] XSim::Simulate design
INFO: [USF-XSim-61] Executing 'SIMULATE' step in 'D:/Xilinx/Vivado/projects-ps/JMP_Predict_CPU/JMP_Predict_CPU.sim/sim_1/behav/xsim'
INFO: [USF-XSim-98] *** Running xsim
   with args "sim_cpu_behav -key {Behavioral:sim_1:Functional:sim_cpu} -tclbatch {sim_cpu.tcl} -log {simulate.log}"
INFO: [USF-XSim-8] Loading simulator feature
Time resolution is 1 ps
source sim_cpu.tcl
# set curr_wave [current_wave_config]
# if { [string length $curr_wave] == 0 } {
#   if { [llength [get_objects]] > 0} {
#     add_wave /
#     set_property needs_save false [current_wave_config]
#   } else {
#      send_msg_id Add_Wave-1 WARNING "No top level signals found. Simulator will start without a wave window. If you want to open a wave window go to 'File->New Waveform Configuration' or type 'create_wave_config' in the TCL console."
#   }
# }
# log_wave -r /
WARNING: [Simtcl 6-197] One or more HDL objects could not be logged because of object type or size limitations.  To see details please rerun the command with -verbose (-v).
# run 45000ns
WARNING: This core is supplied with a behavioral model. To model cycle-accurate behavior you must run timing simulation.
WARNING: This core is supplied with a behavioral model. To model cycle-accurate behavior you must run timing simulation.
WARNING in sim_cpu.CPU_0.CS_0.inst at time                 5000 ns: 
Reading from out-of-range address. Max address in sim_cpu.CPU_0.CS_0.inst is        1023
INFO: [USF-XSim-96] XSim completed. Design snapshot 'sim_cpu_behav' loaded.
INFO: [USF-XSim-97] XSim simulation ran for 45000ns
launch_simulation: Time (s): cpu = 00:00:03 ; elapsed = 00:00:09 . Memory (MB): peak = 2485.496 ; gain = 0.000
update_compile_order -fileset sources_1
close_sim
INFO: [Simtcl 6-16] Simulation closed
launch_simulation
Command: launch_simulation 
INFO: [Vivado 12-12493] Simulation top is 'sim_cpu'
WARNING: [Vivado 12-13340] Unable to auto find GCC executables from simulator install path! (path not set)
WARNING: [Vivado 12-13277] Compiled library path does not exist: ''
INFO: [Vivado 12-5698] Checking validity of IPs in the design for the 'XSim' simulator...
INFO: [Runs 36-567] Checking/generating simulation output products for IPs/BDs (if any)...
INFO: [Vivado 12-5682] Launching behavioral simulation in 'D:/Xilinx/Vivado/projects-ps/JMP_Predict_CPU/JMP_Predict_CPU.sim/sim_1/behav/xsim'
INFO: [Vivado 12-4795] Using compiled simulation libraries for IPs
INFO: [SIM-utils-51] Simulation object is 'sim_1'
INFO: [SIM-utils-72] Using boost library from 'D:/Xilinx/Vivado/2022.1/tps/boost_1_72_0'
INFO: [USF-XSim-7] Finding pre-compiled libraries...
INFO: [USF-XSim-11] File 'D:/Xilinx/Vivado/2022.1/data/xsim/xsim.ini' copied to run dir:'D:/Xilinx/Vivado/projects-ps/JMP_Predict_CPU/JMP_Predict_CPU.sim/sim_1/behav/xsim'
INFO: [SIM-utils-54] Inspecting design source files for 'sim_cpu' in fileset 'sim_1'...
INFO: [SIM-utils-43] Exported 'D:/Xilinx/Vivado/projects-ps/JMP_Predict_CPU/JMP_Predict_CPU.sim/sim_1/behav/xsim/CS_DRAM.mif'
INFO: [SIM-utils-43] Exported 'D:/Xilinx/Vivado/projects-ps/JMP_Predict_CPU/JMP_Predict_CPU.sim/sim_1/behav/xsim/jump.coe'
INFO: [SIM-utils-43] Exported 'D:/Xilinx/Vivado/projects-ps/JMP_Predict_CPU/JMP_Predict_CPU.sim/sim_1/behav/xsim/benchmark.coe'
INFO: [SIM-utils-43] Exported 'D:/Xilinx/Vivado/projects-ps/JMP_Predict_CPU/JMP_Predict_CPU.sim/sim_1/behav/xsim/benchmark1.coe'
INFO: [SIM-utils-43] Exported 'D:/Xilinx/Vivado/projects-ps/JMP_Predict_CPU/JMP_Predict_CPU.sim/sim_1/behav/xsim/benchmark2.coe'
INFO: [SIM-utils-43] Exported 'D:/Xilinx/Vivado/projects-ps/JMP_Predict_CPU/JMP_Predict_CPU.sim/sim_1/behav/xsim/28_ins_test.coe'
INFO: [USF-XSim-97] Finding global include files...
INFO: [USF-XSim-98] Fetching design files from 'sim_1'...
INFO: [USF-XSim-2] XSim::Compile design
INFO: [USF-XSim-61] Executing 'COMPILE and ANALYZE' step in 'D:/Xilinx/Vivado/projects-ps/JMP_Predict_CPU/JMP_Predict_CPU.sim/sim_1/behav/xsim'
"xvlog --incr --relax -prj sim_cpu_vlog.prj"
INFO: [VRFC 10-2263] Analyzing Verilog file "D:/Xilinx/Vivado/projects-ps/JMP_Predict_CPU/JMP_Predict_CPU.gen/sources_1/ip/DS_DRAM/sim/DS_DRAM.v" into library xil_defaultlib
INFO: [VRFC 10-311] analyzing module DS_DRAM
INFO: [VRFC 10-2263] Analyzing Verilog file "D:/Xilinx/Vivado/projects-ps/JMP_Predict_CPU/JMP_Predict_CPU.gen/sources_1/ip/CS_DRAM/sim/CS_DRAM.v" into library xil_defaultlib
INFO: [VRFC 10-311] analyzing module CS_DRAM
INFO: [VRFC 10-2263] Analyzing Verilog file "D:/Xilinx/Vivado/projects-ps/JMP_Predict_CPU/JMP_Predict_CPU.srcs/sources_1/new/ALU.v" into library xil_defaultlib
INFO: [VRFC 10-311] analyzing module ALU
INFO: [VRFC 10-2263] Analyzing Verilog file "D:/Xilinx/Vivado/projects-ps/JMP_Predict_CPU/JMP_Predict_CPU.srcs/sources_1/new/BPB.v" into library xil_defaultlib
INFO: [VRFC 10-311] analyzing module BPB
INFO: [VRFC 10-2263] Analyzing Verilog file "D:/Xilinx/Vivado/projects-ps/JMP_Predict_CPU/JMP_Predict_CPU.srcs/sources_1/new/BubleDel.v" into library xil_defaultlib
INFO: [VRFC 10-311] analyzing module BubleDel
INFO: [VRFC 10-2263] Analyzing Verilog file "D:/Xilinx/Vivado/projects-ps/JMP_Predict_CPU/JMP_Predict_CPU.srcs/sources_1/new/CPU.v" into library xil_defaultlib
INFO: [VRFC 10-311] analyzing module CPU
WARNING: [VRFC 10-3248] data object 'Branch' is already declared [D:/Xilinx/Vivado/projects-ps/JMP_Predict_CPU/JMP_Predict_CPU.srcs/sources_1/new/CPU.v:52]
WARNING: [VRFC 10-9364] second declaration of 'Branch' is ignored [D:/Xilinx/Vivado/projects-ps/JMP_Predict_CPU/JMP_Predict_CPU.srcs/sources_1/new/CPU.v:52]
WARNING: [VRFC 10-3380] identifier 'actual_branchtaken' is used before its declaration [D:/Xilinx/Vivado/projects-ps/JMP_Predict_CPU/JMP_Predict_CPU.srcs/sources_1/new/CPU.v:36]
WARNING: [VRFC 10-3380] identifier 'Predict_jmp_taken' is used before its declaration [D:/Xilinx/Vivado/projects-ps/JMP_Predict_CPU/JMP_Predict_CPU.srcs/sources_1/new/CPU.v:37]
WARNING: [VRFC 10-3380] identifier 'PredictJump_EX' is used before its declaration [D:/Xilinx/Vivado/projects-ps/JMP_Predict_CPU/JMP_Predict_CPU.srcs/sources_1/new/CPU.v:38]
WARNING: [VRFC 10-3380] identifier 'ALU_SRCA' is used before its declaration [D:/Xilinx/Vivado/projects-ps/JMP_Predict_CPU/JMP_Predict_CPU.srcs/sources_1/new/CPU.v:56]
INFO: [VRFC 10-2263] Analyzing Verilog file "D:/Xilinx/Vivado/projects-ps/JMP_Predict_CPU/JMP_Predict_CPU.srcs/sources_1/new/CU.v" into library xil_defaultlib
INFO: [VRFC 10-311] analyzing module CU
INFO: [VRFC 10-2263] Analyzing Verilog file "D:/Xilinx/Vivado/projects-ps/JMP_Predict_CPU/JMP_Predict_CPU.srcs/sources_1/new/EXMEM.v" into library xil_defaultlib
INFO: [VRFC 10-311] analyzing module EXMEM
INFO: [VRFC 10-2263] Analyzing Verilog file "D:/Xilinx/Vivado/projects-ps/JMP_Predict_CPU/JMP_Predict_CPU.srcs/sources_1/new/IDEX.v" into library xil_defaultlib
INFO: [VRFC 10-311] analyzing module IDEX
INFO: [VRFC 10-2263] Analyzing Verilog file "D:/Xilinx/Vivado/projects-ps/JMP_Predict_CPU/JMP_Predict_CPU.srcs/sources_1/new/IFID.v" into library xil_defaultlib
INFO: [VRFC 10-311] analyzing module IFID
INFO: [VRFC 10-2263] Analyzing Verilog file "D:/Xilinx/Vivado/projects-ps/JMP_Predict_CPU/JMP_Predict_CPU.srcs/sources_1/new/MEMWB.v" into library xil_defaultlib
INFO: [VRFC 10-311] analyzing module MEMWB
INFO: [VRFC 10-2263] Analyzing Verilog file "D:/Xilinx/Vivado/projects-ps/JMP_Predict_CPU/JMP_Predict_CPU.srcs/sources_1/new/PC.v" into library xil_defaultlib
INFO: [VRFC 10-311] analyzing module PC
INFO: [VRFC 10-2263] Analyzing Verilog file "D:/Xilinx/Vivado/projects-ps/JMP_Predict_CPU/JMP_Predict_CPU.srcs/sources_1/new/RegFile.v" into library xil_defaultlib
INFO: [VRFC 10-311] analyzing module RegFile
INFO: [VRFC 10-2263] Analyzing Verilog file "D:/Xilinx/Vivado/projects-ps/JMP_Predict_CPU/JMP_Predict_CPU.srcs/sim_1/new/sim_cpu.v" into library xil_defaultlib
INFO: [VRFC 10-311] analyzing module sim_cpu
INFO: [USF-XSim-69] 'compile' step finished in '1' seconds
INFO: [USF-XSim-3] XSim::Elaborate design
INFO: [USF-XSim-61] Executing 'ELABORATE' step in 'D:/Xilinx/Vivado/projects-ps/JMP_Predict_CPU/JMP_Predict_CPU.sim/sim_1/behav/xsim'
"xelab --incr --debug typical --relax --mt 2 -L xil_defaultlib -L dist_mem_gen_v8_0_13 -L unisims_ver -L unimacro_ver -L secureip -L xpm --snapshot sim_cpu_behav xil_defaultlib.sim_cpu xil_defaultlib.glbl -log elaborate.log"
Vivado Simulator v2022.1
Copyright 1986-1999, 2001-2022 Xilinx, Inc. All Rights Reserved.
Running: D:/Xilinx/Vivado/2022.1/bin/unwrapped/win64.o/xelab.exe --incr --debug typical --relax --mt 2 -L xil_defaultlib -L dist_mem_gen_v8_0_13 -L unisims_ver -L unimacro_ver -L secureip -L xpm --snapshot sim_cpu_behav xil_defaultlib.sim_cpu xil_defaultlib.glbl -log elaborate.log 
Using 2 slave threads.
Starting static elaboration
Pass Through NonSizing Optimizer
WARNING: [VRFC 10-5021] port 'go' is not connected on this instance [D:/Xilinx/Vivado/projects-ps/JMP_Predict_CPU/JMP_Predict_CPU.srcs/sim_1/new/sim_cpu.v:7]
Completed static elaboration
Starting simulation data flow analysis
Completed simulation data flow analysis
Time Resolution for simulation is 1ps
Compiling module xil_defaultlib.PC
Compiling module xil_defaultlib.BPB_default
Compiling module dist_mem_gen_v8_0_13.dist_mem_gen_v8_0_13(C_FAMILY="a...
Compiling module xil_defaultlib.CS_DRAM
Compiling module xil_defaultlib.IFID
Compiling module xil_defaultlib.BubleDel
Compiling module xil_defaultlib.CU
Compiling module xil_defaultlib.RegFile
Compiling module xil_defaultlib.IDEX
Compiling module xil_defaultlib.ALU
Compiling module xil_defaultlib.EXMEM
Compiling module dist_mem_gen_v8_0_13.dist_mem_gen_v8_0_13(C_FAMILY="a...
Compiling module xil_defaultlib.DS_DRAM
Compiling module xil_defaultlib.MEMWB
Compiling module xil_defaultlib.CPU
Compiling module xil_defaultlib.sim_cpu
Compiling module xil_defaultlib.glbl
Built simulation snapshot sim_cpu_behav
INFO: [USF-XSim-69] 'elaborate' step finished in '4' seconds
INFO: [USF-XSim-4] XSim::Simulate design
INFO: [USF-XSim-61] Executing 'SIMULATE' step in 'D:/Xilinx/Vivado/projects-ps/JMP_Predict_CPU/JMP_Predict_CPU.sim/sim_1/behav/xsim'
INFO: [USF-XSim-98] *** Running xsim
   with args "sim_cpu_behav -key {Behavioral:sim_1:Functional:sim_cpu} -tclbatch {sim_cpu.tcl} -log {simulate.log}"
INFO: [USF-XSim-8] Loading simulator feature
Time resolution is 1 ps
source sim_cpu.tcl
# set curr_wave [current_wave_config]
# if { [string length $curr_wave] == 0 } {
#   if { [llength [get_objects]] > 0} {
#     add_wave /
#     set_property needs_save false [current_wave_config]
#   } else {
#      send_msg_id Add_Wave-1 WARNING "No top level signals found. Simulator will start without a wave window. If you want to open a wave window go to 'File->New Waveform Configuration' or type 'create_wave_config' in the TCL console."
#   }
# }
# log_wave -r /
# run 45000ns
WARNING: This core is supplied with a behavioral model. To model cycle-accurate behavior you must run timing simulation.
WARNING: This core is supplied with a behavioral model. To model cycle-accurate behavior you must run timing simulation.
INFO: [USF-XSim-96] XSim completed. Design snapshot 'sim_cpu_behav' loaded.
INFO: [USF-XSim-97] XSim simulation ran for 45000ns
launch_simulation: Time (s): cpu = 00:00:03 ; elapsed = 00:00:07 . Memory (MB): peak = 2485.496 ; gain = 0.000
close_sim
INFO: [Simtcl 6-16] Simulation closed
launch_simulation
Command: launch_simulation 
INFO: [Vivado 12-12493] Simulation top is 'sim_cpu'
WARNING: [Vivado 12-13340] Unable to auto find GCC executables from simulator install path! (path not set)
WARNING: [Vivado 12-13277] Compiled library path does not exist: ''
INFO: [Vivado 12-5698] Checking validity of IPs in the design for the 'XSim' simulator...
INFO: [Runs 36-567] Checking/generating simulation output products for IPs/BDs (if any)...
INFO: [Vivado 12-5682] Launching behavioral simulation in 'D:/Xilinx/Vivado/projects-ps/JMP_Predict_CPU/JMP_Predict_CPU.sim/sim_1/behav/xsim'
INFO: [Vivado 12-4795] Using compiled simulation libraries for IPs
INFO: [SIM-utils-51] Simulation object is 'sim_1'
INFO: [SIM-utils-72] Using boost library from 'D:/Xilinx/Vivado/2022.1/tps/boost_1_72_0'
INFO: [USF-XSim-7] Finding pre-compiled libraries...
INFO: [USF-XSim-11] File 'D:/Xilinx/Vivado/2022.1/data/xsim/xsim.ini' copied to run dir:'D:/Xilinx/Vivado/projects-ps/JMP_Predict_CPU/JMP_Predict_CPU.sim/sim_1/behav/xsim'
INFO: [SIM-utils-54] Inspecting design source files for 'sim_cpu' in fileset 'sim_1'...
INFO: [SIM-utils-43] Exported 'D:/Xilinx/Vivado/projects-ps/JMP_Predict_CPU/JMP_Predict_CPU.sim/sim_1/behav/xsim/CS_DRAM.mif'
INFO: [SIM-utils-43] Exported 'D:/Xilinx/Vivado/projects-ps/JMP_Predict_CPU/JMP_Predict_CPU.sim/sim_1/behav/xsim/jump.coe'
INFO: [SIM-utils-43] Exported 'D:/Xilinx/Vivado/projects-ps/JMP_Predict_CPU/JMP_Predict_CPU.sim/sim_1/behav/xsim/benchmark.coe'
INFO: [SIM-utils-43] Exported 'D:/Xilinx/Vivado/projects-ps/JMP_Predict_CPU/JMP_Predict_CPU.sim/sim_1/behav/xsim/benchmark1.coe'
INFO: [SIM-utils-43] Exported 'D:/Xilinx/Vivado/projects-ps/JMP_Predict_CPU/JMP_Predict_CPU.sim/sim_1/behav/xsim/benchmark2.coe'
INFO: [SIM-utils-43] Exported 'D:/Xilinx/Vivado/projects-ps/JMP_Predict_CPU/JMP_Predict_CPU.sim/sim_1/behav/xsim/28_ins_test.coe'
INFO: [USF-XSim-97] Finding global include files...
INFO: [USF-XSim-98] Fetching design files from 'sim_1'...
INFO: [USF-XSim-2] XSim::Compile design
INFO: [USF-XSim-61] Executing 'COMPILE and ANALYZE' step in 'D:/Xilinx/Vivado/projects-ps/JMP_Predict_CPU/JMP_Predict_CPU.sim/sim_1/behav/xsim'
"xvlog --incr --relax -prj sim_cpu_vlog.prj"
INFO: [VRFC 10-2263] Analyzing Verilog file "D:/Xilinx/Vivado/projects-ps/JMP_Predict_CPU/JMP_Predict_CPU.gen/sources_1/ip/DS_DRAM/sim/DS_DRAM.v" into library xil_defaultlib
INFO: [VRFC 10-311] analyzing module DS_DRAM
INFO: [VRFC 10-2263] Analyzing Verilog file "D:/Xilinx/Vivado/projects-ps/JMP_Predict_CPU/JMP_Predict_CPU.gen/sources_1/ip/CS_DRAM/sim/CS_DRAM.v" into library xil_defaultlib
INFO: [VRFC 10-311] analyzing module CS_DRAM
INFO: [VRFC 10-2263] Analyzing Verilog file "D:/Xilinx/Vivado/projects-ps/JMP_Predict_CPU/JMP_Predict_CPU.srcs/sources_1/new/ALU.v" into library xil_defaultlib
INFO: [VRFC 10-311] analyzing module ALU
INFO: [VRFC 10-2263] Analyzing Verilog file "D:/Xilinx/Vivado/projects-ps/JMP_Predict_CPU/JMP_Predict_CPU.srcs/sources_1/new/BPB.v" into library xil_defaultlib
INFO: [VRFC 10-311] analyzing module BPB
INFO: [VRFC 10-2263] Analyzing Verilog file "D:/Xilinx/Vivado/projects-ps/JMP_Predict_CPU/JMP_Predict_CPU.srcs/sources_1/new/BubleDel.v" into library xil_defaultlib
INFO: [VRFC 10-311] analyzing module BubleDel
INFO: [VRFC 10-2263] Analyzing Verilog file "D:/Xilinx/Vivado/projects-ps/JMP_Predict_CPU/JMP_Predict_CPU.srcs/sources_1/new/CPU.v" into library xil_defaultlib
INFO: [VRFC 10-311] analyzing module CPU
WARNING: [VRFC 10-3248] data object 'Branch' is already declared [D:/Xilinx/Vivado/projects-ps/JMP_Predict_CPU/JMP_Predict_CPU.srcs/sources_1/new/CPU.v:52]
WARNING: [VRFC 10-9364] second declaration of 'Branch' is ignored [D:/Xilinx/Vivado/projects-ps/JMP_Predict_CPU/JMP_Predict_CPU.srcs/sources_1/new/CPU.v:52]
WARNING: [VRFC 10-3380] identifier 'actual_branchtaken' is used before its declaration [D:/Xilinx/Vivado/projects-ps/JMP_Predict_CPU/JMP_Predict_CPU.srcs/sources_1/new/CPU.v:36]
WARNING: [VRFC 10-3380] identifier 'Predict_jmp_taken' is used before its declaration [D:/Xilinx/Vivado/projects-ps/JMP_Predict_CPU/JMP_Predict_CPU.srcs/sources_1/new/CPU.v:37]
WARNING: [VRFC 10-3380] identifier 'PredictJump_EX' is used before its declaration [D:/Xilinx/Vivado/projects-ps/JMP_Predict_CPU/JMP_Predict_CPU.srcs/sources_1/new/CPU.v:38]
WARNING: [VRFC 10-3380] identifier 'ALU_SRCA' is used before its declaration [D:/Xilinx/Vivado/projects-ps/JMP_Predict_CPU/JMP_Predict_CPU.srcs/sources_1/new/CPU.v:56]
INFO: [VRFC 10-2263] Analyzing Verilog file "D:/Xilinx/Vivado/projects-ps/JMP_Predict_CPU/JMP_Predict_CPU.srcs/sources_1/new/CU.v" into library xil_defaultlib
INFO: [VRFC 10-311] analyzing module CU
INFO: [VRFC 10-2263] Analyzing Verilog file "D:/Xilinx/Vivado/projects-ps/JMP_Predict_CPU/JMP_Predict_CPU.srcs/sources_1/new/EXMEM.v" into library xil_defaultlib
INFO: [VRFC 10-311] analyzing module EXMEM
INFO: [VRFC 10-2263] Analyzing Verilog file "D:/Xilinx/Vivado/projects-ps/JMP_Predict_CPU/JMP_Predict_CPU.srcs/sources_1/new/IDEX.v" into library xil_defaultlib
INFO: [VRFC 10-311] analyzing module IDEX
INFO: [VRFC 10-2263] Analyzing Verilog file "D:/Xilinx/Vivado/projects-ps/JMP_Predict_CPU/JMP_Predict_CPU.srcs/sources_1/new/IFID.v" into library xil_defaultlib
INFO: [VRFC 10-311] analyzing module IFID
INFO: [VRFC 10-2263] Analyzing Verilog file "D:/Xilinx/Vivado/projects-ps/JMP_Predict_CPU/JMP_Predict_CPU.srcs/sources_1/new/MEMWB.v" into library xil_defaultlib
INFO: [VRFC 10-311] analyzing module MEMWB
INFO: [VRFC 10-2263] Analyzing Verilog file "D:/Xilinx/Vivado/projects-ps/JMP_Predict_CPU/JMP_Predict_CPU.srcs/sources_1/new/PC.v" into library xil_defaultlib
INFO: [VRFC 10-311] analyzing module PC
INFO: [VRFC 10-2263] Analyzing Verilog file "D:/Xilinx/Vivado/projects-ps/JMP_Predict_CPU/JMP_Predict_CPU.srcs/sources_1/new/RegFile.v" into library xil_defaultlib
INFO: [VRFC 10-311] analyzing module RegFile
INFO: [VRFC 10-2263] Analyzing Verilog file "D:/Xilinx/Vivado/projects-ps/JMP_Predict_CPU/JMP_Predict_CPU.srcs/sim_1/new/sim_cpu.v" into library xil_defaultlib
INFO: [VRFC 10-311] analyzing module sim_cpu
INFO: [USF-XSim-69] 'compile' step finished in '2' seconds
INFO: [USF-XSim-3] XSim::Elaborate design
INFO: [USF-XSim-61] Executing 'ELABORATE' step in 'D:/Xilinx/Vivado/projects-ps/JMP_Predict_CPU/JMP_Predict_CPU.sim/sim_1/behav/xsim'
"xelab --incr --debug typical --relax --mt 2 -L xil_defaultlib -L dist_mem_gen_v8_0_13 -L unisims_ver -L unimacro_ver -L secureip -L xpm --snapshot sim_cpu_behav xil_defaultlib.sim_cpu xil_defaultlib.glbl -log elaborate.log"
Vivado Simulator v2022.1
Copyright 1986-1999, 2001-2022 Xilinx, Inc. All Rights Reserved.
Running: D:/Xilinx/Vivado/2022.1/bin/unwrapped/win64.o/xelab.exe --incr --debug typical --relax --mt 2 -L xil_defaultlib -L dist_mem_gen_v8_0_13 -L unisims_ver -L unimacro_ver -L secureip -L xpm --snapshot sim_cpu_behav xil_defaultlib.sim_cpu xil_defaultlib.glbl -log elaborate.log 
Using 2 slave threads.
Starting static elaboration
Pass Through NonSizing Optimizer
WARNING: [VRFC 10-5021] port 'go' is not connected on this instance [D:/Xilinx/Vivado/projects-ps/JMP_Predict_CPU/JMP_Predict_CPU.srcs/sim_1/new/sim_cpu.v:7]
Completed static elaboration
Starting simulation data flow analysis
Completed simulation data flow analysis
Time Resolution for simulation is 1ps
Compiling module xil_defaultlib.PC
Compiling module xil_defaultlib.BPB_default
Compiling module dist_mem_gen_v8_0_13.dist_mem_gen_v8_0_13(C_FAMILY="a...
Compiling module xil_defaultlib.CS_DRAM
Compiling module xil_defaultlib.IFID
Compiling module xil_defaultlib.BubleDel
Compiling module xil_defaultlib.CU
Compiling module xil_defaultlib.RegFile
Compiling module xil_defaultlib.IDEX
Compiling module xil_defaultlib.ALU
Compiling module xil_defaultlib.EXMEM
Compiling module dist_mem_gen_v8_0_13.dist_mem_gen_v8_0_13(C_FAMILY="a...
Compiling module xil_defaultlib.DS_DRAM
Compiling module xil_defaultlib.MEMWB
Compiling module xil_defaultlib.CPU
Compiling module xil_defaultlib.sim_cpu
Compiling module xil_defaultlib.glbl
Built simulation snapshot sim_cpu_behav
INFO: [USF-XSim-69] 'elaborate' step finished in '3' seconds
INFO: [USF-XSim-4] XSim::Simulate design
INFO: [USF-XSim-61] Executing 'SIMULATE' step in 'D:/Xilinx/Vivado/projects-ps/JMP_Predict_CPU/JMP_Predict_CPU.sim/sim_1/behav/xsim'
INFO: [USF-XSim-98] *** Running xsim
   with args "sim_cpu_behav -key {Behavioral:sim_1:Functional:sim_cpu} -tclbatch {sim_cpu.tcl} -log {simulate.log}"
INFO: [USF-XSim-8] Loading simulator feature
Time resolution is 1 ps
source sim_cpu.tcl
# set curr_wave [current_wave_config]
# if { [string length $curr_wave] == 0 } {
#   if { [llength [get_objects]] > 0} {
#     add_wave /
#     set_property needs_save false [current_wave_config]
#   } else {
#      send_msg_id Add_Wave-1 WARNING "No top level signals found. Simulator will start without a wave window. If you want to open a wave window go to 'File->New Waveform Configuration' or type 'create_wave_config' in the TCL console."
#   }
# }
# log_wave -r /
# run 45000ns
WARNING: This core is supplied with a behavioral model. To model cycle-accurate behavior you must run timing simulation.
WARNING: This core is supplied with a behavioral model. To model cycle-accurate behavior you must run timing simulation.
INFO: [USF-XSim-96] XSim completed. Design snapshot 'sim_cpu_behav' loaded.
INFO: [USF-XSim-97] XSim simulation ran for 45000ns
launch_simulation: Time (s): cpu = 00:00:03 ; elapsed = 00:00:07 . Memory (MB): peak = 2485.496 ; gain = 0.000
close_sim
INFO: [Simtcl 6-16] Simulation closed
launch_simulation
Command: launch_simulation 
INFO: [Vivado 12-12493] Simulation top is 'sim_cpu'
WARNING: [Vivado 12-13340] Unable to auto find GCC executables from simulator install path! (path not set)
WARNING: [Vivado 12-13277] Compiled library path does not exist: ''
INFO: [Vivado 12-5698] Checking validity of IPs in the design for the 'XSim' simulator...
INFO: [Runs 36-567] Checking/generating simulation output products for IPs/BDs (if any)...
INFO: [Vivado 12-5682] Launching behavioral simulation in 'D:/Xilinx/Vivado/projects-ps/JMP_Predict_CPU/JMP_Predict_CPU.sim/sim_1/behav/xsim'
INFO: [Vivado 12-4795] Using compiled simulation libraries for IPs
INFO: [SIM-utils-51] Simulation object is 'sim_1'
INFO: [SIM-utils-72] Using boost library from 'D:/Xilinx/Vivado/2022.1/tps/boost_1_72_0'
INFO: [USF-XSim-7] Finding pre-compiled libraries...
INFO: [USF-XSim-11] File 'D:/Xilinx/Vivado/2022.1/data/xsim/xsim.ini' copied to run dir:'D:/Xilinx/Vivado/projects-ps/JMP_Predict_CPU/JMP_Predict_CPU.sim/sim_1/behav/xsim'
INFO: [SIM-utils-54] Inspecting design source files for 'sim_cpu' in fileset 'sim_1'...
INFO: [SIM-utils-43] Exported 'D:/Xilinx/Vivado/projects-ps/JMP_Predict_CPU/JMP_Predict_CPU.sim/sim_1/behav/xsim/CS_DRAM.mif'
INFO: [SIM-utils-43] Exported 'D:/Xilinx/Vivado/projects-ps/JMP_Predict_CPU/JMP_Predict_CPU.sim/sim_1/behav/xsim/jump.coe'
INFO: [SIM-utils-43] Exported 'D:/Xilinx/Vivado/projects-ps/JMP_Predict_CPU/JMP_Predict_CPU.sim/sim_1/behav/xsim/benchmark.coe'
INFO: [SIM-utils-43] Exported 'D:/Xilinx/Vivado/projects-ps/JMP_Predict_CPU/JMP_Predict_CPU.sim/sim_1/behav/xsim/benchmark1.coe'
INFO: [SIM-utils-43] Exported 'D:/Xilinx/Vivado/projects-ps/JMP_Predict_CPU/JMP_Predict_CPU.sim/sim_1/behav/xsim/benchmark2.coe'
INFO: [SIM-utils-43] Exported 'D:/Xilinx/Vivado/projects-ps/JMP_Predict_CPU/JMP_Predict_CPU.sim/sim_1/behav/xsim/28_ins_test.coe'
INFO: [USF-XSim-97] Finding global include files...
INFO: [USF-XSim-98] Fetching design files from 'sim_1'...
INFO: [USF-XSim-2] XSim::Compile design
INFO: [USF-XSim-61] Executing 'COMPILE and ANALYZE' step in 'D:/Xilinx/Vivado/projects-ps/JMP_Predict_CPU/JMP_Predict_CPU.sim/sim_1/behav/xsim'
"xvlog --incr --relax -prj sim_cpu_vlog.prj"
INFO: [VRFC 10-2263] Analyzing Verilog file "D:/Xilinx/Vivado/projects-ps/JMP_Predict_CPU/JMP_Predict_CPU.gen/sources_1/ip/DS_DRAM/sim/DS_DRAM.v" into library xil_defaultlib
INFO: [VRFC 10-311] analyzing module DS_DRAM
INFO: [VRFC 10-2263] Analyzing Verilog file "D:/Xilinx/Vivado/projects-ps/JMP_Predict_CPU/JMP_Predict_CPU.gen/sources_1/ip/CS_DRAM/sim/CS_DRAM.v" into library xil_defaultlib
INFO: [VRFC 10-311] analyzing module CS_DRAM
INFO: [VRFC 10-2263] Analyzing Verilog file "D:/Xilinx/Vivado/projects-ps/JMP_Predict_CPU/JMP_Predict_CPU.srcs/sources_1/new/ALU.v" into library xil_defaultlib
INFO: [VRFC 10-311] analyzing module ALU
INFO: [VRFC 10-2263] Analyzing Verilog file "D:/Xilinx/Vivado/projects-ps/JMP_Predict_CPU/JMP_Predict_CPU.srcs/sources_1/new/BPB.v" into library xil_defaultlib
INFO: [VRFC 10-311] analyzing module BPB
INFO: [VRFC 10-2263] Analyzing Verilog file "D:/Xilinx/Vivado/projects-ps/JMP_Predict_CPU/JMP_Predict_CPU.srcs/sources_1/new/BubleDel.v" into library xil_defaultlib
INFO: [VRFC 10-311] analyzing module BubleDel
INFO: [VRFC 10-2263] Analyzing Verilog file "D:/Xilinx/Vivado/projects-ps/JMP_Predict_CPU/JMP_Predict_CPU.srcs/sources_1/new/CPU.v" into library xil_defaultlib
INFO: [VRFC 10-311] analyzing module CPU
WARNING: [VRFC 10-3248] data object 'Branch' is already declared [D:/Xilinx/Vivado/projects-ps/JMP_Predict_CPU/JMP_Predict_CPU.srcs/sources_1/new/CPU.v:52]
WARNING: [VRFC 10-9364] second declaration of 'Branch' is ignored [D:/Xilinx/Vivado/projects-ps/JMP_Predict_CPU/JMP_Predict_CPU.srcs/sources_1/new/CPU.v:52]
WARNING: [VRFC 10-3380] identifier 'actual_branchtaken' is used before its declaration [D:/Xilinx/Vivado/projects-ps/JMP_Predict_CPU/JMP_Predict_CPU.srcs/sources_1/new/CPU.v:36]
WARNING: [VRFC 10-3380] identifier 'Predict_jmp_taken' is used before its declaration [D:/Xilinx/Vivado/projects-ps/JMP_Predict_CPU/JMP_Predict_CPU.srcs/sources_1/new/CPU.v:37]
WARNING: [VRFC 10-3380] identifier 'PredictJump_EX' is used before its declaration [D:/Xilinx/Vivado/projects-ps/JMP_Predict_CPU/JMP_Predict_CPU.srcs/sources_1/new/CPU.v:38]
WARNING: [VRFC 10-3380] identifier 'ALU_SRCA' is used before its declaration [D:/Xilinx/Vivado/projects-ps/JMP_Predict_CPU/JMP_Predict_CPU.srcs/sources_1/new/CPU.v:56]
INFO: [VRFC 10-2263] Analyzing Verilog file "D:/Xilinx/Vivado/projects-ps/JMP_Predict_CPU/JMP_Predict_CPU.srcs/sources_1/new/CU.v" into library xil_defaultlib
INFO: [VRFC 10-311] analyzing module CU
INFO: [VRFC 10-2263] Analyzing Verilog file "D:/Xilinx/Vivado/projects-ps/JMP_Predict_CPU/JMP_Predict_CPU.srcs/sources_1/new/EXMEM.v" into library xil_defaultlib
INFO: [VRFC 10-311] analyzing module EXMEM
INFO: [VRFC 10-2263] Analyzing Verilog file "D:/Xilinx/Vivado/projects-ps/JMP_Predict_CPU/JMP_Predict_CPU.srcs/sources_1/new/IDEX.v" into library xil_defaultlib
INFO: [VRFC 10-311] analyzing module IDEX
INFO: [VRFC 10-2263] Analyzing Verilog file "D:/Xilinx/Vivado/projects-ps/JMP_Predict_CPU/JMP_Predict_CPU.srcs/sources_1/new/IFID.v" into library xil_defaultlib
INFO: [VRFC 10-311] analyzing module IFID
INFO: [VRFC 10-2263] Analyzing Verilog file "D:/Xilinx/Vivado/projects-ps/JMP_Predict_CPU/JMP_Predict_CPU.srcs/sources_1/new/MEMWB.v" into library xil_defaultlib
INFO: [VRFC 10-311] analyzing module MEMWB
INFO: [VRFC 10-2263] Analyzing Verilog file "D:/Xilinx/Vivado/projects-ps/JMP_Predict_CPU/JMP_Predict_CPU.srcs/sources_1/new/PC.v" into library xil_defaultlib
INFO: [VRFC 10-311] analyzing module PC
INFO: [VRFC 10-2263] Analyzing Verilog file "D:/Xilinx/Vivado/projects-ps/JMP_Predict_CPU/JMP_Predict_CPU.srcs/sources_1/new/RegFile.v" into library xil_defaultlib
INFO: [VRFC 10-311] analyzing module RegFile
INFO: [VRFC 10-2263] Analyzing Verilog file "D:/Xilinx/Vivado/projects-ps/JMP_Predict_CPU/JMP_Predict_CPU.srcs/sim_1/new/sim_cpu.v" into library xil_defaultlib
INFO: [VRFC 10-311] analyzing module sim_cpu
INFO: [USF-XSim-69] 'compile' step finished in '2' seconds
INFO: [USF-XSim-3] XSim::Elaborate design
INFO: [USF-XSim-61] Executing 'ELABORATE' step in 'D:/Xilinx/Vivado/projects-ps/JMP_Predict_CPU/JMP_Predict_CPU.sim/sim_1/behav/xsim'
"xelab --incr --debug typical --relax --mt 2 -L xil_defaultlib -L dist_mem_gen_v8_0_13 -L unisims_ver -L unimacro_ver -L secureip -L xpm --snapshot sim_cpu_behav xil_defaultlib.sim_cpu xil_defaultlib.glbl -log elaborate.log"
Vivado Simulator v2022.1
Copyright 1986-1999, 2001-2022 Xilinx, Inc. All Rights Reserved.
Running: D:/Xilinx/Vivado/2022.1/bin/unwrapped/win64.o/xelab.exe --incr --debug typical --relax --mt 2 -L xil_defaultlib -L dist_mem_gen_v8_0_13 -L unisims_ver -L unimacro_ver -L secureip -L xpm --snapshot sim_cpu_behav xil_defaultlib.sim_cpu xil_defaultlib.glbl -log elaborate.log 
Using 2 slave threads.
Starting static elaboration
Pass Through NonSizing Optimizer
WARNING: [VRFC 10-5021] port 'go' is not connected on this instance [D:/Xilinx/Vivado/projects-ps/JMP_Predict_CPU/JMP_Predict_CPU.srcs/sim_1/new/sim_cpu.v:7]
Completed static elaboration
Starting simulation data flow analysis
Completed simulation data flow analysis
Time Resolution for simulation is 1ps
Compiling module xil_defaultlib.PC
Compiling module xil_defaultlib.BPB_default
Compiling module dist_mem_gen_v8_0_13.dist_mem_gen_v8_0_13(C_FAMILY="a...
Compiling module xil_defaultlib.CS_DRAM
Compiling module xil_defaultlib.IFID
Compiling module xil_defaultlib.BubleDel
Compiling module xil_defaultlib.CU
Compiling module xil_defaultlib.RegFile
Compiling module xil_defaultlib.IDEX
Compiling module xil_defaultlib.ALU
Compiling module xil_defaultlib.EXMEM
Compiling module dist_mem_gen_v8_0_13.dist_mem_gen_v8_0_13(C_FAMILY="a...
Compiling module xil_defaultlib.DS_DRAM
Compiling module xil_defaultlib.MEMWB
Compiling module xil_defaultlib.CPU
Compiling module xil_defaultlib.sim_cpu
Compiling module xil_defaultlib.glbl
Built simulation snapshot sim_cpu_behav
INFO: [USF-XSim-69] 'elaborate' step finished in '3' seconds
INFO: [USF-XSim-4] XSim::Simulate design
INFO: [USF-XSim-61] Executing 'SIMULATE' step in 'D:/Xilinx/Vivado/projects-ps/JMP_Predict_CPU/JMP_Predict_CPU.sim/sim_1/behav/xsim'
INFO: [USF-XSim-98] *** Running xsim
   with args "sim_cpu_behav -key {Behavioral:sim_1:Functional:sim_cpu} -tclbatch {sim_cpu.tcl} -log {simulate.log}"
INFO: [USF-XSim-8] Loading simulator feature
Time resolution is 1 ps
source sim_cpu.tcl
# set curr_wave [current_wave_config]
# if { [string length $curr_wave] == 0 } {
#   if { [llength [get_objects]] > 0} {
#     add_wave /
#     set_property needs_save false [current_wave_config]
#   } else {
#      send_msg_id Add_Wave-1 WARNING "No top level signals found. Simulator will start without a wave window. If you want to open a wave window go to 'File->New Waveform Configuration' or type 'create_wave_config' in the TCL console."
#   }
# }
# log_wave -r /
# run 45000ns
WARNING: This core is supplied with a behavioral model. To model cycle-accurate behavior you must run timing simulation.
WARNING: This core is supplied with a behavioral model. To model cycle-accurate behavior you must run timing simulation.
INFO: [USF-XSim-96] XSim completed. Design snapshot 'sim_cpu_behav' loaded.
INFO: [USF-XSim-97] XSim simulation ran for 45000ns
launch_simulation: Time (s): cpu = 00:00:02 ; elapsed = 00:00:08 . Memory (MB): peak = 2683.152 ; gain = 0.000
close_sim
INFO: [Simtcl 6-16] Simulation closed
launch_simulation
Command: launch_simulation 
INFO: [Vivado 12-12493] Simulation top is 'sim_cpu'
WARNING: [Vivado 12-13340] Unable to auto find GCC executables from simulator install path! (path not set)
WARNING: [Vivado 12-13277] Compiled library path does not exist: ''
INFO: [Vivado 12-5698] Checking validity of IPs in the design for the 'XSim' simulator...
INFO: [Runs 36-567] Checking/generating simulation output products for IPs/BDs (if any)...
INFO: [Vivado 12-5682] Launching behavioral simulation in 'D:/Xilinx/Vivado/projects-ps/JMP_Predict_CPU/JMP_Predict_CPU.sim/sim_1/behav/xsim'
INFO: [Vivado 12-4795] Using compiled simulation libraries for IPs
INFO: [SIM-utils-51] Simulation object is 'sim_1'
INFO: [SIM-utils-72] Using boost library from 'D:/Xilinx/Vivado/2022.1/tps/boost_1_72_0'
INFO: [USF-XSim-7] Finding pre-compiled libraries...
INFO: [USF-XSim-11] File 'D:/Xilinx/Vivado/2022.1/data/xsim/xsim.ini' copied to run dir:'D:/Xilinx/Vivado/projects-ps/JMP_Predict_CPU/JMP_Predict_CPU.sim/sim_1/behav/xsim'
INFO: [SIM-utils-54] Inspecting design source files for 'sim_cpu' in fileset 'sim_1'...
INFO: [SIM-utils-43] Exported 'D:/Xilinx/Vivado/projects-ps/JMP_Predict_CPU/JMP_Predict_CPU.sim/sim_1/behav/xsim/CS_DRAM.mif'
INFO: [SIM-utils-43] Exported 'D:/Xilinx/Vivado/projects-ps/JMP_Predict_CPU/JMP_Predict_CPU.sim/sim_1/behav/xsim/jump.coe'
INFO: [SIM-utils-43] Exported 'D:/Xilinx/Vivado/projects-ps/JMP_Predict_CPU/JMP_Predict_CPU.sim/sim_1/behav/xsim/benchmark.coe'
INFO: [SIM-utils-43] Exported 'D:/Xilinx/Vivado/projects-ps/JMP_Predict_CPU/JMP_Predict_CPU.sim/sim_1/behav/xsim/benchmark1.coe'
INFO: [SIM-utils-43] Exported 'D:/Xilinx/Vivado/projects-ps/JMP_Predict_CPU/JMP_Predict_CPU.sim/sim_1/behav/xsim/benchmark2.coe'
INFO: [SIM-utils-43] Exported 'D:/Xilinx/Vivado/projects-ps/JMP_Predict_CPU/JMP_Predict_CPU.sim/sim_1/behav/xsim/28_ins_test.coe'
INFO: [USF-XSim-97] Finding global include files...
INFO: [USF-XSim-98] Fetching design files from 'sim_1'...
INFO: [USF-XSim-2] XSim::Compile design
INFO: [USF-XSim-61] Executing 'COMPILE and ANALYZE' step in 'D:/Xilinx/Vivado/projects-ps/JMP_Predict_CPU/JMP_Predict_CPU.sim/sim_1/behav/xsim'
"xvlog --incr --relax -prj sim_cpu_vlog.prj"
INFO: [VRFC 10-2263] Analyzing Verilog file "D:/Xilinx/Vivado/projects-ps/JMP_Predict_CPU/JMP_Predict_CPU.gen/sources_1/ip/DS_DRAM/sim/DS_DRAM.v" into library xil_defaultlib
INFO: [VRFC 10-311] analyzing module DS_DRAM
INFO: [VRFC 10-2263] Analyzing Verilog file "D:/Xilinx/Vivado/projects-ps/JMP_Predict_CPU/JMP_Predict_CPU.gen/sources_1/ip/CS_DRAM/sim/CS_DRAM.v" into library xil_defaultlib
INFO: [VRFC 10-311] analyzing module CS_DRAM
INFO: [VRFC 10-2263] Analyzing Verilog file "D:/Xilinx/Vivado/projects-ps/JMP_Predict_CPU/JMP_Predict_CPU.srcs/sources_1/new/ALU.v" into library xil_defaultlib
INFO: [VRFC 10-311] analyzing module ALU
INFO: [VRFC 10-2263] Analyzing Verilog file "D:/Xilinx/Vivado/projects-ps/JMP_Predict_CPU/JMP_Predict_CPU.srcs/sources_1/new/BPB.v" into library xil_defaultlib
INFO: [VRFC 10-311] analyzing module BPB
INFO: [VRFC 10-2263] Analyzing Verilog file "D:/Xilinx/Vivado/projects-ps/JMP_Predict_CPU/JMP_Predict_CPU.srcs/sources_1/new/BubleDel.v" into library xil_defaultlib
INFO: [VRFC 10-311] analyzing module BubleDel
INFO: [VRFC 10-2263] Analyzing Verilog file "D:/Xilinx/Vivado/projects-ps/JMP_Predict_CPU/JMP_Predict_CPU.srcs/sources_1/new/CPU.v" into library xil_defaultlib
INFO: [VRFC 10-311] analyzing module CPU
WARNING: [VRFC 10-3248] data object 'Branch' is already declared [D:/Xilinx/Vivado/projects-ps/JMP_Predict_CPU/JMP_Predict_CPU.srcs/sources_1/new/CPU.v:52]
WARNING: [VRFC 10-9364] second declaration of 'Branch' is ignored [D:/Xilinx/Vivado/projects-ps/JMP_Predict_CPU/JMP_Predict_CPU.srcs/sources_1/new/CPU.v:52]
WARNING: [VRFC 10-3380] identifier 'actual_branchtaken' is used before its declaration [D:/Xilinx/Vivado/projects-ps/JMP_Predict_CPU/JMP_Predict_CPU.srcs/sources_1/new/CPU.v:36]
WARNING: [VRFC 10-3380] identifier 'PredictJump' is used before its declaration [D:/Xilinx/Vivado/projects-ps/JMP_Predict_CPU/JMP_Predict_CPU.srcs/sources_1/new/CPU.v:37]
WARNING: [VRFC 10-3380] identifier 'PredictJump_EX' is used before its declaration [D:/Xilinx/Vivado/projects-ps/JMP_Predict_CPU/JMP_Predict_CPU.srcs/sources_1/new/CPU.v:38]
WARNING: [VRFC 10-3380] identifier 'ALU_SRCA' is used before its declaration [D:/Xilinx/Vivado/projects-ps/JMP_Predict_CPU/JMP_Predict_CPU.srcs/sources_1/new/CPU.v:56]
INFO: [VRFC 10-2263] Analyzing Verilog file "D:/Xilinx/Vivado/projects-ps/JMP_Predict_CPU/JMP_Predict_CPU.srcs/sources_1/new/CU.v" into library xil_defaultlib
INFO: [VRFC 10-311] analyzing module CU
INFO: [VRFC 10-2263] Analyzing Verilog file "D:/Xilinx/Vivado/projects-ps/JMP_Predict_CPU/JMP_Predict_CPU.srcs/sources_1/new/EXMEM.v" into library xil_defaultlib
INFO: [VRFC 10-311] analyzing module EXMEM
INFO: [VRFC 10-2263] Analyzing Verilog file "D:/Xilinx/Vivado/projects-ps/JMP_Predict_CPU/JMP_Predict_CPU.srcs/sources_1/new/IDEX.v" into library xil_defaultlib
INFO: [VRFC 10-311] analyzing module IDEX
INFO: [VRFC 10-2263] Analyzing Verilog file "D:/Xilinx/Vivado/projects-ps/JMP_Predict_CPU/JMP_Predict_CPU.srcs/sources_1/new/IFID.v" into library xil_defaultlib
INFO: [VRFC 10-311] analyzing module IFID
INFO: [VRFC 10-2263] Analyzing Verilog file "D:/Xilinx/Vivado/projects-ps/JMP_Predict_CPU/JMP_Predict_CPU.srcs/sources_1/new/MEMWB.v" into library xil_defaultlib
INFO: [VRFC 10-311] analyzing module MEMWB
INFO: [VRFC 10-2263] Analyzing Verilog file "D:/Xilinx/Vivado/projects-ps/JMP_Predict_CPU/JMP_Predict_CPU.srcs/sources_1/new/PC.v" into library xil_defaultlib
INFO: [VRFC 10-311] analyzing module PC
INFO: [VRFC 10-2263] Analyzing Verilog file "D:/Xilinx/Vivado/projects-ps/JMP_Predict_CPU/JMP_Predict_CPU.srcs/sources_1/new/RegFile.v" into library xil_defaultlib
INFO: [VRFC 10-311] analyzing module RegFile
INFO: [VRFC 10-2263] Analyzing Verilog file "D:/Xilinx/Vivado/projects-ps/JMP_Predict_CPU/JMP_Predict_CPU.srcs/sim_1/new/sim_cpu.v" into library xil_defaultlib
INFO: [VRFC 10-311] analyzing module sim_cpu
INFO: [USF-XSim-69] 'compile' step finished in '1' seconds
INFO: [USF-XSim-3] XSim::Elaborate design
INFO: [USF-XSim-61] Executing 'ELABORATE' step in 'D:/Xilinx/Vivado/projects-ps/JMP_Predict_CPU/JMP_Predict_CPU.sim/sim_1/behav/xsim'
"xelab --incr --debug typical --relax --mt 2 -L xil_defaultlib -L dist_mem_gen_v8_0_13 -L unisims_ver -L unimacro_ver -L secureip -L xpm --snapshot sim_cpu_behav xil_defaultlib.sim_cpu xil_defaultlib.glbl -log elaborate.log"
Vivado Simulator v2022.1
Copyright 1986-1999, 2001-2022 Xilinx, Inc. All Rights Reserved.
Running: D:/Xilinx/Vivado/2022.1/bin/unwrapped/win64.o/xelab.exe --incr --debug typical --relax --mt 2 -L xil_defaultlib -L dist_mem_gen_v8_0_13 -L unisims_ver -L unimacro_ver -L secureip -L xpm --snapshot sim_cpu_behav xil_defaultlib.sim_cpu xil_defaultlib.glbl -log elaborate.log 
Using 2 slave threads.
Starting static elaboration
Pass Through NonSizing Optimizer
WARNING: [VRFC 10-5021] port 'go' is not connected on this instance [D:/Xilinx/Vivado/projects-ps/JMP_Predict_CPU/JMP_Predict_CPU.srcs/sim_1/new/sim_cpu.v:7]
Completed static elaboration
Starting simulation data flow analysis
Completed simulation data flow analysis
Time Resolution for simulation is 1ps
Compiling module xil_defaultlib.PC
Compiling module xil_defaultlib.BPB_default
Compiling module dist_mem_gen_v8_0_13.dist_mem_gen_v8_0_13(C_FAMILY="a...
Compiling module xil_defaultlib.CS_DRAM
Compiling module xil_defaultlib.IFID
Compiling module xil_defaultlib.BubleDel
Compiling module xil_defaultlib.CU
Compiling module xil_defaultlib.RegFile
Compiling module xil_defaultlib.IDEX
Compiling module xil_defaultlib.ALU
Compiling module xil_defaultlib.EXMEM
Compiling module dist_mem_gen_v8_0_13.dist_mem_gen_v8_0_13(C_FAMILY="a...
Compiling module xil_defaultlib.DS_DRAM
Compiling module xil_defaultlib.MEMWB
Compiling module xil_defaultlib.CPU
Compiling module xil_defaultlib.sim_cpu
Compiling module xil_defaultlib.glbl
Built simulation snapshot sim_cpu_behav
INFO: [USF-XSim-69] 'elaborate' step finished in '4' seconds
INFO: [USF-XSim-4] XSim::Simulate design
INFO: [USF-XSim-61] Executing 'SIMULATE' step in 'D:/Xilinx/Vivado/projects-ps/JMP_Predict_CPU/JMP_Predict_CPU.sim/sim_1/behav/xsim'
INFO: [USF-XSim-98] *** Running xsim
   with args "sim_cpu_behav -key {Behavioral:sim_1:Functional:sim_cpu} -tclbatch {sim_cpu.tcl} -log {simulate.log}"
INFO: [USF-XSim-8] Loading simulator feature
Time resolution is 1 ps
source sim_cpu.tcl
# set curr_wave [current_wave_config]
# if { [string length $curr_wave] == 0 } {
#   if { [llength [get_objects]] > 0} {
#     add_wave /
#     set_property needs_save false [current_wave_config]
#   } else {
#      send_msg_id Add_Wave-1 WARNING "No top level signals found. Simulator will start without a wave window. If you want to open a wave window go to 'File->New Waveform Configuration' or type 'create_wave_config' in the TCL console."
#   }
# }
# log_wave -r /
# run 45000ns
WARNING: This core is supplied with a behavioral model. To model cycle-accurate behavior you must run timing simulation.
WARNING: This core is supplied with a behavioral model. To model cycle-accurate behavior you must run timing simulation.
INFO: [USF-XSim-96] XSim completed. Design snapshot 'sim_cpu_behav' loaded.
INFO: [USF-XSim-97] XSim simulation ran for 45000ns
launch_simulation: Time (s): cpu = 00:00:03 ; elapsed = 00:00:08 . Memory (MB): peak = 2683.152 ; gain = 0.000
close_sim
INFO: [Simtcl 6-16] Simulation closed
launch_simulation
Command: launch_simulation 
INFO: [Vivado 12-12493] Simulation top is 'sim_cpu'
WARNING: [Vivado 12-13340] Unable to auto find GCC executables from simulator install path! (path not set)
WARNING: [Vivado 12-13277] Compiled library path does not exist: ''
INFO: [Vivado 12-5698] Checking validity of IPs in the design for the 'XSim' simulator...
INFO: [Runs 36-567] Checking/generating simulation output products for IPs/BDs (if any)...
INFO: [Vivado 12-5682] Launching behavioral simulation in 'D:/Xilinx/Vivado/projects-ps/JMP_Predict_CPU/JMP_Predict_CPU.sim/sim_1/behav/xsim'
INFO: [Vivado 12-4795] Using compiled simulation libraries for IPs
INFO: [SIM-utils-51] Simulation object is 'sim_1'
INFO: [SIM-utils-72] Using boost library from 'D:/Xilinx/Vivado/2022.1/tps/boost_1_72_0'
INFO: [USF-XSim-7] Finding pre-compiled libraries...
INFO: [USF-XSim-11] File 'D:/Xilinx/Vivado/2022.1/data/xsim/xsim.ini' copied to run dir:'D:/Xilinx/Vivado/projects-ps/JMP_Predict_CPU/JMP_Predict_CPU.sim/sim_1/behav/xsim'
INFO: [SIM-utils-54] Inspecting design source files for 'sim_cpu' in fileset 'sim_1'...
INFO: [SIM-utils-43] Exported 'D:/Xilinx/Vivado/projects-ps/JMP_Predict_CPU/JMP_Predict_CPU.sim/sim_1/behav/xsim/CS_DRAM.mif'
INFO: [SIM-utils-43] Exported 'D:/Xilinx/Vivado/projects-ps/JMP_Predict_CPU/JMP_Predict_CPU.sim/sim_1/behav/xsim/jump.coe'
INFO: [SIM-utils-43] Exported 'D:/Xilinx/Vivado/projects-ps/JMP_Predict_CPU/JMP_Predict_CPU.sim/sim_1/behav/xsim/benchmark.coe'
INFO: [SIM-utils-43] Exported 'D:/Xilinx/Vivado/projects-ps/JMP_Predict_CPU/JMP_Predict_CPU.sim/sim_1/behav/xsim/benchmark1.coe'
INFO: [SIM-utils-43] Exported 'D:/Xilinx/Vivado/projects-ps/JMP_Predict_CPU/JMP_Predict_CPU.sim/sim_1/behav/xsim/benchmark2.coe'
INFO: [SIM-utils-43] Exported 'D:/Xilinx/Vivado/projects-ps/JMP_Predict_CPU/JMP_Predict_CPU.sim/sim_1/behav/xsim/28_ins_test.coe'
INFO: [USF-XSim-97] Finding global include files...
INFO: [USF-XSim-98] Fetching design files from 'sim_1'...
INFO: [USF-XSim-2] XSim::Compile design
INFO: [USF-XSim-61] Executing 'COMPILE and ANALYZE' step in 'D:/Xilinx/Vivado/projects-ps/JMP_Predict_CPU/JMP_Predict_CPU.sim/sim_1/behav/xsim'
"xvlog --incr --relax -prj sim_cpu_vlog.prj"
INFO: [VRFC 10-2263] Analyzing Verilog file "D:/Xilinx/Vivado/projects-ps/JMP_Predict_CPU/JMP_Predict_CPU.gen/sources_1/ip/DS_DRAM/sim/DS_DRAM.v" into library xil_defaultlib
INFO: [VRFC 10-311] analyzing module DS_DRAM
INFO: [VRFC 10-2263] Analyzing Verilog file "D:/Xilinx/Vivado/projects-ps/JMP_Predict_CPU/JMP_Predict_CPU.gen/sources_1/ip/CS_DRAM/sim/CS_DRAM.v" into library xil_defaultlib
INFO: [VRFC 10-311] analyzing module CS_DRAM
INFO: [VRFC 10-2263] Analyzing Verilog file "D:/Xilinx/Vivado/projects-ps/JMP_Predict_CPU/JMP_Predict_CPU.srcs/sources_1/new/ALU.v" into library xil_defaultlib
INFO: [VRFC 10-311] analyzing module ALU
INFO: [VRFC 10-2263] Analyzing Verilog file "D:/Xilinx/Vivado/projects-ps/JMP_Predict_CPU/JMP_Predict_CPU.srcs/sources_1/new/BPB.v" into library xil_defaultlib
INFO: [VRFC 10-311] analyzing module BPB
INFO: [VRFC 10-2263] Analyzing Verilog file "D:/Xilinx/Vivado/projects-ps/JMP_Predict_CPU/JMP_Predict_CPU.srcs/sources_1/new/BubleDel.v" into library xil_defaultlib
INFO: [VRFC 10-311] analyzing module BubleDel
INFO: [VRFC 10-2263] Analyzing Verilog file "D:/Xilinx/Vivado/projects-ps/JMP_Predict_CPU/JMP_Predict_CPU.srcs/sources_1/new/CPU.v" into library xil_defaultlib
INFO: [VRFC 10-311] analyzing module CPU
WARNING: [VRFC 10-3248] data object 'Branch' is already declared [D:/Xilinx/Vivado/projects-ps/JMP_Predict_CPU/JMP_Predict_CPU.srcs/sources_1/new/CPU.v:52]
WARNING: [VRFC 10-9364] second declaration of 'Branch' is ignored [D:/Xilinx/Vivado/projects-ps/JMP_Predict_CPU/JMP_Predict_CPU.srcs/sources_1/new/CPU.v:52]
WARNING: [VRFC 10-3380] identifier 'actual_branchtaken' is used before its declaration [D:/Xilinx/Vivado/projects-ps/JMP_Predict_CPU/JMP_Predict_CPU.srcs/sources_1/new/CPU.v:36]
WARNING: [VRFC 10-3380] identifier 'PredictJump' is used before its declaration [D:/Xilinx/Vivado/projects-ps/JMP_Predict_CPU/JMP_Predict_CPU.srcs/sources_1/new/CPU.v:37]
WARNING: [VRFC 10-3380] identifier 'PredictJump_EX' is used before its declaration [D:/Xilinx/Vivado/projects-ps/JMP_Predict_CPU/JMP_Predict_CPU.srcs/sources_1/new/CPU.v:38]
WARNING: [VRFC 10-3380] identifier 'ALU_SRCA' is used before its declaration [D:/Xilinx/Vivado/projects-ps/JMP_Predict_CPU/JMP_Predict_CPU.srcs/sources_1/new/CPU.v:56]
INFO: [VRFC 10-2263] Analyzing Verilog file "D:/Xilinx/Vivado/projects-ps/JMP_Predict_CPU/JMP_Predict_CPU.srcs/sources_1/new/CU.v" into library xil_defaultlib
INFO: [VRFC 10-311] analyzing module CU
INFO: [VRFC 10-2263] Analyzing Verilog file "D:/Xilinx/Vivado/projects-ps/JMP_Predict_CPU/JMP_Predict_CPU.srcs/sources_1/new/EXMEM.v" into library xil_defaultlib
INFO: [VRFC 10-311] analyzing module EXMEM
INFO: [VRFC 10-2263] Analyzing Verilog file "D:/Xilinx/Vivado/projects-ps/JMP_Predict_CPU/JMP_Predict_CPU.srcs/sources_1/new/IDEX.v" into library xil_defaultlib
INFO: [VRFC 10-311] analyzing module IDEX
INFO: [VRFC 10-2263] Analyzing Verilog file "D:/Xilinx/Vivado/projects-ps/JMP_Predict_CPU/JMP_Predict_CPU.srcs/sources_1/new/IFID.v" into library xil_defaultlib
INFO: [VRFC 10-311] analyzing module IFID
INFO: [VRFC 10-2263] Analyzing Verilog file "D:/Xilinx/Vivado/projects-ps/JMP_Predict_CPU/JMP_Predict_CPU.srcs/sources_1/new/MEMWB.v" into library xil_defaultlib
INFO: [VRFC 10-311] analyzing module MEMWB
INFO: [VRFC 10-2263] Analyzing Verilog file "D:/Xilinx/Vivado/projects-ps/JMP_Predict_CPU/JMP_Predict_CPU.srcs/sources_1/new/PC.v" into library xil_defaultlib
INFO: [VRFC 10-311] analyzing module PC
INFO: [VRFC 10-2263] Analyzing Verilog file "D:/Xilinx/Vivado/projects-ps/JMP_Predict_CPU/JMP_Predict_CPU.srcs/sources_1/new/RegFile.v" into library xil_defaultlib
INFO: [VRFC 10-311] analyzing module RegFile
INFO: [VRFC 10-2263] Analyzing Verilog file "D:/Xilinx/Vivado/projects-ps/JMP_Predict_CPU/JMP_Predict_CPU.srcs/sim_1/new/sim_cpu.v" into library xil_defaultlib
INFO: [VRFC 10-311] analyzing module sim_cpu
INFO: [USF-XSim-69] 'compile' step finished in '1' seconds
INFO: [USF-XSim-3] XSim::Elaborate design
INFO: [USF-XSim-61] Executing 'ELABORATE' step in 'D:/Xilinx/Vivado/projects-ps/JMP_Predict_CPU/JMP_Predict_CPU.sim/sim_1/behav/xsim'
"xelab --incr --debug typical --relax --mt 2 -L xil_defaultlib -L dist_mem_gen_v8_0_13 -L unisims_ver -L unimacro_ver -L secureip -L xpm --snapshot sim_cpu_behav xil_defaultlib.sim_cpu xil_defaultlib.glbl -log elaborate.log"
Vivado Simulator v2022.1
Copyright 1986-1999, 2001-2022 Xilinx, Inc. All Rights Reserved.
Running: D:/Xilinx/Vivado/2022.1/bin/unwrapped/win64.o/xelab.exe --incr --debug typical --relax --mt 2 -L xil_defaultlib -L dist_mem_gen_v8_0_13 -L unisims_ver -L unimacro_ver -L secureip -L xpm --snapshot sim_cpu_behav xil_defaultlib.sim_cpu xil_defaultlib.glbl -log elaborate.log 
Using 2 slave threads.
Starting static elaboration
Pass Through NonSizing Optimizer
WARNING: [VRFC 10-5021] port 'go' is not connected on this instance [D:/Xilinx/Vivado/projects-ps/JMP_Predict_CPU/JMP_Predict_CPU.srcs/sim_1/new/sim_cpu.v:7]
Completed static elaboration
Starting simulation data flow analysis
Completed simulation data flow analysis
Time Resolution for simulation is 1ps
Compiling module xil_defaultlib.PC
Compiling module xil_defaultlib.BPB_default
Compiling module dist_mem_gen_v8_0_13.dist_mem_gen_v8_0_13(C_FAMILY="a...
Compiling module xil_defaultlib.CS_DRAM
Compiling module xil_defaultlib.IFID
Compiling module xil_defaultlib.BubleDel
Compiling module xil_defaultlib.CU
Compiling module xil_defaultlib.RegFile
Compiling module xil_defaultlib.IDEX
Compiling module xil_defaultlib.ALU
Compiling module xil_defaultlib.EXMEM
Compiling module dist_mem_gen_v8_0_13.dist_mem_gen_v8_0_13(C_FAMILY="a...
Compiling module xil_defaultlib.DS_DRAM
Compiling module xil_defaultlib.MEMWB
Compiling module xil_defaultlib.CPU
Compiling module xil_defaultlib.sim_cpu
Compiling module xil_defaultlib.glbl
Built simulation snapshot sim_cpu_behav
INFO: [USF-XSim-69] 'elaborate' step finished in '3' seconds
INFO: [USF-XSim-4] XSim::Simulate design
INFO: [USF-XSim-61] Executing 'SIMULATE' step in 'D:/Xilinx/Vivado/projects-ps/JMP_Predict_CPU/JMP_Predict_CPU.sim/sim_1/behav/xsim'
INFO: [USF-XSim-98] *** Running xsim
   with args "sim_cpu_behav -key {Behavioral:sim_1:Functional:sim_cpu} -tclbatch {sim_cpu.tcl} -log {simulate.log}"
INFO: [USF-XSim-8] Loading simulator feature
Time resolution is 1 ps
source sim_cpu.tcl
# set curr_wave [current_wave_config]
# if { [string length $curr_wave] == 0 } {
#   if { [llength [get_objects]] > 0} {
#     add_wave /
#     set_property needs_save false [current_wave_config]
#   } else {
#      send_msg_id Add_Wave-1 WARNING "No top level signals found. Simulator will start without a wave window. If you want to open a wave window go to 'File->New Waveform Configuration' or type 'create_wave_config' in the TCL console."
#   }
# }
# log_wave -r /
# run 45000ns
WARNING: This core is supplied with a behavioral model. To model cycle-accurate behavior you must run timing simulation.
WARNING: This core is supplied with a behavioral model. To model cycle-accurate behavior you must run timing simulation.
INFO: [USF-XSim-96] XSim completed. Design snapshot 'sim_cpu_behav' loaded.
INFO: [USF-XSim-97] XSim simulation ran for 45000ns
launch_simulation: Time (s): cpu = 00:00:02 ; elapsed = 00:00:07 . Memory (MB): peak = 2683.152 ; gain = 0.000
set_property -name {xsim.simulate.runtime} -value {2300ns} -objects [get_filesets sim_1]
close_sim
INFO: [Simtcl 6-16] Simulation closed
launch_simulation
Command: launch_simulation 
INFO: [Vivado 12-12493] Simulation top is 'sim_cpu'
WARNING: [Vivado 12-13340] Unable to auto find GCC executables from simulator install path! (path not set)
WARNING: [Vivado 12-13277] Compiled library path does not exist: ''
INFO: [Vivado 12-5698] Checking validity of IPs in the design for the 'XSim' simulator...
INFO: [Runs 36-567] Checking/generating simulation output products for IPs/BDs (if any)...
INFO: [Vivado 12-5682] Launching behavioral simulation in 'D:/Xilinx/Vivado/projects-ps/JMP_Predict_CPU/JMP_Predict_CPU.sim/sim_1/behav/xsim'
INFO: [Vivado 12-4795] Using compiled simulation libraries for IPs
INFO: [SIM-utils-51] Simulation object is 'sim_1'
INFO: [SIM-utils-72] Using boost library from 'D:/Xilinx/Vivado/2022.1/tps/boost_1_72_0'
INFO: [USF-XSim-7] Finding pre-compiled libraries...
INFO: [USF-XSim-11] File 'D:/Xilinx/Vivado/2022.1/data/xsim/xsim.ini' copied to run dir:'D:/Xilinx/Vivado/projects-ps/JMP_Predict_CPU/JMP_Predict_CPU.sim/sim_1/behav/xsim'
INFO: [SIM-utils-54] Inspecting design source files for 'sim_cpu' in fileset 'sim_1'...
INFO: [SIM-utils-43] Exported 'D:/Xilinx/Vivado/projects-ps/JMP_Predict_CPU/JMP_Predict_CPU.sim/sim_1/behav/xsim/CS_DRAM.mif'
INFO: [SIM-utils-43] Exported 'D:/Xilinx/Vivado/projects-ps/JMP_Predict_CPU/JMP_Predict_CPU.sim/sim_1/behav/xsim/jump.coe'
INFO: [SIM-utils-43] Exported 'D:/Xilinx/Vivado/projects-ps/JMP_Predict_CPU/JMP_Predict_CPU.sim/sim_1/behav/xsim/benchmark.coe'
INFO: [SIM-utils-43] Exported 'D:/Xilinx/Vivado/projects-ps/JMP_Predict_CPU/JMP_Predict_CPU.sim/sim_1/behav/xsim/benchmark1.coe'
INFO: [SIM-utils-43] Exported 'D:/Xilinx/Vivado/projects-ps/JMP_Predict_CPU/JMP_Predict_CPU.sim/sim_1/behav/xsim/benchmark2.coe'
INFO: [SIM-utils-43] Exported 'D:/Xilinx/Vivado/projects-ps/JMP_Predict_CPU/JMP_Predict_CPU.sim/sim_1/behav/xsim/28_ins_test.coe'
INFO: [USF-XSim-97] Finding global include files...
INFO: [USF-XSim-98] Fetching design files from 'sim_1'...
INFO: [USF-XSim-2] XSim::Compile design
INFO: [USF-XSim-61] Executing 'COMPILE and ANALYZE' step in 'D:/Xilinx/Vivado/projects-ps/JMP_Predict_CPU/JMP_Predict_CPU.sim/sim_1/behav/xsim'
"xvlog --incr --relax -prj sim_cpu_vlog.prj"
INFO: [VRFC 10-2263] Analyzing Verilog file "D:/Xilinx/Vivado/projects-ps/JMP_Predict_CPU/JMP_Predict_CPU.gen/sources_1/ip/DS_DRAM/sim/DS_DRAM.v" into library xil_defaultlib
INFO: [VRFC 10-311] analyzing module DS_DRAM
INFO: [VRFC 10-2263] Analyzing Verilog file "D:/Xilinx/Vivado/projects-ps/JMP_Predict_CPU/JMP_Predict_CPU.gen/sources_1/ip/CS_DRAM/sim/CS_DRAM.v" into library xil_defaultlib
INFO: [VRFC 10-311] analyzing module CS_DRAM
INFO: [VRFC 10-2263] Analyzing Verilog file "D:/Xilinx/Vivado/projects-ps/JMP_Predict_CPU/JMP_Predict_CPU.srcs/sources_1/new/ALU.v" into library xil_defaultlib
INFO: [VRFC 10-311] analyzing module ALU
INFO: [VRFC 10-2263] Analyzing Verilog file "D:/Xilinx/Vivado/projects-ps/JMP_Predict_CPU/JMP_Predict_CPU.srcs/sources_1/new/BPB.v" into library xil_defaultlib
INFO: [VRFC 10-311] analyzing module BPB
INFO: [VRFC 10-2263] Analyzing Verilog file "D:/Xilinx/Vivado/projects-ps/JMP_Predict_CPU/JMP_Predict_CPU.srcs/sources_1/new/BubleDel.v" into library xil_defaultlib
INFO: [VRFC 10-311] analyzing module BubleDel
INFO: [VRFC 10-2263] Analyzing Verilog file "D:/Xilinx/Vivado/projects-ps/JMP_Predict_CPU/JMP_Predict_CPU.srcs/sources_1/new/CPU.v" into library xil_defaultlib
INFO: [VRFC 10-311] analyzing module CPU
WARNING: [VRFC 10-3248] data object 'Branch' is already declared [D:/Xilinx/Vivado/projects-ps/JMP_Predict_CPU/JMP_Predict_CPU.srcs/sources_1/new/CPU.v:52]
WARNING: [VRFC 10-9364] second declaration of 'Branch' is ignored [D:/Xilinx/Vivado/projects-ps/JMP_Predict_CPU/JMP_Predict_CPU.srcs/sources_1/new/CPU.v:52]
WARNING: [VRFC 10-3380] identifier 'actual_branchtaken' is used before its declaration [D:/Xilinx/Vivado/projects-ps/JMP_Predict_CPU/JMP_Predict_CPU.srcs/sources_1/new/CPU.v:36]
WARNING: [VRFC 10-3380] identifier 'PredictJump' is used before its declaration [D:/Xilinx/Vivado/projects-ps/JMP_Predict_CPU/JMP_Predict_CPU.srcs/sources_1/new/CPU.v:37]
WARNING: [VRFC 10-3380] identifier 'PredictJump_EX' is used before its declaration [D:/Xilinx/Vivado/projects-ps/JMP_Predict_CPU/JMP_Predict_CPU.srcs/sources_1/new/CPU.v:38]
WARNING: [VRFC 10-3380] identifier 'ALU_SRCA' is used before its declaration [D:/Xilinx/Vivado/projects-ps/JMP_Predict_CPU/JMP_Predict_CPU.srcs/sources_1/new/CPU.v:56]
INFO: [VRFC 10-2263] Analyzing Verilog file "D:/Xilinx/Vivado/projects-ps/JMP_Predict_CPU/JMP_Predict_CPU.srcs/sources_1/new/CU.v" into library xil_defaultlib
INFO: [VRFC 10-311] analyzing module CU
INFO: [VRFC 10-2263] Analyzing Verilog file "D:/Xilinx/Vivado/projects-ps/JMP_Predict_CPU/JMP_Predict_CPU.srcs/sources_1/new/EXMEM.v" into library xil_defaultlib
INFO: [VRFC 10-311] analyzing module EXMEM
INFO: [VRFC 10-2263] Analyzing Verilog file "D:/Xilinx/Vivado/projects-ps/JMP_Predict_CPU/JMP_Predict_CPU.srcs/sources_1/new/IDEX.v" into library xil_defaultlib
INFO: [VRFC 10-311] analyzing module IDEX
INFO: [VRFC 10-2263] Analyzing Verilog file "D:/Xilinx/Vivado/projects-ps/JMP_Predict_CPU/JMP_Predict_CPU.srcs/sources_1/new/IFID.v" into library xil_defaultlib
INFO: [VRFC 10-311] analyzing module IFID
INFO: [VRFC 10-2263] Analyzing Verilog file "D:/Xilinx/Vivado/projects-ps/JMP_Predict_CPU/JMP_Predict_CPU.srcs/sources_1/new/MEMWB.v" into library xil_defaultlib
INFO: [VRFC 10-311] analyzing module MEMWB
INFO: [VRFC 10-2263] Analyzing Verilog file "D:/Xilinx/Vivado/projects-ps/JMP_Predict_CPU/JMP_Predict_CPU.srcs/sources_1/new/PC.v" into library xil_defaultlib
INFO: [VRFC 10-311] analyzing module PC
INFO: [VRFC 10-2263] Analyzing Verilog file "D:/Xilinx/Vivado/projects-ps/JMP_Predict_CPU/JMP_Predict_CPU.srcs/sources_1/new/RegFile.v" into library xil_defaultlib
INFO: [VRFC 10-311] analyzing module RegFile
INFO: [VRFC 10-2263] Analyzing Verilog file "D:/Xilinx/Vivado/projects-ps/JMP_Predict_CPU/JMP_Predict_CPU.srcs/sim_1/new/sim_cpu.v" into library xil_defaultlib
INFO: [VRFC 10-311] analyzing module sim_cpu
INFO: [USF-XSim-69] 'compile' step finished in '2' seconds
INFO: [USF-XSim-3] XSim::Elaborate design
INFO: [USF-XSim-61] Executing 'ELABORATE' step in 'D:/Xilinx/Vivado/projects-ps/JMP_Predict_CPU/JMP_Predict_CPU.sim/sim_1/behav/xsim'
"xelab --incr --debug typical --relax --mt 2 -L xil_defaultlib -L dist_mem_gen_v8_0_13 -L unisims_ver -L unimacro_ver -L secureip -L xpm --snapshot sim_cpu_behav xil_defaultlib.sim_cpu xil_defaultlib.glbl -log elaborate.log"
Vivado Simulator v2022.1
Copyright 1986-1999, 2001-2022 Xilinx, Inc. All Rights Reserved.
Running: D:/Xilinx/Vivado/2022.1/bin/unwrapped/win64.o/xelab.exe --incr --debug typical --relax --mt 2 -L xil_defaultlib -L dist_mem_gen_v8_0_13 -L unisims_ver -L unimacro_ver -L secureip -L xpm --snapshot sim_cpu_behav xil_defaultlib.sim_cpu xil_defaultlib.glbl -log elaborate.log 
Using 2 slave threads.
Starting static elaboration
Pass Through NonSizing Optimizer
WARNING: [VRFC 10-5021] port 'go' is not connected on this instance [D:/Xilinx/Vivado/projects-ps/JMP_Predict_CPU/JMP_Predict_CPU.srcs/sim_1/new/sim_cpu.v:7]
Completed static elaboration
Starting simulation data flow analysis
Completed simulation data flow analysis
Time Resolution for simulation is 1ps
Compiling module xil_defaultlib.PC
Compiling module xil_defaultlib.BPB_default
Compiling module dist_mem_gen_v8_0_13.dist_mem_gen_v8_0_13(C_FAMILY="a...
Compiling module xil_defaultlib.CS_DRAM
Compiling module xil_defaultlib.IFID
Compiling module xil_defaultlib.BubleDel
Compiling module xil_defaultlib.CU
Compiling module xil_defaultlib.RegFile
Compiling module xil_defaultlib.IDEX
Compiling module xil_defaultlib.ALU
Compiling module xil_defaultlib.EXMEM
Compiling module dist_mem_gen_v8_0_13.dist_mem_gen_v8_0_13(C_FAMILY="a...
Compiling module xil_defaultlib.DS_DRAM
Compiling module xil_defaultlib.MEMWB
Compiling module xil_defaultlib.CPU
Compiling module xil_defaultlib.sim_cpu
Compiling module xil_defaultlib.glbl
Built simulation snapshot sim_cpu_behav
INFO: [USF-XSim-69] 'elaborate' step finished in '3' seconds
INFO: [USF-XSim-4] XSim::Simulate design
INFO: [USF-XSim-61] Executing 'SIMULATE' step in 'D:/Xilinx/Vivado/projects-ps/JMP_Predict_CPU/JMP_Predict_CPU.sim/sim_1/behav/xsim'
INFO: [USF-XSim-98] *** Running xsim
   with args "sim_cpu_behav -key {Behavioral:sim_1:Functional:sim_cpu} -tclbatch {sim_cpu.tcl} -log {simulate.log}"
INFO: [USF-XSim-8] Loading simulator feature
Time resolution is 1 ps
source sim_cpu.tcl
# set curr_wave [current_wave_config]
# if { [string length $curr_wave] == 0 } {
#   if { [llength [get_objects]] > 0} {
#     add_wave /
#     set_property needs_save false [current_wave_config]
#   } else {
#      send_msg_id Add_Wave-1 WARNING "No top level signals found. Simulator will start without a wave window. If you want to open a wave window go to 'File->New Waveform Configuration' or type 'create_wave_config' in the TCL console."
#   }
# }
# log_wave -r /
# run 2300ns
WARNING: This core is supplied with a behavioral model. To model cycle-accurate behavior you must run timing simulation.
WARNING: This core is supplied with a behavioral model. To model cycle-accurate behavior you must run timing simulation.
INFO: [USF-XSim-96] XSim completed. Design snapshot 'sim_cpu_behav' loaded.
INFO: [USF-XSim-97] XSim simulation ran for 2300ns
launch_simulation: Time (s): cpu = 00:00:02 ; elapsed = 00:00:07 . Memory (MB): peak = 2683.152 ; gain = 0.000
save_wave_config {D:/Xilinx/Vivado/projects-ps/JMP_Predict_CPU/sim_cpu_behav.wcfg}
add_files -fileset sim_1 -norecurse D:/Xilinx/Vivado/projects-ps/JMP_Predict_CPU/sim_cpu_behav.wcfg
set_property xsim.view D:/Xilinx/Vivado/projects-ps/JMP_Predict_CPU/sim_cpu_behav.wcfg [get_filesets sim_1]
close_sim
INFO: [Simtcl 6-16] Simulation closed
launch_simulation
Command: launch_simulation 
INFO: [Vivado 12-12493] Simulation top is 'sim_cpu'
WARNING: [Vivado 12-13340] Unable to auto find GCC executables from simulator install path! (path not set)
WARNING: [Vivado 12-13277] Compiled library path does not exist: ''
INFO: [Vivado 12-5698] Checking validity of IPs in the design for the 'XSim' simulator...
INFO: [Runs 36-567] Checking/generating simulation output products for IPs/BDs (if any)...
INFO: [Vivado 12-5682] Launching behavioral simulation in 'D:/Xilinx/Vivado/projects-ps/JMP_Predict_CPU/JMP_Predict_CPU.sim/sim_1/behav/xsim'
INFO: [Vivado 12-4795] Using compiled simulation libraries for IPs
INFO: [SIM-utils-51] Simulation object is 'sim_1'
INFO: [SIM-utils-72] Using boost library from 'D:/Xilinx/Vivado/2022.1/tps/boost_1_72_0'
INFO: [USF-XSim-7] Finding pre-compiled libraries...
INFO: [USF-XSim-11] File 'D:/Xilinx/Vivado/2022.1/data/xsim/xsim.ini' copied to run dir:'D:/Xilinx/Vivado/projects-ps/JMP_Predict_CPU/JMP_Predict_CPU.sim/sim_1/behav/xsim'
INFO: [SIM-utils-54] Inspecting design source files for 'sim_cpu' in fileset 'sim_1'...
INFO: [SIM-utils-43] Exported 'D:/Xilinx/Vivado/projects-ps/JMP_Predict_CPU/JMP_Predict_CPU.sim/sim_1/behav/xsim/CS_DRAM.mif'
INFO: [SIM-utils-43] Exported 'D:/Xilinx/Vivado/projects-ps/JMP_Predict_CPU/JMP_Predict_CPU.sim/sim_1/behav/xsim/jump.coe'
INFO: [SIM-utils-43] Exported 'D:/Xilinx/Vivado/projects-ps/JMP_Predict_CPU/JMP_Predict_CPU.sim/sim_1/behav/xsim/benchmark.coe'
INFO: [SIM-utils-43] Exported 'D:/Xilinx/Vivado/projects-ps/JMP_Predict_CPU/JMP_Predict_CPU.sim/sim_1/behav/xsim/benchmark1.coe'
INFO: [SIM-utils-43] Exported 'D:/Xilinx/Vivado/projects-ps/JMP_Predict_CPU/JMP_Predict_CPU.sim/sim_1/behav/xsim/benchmark2.coe'
INFO: [SIM-utils-43] Exported 'D:/Xilinx/Vivado/projects-ps/JMP_Predict_CPU/JMP_Predict_CPU.sim/sim_1/behav/xsim/28_ins_test.coe'
INFO: [USF-XSim-97] Finding global include files...
INFO: [USF-XSim-98] Fetching design files from 'sim_1'...
INFO: [USF-XSim-2] XSim::Compile design
INFO: [USF-XSim-61] Executing 'COMPILE and ANALYZE' step in 'D:/Xilinx/Vivado/projects-ps/JMP_Predict_CPU/JMP_Predict_CPU.sim/sim_1/behav/xsim'
"xvlog --incr --relax -prj sim_cpu_vlog.prj"
INFO: [VRFC 10-2263] Analyzing Verilog file "D:/Xilinx/Vivado/projects-ps/JMP_Predict_CPU/JMP_Predict_CPU.gen/sources_1/ip/DS_DRAM/sim/DS_DRAM.v" into library xil_defaultlib
INFO: [VRFC 10-311] analyzing module DS_DRAM
INFO: [VRFC 10-2263] Analyzing Verilog file "D:/Xilinx/Vivado/projects-ps/JMP_Predict_CPU/JMP_Predict_CPU.gen/sources_1/ip/CS_DRAM/sim/CS_DRAM.v" into library xil_defaultlib
INFO: [VRFC 10-311] analyzing module CS_DRAM
INFO: [VRFC 10-2263] Analyzing Verilog file "D:/Xilinx/Vivado/projects-ps/JMP_Predict_CPU/JMP_Predict_CPU.srcs/sources_1/new/ALU.v" into library xil_defaultlib
INFO: [VRFC 10-311] analyzing module ALU
INFO: [VRFC 10-2263] Analyzing Verilog file "D:/Xilinx/Vivado/projects-ps/JMP_Predict_CPU/JMP_Predict_CPU.srcs/sources_1/new/BPB.v" into library xil_defaultlib
INFO: [VRFC 10-311] analyzing module BPB
INFO: [VRFC 10-2263] Analyzing Verilog file "D:/Xilinx/Vivado/projects-ps/JMP_Predict_CPU/JMP_Predict_CPU.srcs/sources_1/new/BubleDel.v" into library xil_defaultlib
INFO: [VRFC 10-311] analyzing module BubleDel
INFO: [VRFC 10-2263] Analyzing Verilog file "D:/Xilinx/Vivado/projects-ps/JMP_Predict_CPU/JMP_Predict_CPU.srcs/sources_1/new/CPU.v" into library xil_defaultlib
INFO: [VRFC 10-311] analyzing module CPU
WARNING: [VRFC 10-3248] data object 'Branch' is already declared [D:/Xilinx/Vivado/projects-ps/JMP_Predict_CPU/JMP_Predict_CPU.srcs/sources_1/new/CPU.v:52]
WARNING: [VRFC 10-9364] second declaration of 'Branch' is ignored [D:/Xilinx/Vivado/projects-ps/JMP_Predict_CPU/JMP_Predict_CPU.srcs/sources_1/new/CPU.v:52]
WARNING: [VRFC 10-3380] identifier 'actual_branchtaken' is used before its declaration [D:/Xilinx/Vivado/projects-ps/JMP_Predict_CPU/JMP_Predict_CPU.srcs/sources_1/new/CPU.v:36]
WARNING: [VRFC 10-3380] identifier 'PredictJump' is used before its declaration [D:/Xilinx/Vivado/projects-ps/JMP_Predict_CPU/JMP_Predict_CPU.srcs/sources_1/new/CPU.v:37]
WARNING: [VRFC 10-3380] identifier 'PredictJump_EX' is used before its declaration [D:/Xilinx/Vivado/projects-ps/JMP_Predict_CPU/JMP_Predict_CPU.srcs/sources_1/new/CPU.v:38]
WARNING: [VRFC 10-3380] identifier 'ALU_SRCA' is used before its declaration [D:/Xilinx/Vivado/projects-ps/JMP_Predict_CPU/JMP_Predict_CPU.srcs/sources_1/new/CPU.v:56]
INFO: [VRFC 10-2263] Analyzing Verilog file "D:/Xilinx/Vivado/projects-ps/JMP_Predict_CPU/JMP_Predict_CPU.srcs/sources_1/new/CU.v" into library xil_defaultlib
INFO: [VRFC 10-311] analyzing module CU
INFO: [VRFC 10-2263] Analyzing Verilog file "D:/Xilinx/Vivado/projects-ps/JMP_Predict_CPU/JMP_Predict_CPU.srcs/sources_1/new/EXMEM.v" into library xil_defaultlib
INFO: [VRFC 10-311] analyzing module EXMEM
INFO: [VRFC 10-2263] Analyzing Verilog file "D:/Xilinx/Vivado/projects-ps/JMP_Predict_CPU/JMP_Predict_CPU.srcs/sources_1/new/IDEX.v" into library xil_defaultlib
INFO: [VRFC 10-311] analyzing module IDEX
INFO: [VRFC 10-2263] Analyzing Verilog file "D:/Xilinx/Vivado/projects-ps/JMP_Predict_CPU/JMP_Predict_CPU.srcs/sources_1/new/IFID.v" into library xil_defaultlib
INFO: [VRFC 10-311] analyzing module IFID
INFO: [VRFC 10-2263] Analyzing Verilog file "D:/Xilinx/Vivado/projects-ps/JMP_Predict_CPU/JMP_Predict_CPU.srcs/sources_1/new/MEMWB.v" into library xil_defaultlib
INFO: [VRFC 10-311] analyzing module MEMWB
INFO: [VRFC 10-2263] Analyzing Verilog file "D:/Xilinx/Vivado/projects-ps/JMP_Predict_CPU/JMP_Predict_CPU.srcs/sources_1/new/PC.v" into library xil_defaultlib
INFO: [VRFC 10-311] analyzing module PC
INFO: [VRFC 10-2263] Analyzing Verilog file "D:/Xilinx/Vivado/projects-ps/JMP_Predict_CPU/JMP_Predict_CPU.srcs/sources_1/new/RegFile.v" into library xil_defaultlib
INFO: [VRFC 10-311] analyzing module RegFile
INFO: [VRFC 10-2263] Analyzing Verilog file "D:/Xilinx/Vivado/projects-ps/JMP_Predict_CPU/JMP_Predict_CPU.srcs/sim_1/new/sim_cpu.v" into library xil_defaultlib
INFO: [VRFC 10-311] analyzing module sim_cpu
INFO: [USF-XSim-69] 'compile' step finished in '2' seconds
INFO: [USF-XSim-3] XSim::Elaborate design
INFO: [USF-XSim-61] Executing 'ELABORATE' step in 'D:/Xilinx/Vivado/projects-ps/JMP_Predict_CPU/JMP_Predict_CPU.sim/sim_1/behav/xsim'
"xelab --incr --debug typical --relax --mt 2 -L xil_defaultlib -L dist_mem_gen_v8_0_13 -L unisims_ver -L unimacro_ver -L secureip -L xpm --snapshot sim_cpu_behav xil_defaultlib.sim_cpu xil_defaultlib.glbl -log elaborate.log"
Vivado Simulator v2022.1
Copyright 1986-1999, 2001-2022 Xilinx, Inc. All Rights Reserved.
Running: D:/Xilinx/Vivado/2022.1/bin/unwrapped/win64.o/xelab.exe --incr --debug typical --relax --mt 2 -L xil_defaultlib -L dist_mem_gen_v8_0_13 -L unisims_ver -L unimacro_ver -L secureip -L xpm --snapshot sim_cpu_behav xil_defaultlib.sim_cpu xil_defaultlib.glbl -log elaborate.log 
Using 2 slave threads.
Starting static elaboration
Pass Through NonSizing Optimizer
WARNING: [VRFC 10-5021] port 'go' is not connected on this instance [D:/Xilinx/Vivado/projects-ps/JMP_Predict_CPU/JMP_Predict_CPU.srcs/sim_1/new/sim_cpu.v:7]
Completed static elaboration
Starting simulation data flow analysis
Completed simulation data flow analysis
Time Resolution for simulation is 1ps
Compiling module xil_defaultlib.PC
Compiling module xil_defaultlib.BPB_default
Compiling module dist_mem_gen_v8_0_13.dist_mem_gen_v8_0_13(C_FAMILY="a...
Compiling module xil_defaultlib.CS_DRAM
Compiling module xil_defaultlib.IFID
Compiling module xil_defaultlib.BubleDel
Compiling module xil_defaultlib.CU
Compiling module xil_defaultlib.RegFile
Compiling module xil_defaultlib.IDEX
Compiling module xil_defaultlib.ALU
Compiling module xil_defaultlib.EXMEM
Compiling module dist_mem_gen_v8_0_13.dist_mem_gen_v8_0_13(C_FAMILY="a...
Compiling module xil_defaultlib.DS_DRAM
Compiling module xil_defaultlib.MEMWB
Compiling module xil_defaultlib.CPU
Compiling module xil_defaultlib.sim_cpu
Compiling module xil_defaultlib.glbl
Built simulation snapshot sim_cpu_behav
INFO: [USF-XSim-69] 'elaborate' step finished in '3' seconds
INFO: [USF-XSim-4] XSim::Simulate design
INFO: [USF-XSim-61] Executing 'SIMULATE' step in 'D:/Xilinx/Vivado/projects-ps/JMP_Predict_CPU/JMP_Predict_CPU.sim/sim_1/behav/xsim'
INFO: [USF-XSim-98] *** Running xsim
   with args "sim_cpu_behav -key {Behavioral:sim_1:Functional:sim_cpu} -tclbatch {sim_cpu.tcl} -view {D:/Xilinx/Vivado/projects-ps/JMP_Predict_CPU/sim_cpu_behav.wcfg} -log {simulate.log}"
INFO: [USF-XSim-8] Loading simulator feature
Time resolution is 1 ps
open_wave_config D:/Xilinx/Vivado/projects-ps/JMP_Predict_CPU/sim_cpu_behav.wcfg
source sim_cpu.tcl
# set curr_wave [current_wave_config]
# if { [string length $curr_wave] == 0 } {
#   if { [llength [get_objects]] > 0} {
#     add_wave /
#     set_property needs_save false [current_wave_config]
#   } else {
#      send_msg_id Add_Wave-1 WARNING "No top level signals found. Simulator will start without a wave window. If you want to open a wave window go to 'File->New Waveform Configuration' or type 'create_wave_config' in the TCL console."
#   }
# }
# log_wave -r /
# run 2300ns
WARNING: This core is supplied with a behavioral model. To model cycle-accurate behavior you must run timing simulation.
WARNING: This core is supplied with a behavioral model. To model cycle-accurate behavior you must run timing simulation.
INFO: [USF-XSim-96] XSim completed. Design snapshot 'sim_cpu_behav' loaded.
INFO: [USF-XSim-97] XSim simulation ran for 2300ns
launch_simulation: Time (s): cpu = 00:00:03 ; elapsed = 00:00:08 . Memory (MB): peak = 2683.152 ; gain = 0.000
set_property -dict [list CONFIG.coefficient_file {D:/benchmark2.coe}] [get_ips CS_DRAM]
INFO: [IP_Flow 19-3484] Absolute path of file 'd:/benchmark2.coe' provided. It will be converted relative to IP Instance files '../../../../../../../../benchmark2.coe'
generate_target all [get_files  D:/Xilinx/Vivado/projects-ps/JMP_Predict_CPU/JMP_Predict_CPU.srcs/sources_1/ip/CS_DRAM/CS_DRAM.xci]
INFO: [IP_Flow 19-1686] Generating 'Instantiation Template' target for IP 'CS_DRAM'...
INFO: [IP_Flow 19-1686] Generating 'Synthesis' target for IP 'CS_DRAM'...
INFO: [IP_Flow 19-1686] Generating 'Simulation' target for IP 'CS_DRAM'...
INFO: [IP_Flow 19-1686] Generating 'Change Log' target for IP 'CS_DRAM'...
export_ip_user_files -of_objects [get_files D:/Xilinx/Vivado/projects-ps/JMP_Predict_CPU/JMP_Predict_CPU.srcs/sources_1/ip/CS_DRAM/CS_DRAM.xci] -no_script -sync -force -quiet
export_simulation -of_objects [get_files D:/Xilinx/Vivado/projects-ps/JMP_Predict_CPU/JMP_Predict_CPU.srcs/sources_1/ip/CS_DRAM/CS_DRAM.xci] -directory D:/Xilinx/Vivado/projects-ps/JMP_Predict_CPU/JMP_Predict_CPU.ip_user_files/sim_scripts -ip_user_files_dir D:/Xilinx/Vivado/projects-ps/JMP_Predict_CPU/JMP_Predict_CPU.ip_user_files -ipstatic_source_dir D:/Xilinx/Vivado/projects-ps/JMP_Predict_CPU/JMP_Predict_CPU.ip_user_files/ipstatic -lib_map_path [list {modelsim=D:/Xilinx/Vivado/projects-ps/JMP_Predict_CPU/JMP_Predict_CPU.cache/compile_simlib/modelsim} {questa=D:/Xilinx/Vivado/projects-ps/JMP_Predict_CPU/JMP_Predict_CPU.cache/compile_simlib/questa} {riviera=D:/Xilinx/Vivado/projects-ps/JMP_Predict_CPU/JMP_Predict_CPU.cache/compile_simlib/riviera} {activehdl=D:/Xilinx/Vivado/projects-ps/JMP_Predict_CPU/JMP_Predict_CPU.cache/compile_simlib/activehdl}] -use_ip_compiled_libs -force -quiet
set_property -name {xsim.simulate.runtime} -value {36000ns} -objects [get_filesets sim_1]
close_sim
INFO: [Simtcl 6-16] Simulation closed
launch_simulation
Command: launch_simulation 
INFO: [Vivado 12-12493] Simulation top is 'sim_cpu'
WARNING: [Vivado 12-13340] Unable to auto find GCC executables from simulator install path! (path not set)
WARNING: [Vivado 12-13277] Compiled library path does not exist: ''
INFO: [Vivado 12-5698] Checking validity of IPs in the design for the 'XSim' simulator...
INFO: [Runs 36-567] Checking/generating simulation output products for IPs/BDs (if any)...
INFO: [Vivado 12-5682] Launching behavioral simulation in 'D:/Xilinx/Vivado/projects-ps/JMP_Predict_CPU/JMP_Predict_CPU.sim/sim_1/behav/xsim'
INFO: [Vivado 12-4795] Using compiled simulation libraries for IPs
INFO: [SIM-utils-51] Simulation object is 'sim_1'
INFO: [SIM-utils-72] Using boost library from 'D:/Xilinx/Vivado/2022.1/tps/boost_1_72_0'
INFO: [USF-XSim-7] Finding pre-compiled libraries...
INFO: [USF-XSim-11] File 'D:/Xilinx/Vivado/2022.1/data/xsim/xsim.ini' copied to run dir:'D:/Xilinx/Vivado/projects-ps/JMP_Predict_CPU/JMP_Predict_CPU.sim/sim_1/behav/xsim'
INFO: [SIM-utils-54] Inspecting design source files for 'sim_cpu' in fileset 'sim_1'...
INFO: [SIM-utils-43] Exported 'D:/Xilinx/Vivado/projects-ps/JMP_Predict_CPU/JMP_Predict_CPU.sim/sim_1/behav/xsim/CS_DRAM.mif'
INFO: [SIM-utils-43] Exported 'D:/Xilinx/Vivado/projects-ps/JMP_Predict_CPU/JMP_Predict_CPU.sim/sim_1/behav/xsim/benchmark2.coe'
INFO: [SIM-utils-43] Exported 'D:/Xilinx/Vivado/projects-ps/JMP_Predict_CPU/JMP_Predict_CPU.sim/sim_1/behav/xsim/benchmark.coe'
INFO: [SIM-utils-43] Exported 'D:/Xilinx/Vivado/projects-ps/JMP_Predict_CPU/JMP_Predict_CPU.sim/sim_1/behav/xsim/benchmark1.coe'
INFO: [SIM-utils-43] Exported 'D:/Xilinx/Vivado/projects-ps/JMP_Predict_CPU/JMP_Predict_CPU.sim/sim_1/behav/xsim/28_ins_test.coe'
INFO: [SIM-utils-43] Exported 'D:/Xilinx/Vivado/projects-ps/JMP_Predict_CPU/JMP_Predict_CPU.sim/sim_1/behav/xsim/jump.coe'
INFO: [USF-XSim-97] Finding global include files...
INFO: [USF-XSim-98] Fetching design files from 'sim_1'...
INFO: [USF-XSim-2] XSim::Compile design
INFO: [USF-XSim-61] Executing 'COMPILE and ANALYZE' step in 'D:/Xilinx/Vivado/projects-ps/JMP_Predict_CPU/JMP_Predict_CPU.sim/sim_1/behav/xsim'
"xvlog --incr --relax -prj sim_cpu_vlog.prj"
INFO: [VRFC 10-2263] Analyzing Verilog file "D:/Xilinx/Vivado/projects-ps/JMP_Predict_CPU/JMP_Predict_CPU.gen/sources_1/ip/DS_DRAM/sim/DS_DRAM.v" into library xil_defaultlib
INFO: [VRFC 10-311] analyzing module DS_DRAM
INFO: [VRFC 10-2263] Analyzing Verilog file "D:/Xilinx/Vivado/projects-ps/JMP_Predict_CPU/JMP_Predict_CPU.gen/sources_1/ip/CS_DRAM/sim/CS_DRAM.v" into library xil_defaultlib
INFO: [VRFC 10-311] analyzing module CS_DRAM
INFO: [VRFC 10-2263] Analyzing Verilog file "D:/Xilinx/Vivado/projects-ps/JMP_Predict_CPU/JMP_Predict_CPU.srcs/sources_1/new/ALU.v" into library xil_defaultlib
INFO: [VRFC 10-311] analyzing module ALU
INFO: [VRFC 10-2263] Analyzing Verilog file "D:/Xilinx/Vivado/projects-ps/JMP_Predict_CPU/JMP_Predict_CPU.srcs/sources_1/new/BPB.v" into library xil_defaultlib
INFO: [VRFC 10-311] analyzing module BPB
INFO: [VRFC 10-2263] Analyzing Verilog file "D:/Xilinx/Vivado/projects-ps/JMP_Predict_CPU/JMP_Predict_CPU.srcs/sources_1/new/BubleDel.v" into library xil_defaultlib
INFO: [VRFC 10-311] analyzing module BubleDel
INFO: [VRFC 10-2263] Analyzing Verilog file "D:/Xilinx/Vivado/projects-ps/JMP_Predict_CPU/JMP_Predict_CPU.srcs/sources_1/new/CPU.v" into library xil_defaultlib
INFO: [VRFC 10-311] analyzing module CPU
WARNING: [VRFC 10-3248] data object 'Branch' is already declared [D:/Xilinx/Vivado/projects-ps/JMP_Predict_CPU/JMP_Predict_CPU.srcs/sources_1/new/CPU.v:52]
WARNING: [VRFC 10-9364] second declaration of 'Branch' is ignored [D:/Xilinx/Vivado/projects-ps/JMP_Predict_CPU/JMP_Predict_CPU.srcs/sources_1/new/CPU.v:52]
WARNING: [VRFC 10-3380] identifier 'actual_branchtaken' is used before its declaration [D:/Xilinx/Vivado/projects-ps/JMP_Predict_CPU/JMP_Predict_CPU.srcs/sources_1/new/CPU.v:36]
WARNING: [VRFC 10-3380] identifier 'PredictJump' is used before its declaration [D:/Xilinx/Vivado/projects-ps/JMP_Predict_CPU/JMP_Predict_CPU.srcs/sources_1/new/CPU.v:37]
WARNING: [VRFC 10-3380] identifier 'PredictJump_EX' is used before its declaration [D:/Xilinx/Vivado/projects-ps/JMP_Predict_CPU/JMP_Predict_CPU.srcs/sources_1/new/CPU.v:38]
WARNING: [VRFC 10-3380] identifier 'ALU_SRCA' is used before its declaration [D:/Xilinx/Vivado/projects-ps/JMP_Predict_CPU/JMP_Predict_CPU.srcs/sources_1/new/CPU.v:56]
INFO: [VRFC 10-2263] Analyzing Verilog file "D:/Xilinx/Vivado/projects-ps/JMP_Predict_CPU/JMP_Predict_CPU.srcs/sources_1/new/CU.v" into library xil_defaultlib
INFO: [VRFC 10-311] analyzing module CU
INFO: [VRFC 10-2263] Analyzing Verilog file "D:/Xilinx/Vivado/projects-ps/JMP_Predict_CPU/JMP_Predict_CPU.srcs/sources_1/new/EXMEM.v" into library xil_defaultlib
INFO: [VRFC 10-311] analyzing module EXMEM
INFO: [VRFC 10-2263] Analyzing Verilog file "D:/Xilinx/Vivado/projects-ps/JMP_Predict_CPU/JMP_Predict_CPU.srcs/sources_1/new/IDEX.v" into library xil_defaultlib
INFO: [VRFC 10-311] analyzing module IDEX
INFO: [VRFC 10-2263] Analyzing Verilog file "D:/Xilinx/Vivado/projects-ps/JMP_Predict_CPU/JMP_Predict_CPU.srcs/sources_1/new/IFID.v" into library xil_defaultlib
INFO: [VRFC 10-311] analyzing module IFID
INFO: [VRFC 10-2263] Analyzing Verilog file "D:/Xilinx/Vivado/projects-ps/JMP_Predict_CPU/JMP_Predict_CPU.srcs/sources_1/new/MEMWB.v" into library xil_defaultlib
INFO: [VRFC 10-311] analyzing module MEMWB
INFO: [VRFC 10-2263] Analyzing Verilog file "D:/Xilinx/Vivado/projects-ps/JMP_Predict_CPU/JMP_Predict_CPU.srcs/sources_1/new/PC.v" into library xil_defaultlib
INFO: [VRFC 10-311] analyzing module PC
INFO: [VRFC 10-2263] Analyzing Verilog file "D:/Xilinx/Vivado/projects-ps/JMP_Predict_CPU/JMP_Predict_CPU.srcs/sources_1/new/RegFile.v" into library xil_defaultlib
INFO: [VRFC 10-311] analyzing module RegFile
INFO: [VRFC 10-2263] Analyzing Verilog file "D:/Xilinx/Vivado/projects-ps/JMP_Predict_CPU/JMP_Predict_CPU.srcs/sim_1/new/sim_cpu.v" into library xil_defaultlib
INFO: [VRFC 10-311] analyzing module sim_cpu
INFO: [USF-XSim-69] 'compile' step finished in '1' seconds
INFO: [USF-XSim-3] XSim::Elaborate design
INFO: [USF-XSim-61] Executing 'ELABORATE' step in 'D:/Xilinx/Vivado/projects-ps/JMP_Predict_CPU/JMP_Predict_CPU.sim/sim_1/behav/xsim'
"xelab --incr --debug typical --relax --mt 2 -L xil_defaultlib -L dist_mem_gen_v8_0_13 -L unisims_ver -L unimacro_ver -L secureip -L xpm --snapshot sim_cpu_behav xil_defaultlib.sim_cpu xil_defaultlib.glbl -log elaborate.log"
Vivado Simulator v2022.1
Copyright 1986-1999, 2001-2022 Xilinx, Inc. All Rights Reserved.
Running: D:/Xilinx/Vivado/2022.1/bin/unwrapped/win64.o/xelab.exe --incr --debug typical --relax --mt 2 -L xil_defaultlib -L dist_mem_gen_v8_0_13 -L unisims_ver -L unimacro_ver -L secureip -L xpm --snapshot sim_cpu_behav xil_defaultlib.sim_cpu xil_defaultlib.glbl -log elaborate.log 
Using 2 slave threads.
Starting static elaboration
Pass Through NonSizing Optimizer
WARNING: [VRFC 10-5021] port 'go' is not connected on this instance [D:/Xilinx/Vivado/projects-ps/JMP_Predict_CPU/JMP_Predict_CPU.srcs/sim_1/new/sim_cpu.v:7]
Completed static elaboration
Starting simulation data flow analysis
Completed simulation data flow analysis
Time Resolution for simulation is 1ps
Compiling module xil_defaultlib.PC
Compiling module xil_defaultlib.BPB_default
Compiling module dist_mem_gen_v8_0_13.dist_mem_gen_v8_0_13(C_FAMILY="a...
Compiling module xil_defaultlib.CS_DRAM
Compiling module xil_defaultlib.IFID
Compiling module xil_defaultlib.BubleDel
Compiling module xil_defaultlib.CU
Compiling module xil_defaultlib.RegFile
Compiling module xil_defaultlib.IDEX
Compiling module xil_defaultlib.ALU
Compiling module xil_defaultlib.EXMEM
Compiling module dist_mem_gen_v8_0_13.dist_mem_gen_v8_0_13(C_FAMILY="a...
Compiling module xil_defaultlib.DS_DRAM
Compiling module xil_defaultlib.MEMWB
Compiling module xil_defaultlib.CPU
Compiling module xil_defaultlib.sim_cpu
Compiling module xil_defaultlib.glbl
Built simulation snapshot sim_cpu_behav
INFO: [USF-XSim-69] 'elaborate' step finished in '3' seconds
INFO: [USF-XSim-4] XSim::Simulate design
INFO: [USF-XSim-61] Executing 'SIMULATE' step in 'D:/Xilinx/Vivado/projects-ps/JMP_Predict_CPU/JMP_Predict_CPU.sim/sim_1/behav/xsim'
INFO: [USF-XSim-98] *** Running xsim
   with args "sim_cpu_behav -key {Behavioral:sim_1:Functional:sim_cpu} -tclbatch {sim_cpu.tcl} -view {D:/Xilinx/Vivado/projects-ps/JMP_Predict_CPU/sim_cpu_behav.wcfg} -log {simulate.log}"
INFO: [USF-XSim-8] Loading simulator feature
Time resolution is 1 ps
open_wave_config D:/Xilinx/Vivado/projects-ps/JMP_Predict_CPU/sim_cpu_behav.wcfg
source sim_cpu.tcl
# set curr_wave [current_wave_config]
# if { [string length $curr_wave] == 0 } {
#   if { [llength [get_objects]] > 0} {
#     add_wave /
#     set_property needs_save false [current_wave_config]
#   } else {
#      send_msg_id Add_Wave-1 WARNING "No top level signals found. Simulator will start without a wave window. If you want to open a wave window go to 'File->New Waveform Configuration' or type 'create_wave_config' in the TCL console."
#   }
# }
# log_wave -r /
# run 36000ns
WARNING: This core is supplied with a behavioral model. To model cycle-accurate behavior you must run timing simulation.
WARNING: This core is supplied with a behavioral model. To model cycle-accurate behavior you must run timing simulation.
WARNING in sim_cpu.CPU_0.CS_0.inst at time              1845000 ns: 
Reading from out-of-range address. Max address in sim_cpu.CPU_0.CS_0.inst is        1023
INFO: [USF-XSim-96] XSim completed. Design snapshot 'sim_cpu_behav' loaded.
INFO: [USF-XSim-97] XSim simulation ran for 36000ns
launch_simulation: Time (s): cpu = 00:00:03 ; elapsed = 00:00:07 . Memory (MB): peak = 2683.152 ; gain = 0.000
set_property -dict [list CONFIG.coefficient_file {D:/jump_test.coe}] [get_ips CS_DRAM]
INFO: [IP_Flow 19-3484] Absolute path of file 'd:/jump_test.coe' provided. It will be converted relative to IP Instance files '../../../../../../../../jump_test.coe'
generate_target all [get_files  D:/Xilinx/Vivado/projects-ps/JMP_Predict_CPU/JMP_Predict_CPU.srcs/sources_1/ip/CS_DRAM/CS_DRAM.xci]
INFO: [IP_Flow 19-1686] Generating 'Instantiation Template' target for IP 'CS_DRAM'...
INFO: [IP_Flow 19-1686] Generating 'Synthesis' target for IP 'CS_DRAM'...
INFO: [IP_Flow 19-1686] Generating 'Simulation' target for IP 'CS_DRAM'...
INFO: [IP_Flow 19-1686] Generating 'Change Log' target for IP 'CS_DRAM'...
export_ip_user_files -of_objects [get_files D:/Xilinx/Vivado/projects-ps/JMP_Predict_CPU/JMP_Predict_CPU.srcs/sources_1/ip/CS_DRAM/CS_DRAM.xci] -no_script -sync -force -quiet
export_simulation -of_objects [get_files D:/Xilinx/Vivado/projects-ps/JMP_Predict_CPU/JMP_Predict_CPU.srcs/sources_1/ip/CS_DRAM/CS_DRAM.xci] -directory D:/Xilinx/Vivado/projects-ps/JMP_Predict_CPU/JMP_Predict_CPU.ip_user_files/sim_scripts -ip_user_files_dir D:/Xilinx/Vivado/projects-ps/JMP_Predict_CPU/JMP_Predict_CPU.ip_user_files -ipstatic_source_dir D:/Xilinx/Vivado/projects-ps/JMP_Predict_CPU/JMP_Predict_CPU.ip_user_files/ipstatic -lib_map_path [list {modelsim=D:/Xilinx/Vivado/projects-ps/JMP_Predict_CPU/JMP_Predict_CPU.cache/compile_simlib/modelsim} {questa=D:/Xilinx/Vivado/projects-ps/JMP_Predict_CPU/JMP_Predict_CPU.cache/compile_simlib/questa} {riviera=D:/Xilinx/Vivado/projects-ps/JMP_Predict_CPU/JMP_Predict_CPU.cache/compile_simlib/riviera} {activehdl=D:/Xilinx/Vivado/projects-ps/JMP_Predict_CPU/JMP_Predict_CPU.cache/compile_simlib/activehdl}] -use_ip_compiled_libs -force -quiet
close_sim
INFO: [Simtcl 6-16] Simulation closed
launch_simulation
Command: launch_simulation 
INFO: [Vivado 12-12493] Simulation top is 'sim_cpu'
WARNING: [Vivado 12-13340] Unable to auto find GCC executables from simulator install path! (path not set)
WARNING: [Vivado 12-13277] Compiled library path does not exist: ''
INFO: [Vivado 12-5698] Checking validity of IPs in the design for the 'XSim' simulator...
INFO: [Runs 36-567] Checking/generating simulation output products for IPs/BDs (if any)...
INFO: [Vivado 12-5682] Launching behavioral simulation in 'D:/Xilinx/Vivado/projects-ps/JMP_Predict_CPU/JMP_Predict_CPU.sim/sim_1/behav/xsim'
INFO: [Vivado 12-4795] Using compiled simulation libraries for IPs
INFO: [SIM-utils-51] Simulation object is 'sim_1'
INFO: [SIM-utils-72] Using boost library from 'D:/Xilinx/Vivado/2022.1/tps/boost_1_72_0'
INFO: [USF-XSim-7] Finding pre-compiled libraries...
INFO: [USF-XSim-11] File 'D:/Xilinx/Vivado/2022.1/data/xsim/xsim.ini' copied to run dir:'D:/Xilinx/Vivado/projects-ps/JMP_Predict_CPU/JMP_Predict_CPU.sim/sim_1/behav/xsim'
INFO: [SIM-utils-54] Inspecting design source files for 'sim_cpu' in fileset 'sim_1'...
INFO: [SIM-utils-43] Exported 'D:/Xilinx/Vivado/projects-ps/JMP_Predict_CPU/JMP_Predict_CPU.sim/sim_1/behav/xsim/CS_DRAM.mif'
INFO: [SIM-utils-43] Exported 'D:/Xilinx/Vivado/projects-ps/JMP_Predict_CPU/JMP_Predict_CPU.sim/sim_1/behav/xsim/jump_test.coe'
INFO: [SIM-utils-43] Exported 'D:/Xilinx/Vivado/projects-ps/JMP_Predict_CPU/JMP_Predict_CPU.sim/sim_1/behav/xsim/benchmark.coe'
INFO: [SIM-utils-43] Exported 'D:/Xilinx/Vivado/projects-ps/JMP_Predict_CPU/JMP_Predict_CPU.sim/sim_1/behav/xsim/benchmark1.coe'
INFO: [SIM-utils-43] Exported 'D:/Xilinx/Vivado/projects-ps/JMP_Predict_CPU/JMP_Predict_CPU.sim/sim_1/behav/xsim/benchmark2.coe'
INFO: [SIM-utils-43] Exported 'D:/Xilinx/Vivado/projects-ps/JMP_Predict_CPU/JMP_Predict_CPU.sim/sim_1/behav/xsim/28_ins_test.coe'
INFO: [SIM-utils-43] Exported 'D:/Xilinx/Vivado/projects-ps/JMP_Predict_CPU/JMP_Predict_CPU.sim/sim_1/behav/xsim/jump.coe'
INFO: [USF-XSim-97] Finding global include files...
INFO: [USF-XSim-98] Fetching design files from 'sim_1'...
INFO: [USF-XSim-2] XSim::Compile design
INFO: [USF-XSim-61] Executing 'COMPILE and ANALYZE' step in 'D:/Xilinx/Vivado/projects-ps/JMP_Predict_CPU/JMP_Predict_CPU.sim/sim_1/behav/xsim'
"xvlog --incr --relax -prj sim_cpu_vlog.prj"
INFO: [VRFC 10-2263] Analyzing Verilog file "D:/Xilinx/Vivado/projects-ps/JMP_Predict_CPU/JMP_Predict_CPU.gen/sources_1/ip/DS_DRAM/sim/DS_DRAM.v" into library xil_defaultlib
INFO: [VRFC 10-311] analyzing module DS_DRAM
INFO: [VRFC 10-2263] Analyzing Verilog file "D:/Xilinx/Vivado/projects-ps/JMP_Predict_CPU/JMP_Predict_CPU.gen/sources_1/ip/CS_DRAM/sim/CS_DRAM.v" into library xil_defaultlib
INFO: [VRFC 10-311] analyzing module CS_DRAM
INFO: [VRFC 10-2263] Analyzing Verilog file "D:/Xilinx/Vivado/projects-ps/JMP_Predict_CPU/JMP_Predict_CPU.srcs/sources_1/new/ALU.v" into library xil_defaultlib
INFO: [VRFC 10-311] analyzing module ALU
INFO: [VRFC 10-2263] Analyzing Verilog file "D:/Xilinx/Vivado/projects-ps/JMP_Predict_CPU/JMP_Predict_CPU.srcs/sources_1/new/BPB.v" into library xil_defaultlib
INFO: [VRFC 10-311] analyzing module BPB
INFO: [VRFC 10-2263] Analyzing Verilog file "D:/Xilinx/Vivado/projects-ps/JMP_Predict_CPU/JMP_Predict_CPU.srcs/sources_1/new/BubleDel.v" into library xil_defaultlib
INFO: [VRFC 10-311] analyzing module BubleDel
INFO: [VRFC 10-2263] Analyzing Verilog file "D:/Xilinx/Vivado/projects-ps/JMP_Predict_CPU/JMP_Predict_CPU.srcs/sources_1/new/CPU.v" into library xil_defaultlib
INFO: [VRFC 10-311] analyzing module CPU
WARNING: [VRFC 10-3248] data object 'Branch' is already declared [D:/Xilinx/Vivado/projects-ps/JMP_Predict_CPU/JMP_Predict_CPU.srcs/sources_1/new/CPU.v:52]
WARNING: [VRFC 10-9364] second declaration of 'Branch' is ignored [D:/Xilinx/Vivado/projects-ps/JMP_Predict_CPU/JMP_Predict_CPU.srcs/sources_1/new/CPU.v:52]
WARNING: [VRFC 10-3380] identifier 'actual_branchtaken' is used before its declaration [D:/Xilinx/Vivado/projects-ps/JMP_Predict_CPU/JMP_Predict_CPU.srcs/sources_1/new/CPU.v:36]
WARNING: [VRFC 10-3380] identifier 'PredictJump' is used before its declaration [D:/Xilinx/Vivado/projects-ps/JMP_Predict_CPU/JMP_Predict_CPU.srcs/sources_1/new/CPU.v:37]
WARNING: [VRFC 10-3380] identifier 'PredictJump_EX' is used before its declaration [D:/Xilinx/Vivado/projects-ps/JMP_Predict_CPU/JMP_Predict_CPU.srcs/sources_1/new/CPU.v:38]
WARNING: [VRFC 10-3380] identifier 'ALU_SRCA' is used before its declaration [D:/Xilinx/Vivado/projects-ps/JMP_Predict_CPU/JMP_Predict_CPU.srcs/sources_1/new/CPU.v:56]
INFO: [VRFC 10-2263] Analyzing Verilog file "D:/Xilinx/Vivado/projects-ps/JMP_Predict_CPU/JMP_Predict_CPU.srcs/sources_1/new/CU.v" into library xil_defaultlib
INFO: [VRFC 10-311] analyzing module CU
INFO: [VRFC 10-2263] Analyzing Verilog file "D:/Xilinx/Vivado/projects-ps/JMP_Predict_CPU/JMP_Predict_CPU.srcs/sources_1/new/EXMEM.v" into library xil_defaultlib
INFO: [VRFC 10-311] analyzing module EXMEM
INFO: [VRFC 10-2263] Analyzing Verilog file "D:/Xilinx/Vivado/projects-ps/JMP_Predict_CPU/JMP_Predict_CPU.srcs/sources_1/new/IDEX.v" into library xil_defaultlib
INFO: [VRFC 10-311] analyzing module IDEX
INFO: [VRFC 10-2263] Analyzing Verilog file "D:/Xilinx/Vivado/projects-ps/JMP_Predict_CPU/JMP_Predict_CPU.srcs/sources_1/new/IFID.v" into library xil_defaultlib
INFO: [VRFC 10-311] analyzing module IFID
INFO: [VRFC 10-2263] Analyzing Verilog file "D:/Xilinx/Vivado/projects-ps/JMP_Predict_CPU/JMP_Predict_CPU.srcs/sources_1/new/MEMWB.v" into library xil_defaultlib
INFO: [VRFC 10-311] analyzing module MEMWB
INFO: [VRFC 10-2263] Analyzing Verilog file "D:/Xilinx/Vivado/projects-ps/JMP_Predict_CPU/JMP_Predict_CPU.srcs/sources_1/new/PC.v" into library xil_defaultlib
INFO: [VRFC 10-311] analyzing module PC
INFO: [VRFC 10-2263] Analyzing Verilog file "D:/Xilinx/Vivado/projects-ps/JMP_Predict_CPU/JMP_Predict_CPU.srcs/sources_1/new/RegFile.v" into library xil_defaultlib
INFO: [VRFC 10-311] analyzing module RegFile
INFO: [VRFC 10-2263] Analyzing Verilog file "D:/Xilinx/Vivado/projects-ps/JMP_Predict_CPU/JMP_Predict_CPU.srcs/sim_1/new/sim_cpu.v" into library xil_defaultlib
INFO: [VRFC 10-311] analyzing module sim_cpu
INFO: [USF-XSim-69] 'compile' step finished in '2' seconds
INFO: [USF-XSim-3] XSim::Elaborate design
INFO: [USF-XSim-61] Executing 'ELABORATE' step in 'D:/Xilinx/Vivado/projects-ps/JMP_Predict_CPU/JMP_Predict_CPU.sim/sim_1/behav/xsim'
"xelab --incr --debug typical --relax --mt 2 -L xil_defaultlib -L dist_mem_gen_v8_0_13 -L unisims_ver -L unimacro_ver -L secureip -L xpm --snapshot sim_cpu_behav xil_defaultlib.sim_cpu xil_defaultlib.glbl -log elaborate.log"
Vivado Simulator v2022.1
Copyright 1986-1999, 2001-2022 Xilinx, Inc. All Rights Reserved.
Running: D:/Xilinx/Vivado/2022.1/bin/unwrapped/win64.o/xelab.exe --incr --debug typical --relax --mt 2 -L xil_defaultlib -L dist_mem_gen_v8_0_13 -L unisims_ver -L unimacro_ver -L secureip -L xpm --snapshot sim_cpu_behav xil_defaultlib.sim_cpu xil_defaultlib.glbl -log elaborate.log 
Using 2 slave threads.
Starting static elaboration
Pass Through NonSizing Optimizer
WARNING: [VRFC 10-5021] port 'go' is not connected on this instance [D:/Xilinx/Vivado/projects-ps/JMP_Predict_CPU/JMP_Predict_CPU.srcs/sim_1/new/sim_cpu.v:7]
Completed static elaboration
Starting simulation data flow analysis
Completed simulation data flow analysis
Time Resolution for simulation is 1ps
Compiling module xil_defaultlib.PC
Compiling module xil_defaultlib.BPB_default
Compiling module dist_mem_gen_v8_0_13.dist_mem_gen_v8_0_13(C_FAMILY="a...
Compiling module xil_defaultlib.CS_DRAM
Compiling module xil_defaultlib.IFID
Compiling module xil_defaultlib.BubleDel
Compiling module xil_defaultlib.CU
Compiling module xil_defaultlib.RegFile
Compiling module xil_defaultlib.IDEX
Compiling module xil_defaultlib.ALU
Compiling module xil_defaultlib.EXMEM
Compiling module dist_mem_gen_v8_0_13.dist_mem_gen_v8_0_13(C_FAMILY="a...
Compiling module xil_defaultlib.DS_DRAM
Compiling module xil_defaultlib.MEMWB
Compiling module xil_defaultlib.CPU
Compiling module xil_defaultlib.sim_cpu
Compiling module xil_defaultlib.glbl
Built simulation snapshot sim_cpu_behav
INFO: [USF-XSim-69] 'elaborate' step finished in '3' seconds
INFO: [USF-XSim-4] XSim::Simulate design
INFO: [USF-XSim-61] Executing 'SIMULATE' step in 'D:/Xilinx/Vivado/projects-ps/JMP_Predict_CPU/JMP_Predict_CPU.sim/sim_1/behav/xsim'
INFO: [USF-XSim-98] *** Running xsim
   with args "sim_cpu_behav -key {Behavioral:sim_1:Functional:sim_cpu} -tclbatch {sim_cpu.tcl} -view {D:/Xilinx/Vivado/projects-ps/JMP_Predict_CPU/sim_cpu_behav.wcfg} -log {simulate.log}"
INFO: [USF-XSim-8] Loading simulator feature
Time resolution is 1 ps
open_wave_config D:/Xilinx/Vivado/projects-ps/JMP_Predict_CPU/sim_cpu_behav.wcfg
source sim_cpu.tcl
# set curr_wave [current_wave_config]
# if { [string length $curr_wave] == 0 } {
#   if { [llength [get_objects]] > 0} {
#     add_wave /
#     set_property needs_save false [current_wave_config]
#   } else {
#      send_msg_id Add_Wave-1 WARNING "No top level signals found. Simulator will start without a wave window. If you want to open a wave window go to 'File->New Waveform Configuration' or type 'create_wave_config' in the TCL console."
#   }
# }
# log_wave -r /
# run 36000ns
WARNING: This core is supplied with a behavioral model. To model cycle-accurate behavior you must run timing simulation.
WARNING: This core is supplied with a behavioral model. To model cycle-accurate behavior you must run timing simulation.
WARNING in sim_cpu.CPU_0.CS_0.inst at time               285000 ns: 
Reading from out-of-range address. Max address in sim_cpu.CPU_0.CS_0.inst is        1023
INFO: [USF-XSim-96] XSim completed. Design snapshot 'sim_cpu_behav' loaded.
INFO: [USF-XSim-97] XSim simulation ran for 36000ns
launch_simulation: Time (s): cpu = 00:00:02 ; elapsed = 00:00:07 . Memory (MB): peak = 2683.152 ; gain = 0.000
set_property -dict [list CONFIG.coefficient_file {D:/benchmark2.coe}] [get_ips CS_DRAM]
INFO: [IP_Flow 19-3484] Absolute path of file 'd:/benchmark2.coe' provided. It will be converted relative to IP Instance files '../../../../../../../../benchmark2.coe'
generate_target all [get_files  D:/Xilinx/Vivado/projects-ps/JMP_Predict_CPU/JMP_Predict_CPU.srcs/sources_1/ip/CS_DRAM/CS_DRAM.xci]
INFO: [IP_Flow 19-1686] Generating 'Instantiation Template' target for IP 'CS_DRAM'...
INFO: [IP_Flow 19-1686] Generating 'Synthesis' target for IP 'CS_DRAM'...
INFO: [IP_Flow 19-1686] Generating 'Simulation' target for IP 'CS_DRAM'...
INFO: [IP_Flow 19-1686] Generating 'Change Log' target for IP 'CS_DRAM'...
export_ip_user_files -of_objects [get_files D:/Xilinx/Vivado/projects-ps/JMP_Predict_CPU/JMP_Predict_CPU.srcs/sources_1/ip/CS_DRAM/CS_DRAM.xci] -no_script -sync -force -quiet
export_simulation -of_objects [get_files D:/Xilinx/Vivado/projects-ps/JMP_Predict_CPU/JMP_Predict_CPU.srcs/sources_1/ip/CS_DRAM/CS_DRAM.xci] -directory D:/Xilinx/Vivado/projects-ps/JMP_Predict_CPU/JMP_Predict_CPU.ip_user_files/sim_scripts -ip_user_files_dir D:/Xilinx/Vivado/projects-ps/JMP_Predict_CPU/JMP_Predict_CPU.ip_user_files -ipstatic_source_dir D:/Xilinx/Vivado/projects-ps/JMP_Predict_CPU/JMP_Predict_CPU.ip_user_files/ipstatic -lib_map_path [list {modelsim=D:/Xilinx/Vivado/projects-ps/JMP_Predict_CPU/JMP_Predict_CPU.cache/compile_simlib/modelsim} {questa=D:/Xilinx/Vivado/projects-ps/JMP_Predict_CPU/JMP_Predict_CPU.cache/compile_simlib/questa} {riviera=D:/Xilinx/Vivado/projects-ps/JMP_Predict_CPU/JMP_Predict_CPU.cache/compile_simlib/riviera} {activehdl=D:/Xilinx/Vivado/projects-ps/JMP_Predict_CPU/JMP_Predict_CPU.cache/compile_simlib/activehdl}] -use_ip_compiled_libs -force -quiet
close_sim
INFO: [Simtcl 6-16] Simulation closed
launch_simulation
Command: launch_simulation 
INFO: [Vivado 12-12493] Simulation top is 'sim_cpu'
WARNING: [Vivado 12-13340] Unable to auto find GCC executables from simulator install path! (path not set)
WARNING: [Vivado 12-13277] Compiled library path does not exist: ''
INFO: [Vivado 12-5698] Checking validity of IPs in the design for the 'XSim' simulator...
INFO: [Runs 36-567] Checking/generating simulation output products for IPs/BDs (if any)...
INFO: [Vivado 12-5682] Launching behavioral simulation in 'D:/Xilinx/Vivado/projects-ps/JMP_Predict_CPU/JMP_Predict_CPU.sim/sim_1/behav/xsim'
INFO: [Vivado 12-4795] Using compiled simulation libraries for IPs
INFO: [SIM-utils-51] Simulation object is 'sim_1'
INFO: [SIM-utils-72] Using boost library from 'D:/Xilinx/Vivado/2022.1/tps/boost_1_72_0'
INFO: [USF-XSim-7] Finding pre-compiled libraries...
INFO: [USF-XSim-11] File 'D:/Xilinx/Vivado/2022.1/data/xsim/xsim.ini' copied to run dir:'D:/Xilinx/Vivado/projects-ps/JMP_Predict_CPU/JMP_Predict_CPU.sim/sim_1/behav/xsim'
INFO: [SIM-utils-54] Inspecting design source files for 'sim_cpu' in fileset 'sim_1'...
INFO: [SIM-utils-43] Exported 'D:/Xilinx/Vivado/projects-ps/JMP_Predict_CPU/JMP_Predict_CPU.sim/sim_1/behav/xsim/CS_DRAM.mif'
INFO: [SIM-utils-43] Exported 'D:/Xilinx/Vivado/projects-ps/JMP_Predict_CPU/JMP_Predict_CPU.sim/sim_1/behav/xsim/benchmark2.coe'
INFO: [SIM-utils-43] Exported 'D:/Xilinx/Vivado/projects-ps/JMP_Predict_CPU/JMP_Predict_CPU.sim/sim_1/behav/xsim/benchmark.coe'
INFO: [SIM-utils-43] Exported 'D:/Xilinx/Vivado/projects-ps/JMP_Predict_CPU/JMP_Predict_CPU.sim/sim_1/behav/xsim/benchmark1.coe'
INFO: [SIM-utils-43] Exported 'D:/Xilinx/Vivado/projects-ps/JMP_Predict_CPU/JMP_Predict_CPU.sim/sim_1/behav/xsim/28_ins_test.coe'
INFO: [SIM-utils-43] Exported 'D:/Xilinx/Vivado/projects-ps/JMP_Predict_CPU/JMP_Predict_CPU.sim/sim_1/behav/xsim/jump.coe'
INFO: [SIM-utils-43] Exported 'D:/Xilinx/Vivado/projects-ps/JMP_Predict_CPU/JMP_Predict_CPU.sim/sim_1/behav/xsim/jump_test.coe'
INFO: [USF-XSim-97] Finding global include files...
INFO: [USF-XSim-98] Fetching design files from 'sim_1'...
INFO: [USF-XSim-2] XSim::Compile design
INFO: [USF-XSim-61] Executing 'COMPILE and ANALYZE' step in 'D:/Xilinx/Vivado/projects-ps/JMP_Predict_CPU/JMP_Predict_CPU.sim/sim_1/behav/xsim'
"xvlog --incr --relax -prj sim_cpu_vlog.prj"
INFO: [VRFC 10-2263] Analyzing Verilog file "D:/Xilinx/Vivado/projects-ps/JMP_Predict_CPU/JMP_Predict_CPU.gen/sources_1/ip/DS_DRAM/sim/DS_DRAM.v" into library xil_defaultlib
INFO: [VRFC 10-311] analyzing module DS_DRAM
INFO: [VRFC 10-2263] Analyzing Verilog file "D:/Xilinx/Vivado/projects-ps/JMP_Predict_CPU/JMP_Predict_CPU.gen/sources_1/ip/CS_DRAM/sim/CS_DRAM.v" into library xil_defaultlib
INFO: [VRFC 10-311] analyzing module CS_DRAM
INFO: [VRFC 10-2263] Analyzing Verilog file "D:/Xilinx/Vivado/projects-ps/JMP_Predict_CPU/JMP_Predict_CPU.srcs/sources_1/new/ALU.v" into library xil_defaultlib
INFO: [VRFC 10-311] analyzing module ALU
INFO: [VRFC 10-2263] Analyzing Verilog file "D:/Xilinx/Vivado/projects-ps/JMP_Predict_CPU/JMP_Predict_CPU.srcs/sources_1/new/BPB.v" into library xil_defaultlib
INFO: [VRFC 10-311] analyzing module BPB
INFO: [VRFC 10-2263] Analyzing Verilog file "D:/Xilinx/Vivado/projects-ps/JMP_Predict_CPU/JMP_Predict_CPU.srcs/sources_1/new/BubleDel.v" into library xil_defaultlib
INFO: [VRFC 10-311] analyzing module BubleDel
INFO: [VRFC 10-2263] Analyzing Verilog file "D:/Xilinx/Vivado/projects-ps/JMP_Predict_CPU/JMP_Predict_CPU.srcs/sources_1/new/CPU.v" into library xil_defaultlib
INFO: [VRFC 10-311] analyzing module CPU
WARNING: [VRFC 10-3248] data object 'Branch' is already declared [D:/Xilinx/Vivado/projects-ps/JMP_Predict_CPU/JMP_Predict_CPU.srcs/sources_1/new/CPU.v:52]
WARNING: [VRFC 10-9364] second declaration of 'Branch' is ignored [D:/Xilinx/Vivado/projects-ps/JMP_Predict_CPU/JMP_Predict_CPU.srcs/sources_1/new/CPU.v:52]
WARNING: [VRFC 10-3380] identifier 'actual_branchtaken' is used before its declaration [D:/Xilinx/Vivado/projects-ps/JMP_Predict_CPU/JMP_Predict_CPU.srcs/sources_1/new/CPU.v:36]
WARNING: [VRFC 10-3380] identifier 'PredictJump' is used before its declaration [D:/Xilinx/Vivado/projects-ps/JMP_Predict_CPU/JMP_Predict_CPU.srcs/sources_1/new/CPU.v:37]
WARNING: [VRFC 10-3380] identifier 'PredictJump_EX' is used before its declaration [D:/Xilinx/Vivado/projects-ps/JMP_Predict_CPU/JMP_Predict_CPU.srcs/sources_1/new/CPU.v:38]
WARNING: [VRFC 10-3380] identifier 'ALU_SRCA' is used before its declaration [D:/Xilinx/Vivado/projects-ps/JMP_Predict_CPU/JMP_Predict_CPU.srcs/sources_1/new/CPU.v:56]
INFO: [VRFC 10-2263] Analyzing Verilog file "D:/Xilinx/Vivado/projects-ps/JMP_Predict_CPU/JMP_Predict_CPU.srcs/sources_1/new/CU.v" into library xil_defaultlib
INFO: [VRFC 10-311] analyzing module CU
INFO: [VRFC 10-2263] Analyzing Verilog file "D:/Xilinx/Vivado/projects-ps/JMP_Predict_CPU/JMP_Predict_CPU.srcs/sources_1/new/EXMEM.v" into library xil_defaultlib
INFO: [VRFC 10-311] analyzing module EXMEM
INFO: [VRFC 10-2263] Analyzing Verilog file "D:/Xilinx/Vivado/projects-ps/JMP_Predict_CPU/JMP_Predict_CPU.srcs/sources_1/new/IDEX.v" into library xil_defaultlib
INFO: [VRFC 10-311] analyzing module IDEX
INFO: [VRFC 10-2263] Analyzing Verilog file "D:/Xilinx/Vivado/projects-ps/JMP_Predict_CPU/JMP_Predict_CPU.srcs/sources_1/new/IFID.v" into library xil_defaultlib
INFO: [VRFC 10-311] analyzing module IFID
INFO: [VRFC 10-2263] Analyzing Verilog file "D:/Xilinx/Vivado/projects-ps/JMP_Predict_CPU/JMP_Predict_CPU.srcs/sources_1/new/MEMWB.v" into library xil_defaultlib
INFO: [VRFC 10-311] analyzing module MEMWB
INFO: [VRFC 10-2263] Analyzing Verilog file "D:/Xilinx/Vivado/projects-ps/JMP_Predict_CPU/JMP_Predict_CPU.srcs/sources_1/new/PC.v" into library xil_defaultlib
INFO: [VRFC 10-311] analyzing module PC
INFO: [VRFC 10-2263] Analyzing Verilog file "D:/Xilinx/Vivado/projects-ps/JMP_Predict_CPU/JMP_Predict_CPU.srcs/sources_1/new/RegFile.v" into library xil_defaultlib
INFO: [VRFC 10-311] analyzing module RegFile
INFO: [VRFC 10-2263] Analyzing Verilog file "D:/Xilinx/Vivado/projects-ps/JMP_Predict_CPU/JMP_Predict_CPU.srcs/sim_1/new/sim_cpu.v" into library xil_defaultlib
INFO: [VRFC 10-311] analyzing module sim_cpu
INFO: [USF-XSim-69] 'compile' step finished in '2' seconds
INFO: [USF-XSim-3] XSim::Elaborate design
INFO: [USF-XSim-61] Executing 'ELABORATE' step in 'D:/Xilinx/Vivado/projects-ps/JMP_Predict_CPU/JMP_Predict_CPU.sim/sim_1/behav/xsim'
"xelab --incr --debug typical --relax --mt 2 -L xil_defaultlib -L dist_mem_gen_v8_0_13 -L unisims_ver -L unimacro_ver -L secureip -L xpm --snapshot sim_cpu_behav xil_defaultlib.sim_cpu xil_defaultlib.glbl -log elaborate.log"
Vivado Simulator v2022.1
Copyright 1986-1999, 2001-2022 Xilinx, Inc. All Rights Reserved.
Running: D:/Xilinx/Vivado/2022.1/bin/unwrapped/win64.o/xelab.exe --incr --debug typical --relax --mt 2 -L xil_defaultlib -L dist_mem_gen_v8_0_13 -L unisims_ver -L unimacro_ver -L secureip -L xpm --snapshot sim_cpu_behav xil_defaultlib.sim_cpu xil_defaultlib.glbl -log elaborate.log 
Using 2 slave threads.
Starting static elaboration
Pass Through NonSizing Optimizer
WARNING: [VRFC 10-5021] port 'go' is not connected on this instance [D:/Xilinx/Vivado/projects-ps/JMP_Predict_CPU/JMP_Predict_CPU.srcs/sim_1/new/sim_cpu.v:7]
Completed static elaboration
Starting simulation data flow analysis
Completed simulation data flow analysis
Time Resolution for simulation is 1ps
Compiling module xil_defaultlib.PC
Compiling module xil_defaultlib.BPB_default
Compiling module dist_mem_gen_v8_0_13.dist_mem_gen_v8_0_13(C_FAMILY="a...
Compiling module xil_defaultlib.CS_DRAM
Compiling module xil_defaultlib.IFID
Compiling module xil_defaultlib.BubleDel
Compiling module xil_defaultlib.CU
Compiling module xil_defaultlib.RegFile
Compiling module xil_defaultlib.IDEX
Compiling module xil_defaultlib.ALU
Compiling module xil_defaultlib.EXMEM
Compiling module dist_mem_gen_v8_0_13.dist_mem_gen_v8_0_13(C_FAMILY="a...
Compiling module xil_defaultlib.DS_DRAM
Compiling module xil_defaultlib.MEMWB
Compiling module xil_defaultlib.CPU
Compiling module xil_defaultlib.sim_cpu
Compiling module xil_defaultlib.glbl
Built simulation snapshot sim_cpu_behav
INFO: [USF-XSim-69] 'elaborate' step finished in '3' seconds
INFO: [USF-XSim-4] XSim::Simulate design
INFO: [USF-XSim-61] Executing 'SIMULATE' step in 'D:/Xilinx/Vivado/projects-ps/JMP_Predict_CPU/JMP_Predict_CPU.sim/sim_1/behav/xsim'
INFO: [USF-XSim-98] *** Running xsim
   with args "sim_cpu_behav -key {Behavioral:sim_1:Functional:sim_cpu} -tclbatch {sim_cpu.tcl} -view {D:/Xilinx/Vivado/projects-ps/JMP_Predict_CPU/sim_cpu_behav.wcfg} -log {simulate.log}"
INFO: [USF-XSim-8] Loading simulator feature
Time resolution is 1 ps
open_wave_config D:/Xilinx/Vivado/projects-ps/JMP_Predict_CPU/sim_cpu_behav.wcfg
source sim_cpu.tcl
# set curr_wave [current_wave_config]
# if { [string length $curr_wave] == 0 } {
#   if { [llength [get_objects]] > 0} {
#     add_wave /
#     set_property needs_save false [current_wave_config]
#   } else {
#      send_msg_id Add_Wave-1 WARNING "No top level signals found. Simulator will start without a wave window. If you want to open a wave window go to 'File->New Waveform Configuration' or type 'create_wave_config' in the TCL console."
#   }
# }
# log_wave -r /
# run 36000ns
WARNING: This core is supplied with a behavioral model. To model cycle-accurate behavior you must run timing simulation.
WARNING: This core is supplied with a behavioral model. To model cycle-accurate behavior you must run timing simulation.
WARNING in sim_cpu.CPU_0.CS_0.inst at time              1845000 ns: 
Reading from out-of-range address. Max address in sim_cpu.CPU_0.CS_0.inst is        1023
INFO: [USF-XSim-96] XSim completed. Design snapshot 'sim_cpu_behav' loaded.
INFO: [USF-XSim-97] XSim simulation ran for 36000ns
launch_simulation: Time (s): cpu = 00:00:02 ; elapsed = 00:00:07 . Memory (MB): peak = 2683.152 ; gain = 0.000
close_sim
INFO: [Simtcl 6-16] Simulation closed
launch_simulation
Command: launch_simulation 
INFO: [Vivado 12-12493] Simulation top is 'sim_cpu'
WARNING: [Vivado 12-13340] Unable to auto find GCC executables from simulator install path! (path not set)
WARNING: [Vivado 12-13277] Compiled library path does not exist: ''
INFO: [Vivado 12-5698] Checking validity of IPs in the design for the 'XSim' simulator...
INFO: [Runs 36-567] Checking/generating simulation output products for IPs/BDs (if any)...
INFO: [Vivado 12-5682] Launching behavioral simulation in 'D:/Xilinx/Vivado/projects-ps/JMP_Predict_CPU/JMP_Predict_CPU.sim/sim_1/behav/xsim'
INFO: [Vivado 12-4795] Using compiled simulation libraries for IPs
INFO: [SIM-utils-51] Simulation object is 'sim_1'
INFO: [SIM-utils-72] Using boost library from 'D:/Xilinx/Vivado/2022.1/tps/boost_1_72_0'
INFO: [USF-XSim-7] Finding pre-compiled libraries...
INFO: [USF-XSim-11] File 'D:/Xilinx/Vivado/2022.1/data/xsim/xsim.ini' copied to run dir:'D:/Xilinx/Vivado/projects-ps/JMP_Predict_CPU/JMP_Predict_CPU.sim/sim_1/behav/xsim'
INFO: [SIM-utils-54] Inspecting design source files for 'sim_cpu' in fileset 'sim_1'...
INFO: [SIM-utils-43] Exported 'D:/Xilinx/Vivado/projects-ps/JMP_Predict_CPU/JMP_Predict_CPU.sim/sim_1/behav/xsim/CS_DRAM.mif'
INFO: [SIM-utils-43] Exported 'D:/Xilinx/Vivado/projects-ps/JMP_Predict_CPU/JMP_Predict_CPU.sim/sim_1/behav/xsim/benchmark2.coe'
INFO: [SIM-utils-43] Exported 'D:/Xilinx/Vivado/projects-ps/JMP_Predict_CPU/JMP_Predict_CPU.sim/sim_1/behav/xsim/benchmark.coe'
INFO: [SIM-utils-43] Exported 'D:/Xilinx/Vivado/projects-ps/JMP_Predict_CPU/JMP_Predict_CPU.sim/sim_1/behav/xsim/benchmark1.coe'
INFO: [SIM-utils-43] Exported 'D:/Xilinx/Vivado/projects-ps/JMP_Predict_CPU/JMP_Predict_CPU.sim/sim_1/behav/xsim/28_ins_test.coe'
INFO: [SIM-utils-43] Exported 'D:/Xilinx/Vivado/projects-ps/JMP_Predict_CPU/JMP_Predict_CPU.sim/sim_1/behav/xsim/jump.coe'
INFO: [SIM-utils-43] Exported 'D:/Xilinx/Vivado/projects-ps/JMP_Predict_CPU/JMP_Predict_CPU.sim/sim_1/behav/xsim/jump_test.coe'
INFO: [USF-XSim-97] Finding global include files...
INFO: [USF-XSim-98] Fetching design files from 'sim_1'...
INFO: [USF-XSim-2] XSim::Compile design
INFO: [USF-XSim-61] Executing 'COMPILE and ANALYZE' step in 'D:/Xilinx/Vivado/projects-ps/JMP_Predict_CPU/JMP_Predict_CPU.sim/sim_1/behav/xsim'
"xvlog --incr --relax -prj sim_cpu_vlog.prj"
INFO: [VRFC 10-2263] Analyzing Verilog file "D:/Xilinx/Vivado/projects-ps/JMP_Predict_CPU/JMP_Predict_CPU.gen/sources_1/ip/DS_DRAM/sim/DS_DRAM.v" into library xil_defaultlib
INFO: [VRFC 10-311] analyzing module DS_DRAM
INFO: [VRFC 10-2263] Analyzing Verilog file "D:/Xilinx/Vivado/projects-ps/JMP_Predict_CPU/JMP_Predict_CPU.gen/sources_1/ip/CS_DRAM/sim/CS_DRAM.v" into library xil_defaultlib
INFO: [VRFC 10-311] analyzing module CS_DRAM
INFO: [VRFC 10-2263] Analyzing Verilog file "D:/Xilinx/Vivado/projects-ps/JMP_Predict_CPU/JMP_Predict_CPU.srcs/sources_1/new/ALU.v" into library xil_defaultlib
INFO: [VRFC 10-311] analyzing module ALU
INFO: [VRFC 10-2263] Analyzing Verilog file "D:/Xilinx/Vivado/projects-ps/JMP_Predict_CPU/JMP_Predict_CPU.srcs/sources_1/new/BPB.v" into library xil_defaultlib
INFO: [VRFC 10-311] analyzing module BPB
INFO: [VRFC 10-2263] Analyzing Verilog file "D:/Xilinx/Vivado/projects-ps/JMP_Predict_CPU/JMP_Predict_CPU.srcs/sources_1/new/BubleDel.v" into library xil_defaultlib
INFO: [VRFC 10-311] analyzing module BubleDel
INFO: [VRFC 10-2263] Analyzing Verilog file "D:/Xilinx/Vivado/projects-ps/JMP_Predict_CPU/JMP_Predict_CPU.srcs/sources_1/new/CPU.v" into library xil_defaultlib
INFO: [VRFC 10-311] analyzing module CPU
WARNING: [VRFC 10-3248] data object 'Branch' is already declared [D:/Xilinx/Vivado/projects-ps/JMP_Predict_CPU/JMP_Predict_CPU.srcs/sources_1/new/CPU.v:52]
WARNING: [VRFC 10-9364] second declaration of 'Branch' is ignored [D:/Xilinx/Vivado/projects-ps/JMP_Predict_CPU/JMP_Predict_CPU.srcs/sources_1/new/CPU.v:52]
WARNING: [VRFC 10-3380] identifier 'actual_branchtaken' is used before its declaration [D:/Xilinx/Vivado/projects-ps/JMP_Predict_CPU/JMP_Predict_CPU.srcs/sources_1/new/CPU.v:36]
WARNING: [VRFC 10-3380] identifier 'PredictJump' is used before its declaration [D:/Xilinx/Vivado/projects-ps/JMP_Predict_CPU/JMP_Predict_CPU.srcs/sources_1/new/CPU.v:37]
WARNING: [VRFC 10-3380] identifier 'PredictJump_EX' is used before its declaration [D:/Xilinx/Vivado/projects-ps/JMP_Predict_CPU/JMP_Predict_CPU.srcs/sources_1/new/CPU.v:38]
WARNING: [VRFC 10-3380] identifier 'ALU_SRCA' is used before its declaration [D:/Xilinx/Vivado/projects-ps/JMP_Predict_CPU/JMP_Predict_CPU.srcs/sources_1/new/CPU.v:56]
INFO: [VRFC 10-2263] Analyzing Verilog file "D:/Xilinx/Vivado/projects-ps/JMP_Predict_CPU/JMP_Predict_CPU.srcs/sources_1/new/CU.v" into library xil_defaultlib
INFO: [VRFC 10-311] analyzing module CU
INFO: [VRFC 10-2263] Analyzing Verilog file "D:/Xilinx/Vivado/projects-ps/JMP_Predict_CPU/JMP_Predict_CPU.srcs/sources_1/new/EXMEM.v" into library xil_defaultlib
INFO: [VRFC 10-311] analyzing module EXMEM
INFO: [VRFC 10-2263] Analyzing Verilog file "D:/Xilinx/Vivado/projects-ps/JMP_Predict_CPU/JMP_Predict_CPU.srcs/sources_1/new/IDEX.v" into library xil_defaultlib
INFO: [VRFC 10-311] analyzing module IDEX
INFO: [VRFC 10-2263] Analyzing Verilog file "D:/Xilinx/Vivado/projects-ps/JMP_Predict_CPU/JMP_Predict_CPU.srcs/sources_1/new/IFID.v" into library xil_defaultlib
INFO: [VRFC 10-311] analyzing module IFID
INFO: [VRFC 10-2263] Analyzing Verilog file "D:/Xilinx/Vivado/projects-ps/JMP_Predict_CPU/JMP_Predict_CPU.srcs/sources_1/new/MEMWB.v" into library xil_defaultlib
INFO: [VRFC 10-311] analyzing module MEMWB
INFO: [VRFC 10-2263] Analyzing Verilog file "D:/Xilinx/Vivado/projects-ps/JMP_Predict_CPU/JMP_Predict_CPU.srcs/sources_1/new/PC.v" into library xil_defaultlib
INFO: [VRFC 10-311] analyzing module PC
INFO: [VRFC 10-2263] Analyzing Verilog file "D:/Xilinx/Vivado/projects-ps/JMP_Predict_CPU/JMP_Predict_CPU.srcs/sources_1/new/RegFile.v" into library xil_defaultlib
INFO: [VRFC 10-311] analyzing module RegFile
INFO: [VRFC 10-2263] Analyzing Verilog file "D:/Xilinx/Vivado/projects-ps/JMP_Predict_CPU/JMP_Predict_CPU.srcs/sim_1/new/sim_cpu.v" into library xil_defaultlib
INFO: [VRFC 10-311] analyzing module sim_cpu
INFO: [USF-XSim-69] 'compile' step finished in '1' seconds
INFO: [USF-XSim-3] XSim::Elaborate design
INFO: [USF-XSim-61] Executing 'ELABORATE' step in 'D:/Xilinx/Vivado/projects-ps/JMP_Predict_CPU/JMP_Predict_CPU.sim/sim_1/behav/xsim'
"xelab --incr --debug typical --relax --mt 2 -L xil_defaultlib -L dist_mem_gen_v8_0_13 -L unisims_ver -L unimacro_ver -L secureip -L xpm --snapshot sim_cpu_behav xil_defaultlib.sim_cpu xil_defaultlib.glbl -log elaborate.log"
Vivado Simulator v2022.1
Copyright 1986-1999, 2001-2022 Xilinx, Inc. All Rights Reserved.
Running: D:/Xilinx/Vivado/2022.1/bin/unwrapped/win64.o/xelab.exe --incr --debug typical --relax --mt 2 -L xil_defaultlib -L dist_mem_gen_v8_0_13 -L unisims_ver -L unimacro_ver -L secureip -L xpm --snapshot sim_cpu_behav xil_defaultlib.sim_cpu xil_defaultlib.glbl -log elaborate.log 
Using 2 slave threads.
Starting static elaboration
Pass Through NonSizing Optimizer
WARNING: [VRFC 10-5021] port 'go' is not connected on this instance [D:/Xilinx/Vivado/projects-ps/JMP_Predict_CPU/JMP_Predict_CPU.srcs/sim_1/new/sim_cpu.v:7]
Completed static elaboration
Starting simulation data flow analysis
Completed simulation data flow analysis
Time Resolution for simulation is 1ps
Compiling module xil_defaultlib.PC
Compiling module xil_defaultlib.BPB_default
Compiling module dist_mem_gen_v8_0_13.dist_mem_gen_v8_0_13(C_FAMILY="a...
Compiling module xil_defaultlib.CS_DRAM
Compiling module xil_defaultlib.IFID
Compiling module xil_defaultlib.BubleDel
Compiling module xil_defaultlib.CU
Compiling module xil_defaultlib.RegFile
Compiling module xil_defaultlib.IDEX
Compiling module xil_defaultlib.ALU
Compiling module xil_defaultlib.EXMEM
Compiling module dist_mem_gen_v8_0_13.dist_mem_gen_v8_0_13(C_FAMILY="a...
Compiling module xil_defaultlib.DS_DRAM
Compiling module xil_defaultlib.MEMWB
Compiling module xil_defaultlib.CPU
Compiling module xil_defaultlib.sim_cpu
Compiling module xil_defaultlib.glbl
Built simulation snapshot sim_cpu_behav
INFO: [USF-XSim-69] 'elaborate' step finished in '5' seconds
INFO: [USF-XSim-4] XSim::Simulate design
INFO: [USF-XSim-61] Executing 'SIMULATE' step in 'D:/Xilinx/Vivado/projects-ps/JMP_Predict_CPU/JMP_Predict_CPU.sim/sim_1/behav/xsim'
INFO: [USF-XSim-98] *** Running xsim
   with args "sim_cpu_behav -key {Behavioral:sim_1:Functional:sim_cpu} -tclbatch {sim_cpu.tcl} -view {D:/Xilinx/Vivado/projects-ps/JMP_Predict_CPU/sim_cpu_behav.wcfg} -log {simulate.log}"
INFO: [USF-XSim-8] Loading simulator feature
Time resolution is 1 ps
open_wave_config D:/Xilinx/Vivado/projects-ps/JMP_Predict_CPU/sim_cpu_behav.wcfg
source sim_cpu.tcl
# set curr_wave [current_wave_config]
# if { [string length $curr_wave] == 0 } {
#   if { [llength [get_objects]] > 0} {
#     add_wave /
#     set_property needs_save false [current_wave_config]
#   } else {
#      send_msg_id Add_Wave-1 WARNING "No top level signals found. Simulator will start without a wave window. If you want to open a wave window go to 'File->New Waveform Configuration' or type 'create_wave_config' in the TCL console."
#   }
# }
# log_wave -r /
# run 36000ns
WARNING: This core is supplied with a behavioral model. To model cycle-accurate behavior you must run timing simulation.
WARNING: This core is supplied with a behavioral model. To model cycle-accurate behavior you must run timing simulation.
WARNING in sim_cpu.CPU_0.CS_0.inst at time              1845000 ns: 
Reading from out-of-range address. Max address in sim_cpu.CPU_0.CS_0.inst is        1023
INFO: [USF-XSim-96] XSim completed. Design snapshot 'sim_cpu_behav' loaded.
INFO: [USF-XSim-97] XSim simulation ran for 36000ns
launch_simulation: Time (s): cpu = 00:00:02 ; elapsed = 00:00:09 . Memory (MB): peak = 2683.152 ; gain = 0.000
close_sim
INFO: [Simtcl 6-16] Simulation closed
launch_simulation
Command: launch_simulation 
INFO: [Vivado 12-12493] Simulation top is 'sim_cpu'
WARNING: [Vivado 12-13340] Unable to auto find GCC executables from simulator install path! (path not set)
WARNING: [Vivado 12-13277] Compiled library path does not exist: ''
INFO: [Vivado 12-5698] Checking validity of IPs in the design for the 'XSim' simulator...
INFO: [Runs 36-567] Checking/generating simulation output products for IPs/BDs (if any)...
INFO: [Vivado 12-5682] Launching behavioral simulation in 'D:/Xilinx/Vivado/projects-ps/JMP_Predict_CPU/JMP_Predict_CPU.sim/sim_1/behav/xsim'
INFO: [Vivado 12-4795] Using compiled simulation libraries for IPs
INFO: [SIM-utils-51] Simulation object is 'sim_1'
INFO: [SIM-utils-72] Using boost library from 'D:/Xilinx/Vivado/2022.1/tps/boost_1_72_0'
INFO: [USF-XSim-7] Finding pre-compiled libraries...
INFO: [USF-XSim-11] File 'D:/Xilinx/Vivado/2022.1/data/xsim/xsim.ini' copied to run dir:'D:/Xilinx/Vivado/projects-ps/JMP_Predict_CPU/JMP_Predict_CPU.sim/sim_1/behav/xsim'
INFO: [SIM-utils-54] Inspecting design source files for 'sim_cpu' in fileset 'sim_1'...
INFO: [SIM-utils-43] Exported 'D:/Xilinx/Vivado/projects-ps/JMP_Predict_CPU/JMP_Predict_CPU.sim/sim_1/behav/xsim/CS_DRAM.mif'
INFO: [SIM-utils-43] Exported 'D:/Xilinx/Vivado/projects-ps/JMP_Predict_CPU/JMP_Predict_CPU.sim/sim_1/behav/xsim/benchmark2.coe'
INFO: [SIM-utils-43] Exported 'D:/Xilinx/Vivado/projects-ps/JMP_Predict_CPU/JMP_Predict_CPU.sim/sim_1/behav/xsim/benchmark.coe'
INFO: [SIM-utils-43] Exported 'D:/Xilinx/Vivado/projects-ps/JMP_Predict_CPU/JMP_Predict_CPU.sim/sim_1/behav/xsim/benchmark1.coe'
INFO: [SIM-utils-43] Exported 'D:/Xilinx/Vivado/projects-ps/JMP_Predict_CPU/JMP_Predict_CPU.sim/sim_1/behav/xsim/28_ins_test.coe'
INFO: [SIM-utils-43] Exported 'D:/Xilinx/Vivado/projects-ps/JMP_Predict_CPU/JMP_Predict_CPU.sim/sim_1/behav/xsim/jump.coe'
INFO: [SIM-utils-43] Exported 'D:/Xilinx/Vivado/projects-ps/JMP_Predict_CPU/JMP_Predict_CPU.sim/sim_1/behav/xsim/jump_test.coe'
INFO: [USF-XSim-97] Finding global include files...
INFO: [USF-XSim-98] Fetching design files from 'sim_1'...
INFO: [USF-XSim-2] XSim::Compile design
INFO: [USF-XSim-61] Executing 'COMPILE and ANALYZE' step in 'D:/Xilinx/Vivado/projects-ps/JMP_Predict_CPU/JMP_Predict_CPU.sim/sim_1/behav/xsim'
"xvlog --incr --relax -prj sim_cpu_vlog.prj"
INFO: [VRFC 10-2263] Analyzing Verilog file "D:/Xilinx/Vivado/projects-ps/JMP_Predict_CPU/JMP_Predict_CPU.gen/sources_1/ip/DS_DRAM/sim/DS_DRAM.v" into library xil_defaultlib
INFO: [VRFC 10-311] analyzing module DS_DRAM
INFO: [VRFC 10-2263] Analyzing Verilog file "D:/Xilinx/Vivado/projects-ps/JMP_Predict_CPU/JMP_Predict_CPU.gen/sources_1/ip/CS_DRAM/sim/CS_DRAM.v" into library xil_defaultlib
INFO: [VRFC 10-311] analyzing module CS_DRAM
INFO: [VRFC 10-2263] Analyzing Verilog file "D:/Xilinx/Vivado/projects-ps/JMP_Predict_CPU/JMP_Predict_CPU.srcs/sources_1/new/ALU.v" into library xil_defaultlib
INFO: [VRFC 10-311] analyzing module ALU
INFO: [VRFC 10-2263] Analyzing Verilog file "D:/Xilinx/Vivado/projects-ps/JMP_Predict_CPU/JMP_Predict_CPU.srcs/sources_1/new/BPB.v" into library xil_defaultlib
INFO: [VRFC 10-311] analyzing module BPB
ERROR: [VRFC 10-8885] declarations are not allowed in an unnamed block [D:/Xilinx/Vivado/projects-ps/JMP_Predict_CPU/JMP_Predict_CPU.srcs/sources_1/new/BPB.v:64]
ERROR: [VRFC 10-8885] declarations are not allowed in an unnamed block [D:/Xilinx/Vivado/projects-ps/JMP_Predict_CPU/JMP_Predict_CPU.srcs/sources_1/new/BPB.v:81]
ERROR: [VRFC 10-8885] declarations are not allowed in an unnamed block [D:/Xilinx/Vivado/projects-ps/JMP_Predict_CPU/JMP_Predict_CPU.srcs/sources_1/new/BPB.v:119]
ERROR: [VRFC 10-8885] declarations are not allowed in an unnamed block [D:/Xilinx/Vivado/projects-ps/JMP_Predict_CPU/JMP_Predict_CPU.srcs/sources_1/new/BPB.v:130]
ERROR: [VRFC 10-8530] module 'BPB' is ignored due to previous errors [D:/Xilinx/Vivado/projects-ps/JMP_Predict_CPU/JMP_Predict_CPU.srcs/sources_1/new/BPB.v:2]
INFO: [USF-XSim-69] 'compile' step finished in '1' seconds
INFO: [USF-XSim-99] Step results log file:'D:/Xilinx/Vivado/projects-ps/JMP_Predict_CPU/JMP_Predict_CPU.sim/sim_1/behav/xsim/xvlog.log'
ERROR: [USF-XSim-62] 'compile' step failed with error(s). Please check the Tcl console output or 'D:/Xilinx/Vivado/projects-ps/JMP_Predict_CPU/JMP_Predict_CPU.sim/sim_1/behav/xsim/xvlog.log' file for more information.
ERROR: [Vivado 12-4473] Detected error while running simulation. Please correct the issue and retry this operation.
ERROR: [Common 17-39] 'launch_simulation' failed due to earlier errors.
launch_simulation
Command: launch_simulation 
INFO: [Vivado 12-12493] Simulation top is 'sim_cpu'
WARNING: [Vivado 12-13340] Unable to auto find GCC executables from simulator install path! (path not set)
WARNING: [Vivado 12-13277] Compiled library path does not exist: ''
INFO: [Vivado 12-5698] Checking validity of IPs in the design for the 'XSim' simulator...
INFO: [Runs 36-567] Checking/generating simulation output products for IPs/BDs (if any)...
INFO: [Vivado 12-5682] Launching behavioral simulation in 'D:/Xilinx/Vivado/projects-ps/JMP_Predict_CPU/JMP_Predict_CPU.sim/sim_1/behav/xsim'
INFO: [Vivado 12-4795] Using compiled simulation libraries for IPs
INFO: [SIM-utils-51] Simulation object is 'sim_1'
INFO: [SIM-utils-72] Using boost library from 'D:/Xilinx/Vivado/2022.1/tps/boost_1_72_0'
INFO: [USF-XSim-7] Finding pre-compiled libraries...
INFO: [USF-XSim-11] File 'D:/Xilinx/Vivado/2022.1/data/xsim/xsim.ini' copied to run dir:'D:/Xilinx/Vivado/projects-ps/JMP_Predict_CPU/JMP_Predict_CPU.sim/sim_1/behav/xsim'
INFO: [SIM-utils-54] Inspecting design source files for 'sim_cpu' in fileset 'sim_1'...
INFO: [SIM-utils-43] Exported 'D:/Xilinx/Vivado/projects-ps/JMP_Predict_CPU/JMP_Predict_CPU.sim/sim_1/behav/xsim/CS_DRAM.mif'
INFO: [SIM-utils-43] Exported 'D:/Xilinx/Vivado/projects-ps/JMP_Predict_CPU/JMP_Predict_CPU.sim/sim_1/behav/xsim/benchmark2.coe'
INFO: [SIM-utils-43] Exported 'D:/Xilinx/Vivado/projects-ps/JMP_Predict_CPU/JMP_Predict_CPU.sim/sim_1/behav/xsim/benchmark.coe'
INFO: [SIM-utils-43] Exported 'D:/Xilinx/Vivado/projects-ps/JMP_Predict_CPU/JMP_Predict_CPU.sim/sim_1/behav/xsim/benchmark1.coe'
INFO: [SIM-utils-43] Exported 'D:/Xilinx/Vivado/projects-ps/JMP_Predict_CPU/JMP_Predict_CPU.sim/sim_1/behav/xsim/28_ins_test.coe'
INFO: [SIM-utils-43] Exported 'D:/Xilinx/Vivado/projects-ps/JMP_Predict_CPU/JMP_Predict_CPU.sim/sim_1/behav/xsim/jump.coe'
INFO: [SIM-utils-43] Exported 'D:/Xilinx/Vivado/projects-ps/JMP_Predict_CPU/JMP_Predict_CPU.sim/sim_1/behav/xsim/jump_test.coe'
INFO: [USF-XSim-97] Finding global include files...
INFO: [USF-XSim-98] Fetching design files from 'sim_1'...
INFO: [USF-XSim-2] XSim::Compile design
INFO: [USF-XSim-61] Executing 'COMPILE and ANALYZE' step in 'D:/Xilinx/Vivado/projects-ps/JMP_Predict_CPU/JMP_Predict_CPU.sim/sim_1/behav/xsim'
"xvlog --incr --relax -prj sim_cpu_vlog.prj"
INFO: [VRFC 10-2263] Analyzing Verilog file "D:/Xilinx/Vivado/projects-ps/JMP_Predict_CPU/JMP_Predict_CPU.gen/sources_1/ip/DS_DRAM/sim/DS_DRAM.v" into library xil_defaultlib
INFO: [VRFC 10-311] analyzing module DS_DRAM
INFO: [VRFC 10-2263] Analyzing Verilog file "D:/Xilinx/Vivado/projects-ps/JMP_Predict_CPU/JMP_Predict_CPU.gen/sources_1/ip/CS_DRAM/sim/CS_DRAM.v" into library xil_defaultlib
INFO: [VRFC 10-311] analyzing module CS_DRAM
INFO: [VRFC 10-2263] Analyzing Verilog file "D:/Xilinx/Vivado/projects-ps/JMP_Predict_CPU/JMP_Predict_CPU.srcs/sources_1/new/ALU.v" into library xil_defaultlib
INFO: [VRFC 10-311] analyzing module ALU
INFO: [VRFC 10-2263] Analyzing Verilog file "D:/Xilinx/Vivado/projects-ps/JMP_Predict_CPU/JMP_Predict_CPU.srcs/sources_1/new/BPB.v" into library xil_defaultlib
INFO: [VRFC 10-311] analyzing module BPB
INFO: [VRFC 10-2263] Analyzing Verilog file "D:/Xilinx/Vivado/projects-ps/JMP_Predict_CPU/JMP_Predict_CPU.srcs/sources_1/new/BubleDel.v" into library xil_defaultlib
INFO: [VRFC 10-311] analyzing module BubleDel
INFO: [VRFC 10-2263] Analyzing Verilog file "D:/Xilinx/Vivado/projects-ps/JMP_Predict_CPU/JMP_Predict_CPU.srcs/sources_1/new/CPU.v" into library xil_defaultlib
INFO: [VRFC 10-311] analyzing module CPU
WARNING: [VRFC 10-3248] data object 'Branch' is already declared [D:/Xilinx/Vivado/projects-ps/JMP_Predict_CPU/JMP_Predict_CPU.srcs/sources_1/new/CPU.v:52]
WARNING: [VRFC 10-9364] second declaration of 'Branch' is ignored [D:/Xilinx/Vivado/projects-ps/JMP_Predict_CPU/JMP_Predict_CPU.srcs/sources_1/new/CPU.v:52]
WARNING: [VRFC 10-3380] identifier 'actual_branchtaken' is used before its declaration [D:/Xilinx/Vivado/projects-ps/JMP_Predict_CPU/JMP_Predict_CPU.srcs/sources_1/new/CPU.v:36]
WARNING: [VRFC 10-3380] identifier 'PredictJump' is used before its declaration [D:/Xilinx/Vivado/projects-ps/JMP_Predict_CPU/JMP_Predict_CPU.srcs/sources_1/new/CPU.v:37]
WARNING: [VRFC 10-3380] identifier 'PredictJump_EX' is used before its declaration [D:/Xilinx/Vivado/projects-ps/JMP_Predict_CPU/JMP_Predict_CPU.srcs/sources_1/new/CPU.v:38]
WARNING: [VRFC 10-3380] identifier 'ALU_SRCA' is used before its declaration [D:/Xilinx/Vivado/projects-ps/JMP_Predict_CPU/JMP_Predict_CPU.srcs/sources_1/new/CPU.v:56]
INFO: [VRFC 10-2263] Analyzing Verilog file "D:/Xilinx/Vivado/projects-ps/JMP_Predict_CPU/JMP_Predict_CPU.srcs/sources_1/new/CU.v" into library xil_defaultlib
INFO: [VRFC 10-311] analyzing module CU
INFO: [VRFC 10-2263] Analyzing Verilog file "D:/Xilinx/Vivado/projects-ps/JMP_Predict_CPU/JMP_Predict_CPU.srcs/sources_1/new/EXMEM.v" into library xil_defaultlib
INFO: [VRFC 10-311] analyzing module EXMEM
INFO: [VRFC 10-2263] Analyzing Verilog file "D:/Xilinx/Vivado/projects-ps/JMP_Predict_CPU/JMP_Predict_CPU.srcs/sources_1/new/IDEX.v" into library xil_defaultlib
INFO: [VRFC 10-311] analyzing module IDEX
INFO: [VRFC 10-2263] Analyzing Verilog file "D:/Xilinx/Vivado/projects-ps/JMP_Predict_CPU/JMP_Predict_CPU.srcs/sources_1/new/IFID.v" into library xil_defaultlib
INFO: [VRFC 10-311] analyzing module IFID
INFO: [VRFC 10-2263] Analyzing Verilog file "D:/Xilinx/Vivado/projects-ps/JMP_Predict_CPU/JMP_Predict_CPU.srcs/sources_1/new/MEMWB.v" into library xil_defaultlib
INFO: [VRFC 10-311] analyzing module MEMWB
INFO: [VRFC 10-2263] Analyzing Verilog file "D:/Xilinx/Vivado/projects-ps/JMP_Predict_CPU/JMP_Predict_CPU.srcs/sources_1/new/PC.v" into library xil_defaultlib
INFO: [VRFC 10-311] analyzing module PC
INFO: [VRFC 10-2263] Analyzing Verilog file "D:/Xilinx/Vivado/projects-ps/JMP_Predict_CPU/JMP_Predict_CPU.srcs/sources_1/new/RegFile.v" into library xil_defaultlib
INFO: [VRFC 10-311] analyzing module RegFile
INFO: [VRFC 10-2263] Analyzing Verilog file "D:/Xilinx/Vivado/projects-ps/JMP_Predict_CPU/JMP_Predict_CPU.srcs/sim_1/new/sim_cpu.v" into library xil_defaultlib
INFO: [VRFC 10-311] analyzing module sim_cpu
INFO: [USF-XSim-69] 'compile' step finished in '1' seconds
INFO: [USF-XSim-3] XSim::Elaborate design
INFO: [USF-XSim-61] Executing 'ELABORATE' step in 'D:/Xilinx/Vivado/projects-ps/JMP_Predict_CPU/JMP_Predict_CPU.sim/sim_1/behav/xsim'
"xelab --incr --debug typical --relax --mt 2 -L xil_defaultlib -L dist_mem_gen_v8_0_13 -L unisims_ver -L unimacro_ver -L secureip -L xpm --snapshot sim_cpu_behav xil_defaultlib.sim_cpu xil_defaultlib.glbl -log elaborate.log"
Vivado Simulator v2022.1
Copyright 1986-1999, 2001-2022 Xilinx, Inc. All Rights Reserved.
Running: D:/Xilinx/Vivado/2022.1/bin/unwrapped/win64.o/xelab.exe --incr --debug typical --relax --mt 2 -L xil_defaultlib -L dist_mem_gen_v8_0_13 -L unisims_ver -L unimacro_ver -L secureip -L xpm --snapshot sim_cpu_behav xil_defaultlib.sim_cpu xil_defaultlib.glbl -log elaborate.log 
Using 2 slave threads.
Starting static elaboration
Pass Through NonSizing Optimizer
WARNING: [VRFC 10-5021] port 'go' is not connected on this instance [D:/Xilinx/Vivado/projects-ps/JMP_Predict_CPU/JMP_Predict_CPU.srcs/sim_1/new/sim_cpu.v:7]
Completed static elaboration
Starting simulation data flow analysis
Completed simulation data flow analysis
Time Resolution for simulation is 1ps
Compiling module xil_defaultlib.PC
Compiling module xil_defaultlib.BPB_default
Compiling module dist_mem_gen_v8_0_13.dist_mem_gen_v8_0_13(C_FAMILY="a...
Compiling module xil_defaultlib.CS_DRAM
Compiling module xil_defaultlib.IFID
Compiling module xil_defaultlib.BubleDel
Compiling module xil_defaultlib.CU
Compiling module xil_defaultlib.RegFile
Compiling module xil_defaultlib.IDEX
Compiling module xil_defaultlib.ALU
Compiling module xil_defaultlib.EXMEM
Compiling module dist_mem_gen_v8_0_13.dist_mem_gen_v8_0_13(C_FAMILY="a...
Compiling module xil_defaultlib.DS_DRAM
Compiling module xil_defaultlib.MEMWB
Compiling module xil_defaultlib.CPU
Compiling module xil_defaultlib.sim_cpu
Compiling module xil_defaultlib.glbl
Built simulation snapshot sim_cpu_behav
INFO: [USF-XSim-69] 'elaborate' step finished in '5' seconds
INFO: [USF-XSim-4] XSim::Simulate design
INFO: [USF-XSim-61] Executing 'SIMULATE' step in 'D:/Xilinx/Vivado/projects-ps/JMP_Predict_CPU/JMP_Predict_CPU.sim/sim_1/behav/xsim'
INFO: [USF-XSim-98] *** Running xsim
   with args "sim_cpu_behav -key {Behavioral:sim_1:Functional:sim_cpu} -tclbatch {sim_cpu.tcl} -view {D:/Xilinx/Vivado/projects-ps/JMP_Predict_CPU/sim_cpu_behav.wcfg} -log {simulate.log}"
INFO: [USF-XSim-8] Loading simulator feature
Time resolution is 1 ps
open_wave_config D:/Xilinx/Vivado/projects-ps/JMP_Predict_CPU/sim_cpu_behav.wcfg
source sim_cpu.tcl
# set curr_wave [current_wave_config]
# if { [string length $curr_wave] == 0 } {
#   if { [llength [get_objects]] > 0} {
#     add_wave /
#     set_property needs_save false [current_wave_config]
#   } else {
#      send_msg_id Add_Wave-1 WARNING "No top level signals found. Simulator will start without a wave window. If you want to open a wave window go to 'File->New Waveform Configuration' or type 'create_wave_config' in the TCL console."
#   }
# }
# log_wave -r /
# run 36000ns
WARNING: This core is supplied with a behavioral model. To model cycle-accurate behavior you must run timing simulation.
WARNING: This core is supplied with a behavioral model. To model cycle-accurate behavior you must run timing simulation.
WARNING in sim_cpu.CPU_0.CS_0.inst at time                 5000 ns: 
Reading from out-of-range address. Max address in sim_cpu.CPU_0.CS_0.inst is        1023
INFO: [USF-XSim-96] XSim completed. Design snapshot 'sim_cpu_behav' loaded.
INFO: [USF-XSim-97] XSim simulation ran for 36000ns
launch_simulation: Time (s): cpu = 00:00:02 ; elapsed = 00:00:09 . Memory (MB): peak = 2683.152 ; gain = 0.000
close_sim
INFO: [Simtcl 6-16] Simulation closed
launch_simulation
Command: launch_simulation 
INFO: [Vivado 12-12493] Simulation top is 'sim_cpu'
WARNING: [Vivado 12-13340] Unable to auto find GCC executables from simulator install path! (path not set)
WARNING: [Vivado 12-13277] Compiled library path does not exist: ''
INFO: [Vivado 12-5698] Checking validity of IPs in the design for the 'XSim' simulator...
INFO: [Runs 36-567] Checking/generating simulation output products for IPs/BDs (if any)...
INFO: [Vivado 12-5682] Launching behavioral simulation in 'D:/Xilinx/Vivado/projects-ps/JMP_Predict_CPU/JMP_Predict_CPU.sim/sim_1/behav/xsim'
INFO: [Vivado 12-4795] Using compiled simulation libraries for IPs
INFO: [SIM-utils-51] Simulation object is 'sim_1'
INFO: [SIM-utils-72] Using boost library from 'D:/Xilinx/Vivado/2022.1/tps/boost_1_72_0'
INFO: [USF-XSim-7] Finding pre-compiled libraries...
INFO: [USF-XSim-11] File 'D:/Xilinx/Vivado/2022.1/data/xsim/xsim.ini' copied to run dir:'D:/Xilinx/Vivado/projects-ps/JMP_Predict_CPU/JMP_Predict_CPU.sim/sim_1/behav/xsim'
INFO: [SIM-utils-54] Inspecting design source files for 'sim_cpu' in fileset 'sim_1'...
INFO: [SIM-utils-43] Exported 'D:/Xilinx/Vivado/projects-ps/JMP_Predict_CPU/JMP_Predict_CPU.sim/sim_1/behav/xsim/CS_DRAM.mif'
INFO: [SIM-utils-43] Exported 'D:/Xilinx/Vivado/projects-ps/JMP_Predict_CPU/JMP_Predict_CPU.sim/sim_1/behav/xsim/benchmark2.coe'
INFO: [SIM-utils-43] Exported 'D:/Xilinx/Vivado/projects-ps/JMP_Predict_CPU/JMP_Predict_CPU.sim/sim_1/behav/xsim/benchmark.coe'
INFO: [SIM-utils-43] Exported 'D:/Xilinx/Vivado/projects-ps/JMP_Predict_CPU/JMP_Predict_CPU.sim/sim_1/behav/xsim/benchmark1.coe'
INFO: [SIM-utils-43] Exported 'D:/Xilinx/Vivado/projects-ps/JMP_Predict_CPU/JMP_Predict_CPU.sim/sim_1/behav/xsim/28_ins_test.coe'
INFO: [SIM-utils-43] Exported 'D:/Xilinx/Vivado/projects-ps/JMP_Predict_CPU/JMP_Predict_CPU.sim/sim_1/behav/xsim/jump.coe'
INFO: [SIM-utils-43] Exported 'D:/Xilinx/Vivado/projects-ps/JMP_Predict_CPU/JMP_Predict_CPU.sim/sim_1/behav/xsim/jump_test.coe'
INFO: [USF-XSim-97] Finding global include files...
INFO: [USF-XSim-98] Fetching design files from 'sim_1'...
INFO: [USF-XSim-2] XSim::Compile design
INFO: [USF-XSim-61] Executing 'COMPILE and ANALYZE' step in 'D:/Xilinx/Vivado/projects-ps/JMP_Predict_CPU/JMP_Predict_CPU.sim/sim_1/behav/xsim'
"xvlog --incr --relax -prj sim_cpu_vlog.prj"
INFO: [VRFC 10-2263] Analyzing Verilog file "D:/Xilinx/Vivado/projects-ps/JMP_Predict_CPU/JMP_Predict_CPU.gen/sources_1/ip/DS_DRAM/sim/DS_DRAM.v" into library xil_defaultlib
INFO: [VRFC 10-311] analyzing module DS_DRAM
INFO: [VRFC 10-2263] Analyzing Verilog file "D:/Xilinx/Vivado/projects-ps/JMP_Predict_CPU/JMP_Predict_CPU.gen/sources_1/ip/CS_DRAM/sim/CS_DRAM.v" into library xil_defaultlib
INFO: [VRFC 10-311] analyzing module CS_DRAM
INFO: [VRFC 10-2263] Analyzing Verilog file "D:/Xilinx/Vivado/projects-ps/JMP_Predict_CPU/JMP_Predict_CPU.srcs/sources_1/new/ALU.v" into library xil_defaultlib
INFO: [VRFC 10-311] analyzing module ALU
INFO: [VRFC 10-2263] Analyzing Verilog file "D:/Xilinx/Vivado/projects-ps/JMP_Predict_CPU/JMP_Predict_CPU.srcs/sources_1/new/BPB.v" into library xil_defaultlib
INFO: [VRFC 10-311] analyzing module BPB
INFO: [VRFC 10-2263] Analyzing Verilog file "D:/Xilinx/Vivado/projects-ps/JMP_Predict_CPU/JMP_Predict_CPU.srcs/sources_1/new/BubleDel.v" into library xil_defaultlib
INFO: [VRFC 10-311] analyzing module BubleDel
INFO: [VRFC 10-2263] Analyzing Verilog file "D:/Xilinx/Vivado/projects-ps/JMP_Predict_CPU/JMP_Predict_CPU.srcs/sources_1/new/CPU.v" into library xil_defaultlib
INFO: [VRFC 10-311] analyzing module CPU
WARNING: [VRFC 10-3248] data object 'Branch' is already declared [D:/Xilinx/Vivado/projects-ps/JMP_Predict_CPU/JMP_Predict_CPU.srcs/sources_1/new/CPU.v:52]
WARNING: [VRFC 10-9364] second declaration of 'Branch' is ignored [D:/Xilinx/Vivado/projects-ps/JMP_Predict_CPU/JMP_Predict_CPU.srcs/sources_1/new/CPU.v:52]
WARNING: [VRFC 10-3380] identifier 'actual_branchtaken' is used before its declaration [D:/Xilinx/Vivado/projects-ps/JMP_Predict_CPU/JMP_Predict_CPU.srcs/sources_1/new/CPU.v:36]
WARNING: [VRFC 10-3380] identifier 'PredictJump' is used before its declaration [D:/Xilinx/Vivado/projects-ps/JMP_Predict_CPU/JMP_Predict_CPU.srcs/sources_1/new/CPU.v:37]
WARNING: [VRFC 10-3380] identifier 'PredictJump_EX' is used before its declaration [D:/Xilinx/Vivado/projects-ps/JMP_Predict_CPU/JMP_Predict_CPU.srcs/sources_1/new/CPU.v:38]
WARNING: [VRFC 10-3380] identifier 'ALU_SRCA' is used before its declaration [D:/Xilinx/Vivado/projects-ps/JMP_Predict_CPU/JMP_Predict_CPU.srcs/sources_1/new/CPU.v:56]
INFO: [VRFC 10-2263] Analyzing Verilog file "D:/Xilinx/Vivado/projects-ps/JMP_Predict_CPU/JMP_Predict_CPU.srcs/sources_1/new/CU.v" into library xil_defaultlib
INFO: [VRFC 10-311] analyzing module CU
INFO: [VRFC 10-2263] Analyzing Verilog file "D:/Xilinx/Vivado/projects-ps/JMP_Predict_CPU/JMP_Predict_CPU.srcs/sources_1/new/EXMEM.v" into library xil_defaultlib
INFO: [VRFC 10-311] analyzing module EXMEM
INFO: [VRFC 10-2263] Analyzing Verilog file "D:/Xilinx/Vivado/projects-ps/JMP_Predict_CPU/JMP_Predict_CPU.srcs/sources_1/new/IDEX.v" into library xil_defaultlib
INFO: [VRFC 10-311] analyzing module IDEX
INFO: [VRFC 10-2263] Analyzing Verilog file "D:/Xilinx/Vivado/projects-ps/JMP_Predict_CPU/JMP_Predict_CPU.srcs/sources_1/new/IFID.v" into library xil_defaultlib
INFO: [VRFC 10-311] analyzing module IFID
INFO: [VRFC 10-2263] Analyzing Verilog file "D:/Xilinx/Vivado/projects-ps/JMP_Predict_CPU/JMP_Predict_CPU.srcs/sources_1/new/MEMWB.v" into library xil_defaultlib
INFO: [VRFC 10-311] analyzing module MEMWB
INFO: [VRFC 10-2263] Analyzing Verilog file "D:/Xilinx/Vivado/projects-ps/JMP_Predict_CPU/JMP_Predict_CPU.srcs/sources_1/new/PC.v" into library xil_defaultlib
INFO: [VRFC 10-311] analyzing module PC
INFO: [VRFC 10-2263] Analyzing Verilog file "D:/Xilinx/Vivado/projects-ps/JMP_Predict_CPU/JMP_Predict_CPU.srcs/sources_1/new/RegFile.v" into library xil_defaultlib
INFO: [VRFC 10-311] analyzing module RegFile
INFO: [VRFC 10-2263] Analyzing Verilog file "D:/Xilinx/Vivado/projects-ps/JMP_Predict_CPU/JMP_Predict_CPU.srcs/sim_1/new/sim_cpu.v" into library xil_defaultlib
INFO: [VRFC 10-311] analyzing module sim_cpu
INFO: [USF-XSim-69] 'compile' step finished in '1' seconds
INFO: [USF-XSim-3] XSim::Elaborate design
INFO: [USF-XSim-61] Executing 'ELABORATE' step in 'D:/Xilinx/Vivado/projects-ps/JMP_Predict_CPU/JMP_Predict_CPU.sim/sim_1/behav/xsim'
"xelab --incr --debug typical --relax --mt 2 -L xil_defaultlib -L dist_mem_gen_v8_0_13 -L unisims_ver -L unimacro_ver -L secureip -L xpm --snapshot sim_cpu_behav xil_defaultlib.sim_cpu xil_defaultlib.glbl -log elaborate.log"
Vivado Simulator v2022.1
Copyright 1986-1999, 2001-2022 Xilinx, Inc. All Rights Reserved.
Running: D:/Xilinx/Vivado/2022.1/bin/unwrapped/win64.o/xelab.exe --incr --debug typical --relax --mt 2 -L xil_defaultlib -L dist_mem_gen_v8_0_13 -L unisims_ver -L unimacro_ver -L secureip -L xpm --snapshot sim_cpu_behav xil_defaultlib.sim_cpu xil_defaultlib.glbl -log elaborate.log 
Using 2 slave threads.
Starting static elaboration
Pass Through NonSizing Optimizer
WARNING: [VRFC 10-5021] port 'go' is not connected on this instance [D:/Xilinx/Vivado/projects-ps/JMP_Predict_CPU/JMP_Predict_CPU.srcs/sim_1/new/sim_cpu.v:7]
Completed static elaboration
Starting simulation data flow analysis
Completed simulation data flow analysis
Time Resolution for simulation is 1ps
Compiling module xil_defaultlib.PC
Compiling module xil_defaultlib.BPB_default
Compiling module dist_mem_gen_v8_0_13.dist_mem_gen_v8_0_13(C_FAMILY="a...
Compiling module xil_defaultlib.CS_DRAM
Compiling module xil_defaultlib.IFID
Compiling module xil_defaultlib.BubleDel
Compiling module xil_defaultlib.CU
Compiling module xil_defaultlib.RegFile
Compiling module xil_defaultlib.IDEX
Compiling module xil_defaultlib.ALU
Compiling module xil_defaultlib.EXMEM
Compiling module dist_mem_gen_v8_0_13.dist_mem_gen_v8_0_13(C_FAMILY="a...
Compiling module xil_defaultlib.DS_DRAM
Compiling module xil_defaultlib.MEMWB
Compiling module xil_defaultlib.CPU
Compiling module xil_defaultlib.sim_cpu
Compiling module xil_defaultlib.glbl
Built simulation snapshot sim_cpu_behav
INFO: [USF-XSim-69] 'elaborate' step finished in '5' seconds
INFO: [USF-XSim-4] XSim::Simulate design
INFO: [USF-XSim-61] Executing 'SIMULATE' step in 'D:/Xilinx/Vivado/projects-ps/JMP_Predict_CPU/JMP_Predict_CPU.sim/sim_1/behav/xsim'
INFO: [USF-XSim-98] *** Running xsim
   with args "sim_cpu_behav -key {Behavioral:sim_1:Functional:sim_cpu} -tclbatch {sim_cpu.tcl} -view {D:/Xilinx/Vivado/projects-ps/JMP_Predict_CPU/sim_cpu_behav.wcfg} -log {simulate.log}"
INFO: [USF-XSim-8] Loading simulator feature
Time resolution is 1 ps
open_wave_config D:/Xilinx/Vivado/projects-ps/JMP_Predict_CPU/sim_cpu_behav.wcfg
source sim_cpu.tcl
# set curr_wave [current_wave_config]
# if { [string length $curr_wave] == 0 } {
#   if { [llength [get_objects]] > 0} {
#     add_wave /
#     set_property needs_save false [current_wave_config]
#   } else {
#      send_msg_id Add_Wave-1 WARNING "No top level signals found. Simulator will start without a wave window. If you want to open a wave window go to 'File->New Waveform Configuration' or type 'create_wave_config' in the TCL console."
#   }
# }
# log_wave -r /
# run 36000ns
WARNING: This core is supplied with a behavioral model. To model cycle-accurate behavior you must run timing simulation.
WARNING: This core is supplied with a behavioral model. To model cycle-accurate behavior you must run timing simulation.
WARNING in sim_cpu.CPU_0.CS_0.inst at time              1845000 ns: 
Reading from out-of-range address. Max address in sim_cpu.CPU_0.CS_0.inst is        1023
INFO: [USF-XSim-96] XSim completed. Design snapshot 'sim_cpu_behav' loaded.
INFO: [USF-XSim-97] XSim simulation ran for 36000ns
launch_simulation: Time (s): cpu = 00:00:02 ; elapsed = 00:00:09 . Memory (MB): peak = 2683.152 ; gain = 0.000
close_sim
INFO: [Simtcl 6-16] Simulation closed
launch_simulation
Command: launch_simulation 
INFO: [Vivado 12-12493] Simulation top is 'sim_cpu'
WARNING: [Vivado 12-13340] Unable to auto find GCC executables from simulator install path! (path not set)
WARNING: [Vivado 12-13277] Compiled library path does not exist: ''
INFO: [Vivado 12-5698] Checking validity of IPs in the design for the 'XSim' simulator...
INFO: [Runs 36-567] Checking/generating simulation output products for IPs/BDs (if any)...
INFO: [Vivado 12-5682] Launching behavioral simulation in 'D:/Xilinx/Vivado/projects-ps/JMP_Predict_CPU/JMP_Predict_CPU.sim/sim_1/behav/xsim'
INFO: [Vivado 12-4795] Using compiled simulation libraries for IPs
INFO: [SIM-utils-51] Simulation object is 'sim_1'
INFO: [SIM-utils-72] Using boost library from 'D:/Xilinx/Vivado/2022.1/tps/boost_1_72_0'
INFO: [USF-XSim-7] Finding pre-compiled libraries...
INFO: [USF-XSim-11] File 'D:/Xilinx/Vivado/2022.1/data/xsim/xsim.ini' copied to run dir:'D:/Xilinx/Vivado/projects-ps/JMP_Predict_CPU/JMP_Predict_CPU.sim/sim_1/behav/xsim'
INFO: [SIM-utils-54] Inspecting design source files for 'sim_cpu' in fileset 'sim_1'...
INFO: [SIM-utils-43] Exported 'D:/Xilinx/Vivado/projects-ps/JMP_Predict_CPU/JMP_Predict_CPU.sim/sim_1/behav/xsim/CS_DRAM.mif'
INFO: [SIM-utils-43] Exported 'D:/Xilinx/Vivado/projects-ps/JMP_Predict_CPU/JMP_Predict_CPU.sim/sim_1/behav/xsim/benchmark2.coe'
INFO: [SIM-utils-43] Exported 'D:/Xilinx/Vivado/projects-ps/JMP_Predict_CPU/JMP_Predict_CPU.sim/sim_1/behav/xsim/benchmark.coe'
INFO: [SIM-utils-43] Exported 'D:/Xilinx/Vivado/projects-ps/JMP_Predict_CPU/JMP_Predict_CPU.sim/sim_1/behav/xsim/benchmark1.coe'
INFO: [SIM-utils-43] Exported 'D:/Xilinx/Vivado/projects-ps/JMP_Predict_CPU/JMP_Predict_CPU.sim/sim_1/behav/xsim/28_ins_test.coe'
INFO: [SIM-utils-43] Exported 'D:/Xilinx/Vivado/projects-ps/JMP_Predict_CPU/JMP_Predict_CPU.sim/sim_1/behav/xsim/jump.coe'
INFO: [SIM-utils-43] Exported 'D:/Xilinx/Vivado/projects-ps/JMP_Predict_CPU/JMP_Predict_CPU.sim/sim_1/behav/xsim/jump_test.coe'
INFO: [USF-XSim-97] Finding global include files...
INFO: [USF-XSim-98] Fetching design files from 'sim_1'...
INFO: [USF-XSim-2] XSim::Compile design
INFO: [USF-XSim-61] Executing 'COMPILE and ANALYZE' step in 'D:/Xilinx/Vivado/projects-ps/JMP_Predict_CPU/JMP_Predict_CPU.sim/sim_1/behav/xsim'
"xvlog --incr --relax -prj sim_cpu_vlog.prj"
INFO: [VRFC 10-2263] Analyzing Verilog file "D:/Xilinx/Vivado/projects-ps/JMP_Predict_CPU/JMP_Predict_CPU.gen/sources_1/ip/DS_DRAM/sim/DS_DRAM.v" into library xil_defaultlib
INFO: [VRFC 10-311] analyzing module DS_DRAM
INFO: [VRFC 10-2263] Analyzing Verilog file "D:/Xilinx/Vivado/projects-ps/JMP_Predict_CPU/JMP_Predict_CPU.gen/sources_1/ip/CS_DRAM/sim/CS_DRAM.v" into library xil_defaultlib
INFO: [VRFC 10-311] analyzing module CS_DRAM
INFO: [VRFC 10-2263] Analyzing Verilog file "D:/Xilinx/Vivado/projects-ps/JMP_Predict_CPU/JMP_Predict_CPU.srcs/sources_1/new/ALU.v" into library xil_defaultlib
INFO: [VRFC 10-311] analyzing module ALU
INFO: [VRFC 10-2263] Analyzing Verilog file "D:/Xilinx/Vivado/projects-ps/JMP_Predict_CPU/JMP_Predict_CPU.srcs/sources_1/new/BPB.v" into library xil_defaultlib
INFO: [VRFC 10-311] analyzing module BPB
INFO: [VRFC 10-2263] Analyzing Verilog file "D:/Xilinx/Vivado/projects-ps/JMP_Predict_CPU/JMP_Predict_CPU.srcs/sources_1/new/BubleDel.v" into library xil_defaultlib
INFO: [VRFC 10-311] analyzing module BubleDel
INFO: [VRFC 10-2263] Analyzing Verilog file "D:/Xilinx/Vivado/projects-ps/JMP_Predict_CPU/JMP_Predict_CPU.srcs/sources_1/new/CPU.v" into library xil_defaultlib
INFO: [VRFC 10-311] analyzing module CPU
WARNING: [VRFC 10-3248] data object 'Branch' is already declared [D:/Xilinx/Vivado/projects-ps/JMP_Predict_CPU/JMP_Predict_CPU.srcs/sources_1/new/CPU.v:52]
WARNING: [VRFC 10-9364] second declaration of 'Branch' is ignored [D:/Xilinx/Vivado/projects-ps/JMP_Predict_CPU/JMP_Predict_CPU.srcs/sources_1/new/CPU.v:52]
WARNING: [VRFC 10-3380] identifier 'actual_branchtaken' is used before its declaration [D:/Xilinx/Vivado/projects-ps/JMP_Predict_CPU/JMP_Predict_CPU.srcs/sources_1/new/CPU.v:36]
WARNING: [VRFC 10-3380] identifier 'PredictJump' is used before its declaration [D:/Xilinx/Vivado/projects-ps/JMP_Predict_CPU/JMP_Predict_CPU.srcs/sources_1/new/CPU.v:37]
WARNING: [VRFC 10-3380] identifier 'PredictJump_EX' is used before its declaration [D:/Xilinx/Vivado/projects-ps/JMP_Predict_CPU/JMP_Predict_CPU.srcs/sources_1/new/CPU.v:38]
WARNING: [VRFC 10-3380] identifier 'ALU_SRCA' is used before its declaration [D:/Xilinx/Vivado/projects-ps/JMP_Predict_CPU/JMP_Predict_CPU.srcs/sources_1/new/CPU.v:56]
INFO: [VRFC 10-2263] Analyzing Verilog file "D:/Xilinx/Vivado/projects-ps/JMP_Predict_CPU/JMP_Predict_CPU.srcs/sources_1/new/CU.v" into library xil_defaultlib
INFO: [VRFC 10-311] analyzing module CU
INFO: [VRFC 10-2263] Analyzing Verilog file "D:/Xilinx/Vivado/projects-ps/JMP_Predict_CPU/JMP_Predict_CPU.srcs/sources_1/new/EXMEM.v" into library xil_defaultlib
INFO: [VRFC 10-311] analyzing module EXMEM
INFO: [VRFC 10-2263] Analyzing Verilog file "D:/Xilinx/Vivado/projects-ps/JMP_Predict_CPU/JMP_Predict_CPU.srcs/sources_1/new/IDEX.v" into library xil_defaultlib
INFO: [VRFC 10-311] analyzing module IDEX
INFO: [VRFC 10-2263] Analyzing Verilog file "D:/Xilinx/Vivado/projects-ps/JMP_Predict_CPU/JMP_Predict_CPU.srcs/sources_1/new/IFID.v" into library xil_defaultlib
INFO: [VRFC 10-311] analyzing module IFID
INFO: [VRFC 10-2263] Analyzing Verilog file "D:/Xilinx/Vivado/projects-ps/JMP_Predict_CPU/JMP_Predict_CPU.srcs/sources_1/new/MEMWB.v" into library xil_defaultlib
INFO: [VRFC 10-311] analyzing module MEMWB
INFO: [VRFC 10-2263] Analyzing Verilog file "D:/Xilinx/Vivado/projects-ps/JMP_Predict_CPU/JMP_Predict_CPU.srcs/sources_1/new/PC.v" into library xil_defaultlib
INFO: [VRFC 10-311] analyzing module PC
INFO: [VRFC 10-2263] Analyzing Verilog file "D:/Xilinx/Vivado/projects-ps/JMP_Predict_CPU/JMP_Predict_CPU.srcs/sources_1/new/RegFile.v" into library xil_defaultlib
INFO: [VRFC 10-311] analyzing module RegFile
INFO: [VRFC 10-2263] Analyzing Verilog file "D:/Xilinx/Vivado/projects-ps/JMP_Predict_CPU/JMP_Predict_CPU.srcs/sim_1/new/sim_cpu.v" into library xil_defaultlib
INFO: [VRFC 10-311] analyzing module sim_cpu
INFO: [USF-XSim-69] 'compile' step finished in '1' seconds
INFO: [USF-XSim-3] XSim::Elaborate design
INFO: [USF-XSim-61] Executing 'ELABORATE' step in 'D:/Xilinx/Vivado/projects-ps/JMP_Predict_CPU/JMP_Predict_CPU.sim/sim_1/behav/xsim'
"xelab --incr --debug typical --relax --mt 2 -L xil_defaultlib -L dist_mem_gen_v8_0_13 -L unisims_ver -L unimacro_ver -L secureip -L xpm --snapshot sim_cpu_behav xil_defaultlib.sim_cpu xil_defaultlib.glbl -log elaborate.log"
Vivado Simulator v2022.1
Copyright 1986-1999, 2001-2022 Xilinx, Inc. All Rights Reserved.
Running: D:/Xilinx/Vivado/2022.1/bin/unwrapped/win64.o/xelab.exe --incr --debug typical --relax --mt 2 -L xil_defaultlib -L dist_mem_gen_v8_0_13 -L unisims_ver -L unimacro_ver -L secureip -L xpm --snapshot sim_cpu_behav xil_defaultlib.sim_cpu xil_defaultlib.glbl -log elaborate.log 
Using 2 slave threads.
Starting static elaboration
Pass Through NonSizing Optimizer
WARNING: [VRFC 10-5021] port 'go' is not connected on this instance [D:/Xilinx/Vivado/projects-ps/JMP_Predict_CPU/JMP_Predict_CPU.srcs/sim_1/new/sim_cpu.v:7]
Completed static elaboration
Starting simulation data flow analysis
Completed simulation data flow analysis
Time Resolution for simulation is 1ps
Compiling module xil_defaultlib.PC
Compiling module xil_defaultlib.BPB_default
Compiling module dist_mem_gen_v8_0_13.dist_mem_gen_v8_0_13(C_FAMILY="a...
Compiling module xil_defaultlib.CS_DRAM
Compiling module xil_defaultlib.IFID
Compiling module xil_defaultlib.BubleDel
Compiling module xil_defaultlib.CU
Compiling module xil_defaultlib.RegFile
Compiling module xil_defaultlib.IDEX
Compiling module xil_defaultlib.ALU
Compiling module xil_defaultlib.EXMEM
Compiling module dist_mem_gen_v8_0_13.dist_mem_gen_v8_0_13(C_FAMILY="a...
Compiling module xil_defaultlib.DS_DRAM
Compiling module xil_defaultlib.MEMWB
Compiling module xil_defaultlib.CPU
Compiling module xil_defaultlib.sim_cpu
Compiling module xil_defaultlib.glbl
Built simulation snapshot sim_cpu_behav
INFO: [USF-XSim-69] 'elaborate' step finished in '5' seconds
INFO: [USF-XSim-4] XSim::Simulate design
INFO: [USF-XSim-61] Executing 'SIMULATE' step in 'D:/Xilinx/Vivado/projects-ps/JMP_Predict_CPU/JMP_Predict_CPU.sim/sim_1/behav/xsim'
INFO: [USF-XSim-98] *** Running xsim
   with args "sim_cpu_behav -key {Behavioral:sim_1:Functional:sim_cpu} -tclbatch {sim_cpu.tcl} -view {D:/Xilinx/Vivado/projects-ps/JMP_Predict_CPU/sim_cpu_behav.wcfg} -log {simulate.log}"
INFO: [USF-XSim-8] Loading simulator feature
Time resolution is 1 ps
open_wave_config D:/Xilinx/Vivado/projects-ps/JMP_Predict_CPU/sim_cpu_behav.wcfg
source sim_cpu.tcl
# set curr_wave [current_wave_config]
# if { [string length $curr_wave] == 0 } {
#   if { [llength [get_objects]] > 0} {
#     add_wave /
#     set_property needs_save false [current_wave_config]
#   } else {
#      send_msg_id Add_Wave-1 WARNING "No top level signals found. Simulator will start without a wave window. If you want to open a wave window go to 'File->New Waveform Configuration' or type 'create_wave_config' in the TCL console."
#   }
# }
# log_wave -r /
# run 36000ns
WARNING: This core is supplied with a behavioral model. To model cycle-accurate behavior you must run timing simulation.
WARNING: This core is supplied with a behavioral model. To model cycle-accurate behavior you must run timing simulation.
WARNING in sim_cpu.CPU_0.CS_0.inst at time              1545000 ns: 
Reading from out-of-range address. Max address in sim_cpu.CPU_0.CS_0.inst is        1023
INFO: [USF-XSim-96] XSim completed. Design snapshot 'sim_cpu_behav' loaded.
INFO: [USF-XSim-97] XSim simulation ran for 36000ns
launch_simulation: Time (s): cpu = 00:00:02 ; elapsed = 00:00:09 . Memory (MB): peak = 2683.152 ; gain = 0.000
close_sim
INFO: [Simtcl 6-16] Simulation closed
launch_simulation
Command: launch_simulation 
INFO: [Vivado 12-12493] Simulation top is 'sim_cpu'
WARNING: [Vivado 12-13340] Unable to auto find GCC executables from simulator install path! (path not set)
WARNING: [Vivado 12-13277] Compiled library path does not exist: ''
INFO: [Vivado 12-5698] Checking validity of IPs in the design for the 'XSim' simulator...
INFO: [Runs 36-567] Checking/generating simulation output products for IPs/BDs (if any)...
INFO: [Vivado 12-5682] Launching behavioral simulation in 'D:/Xilinx/Vivado/projects-ps/JMP_Predict_CPU/JMP_Predict_CPU.sim/sim_1/behav/xsim'
INFO: [Vivado 12-4795] Using compiled simulation libraries for IPs
INFO: [SIM-utils-51] Simulation object is 'sim_1'
INFO: [SIM-utils-72] Using boost library from 'D:/Xilinx/Vivado/2022.1/tps/boost_1_72_0'
INFO: [USF-XSim-7] Finding pre-compiled libraries...
INFO: [USF-XSim-11] File 'D:/Xilinx/Vivado/2022.1/data/xsim/xsim.ini' copied to run dir:'D:/Xilinx/Vivado/projects-ps/JMP_Predict_CPU/JMP_Predict_CPU.sim/sim_1/behav/xsim'
INFO: [SIM-utils-54] Inspecting design source files for 'sim_cpu' in fileset 'sim_1'...
INFO: [SIM-utils-43] Exported 'D:/Xilinx/Vivado/projects-ps/JMP_Predict_CPU/JMP_Predict_CPU.sim/sim_1/behav/xsim/CS_DRAM.mif'
INFO: [SIM-utils-43] Exported 'D:/Xilinx/Vivado/projects-ps/JMP_Predict_CPU/JMP_Predict_CPU.sim/sim_1/behav/xsim/benchmark2.coe'
INFO: [SIM-utils-43] Exported 'D:/Xilinx/Vivado/projects-ps/JMP_Predict_CPU/JMP_Predict_CPU.sim/sim_1/behav/xsim/benchmark.coe'
INFO: [SIM-utils-43] Exported 'D:/Xilinx/Vivado/projects-ps/JMP_Predict_CPU/JMP_Predict_CPU.sim/sim_1/behav/xsim/benchmark1.coe'
INFO: [SIM-utils-43] Exported 'D:/Xilinx/Vivado/projects-ps/JMP_Predict_CPU/JMP_Predict_CPU.sim/sim_1/behav/xsim/28_ins_test.coe'
INFO: [SIM-utils-43] Exported 'D:/Xilinx/Vivado/projects-ps/JMP_Predict_CPU/JMP_Predict_CPU.sim/sim_1/behav/xsim/jump.coe'
INFO: [SIM-utils-43] Exported 'D:/Xilinx/Vivado/projects-ps/JMP_Predict_CPU/JMP_Predict_CPU.sim/sim_1/behav/xsim/jump_test.coe'
INFO: [USF-XSim-97] Finding global include files...
INFO: [USF-XSim-98] Fetching design files from 'sim_1'...
INFO: [USF-XSim-2] XSim::Compile design
INFO: [USF-XSim-61] Executing 'COMPILE and ANALYZE' step in 'D:/Xilinx/Vivado/projects-ps/JMP_Predict_CPU/JMP_Predict_CPU.sim/sim_1/behav/xsim'
"xvlog --incr --relax -prj sim_cpu_vlog.prj"
INFO: [VRFC 10-2263] Analyzing Verilog file "D:/Xilinx/Vivado/projects-ps/JMP_Predict_CPU/JMP_Predict_CPU.gen/sources_1/ip/DS_DRAM/sim/DS_DRAM.v" into library xil_defaultlib
INFO: [VRFC 10-311] analyzing module DS_DRAM
INFO: [VRFC 10-2263] Analyzing Verilog file "D:/Xilinx/Vivado/projects-ps/JMP_Predict_CPU/JMP_Predict_CPU.gen/sources_1/ip/CS_DRAM/sim/CS_DRAM.v" into library xil_defaultlib
INFO: [VRFC 10-311] analyzing module CS_DRAM
INFO: [VRFC 10-2263] Analyzing Verilog file "D:/Xilinx/Vivado/projects-ps/JMP_Predict_CPU/JMP_Predict_CPU.srcs/sources_1/new/ALU.v" into library xil_defaultlib
INFO: [VRFC 10-311] analyzing module ALU
INFO: [VRFC 10-2263] Analyzing Verilog file "D:/Xilinx/Vivado/projects-ps/JMP_Predict_CPU/JMP_Predict_CPU.srcs/sources_1/new/BPB.v" into library xil_defaultlib
INFO: [VRFC 10-311] analyzing module BPB
INFO: [VRFC 10-2263] Analyzing Verilog file "D:/Xilinx/Vivado/projects-ps/JMP_Predict_CPU/JMP_Predict_CPU.srcs/sources_1/new/BubleDel.v" into library xil_defaultlib
INFO: [VRFC 10-311] analyzing module BubleDel
INFO: [VRFC 10-2263] Analyzing Verilog file "D:/Xilinx/Vivado/projects-ps/JMP_Predict_CPU/JMP_Predict_CPU.srcs/sources_1/new/CPU.v" into library xil_defaultlib
INFO: [VRFC 10-311] analyzing module CPU
WARNING: [VRFC 10-3248] data object 'Branch' is already declared [D:/Xilinx/Vivado/projects-ps/JMP_Predict_CPU/JMP_Predict_CPU.srcs/sources_1/new/CPU.v:52]
WARNING: [VRFC 10-9364] second declaration of 'Branch' is ignored [D:/Xilinx/Vivado/projects-ps/JMP_Predict_CPU/JMP_Predict_CPU.srcs/sources_1/new/CPU.v:52]
WARNING: [VRFC 10-3380] identifier 'actual_branchtaken' is used before its declaration [D:/Xilinx/Vivado/projects-ps/JMP_Predict_CPU/JMP_Predict_CPU.srcs/sources_1/new/CPU.v:36]
WARNING: [VRFC 10-3380] identifier 'PredictJump' is used before its declaration [D:/Xilinx/Vivado/projects-ps/JMP_Predict_CPU/JMP_Predict_CPU.srcs/sources_1/new/CPU.v:37]
WARNING: [VRFC 10-3380] identifier 'PredictJump_EX' is used before its declaration [D:/Xilinx/Vivado/projects-ps/JMP_Predict_CPU/JMP_Predict_CPU.srcs/sources_1/new/CPU.v:38]
WARNING: [VRFC 10-3380] identifier 'ALU_SRCA' is used before its declaration [D:/Xilinx/Vivado/projects-ps/JMP_Predict_CPU/JMP_Predict_CPU.srcs/sources_1/new/CPU.v:56]
INFO: [VRFC 10-2263] Analyzing Verilog file "D:/Xilinx/Vivado/projects-ps/JMP_Predict_CPU/JMP_Predict_CPU.srcs/sources_1/new/CU.v" into library xil_defaultlib
INFO: [VRFC 10-311] analyzing module CU
INFO: [VRFC 10-2263] Analyzing Verilog file "D:/Xilinx/Vivado/projects-ps/JMP_Predict_CPU/JMP_Predict_CPU.srcs/sources_1/new/EXMEM.v" into library xil_defaultlib
INFO: [VRFC 10-311] analyzing module EXMEM
INFO: [VRFC 10-2263] Analyzing Verilog file "D:/Xilinx/Vivado/projects-ps/JMP_Predict_CPU/JMP_Predict_CPU.srcs/sources_1/new/IDEX.v" into library xil_defaultlib
INFO: [VRFC 10-311] analyzing module IDEX
INFO: [VRFC 10-2263] Analyzing Verilog file "D:/Xilinx/Vivado/projects-ps/JMP_Predict_CPU/JMP_Predict_CPU.srcs/sources_1/new/IFID.v" into library xil_defaultlib
INFO: [VRFC 10-311] analyzing module IFID
INFO: [VRFC 10-2263] Analyzing Verilog file "D:/Xilinx/Vivado/projects-ps/JMP_Predict_CPU/JMP_Predict_CPU.srcs/sources_1/new/MEMWB.v" into library xil_defaultlib
INFO: [VRFC 10-311] analyzing module MEMWB
INFO: [VRFC 10-2263] Analyzing Verilog file "D:/Xilinx/Vivado/projects-ps/JMP_Predict_CPU/JMP_Predict_CPU.srcs/sources_1/new/PC.v" into library xil_defaultlib
INFO: [VRFC 10-311] analyzing module PC
INFO: [VRFC 10-2263] Analyzing Verilog file "D:/Xilinx/Vivado/projects-ps/JMP_Predict_CPU/JMP_Predict_CPU.srcs/sources_1/new/RegFile.v" into library xil_defaultlib
INFO: [VRFC 10-311] analyzing module RegFile
INFO: [VRFC 10-2263] Analyzing Verilog file "D:/Xilinx/Vivado/projects-ps/JMP_Predict_CPU/JMP_Predict_CPU.srcs/sim_1/new/sim_cpu.v" into library xil_defaultlib
INFO: [VRFC 10-311] analyzing module sim_cpu
INFO: [USF-XSim-69] 'compile' step finished in '1' seconds
INFO: [USF-XSim-3] XSim::Elaborate design
INFO: [USF-XSim-61] Executing 'ELABORATE' step in 'D:/Xilinx/Vivado/projects-ps/JMP_Predict_CPU/JMP_Predict_CPU.sim/sim_1/behav/xsim'
"xelab --incr --debug typical --relax --mt 2 -L xil_defaultlib -L dist_mem_gen_v8_0_13 -L unisims_ver -L unimacro_ver -L secureip -L xpm --snapshot sim_cpu_behav xil_defaultlib.sim_cpu xil_defaultlib.glbl -log elaborate.log"
Vivado Simulator v2022.1
Copyright 1986-1999, 2001-2022 Xilinx, Inc. All Rights Reserved.
Running: D:/Xilinx/Vivado/2022.1/bin/unwrapped/win64.o/xelab.exe --incr --debug typical --relax --mt 2 -L xil_defaultlib -L dist_mem_gen_v8_0_13 -L unisims_ver -L unimacro_ver -L secureip -L xpm --snapshot sim_cpu_behav xil_defaultlib.sim_cpu xil_defaultlib.glbl -log elaborate.log 
Using 2 slave threads.
Starting static elaboration
Pass Through NonSizing Optimizer
WARNING: [VRFC 10-5021] port 'go' is not connected on this instance [D:/Xilinx/Vivado/projects-ps/JMP_Predict_CPU/JMP_Predict_CPU.srcs/sim_1/new/sim_cpu.v:7]
Completed static elaboration
Starting simulation data flow analysis
Completed simulation data flow analysis
Time Resolution for simulation is 1ps
Compiling module xil_defaultlib.PC
Compiling module xil_defaultlib.BPB_default
Compiling module dist_mem_gen_v8_0_13.dist_mem_gen_v8_0_13(C_FAMILY="a...
Compiling module xil_defaultlib.CS_DRAM
Compiling module xil_defaultlib.IFID
Compiling module xil_defaultlib.BubleDel
Compiling module xil_defaultlib.CU
Compiling module xil_defaultlib.RegFile
Compiling module xil_defaultlib.IDEX
Compiling module xil_defaultlib.ALU
Compiling module xil_defaultlib.EXMEM
Compiling module dist_mem_gen_v8_0_13.dist_mem_gen_v8_0_13(C_FAMILY="a...
Compiling module xil_defaultlib.DS_DRAM
Compiling module xil_defaultlib.MEMWB
Compiling module xil_defaultlib.CPU
Compiling module xil_defaultlib.sim_cpu
Compiling module xil_defaultlib.glbl
Built simulation snapshot sim_cpu_behav
INFO: [USF-XSim-69] 'elaborate' step finished in '4' seconds
INFO: [USF-XSim-4] XSim::Simulate design
INFO: [USF-XSim-61] Executing 'SIMULATE' step in 'D:/Xilinx/Vivado/projects-ps/JMP_Predict_CPU/JMP_Predict_CPU.sim/sim_1/behav/xsim'
INFO: [USF-XSim-98] *** Running xsim
   with args "sim_cpu_behav -key {Behavioral:sim_1:Functional:sim_cpu} -tclbatch {sim_cpu.tcl} -view {D:/Xilinx/Vivado/projects-ps/JMP_Predict_CPU/sim_cpu_behav.wcfg} -log {simulate.log}"
INFO: [USF-XSim-8] Loading simulator feature
Time resolution is 1 ps
open_wave_config D:/Xilinx/Vivado/projects-ps/JMP_Predict_CPU/sim_cpu_behav.wcfg
source sim_cpu.tcl
# set curr_wave [current_wave_config]
# if { [string length $curr_wave] == 0 } {
#   if { [llength [get_objects]] > 0} {
#     add_wave /
#     set_property needs_save false [current_wave_config]
#   } else {
#      send_msg_id Add_Wave-1 WARNING "No top level signals found. Simulator will start without a wave window. If you want to open a wave window go to 'File->New Waveform Configuration' or type 'create_wave_config' in the TCL console."
#   }
# }
# log_wave -r /
# run 36000ns
WARNING: This core is supplied with a behavioral model. To model cycle-accurate behavior you must run timing simulation.
WARNING: This core is supplied with a behavioral model. To model cycle-accurate behavior you must run timing simulation.
WARNING in sim_cpu.CPU_0.CS_0.inst at time              1545000 ns: 
Reading from out-of-range address. Max address in sim_cpu.CPU_0.CS_0.inst is        1023
INFO: [USF-XSim-96] XSim completed. Design snapshot 'sim_cpu_behav' loaded.
INFO: [USF-XSim-97] XSim simulation ran for 36000ns
launch_simulation: Time (s): cpu = 00:00:02 ; elapsed = 00:00:08 . Memory (MB): peak = 2683.152 ; gain = 0.000
close_sim
INFO: [Simtcl 6-16] Simulation closed
launch_simulation
Command: launch_simulation 
INFO: [Vivado 12-12493] Simulation top is 'sim_cpu'
WARNING: [Vivado 12-13340] Unable to auto find GCC executables from simulator install path! (path not set)
WARNING: [Vivado 12-13277] Compiled library path does not exist: ''
INFO: [Vivado 12-5698] Checking validity of IPs in the design for the 'XSim' simulator...
INFO: [Runs 36-567] Checking/generating simulation output products for IPs/BDs (if any)...
INFO: [Vivado 12-5682] Launching behavioral simulation in 'D:/Xilinx/Vivado/projects-ps/JMP_Predict_CPU/JMP_Predict_CPU.sim/sim_1/behav/xsim'
INFO: [Vivado 12-4795] Using compiled simulation libraries for IPs
INFO: [SIM-utils-51] Simulation object is 'sim_1'
INFO: [SIM-utils-72] Using boost library from 'D:/Xilinx/Vivado/2022.1/tps/boost_1_72_0'
INFO: [USF-XSim-7] Finding pre-compiled libraries...
INFO: [USF-XSim-11] File 'D:/Xilinx/Vivado/2022.1/data/xsim/xsim.ini' copied to run dir:'D:/Xilinx/Vivado/projects-ps/JMP_Predict_CPU/JMP_Predict_CPU.sim/sim_1/behav/xsim'
INFO: [SIM-utils-54] Inspecting design source files for 'sim_cpu' in fileset 'sim_1'...
INFO: [SIM-utils-43] Exported 'D:/Xilinx/Vivado/projects-ps/JMP_Predict_CPU/JMP_Predict_CPU.sim/sim_1/behav/xsim/CS_DRAM.mif'
INFO: [SIM-utils-43] Exported 'D:/Xilinx/Vivado/projects-ps/JMP_Predict_CPU/JMP_Predict_CPU.sim/sim_1/behav/xsim/benchmark2.coe'
INFO: [SIM-utils-43] Exported 'D:/Xilinx/Vivado/projects-ps/JMP_Predict_CPU/JMP_Predict_CPU.sim/sim_1/behav/xsim/benchmark.coe'
INFO: [SIM-utils-43] Exported 'D:/Xilinx/Vivado/projects-ps/JMP_Predict_CPU/JMP_Predict_CPU.sim/sim_1/behav/xsim/benchmark1.coe'
INFO: [SIM-utils-43] Exported 'D:/Xilinx/Vivado/projects-ps/JMP_Predict_CPU/JMP_Predict_CPU.sim/sim_1/behav/xsim/28_ins_test.coe'
INFO: [SIM-utils-43] Exported 'D:/Xilinx/Vivado/projects-ps/JMP_Predict_CPU/JMP_Predict_CPU.sim/sim_1/behav/xsim/jump.coe'
INFO: [SIM-utils-43] Exported 'D:/Xilinx/Vivado/projects-ps/JMP_Predict_CPU/JMP_Predict_CPU.sim/sim_1/behav/xsim/jump_test.coe'
INFO: [USF-XSim-97] Finding global include files...
INFO: [USF-XSim-98] Fetching design files from 'sim_1'...
INFO: [USF-XSim-2] XSim::Compile design
INFO: [USF-XSim-61] Executing 'COMPILE and ANALYZE' step in 'D:/Xilinx/Vivado/projects-ps/JMP_Predict_CPU/JMP_Predict_CPU.sim/sim_1/behav/xsim'
"xvlog --incr --relax -prj sim_cpu_vlog.prj"
INFO: [USF-XSim-69] 'compile' step finished in '1' seconds
INFO: [USF-XSim-3] XSim::Elaborate design
INFO: [USF-XSim-61] Executing 'ELABORATE' step in 'D:/Xilinx/Vivado/projects-ps/JMP_Predict_CPU/JMP_Predict_CPU.sim/sim_1/behav/xsim'
"xelab --incr --debug typical --relax --mt 2 -L xil_defaultlib -L dist_mem_gen_v8_0_13 -L unisims_ver -L unimacro_ver -L secureip -L xpm --snapshot sim_cpu_behav xil_defaultlib.sim_cpu xil_defaultlib.glbl -log elaborate.log"
Vivado Simulator v2022.1
Copyright 1986-1999, 2001-2022 Xilinx, Inc. All Rights Reserved.
Running: D:/Xilinx/Vivado/2022.1/bin/unwrapped/win64.o/xelab.exe --incr --debug typical --relax --mt 2 -L xil_defaultlib -L dist_mem_gen_v8_0_13 -L unisims_ver -L unimacro_ver -L secureip -L xpm --snapshot sim_cpu_behav xil_defaultlib.sim_cpu xil_defaultlib.glbl -log elaborate.log 
Using 2 slave threads.
Starting static elaboration
Pass Through NonSizing Optimizer
WARNING: [VRFC 10-5021] port 'go' is not connected on this instance [D:/Xilinx/Vivado/projects-ps/JMP_Predict_CPU/JMP_Predict_CPU.srcs/sim_1/new/sim_cpu.v:7]
Completed static elaboration
INFO: [XSIM 43-4323] No Change in HDL. Linking previously generated obj files to create kernel
INFO: [USF-XSim-69] 'elaborate' step finished in '2' seconds
INFO: [USF-XSim-4] XSim::Simulate design
WARNING: [USF-XSim-17] WCFG file does not exist:D:/Xilinx/Vivado/projects-ps/JMP_Predict_CPU/sim_cpu_behav.wcfg
WARNING: [USF-XSim-17] WCFG file does not exist:D:/Xilinx/Vivado/projects-ps/JMP_Predict_CPU/sim_cpu_behav.wcfg
INFO: [USF-XSim-61] Executing 'SIMULATE' step in 'D:/Xilinx/Vivado/projects-ps/JMP_Predict_CPU/JMP_Predict_CPU.sim/sim_1/behav/xsim'
INFO: [USF-XSim-98] *** Running xsim
   with args "sim_cpu_behav -key {Behavioral:sim_1:Functional:sim_cpu} -tclbatch {sim_cpu.tcl} -log {simulate.log}"
INFO: [USF-XSim-8] Loading simulator feature
Time resolution is 1 ps
source sim_cpu.tcl
# set curr_wave [current_wave_config]
# if { [string length $curr_wave] == 0 } {
#   if { [llength [get_objects]] > 0} {
#     add_wave /
#     set_property needs_save false [current_wave_config]
#   } else {
#      send_msg_id Add_Wave-1 WARNING "No top level signals found. Simulator will start without a wave window. If you want to open a wave window go to 'File->New Waveform Configuration' or type 'create_wave_config' in the TCL console."
#   }
# }
# log_wave -r /
# run 36000ns
WARNING: This core is supplied with a behavioral model. To model cycle-accurate behavior you must run timing simulation.
WARNING: This core is supplied with a behavioral model. To model cycle-accurate behavior you must run timing simulation.
WARNING in sim_cpu.CPU_0.CS_0.inst at time              1545000 ns: 
Reading from out-of-range address. Max address in sim_cpu.CPU_0.CS_0.inst is        1023
INFO: [USF-XSim-96] XSim completed. Design snapshot 'sim_cpu_behav' loaded.
INFO: [USF-XSim-97] XSim simulation ran for 36000ns
close_sim
INFO: [Simtcl 6-16] Simulation closed
launch_simulation
Command: launch_simulation 
INFO: [Vivado 12-12493] Simulation top is 'sim_cpu'
WARNING: [Vivado 12-13340] Unable to auto find GCC executables from simulator install path! (path not set)
WARNING: [Vivado 12-13277] Compiled library path does not exist: ''
INFO: [Vivado 12-5698] Checking validity of IPs in the design for the 'XSim' simulator...
INFO: [Runs 36-567] Checking/generating simulation output products for IPs/BDs (if any)...
INFO: [Vivado 12-5682] Launching behavioral simulation in 'D:/Xilinx/Vivado/projects-ps/JMP_Predict_CPU/JMP_Predict_CPU.sim/sim_1/behav/xsim'
INFO: [Vivado 12-4795] Using compiled simulation libraries for IPs
INFO: [SIM-utils-51] Simulation object is 'sim_1'
INFO: [SIM-utils-72] Using boost library from 'D:/Xilinx/Vivado/2022.1/tps/boost_1_72_0'
INFO: [USF-XSim-7] Finding pre-compiled libraries...
INFO: [USF-XSim-11] File 'D:/Xilinx/Vivado/2022.1/data/xsim/xsim.ini' copied to run dir:'D:/Xilinx/Vivado/projects-ps/JMP_Predict_CPU/JMP_Predict_CPU.sim/sim_1/behav/xsim'
INFO: [SIM-utils-54] Inspecting design source files for 'sim_cpu' in fileset 'sim_1'...
INFO: [SIM-utils-43] Exported 'D:/Xilinx/Vivado/projects-ps/JMP_Predict_CPU/JMP_Predict_CPU.sim/sim_1/behav/xsim/CS_DRAM.mif'
INFO: [SIM-utils-43] Exported 'D:/Xilinx/Vivado/projects-ps/JMP_Predict_CPU/JMP_Predict_CPU.sim/sim_1/behav/xsim/benchmark2.coe'
INFO: [SIM-utils-43] Exported 'D:/Xilinx/Vivado/projects-ps/JMP_Predict_CPU/JMP_Predict_CPU.sim/sim_1/behav/xsim/benchmark.coe'
INFO: [SIM-utils-43] Exported 'D:/Xilinx/Vivado/projects-ps/JMP_Predict_CPU/JMP_Predict_CPU.sim/sim_1/behav/xsim/benchmark1.coe'
INFO: [SIM-utils-43] Exported 'D:/Xilinx/Vivado/projects-ps/JMP_Predict_CPU/JMP_Predict_CPU.sim/sim_1/behav/xsim/28_ins_test.coe'
INFO: [SIM-utils-43] Exported 'D:/Xilinx/Vivado/projects-ps/JMP_Predict_CPU/JMP_Predict_CPU.sim/sim_1/behav/xsim/jump.coe'
INFO: [SIM-utils-43] Exported 'D:/Xilinx/Vivado/projects-ps/JMP_Predict_CPU/JMP_Predict_CPU.sim/sim_1/behav/xsim/jump_test.coe'
INFO: [USF-XSim-97] Finding global include files...
INFO: [USF-XSim-98] Fetching design files from 'sim_1'...
INFO: [USF-XSim-2] XSim::Compile design
INFO: [USF-XSim-61] Executing 'COMPILE and ANALYZE' step in 'D:/Xilinx/Vivado/projects-ps/JMP_Predict_CPU/JMP_Predict_CPU.sim/sim_1/behav/xsim'
"xvlog --incr --relax -prj sim_cpu_vlog.prj"
INFO: [VRFC 10-2263] Analyzing Verilog file "D:/Xilinx/Vivado/projects-ps/JMP_Predict_CPU/JMP_Predict_CPU.gen/sources_1/ip/DS_DRAM/sim/DS_DRAM.v" into library xil_defaultlib
INFO: [VRFC 10-311] analyzing module DS_DRAM
INFO: [VRFC 10-2263] Analyzing Verilog file "D:/Xilinx/Vivado/projects-ps/JMP_Predict_CPU/JMP_Predict_CPU.gen/sources_1/ip/CS_DRAM/sim/CS_DRAM.v" into library xil_defaultlib
INFO: [VRFC 10-311] analyzing module CS_DRAM
INFO: [VRFC 10-2263] Analyzing Verilog file "D:/Xilinx/Vivado/projects-ps/JMP_Predict_CPU/JMP_Predict_CPU.srcs/sources_1/new/ALU.v" into library xil_defaultlib
INFO: [VRFC 10-311] analyzing module ALU
INFO: [VRFC 10-2263] Analyzing Verilog file "D:/Xilinx/Vivado/projects-ps/JMP_Predict_CPU/JMP_Predict_CPU.srcs/sources_1/new/BPB.v" into library xil_defaultlib
INFO: [VRFC 10-311] analyzing module BPB
INFO: [VRFC 10-2263] Analyzing Verilog file "D:/Xilinx/Vivado/projects-ps/JMP_Predict_CPU/JMP_Predict_CPU.srcs/sources_1/new/BubleDel.v" into library xil_defaultlib
INFO: [VRFC 10-311] analyzing module BubleDel
INFO: [VRFC 10-2263] Analyzing Verilog file "D:/Xilinx/Vivado/projects-ps/JMP_Predict_CPU/JMP_Predict_CPU.srcs/sources_1/new/CPU.v" into library xil_defaultlib
INFO: [VRFC 10-311] analyzing module CPU
WARNING: [VRFC 10-3248] data object 'Branch' is already declared [D:/Xilinx/Vivado/projects-ps/JMP_Predict_CPU/JMP_Predict_CPU.srcs/sources_1/new/CPU.v:52]
WARNING: [VRFC 10-9364] second declaration of 'Branch' is ignored [D:/Xilinx/Vivado/projects-ps/JMP_Predict_CPU/JMP_Predict_CPU.srcs/sources_1/new/CPU.v:52]
WARNING: [VRFC 10-3380] identifier 'actual_branchtaken' is used before its declaration [D:/Xilinx/Vivado/projects-ps/JMP_Predict_CPU/JMP_Predict_CPU.srcs/sources_1/new/CPU.v:36]
WARNING: [VRFC 10-3380] identifier 'PredictJump' is used before its declaration [D:/Xilinx/Vivado/projects-ps/JMP_Predict_CPU/JMP_Predict_CPU.srcs/sources_1/new/CPU.v:37]
WARNING: [VRFC 10-3380] identifier 'PredictJump_EX' is used before its declaration [D:/Xilinx/Vivado/projects-ps/JMP_Predict_CPU/JMP_Predict_CPU.srcs/sources_1/new/CPU.v:38]
WARNING: [VRFC 10-3380] identifier 'ALU_SRCA' is used before its declaration [D:/Xilinx/Vivado/projects-ps/JMP_Predict_CPU/JMP_Predict_CPU.srcs/sources_1/new/CPU.v:56]
INFO: [VRFC 10-2263] Analyzing Verilog file "D:/Xilinx/Vivado/projects-ps/JMP_Predict_CPU/JMP_Predict_CPU.srcs/sources_1/new/CU.v" into library xil_defaultlib
INFO: [VRFC 10-311] analyzing module CU
INFO: [VRFC 10-2263] Analyzing Verilog file "D:/Xilinx/Vivado/projects-ps/JMP_Predict_CPU/JMP_Predict_CPU.srcs/sources_1/new/EXMEM.v" into library xil_defaultlib
INFO: [VRFC 10-311] analyzing module EXMEM
INFO: [VRFC 10-2263] Analyzing Verilog file "D:/Xilinx/Vivado/projects-ps/JMP_Predict_CPU/JMP_Predict_CPU.srcs/sources_1/new/IDEX.v" into library xil_defaultlib
INFO: [VRFC 10-311] analyzing module IDEX
INFO: [VRFC 10-2263] Analyzing Verilog file "D:/Xilinx/Vivado/projects-ps/JMP_Predict_CPU/JMP_Predict_CPU.srcs/sources_1/new/IFID.v" into library xil_defaultlib
INFO: [VRFC 10-311] analyzing module IFID
INFO: [VRFC 10-2263] Analyzing Verilog file "D:/Xilinx/Vivado/projects-ps/JMP_Predict_CPU/JMP_Predict_CPU.srcs/sources_1/new/MEMWB.v" into library xil_defaultlib
INFO: [VRFC 10-311] analyzing module MEMWB
INFO: [VRFC 10-2263] Analyzing Verilog file "D:/Xilinx/Vivado/projects-ps/JMP_Predict_CPU/JMP_Predict_CPU.srcs/sources_1/new/PC.v" into library xil_defaultlib
INFO: [VRFC 10-311] analyzing module PC
INFO: [VRFC 10-2263] Analyzing Verilog file "D:/Xilinx/Vivado/projects-ps/JMP_Predict_CPU/JMP_Predict_CPU.srcs/sources_1/new/RegFile.v" into library xil_defaultlib
INFO: [VRFC 10-311] analyzing module RegFile
INFO: [VRFC 10-2263] Analyzing Verilog file "D:/Xilinx/Vivado/projects-ps/JMP_Predict_CPU/JMP_Predict_CPU.srcs/sim_1/new/sim_cpu.v" into library xil_defaultlib
INFO: [VRFC 10-311] analyzing module sim_cpu
INFO: [USF-XSim-69] 'compile' step finished in '1' seconds
INFO: [USF-XSim-3] XSim::Elaborate design
INFO: [USF-XSim-61] Executing 'ELABORATE' step in 'D:/Xilinx/Vivado/projects-ps/JMP_Predict_CPU/JMP_Predict_CPU.sim/sim_1/behav/xsim'
"xelab --incr --debug typical --relax --mt 2 -L xil_defaultlib -L dist_mem_gen_v8_0_13 -L unisims_ver -L unimacro_ver -L secureip -L xpm --snapshot sim_cpu_behav xil_defaultlib.sim_cpu xil_defaultlib.glbl -log elaborate.log"
Vivado Simulator v2022.1
Copyright 1986-1999, 2001-2022 Xilinx, Inc. All Rights Reserved.
Running: D:/Xilinx/Vivado/2022.1/bin/unwrapped/win64.o/xelab.exe --incr --debug typical --relax --mt 2 -L xil_defaultlib -L dist_mem_gen_v8_0_13 -L unisims_ver -L unimacro_ver -L secureip -L xpm --snapshot sim_cpu_behav xil_defaultlib.sim_cpu xil_defaultlib.glbl -log elaborate.log 
Using 2 slave threads.
Starting static elaboration
Pass Through NonSizing Optimizer
WARNING: [VRFC 10-5021] port 'go' is not connected on this instance [D:/Xilinx/Vivado/projects-ps/JMP_Predict_CPU/JMP_Predict_CPU.srcs/sim_1/new/sim_cpu.v:7]
Completed static elaboration
Starting simulation data flow analysis
Completed simulation data flow analysis
Time Resolution for simulation is 1ps
Compiling module xil_defaultlib.PC
Compiling module xil_defaultlib.BPB_default
Compiling module dist_mem_gen_v8_0_13.dist_mem_gen_v8_0_13(C_FAMILY="a...
Compiling module xil_defaultlib.CS_DRAM
Compiling module xil_defaultlib.IFID
Compiling module xil_defaultlib.BubleDel
Compiling module xil_defaultlib.CU
Compiling module xil_defaultlib.RegFile
Compiling module xil_defaultlib.IDEX
Compiling module xil_defaultlib.ALU
Compiling module xil_defaultlib.EXMEM
Compiling module dist_mem_gen_v8_0_13.dist_mem_gen_v8_0_13(C_FAMILY="a...
Compiling module xil_defaultlib.DS_DRAM
Compiling module xil_defaultlib.MEMWB
Compiling module xil_defaultlib.CPU
Compiling module xil_defaultlib.sim_cpu
Compiling module xil_defaultlib.glbl
Built simulation snapshot sim_cpu_behav
INFO: [USF-XSim-69] 'elaborate' step finished in '5' seconds
INFO: [USF-XSim-4] XSim::Simulate design
WARNING: [USF-XSim-17] WCFG file does not exist:D:/Xilinx/Vivado/projects-ps/JMP_Predict_CPU/sim_cpu_behav.wcfg
WARNING: [USF-XSim-17] WCFG file does not exist:D:/Xilinx/Vivado/projects-ps/JMP_Predict_CPU/sim_cpu_behav.wcfg
INFO: [USF-XSim-61] Executing 'SIMULATE' step in 'D:/Xilinx/Vivado/projects-ps/JMP_Predict_CPU/JMP_Predict_CPU.sim/sim_1/behav/xsim'
INFO: [USF-XSim-98] *** Running xsim
   with args "sim_cpu_behav -key {Behavioral:sim_1:Functional:sim_cpu} -tclbatch {sim_cpu.tcl} -log {simulate.log}"
INFO: [USF-XSim-8] Loading simulator feature
Time resolution is 1 ps
source sim_cpu.tcl
# set curr_wave [current_wave_config]
# if { [string length $curr_wave] == 0 } {
#   if { [llength [get_objects]] > 0} {
#     add_wave /
#     set_property needs_save false [current_wave_config]
#   } else {
#      send_msg_id Add_Wave-1 WARNING "No top level signals found. Simulator will start without a wave window. If you want to open a wave window go to 'File->New Waveform Configuration' or type 'create_wave_config' in the TCL console."
#   }
# }
# log_wave -r /
# run 36000ns
WARNING: This core is supplied with a behavioral model. To model cycle-accurate behavior you must run timing simulation.
WARNING: This core is supplied with a behavioral model. To model cycle-accurate behavior you must run timing simulation.
WARNING in sim_cpu.CPU_0.CS_0.inst at time              1545000 ns: 
Reading from out-of-range address. Max address in sim_cpu.CPU_0.CS_0.inst is        1023
INFO: [USF-XSim-96] XSim completed. Design snapshot 'sim_cpu_behav' loaded.
INFO: [USF-XSim-97] XSim simulation ran for 36000ns
launch_simulation: Time (s): cpu = 00:00:03 ; elapsed = 00:00:08 . Memory (MB): peak = 2683.152 ; gain = 0.000
set_property -name {xsim.simulate.runtime} -value {1650ns} -objects [get_filesets sim_1]
close_sim
INFO: [Simtcl 6-16] Simulation closed
launch_simulation
Command: launch_simulation 
INFO: [Vivado 12-12493] Simulation top is 'sim_cpu'
WARNING: [Vivado 12-13340] Unable to auto find GCC executables from simulator install path! (path not set)
WARNING: [Vivado 12-13277] Compiled library path does not exist: ''
INFO: [Vivado 12-5698] Checking validity of IPs in the design for the 'XSim' simulator...
INFO: [Runs 36-567] Checking/generating simulation output products for IPs/BDs (if any)...
INFO: [Vivado 12-5682] Launching behavioral simulation in 'D:/Xilinx/Vivado/projects-ps/JMP_Predict_CPU/JMP_Predict_CPU.sim/sim_1/behav/xsim'
INFO: [Vivado 12-4795] Using compiled simulation libraries for IPs
INFO: [SIM-utils-51] Simulation object is 'sim_1'
INFO: [SIM-utils-72] Using boost library from 'D:/Xilinx/Vivado/2022.1/tps/boost_1_72_0'
INFO: [USF-XSim-7] Finding pre-compiled libraries...
INFO: [USF-XSim-11] File 'D:/Xilinx/Vivado/2022.1/data/xsim/xsim.ini' copied to run dir:'D:/Xilinx/Vivado/projects-ps/JMP_Predict_CPU/JMP_Predict_CPU.sim/sim_1/behav/xsim'
INFO: [SIM-utils-54] Inspecting design source files for 'sim_cpu' in fileset 'sim_1'...
INFO: [SIM-utils-43] Exported 'D:/Xilinx/Vivado/projects-ps/JMP_Predict_CPU/JMP_Predict_CPU.sim/sim_1/behav/xsim/CS_DRAM.mif'
INFO: [SIM-utils-43] Exported 'D:/Xilinx/Vivado/projects-ps/JMP_Predict_CPU/JMP_Predict_CPU.sim/sim_1/behav/xsim/benchmark2.coe'
INFO: [SIM-utils-43] Exported 'D:/Xilinx/Vivado/projects-ps/JMP_Predict_CPU/JMP_Predict_CPU.sim/sim_1/behav/xsim/benchmark.coe'
INFO: [SIM-utils-43] Exported 'D:/Xilinx/Vivado/projects-ps/JMP_Predict_CPU/JMP_Predict_CPU.sim/sim_1/behav/xsim/benchmark1.coe'
INFO: [SIM-utils-43] Exported 'D:/Xilinx/Vivado/projects-ps/JMP_Predict_CPU/JMP_Predict_CPU.sim/sim_1/behav/xsim/28_ins_test.coe'
INFO: [SIM-utils-43] Exported 'D:/Xilinx/Vivado/projects-ps/JMP_Predict_CPU/JMP_Predict_CPU.sim/sim_1/behav/xsim/jump.coe'
INFO: [SIM-utils-43] Exported 'D:/Xilinx/Vivado/projects-ps/JMP_Predict_CPU/JMP_Predict_CPU.sim/sim_1/behav/xsim/jump_test.coe'
INFO: [USF-XSim-97] Finding global include files...
INFO: [USF-XSim-98] Fetching design files from 'sim_1'...
INFO: [USF-XSim-2] XSim::Compile design
INFO: [USF-XSim-61] Executing 'COMPILE and ANALYZE' step in 'D:/Xilinx/Vivado/projects-ps/JMP_Predict_CPU/JMP_Predict_CPU.sim/sim_1/behav/xsim'
"xvlog --incr --relax -prj sim_cpu_vlog.prj"
INFO: [USF-XSim-69] 'compile' step finished in '1' seconds
INFO: [USF-XSim-3] XSim::Elaborate design
INFO: [USF-XSim-61] Executing 'ELABORATE' step in 'D:/Xilinx/Vivado/projects-ps/JMP_Predict_CPU/JMP_Predict_CPU.sim/sim_1/behav/xsim'
"xelab --incr --debug typical --relax --mt 2 -L xil_defaultlib -L dist_mem_gen_v8_0_13 -L unisims_ver -L unimacro_ver -L secureip -L xpm --snapshot sim_cpu_behav xil_defaultlib.sim_cpu xil_defaultlib.glbl -log elaborate.log"
Vivado Simulator v2022.1
Copyright 1986-1999, 2001-2022 Xilinx, Inc. All Rights Reserved.
Running: D:/Xilinx/Vivado/2022.1/bin/unwrapped/win64.o/xelab.exe --incr --debug typical --relax --mt 2 -L xil_defaultlib -L dist_mem_gen_v8_0_13 -L unisims_ver -L unimacro_ver -L secureip -L xpm --snapshot sim_cpu_behav xil_defaultlib.sim_cpu xil_defaultlib.glbl -log elaborate.log 
Using 2 slave threads.
Starting static elaboration
Pass Through NonSizing Optimizer
WARNING: [VRFC 10-5021] port 'go' is not connected on this instance [D:/Xilinx/Vivado/projects-ps/JMP_Predict_CPU/JMP_Predict_CPU.srcs/sim_1/new/sim_cpu.v:7]
Completed static elaboration
INFO: [XSIM 43-4323] No Change in HDL. Linking previously generated obj files to create kernel
INFO: [USF-XSim-69] 'elaborate' step finished in '2' seconds
INFO: [USF-XSim-4] XSim::Simulate design
WARNING: [USF-XSim-17] WCFG file does not exist:D:/Xilinx/Vivado/projects-ps/JMP_Predict_CPU/sim_cpu_behav.wcfg
WARNING: [USF-XSim-17] WCFG file does not exist:D:/Xilinx/Vivado/projects-ps/JMP_Predict_CPU/sim_cpu_behav.wcfg
INFO: [USF-XSim-61] Executing 'SIMULATE' step in 'D:/Xilinx/Vivado/projects-ps/JMP_Predict_CPU/JMP_Predict_CPU.sim/sim_1/behav/xsim'
INFO: [USF-XSim-98] *** Running xsim
   with args "sim_cpu_behav -key {Behavioral:sim_1:Functional:sim_cpu} -tclbatch {sim_cpu.tcl} -log {simulate.log}"
INFO: [USF-XSim-8] Loading simulator feature
Time resolution is 1 ps
source sim_cpu.tcl
# set curr_wave [current_wave_config]
# if { [string length $curr_wave] == 0 } {
#   if { [llength [get_objects]] > 0} {
#     add_wave /
#     set_property needs_save false [current_wave_config]
#   } else {
#      send_msg_id Add_Wave-1 WARNING "No top level signals found. Simulator will start without a wave window. If you want to open a wave window go to 'File->New Waveform Configuration' or type 'create_wave_config' in the TCL console."
#   }
# }
# log_wave -r /
# run 1650ns
WARNING: This core is supplied with a behavioral model. To model cycle-accurate behavior you must run timing simulation.
WARNING: This core is supplied with a behavioral model. To model cycle-accurate behavior you must run timing simulation.
WARNING in sim_cpu.CPU_0.CS_0.inst at time              1545000 ns: 
Reading from out-of-range address. Max address in sim_cpu.CPU_0.CS_0.inst is        1023
INFO: [USF-XSim-96] XSim completed. Design snapshot 'sim_cpu_behav' loaded.
INFO: [USF-XSim-97] XSim simulation ran for 1650ns
set_property -name {xsim.simulate.runtime} -value {1540ns} -objects [get_filesets sim_1]
close_sim
INFO: [Simtcl 6-16] Simulation closed
launch_simulation
Command: launch_simulation 
INFO: [Vivado 12-12493] Simulation top is 'sim_cpu'
WARNING: [Vivado 12-13340] Unable to auto find GCC executables from simulator install path! (path not set)
WARNING: [Vivado 12-13277] Compiled library path does not exist: ''
INFO: [Vivado 12-5698] Checking validity of IPs in the design for the 'XSim' simulator...
INFO: [Runs 36-567] Checking/generating simulation output products for IPs/BDs (if any)...
INFO: [Vivado 12-5682] Launching behavioral simulation in 'D:/Xilinx/Vivado/projects-ps/JMP_Predict_CPU/JMP_Predict_CPU.sim/sim_1/behav/xsim'
INFO: [Vivado 12-4795] Using compiled simulation libraries for IPs
INFO: [SIM-utils-51] Simulation object is 'sim_1'
INFO: [SIM-utils-72] Using boost library from 'D:/Xilinx/Vivado/2022.1/tps/boost_1_72_0'
INFO: [USF-XSim-7] Finding pre-compiled libraries...
INFO: [USF-XSim-11] File 'D:/Xilinx/Vivado/2022.1/data/xsim/xsim.ini' copied to run dir:'D:/Xilinx/Vivado/projects-ps/JMP_Predict_CPU/JMP_Predict_CPU.sim/sim_1/behav/xsim'
INFO: [SIM-utils-54] Inspecting design source files for 'sim_cpu' in fileset 'sim_1'...
INFO: [SIM-utils-43] Exported 'D:/Xilinx/Vivado/projects-ps/JMP_Predict_CPU/JMP_Predict_CPU.sim/sim_1/behav/xsim/CS_DRAM.mif'
INFO: [SIM-utils-43] Exported 'D:/Xilinx/Vivado/projects-ps/JMP_Predict_CPU/JMP_Predict_CPU.sim/sim_1/behav/xsim/benchmark2.coe'
INFO: [SIM-utils-43] Exported 'D:/Xilinx/Vivado/projects-ps/JMP_Predict_CPU/JMP_Predict_CPU.sim/sim_1/behav/xsim/benchmark.coe'
INFO: [SIM-utils-43] Exported 'D:/Xilinx/Vivado/projects-ps/JMP_Predict_CPU/JMP_Predict_CPU.sim/sim_1/behav/xsim/benchmark1.coe'
INFO: [SIM-utils-43] Exported 'D:/Xilinx/Vivado/projects-ps/JMP_Predict_CPU/JMP_Predict_CPU.sim/sim_1/behav/xsim/28_ins_test.coe'
INFO: [SIM-utils-43] Exported 'D:/Xilinx/Vivado/projects-ps/JMP_Predict_CPU/JMP_Predict_CPU.sim/sim_1/behav/xsim/jump.coe'
INFO: [SIM-utils-43] Exported 'D:/Xilinx/Vivado/projects-ps/JMP_Predict_CPU/JMP_Predict_CPU.sim/sim_1/behav/xsim/jump_test.coe'
INFO: [USF-XSim-97] Finding global include files...
INFO: [USF-XSim-98] Fetching design files from 'sim_1'...
INFO: [USF-XSim-2] XSim::Compile design
INFO: [USF-XSim-61] Executing 'COMPILE and ANALYZE' step in 'D:/Xilinx/Vivado/projects-ps/JMP_Predict_CPU/JMP_Predict_CPU.sim/sim_1/behav/xsim'
"xvlog --incr --relax -prj sim_cpu_vlog.prj"
INFO: [USF-XSim-69] 'compile' step finished in '1' seconds
INFO: [USF-XSim-3] XSim::Elaborate design
INFO: [USF-XSim-61] Executing 'ELABORATE' step in 'D:/Xilinx/Vivado/projects-ps/JMP_Predict_CPU/JMP_Predict_CPU.sim/sim_1/behav/xsim'
"xelab --incr --debug typical --relax --mt 2 -L xil_defaultlib -L dist_mem_gen_v8_0_13 -L unisims_ver -L unimacro_ver -L secureip -L xpm --snapshot sim_cpu_behav xil_defaultlib.sim_cpu xil_defaultlib.glbl -log elaborate.log"
Vivado Simulator v2022.1
Copyright 1986-1999, 2001-2022 Xilinx, Inc. All Rights Reserved.
Running: D:/Xilinx/Vivado/2022.1/bin/unwrapped/win64.o/xelab.exe --incr --debug typical --relax --mt 2 -L xil_defaultlib -L dist_mem_gen_v8_0_13 -L unisims_ver -L unimacro_ver -L secureip -L xpm --snapshot sim_cpu_behav xil_defaultlib.sim_cpu xil_defaultlib.glbl -log elaborate.log 
Using 2 slave threads.
Starting static elaboration
Pass Through NonSizing Optimizer
WARNING: [VRFC 10-5021] port 'go' is not connected on this instance [D:/Xilinx/Vivado/projects-ps/JMP_Predict_CPU/JMP_Predict_CPU.srcs/sim_1/new/sim_cpu.v:7]
Completed static elaboration
INFO: [XSIM 43-4323] No Change in HDL. Linking previously generated obj files to create kernel
INFO: [USF-XSim-69] 'elaborate' step finished in '2' seconds
INFO: [USF-XSim-4] XSim::Simulate design
WARNING: [USF-XSim-17] WCFG file does not exist:D:/Xilinx/Vivado/projects-ps/JMP_Predict_CPU/sim_cpu_behav.wcfg
WARNING: [USF-XSim-17] WCFG file does not exist:D:/Xilinx/Vivado/projects-ps/JMP_Predict_CPU/sim_cpu_behav.wcfg
INFO: [USF-XSim-61] Executing 'SIMULATE' step in 'D:/Xilinx/Vivado/projects-ps/JMP_Predict_CPU/JMP_Predict_CPU.sim/sim_1/behav/xsim'
INFO: [USF-XSim-98] *** Running xsim
   with args "sim_cpu_behav -key {Behavioral:sim_1:Functional:sim_cpu} -tclbatch {sim_cpu.tcl} -log {simulate.log}"
INFO: [USF-XSim-8] Loading simulator feature
Time resolution is 1 ps
source sim_cpu.tcl
# set curr_wave [current_wave_config]
# if { [string length $curr_wave] == 0 } {
#   if { [llength [get_objects]] > 0} {
#     add_wave /
#     set_property needs_save false [current_wave_config]
#   } else {
#      send_msg_id Add_Wave-1 WARNING "No top level signals found. Simulator will start without a wave window. If you want to open a wave window go to 'File->New Waveform Configuration' or type 'create_wave_config' in the TCL console."
#   }
# }
# log_wave -r /
# run 1540ns
WARNING: This core is supplied with a behavioral model. To model cycle-accurate behavior you must run timing simulation.
WARNING: This core is supplied with a behavioral model. To model cycle-accurate behavior you must run timing simulation.
INFO: [USF-XSim-96] XSim completed. Design snapshot 'sim_cpu_behav' loaded.
INFO: [USF-XSim-97] XSim simulation ran for 1540ns
close_sim
INFO: [Simtcl 6-16] Simulation closed
launch_simulation
Command: launch_simulation 
INFO: [Vivado 12-12493] Simulation top is 'sim_cpu'
WARNING: [Vivado 12-13340] Unable to auto find GCC executables from simulator install path! (path not set)
WARNING: [Vivado 12-13277] Compiled library path does not exist: ''
INFO: [Vivado 12-5698] Checking validity of IPs in the design for the 'XSim' simulator...
INFO: [Runs 36-567] Checking/generating simulation output products for IPs/BDs (if any)...
INFO: [Vivado 12-5682] Launching behavioral simulation in 'D:/Xilinx/Vivado/projects-ps/JMP_Predict_CPU/JMP_Predict_CPU.sim/sim_1/behav/xsim'
INFO: [Vivado 12-4795] Using compiled simulation libraries for IPs
INFO: [SIM-utils-51] Simulation object is 'sim_1'
INFO: [SIM-utils-72] Using boost library from 'D:/Xilinx/Vivado/2022.1/tps/boost_1_72_0'
INFO: [USF-XSim-7] Finding pre-compiled libraries...
INFO: [USF-XSim-11] File 'D:/Xilinx/Vivado/2022.1/data/xsim/xsim.ini' copied to run dir:'D:/Xilinx/Vivado/projects-ps/JMP_Predict_CPU/JMP_Predict_CPU.sim/sim_1/behav/xsim'
INFO: [SIM-utils-54] Inspecting design source files for 'sim_cpu' in fileset 'sim_1'...
INFO: [SIM-utils-43] Exported 'D:/Xilinx/Vivado/projects-ps/JMP_Predict_CPU/JMP_Predict_CPU.sim/sim_1/behav/xsim/CS_DRAM.mif'
INFO: [SIM-utils-43] Exported 'D:/Xilinx/Vivado/projects-ps/JMP_Predict_CPU/JMP_Predict_CPU.sim/sim_1/behav/xsim/benchmark2.coe'
INFO: [SIM-utils-43] Exported 'D:/Xilinx/Vivado/projects-ps/JMP_Predict_CPU/JMP_Predict_CPU.sim/sim_1/behav/xsim/benchmark.coe'
INFO: [SIM-utils-43] Exported 'D:/Xilinx/Vivado/projects-ps/JMP_Predict_CPU/JMP_Predict_CPU.sim/sim_1/behav/xsim/benchmark1.coe'
INFO: [SIM-utils-43] Exported 'D:/Xilinx/Vivado/projects-ps/JMP_Predict_CPU/JMP_Predict_CPU.sim/sim_1/behav/xsim/28_ins_test.coe'
INFO: [SIM-utils-43] Exported 'D:/Xilinx/Vivado/projects-ps/JMP_Predict_CPU/JMP_Predict_CPU.sim/sim_1/behav/xsim/jump.coe'
INFO: [SIM-utils-43] Exported 'D:/Xilinx/Vivado/projects-ps/JMP_Predict_CPU/JMP_Predict_CPU.sim/sim_1/behav/xsim/jump_test.coe'
INFO: [USF-XSim-97] Finding global include files...
INFO: [USF-XSim-98] Fetching design files from 'sim_1'...
INFO: [USF-XSim-2] XSim::Compile design
INFO: [USF-XSim-61] Executing 'COMPILE and ANALYZE' step in 'D:/Xilinx/Vivado/projects-ps/JMP_Predict_CPU/JMP_Predict_CPU.sim/sim_1/behav/xsim'
"xvlog --incr --relax -prj sim_cpu_vlog.prj"
INFO: [VRFC 10-2263] Analyzing Verilog file "D:/Xilinx/Vivado/projects-ps/JMP_Predict_CPU/JMP_Predict_CPU.gen/sources_1/ip/DS_DRAM/sim/DS_DRAM.v" into library xil_defaultlib
INFO: [VRFC 10-311] analyzing module DS_DRAM
INFO: [VRFC 10-2263] Analyzing Verilog file "D:/Xilinx/Vivado/projects-ps/JMP_Predict_CPU/JMP_Predict_CPU.gen/sources_1/ip/CS_DRAM/sim/CS_DRAM.v" into library xil_defaultlib
INFO: [VRFC 10-311] analyzing module CS_DRAM
INFO: [VRFC 10-2263] Analyzing Verilog file "D:/Xilinx/Vivado/projects-ps/JMP_Predict_CPU/JMP_Predict_CPU.srcs/sources_1/new/ALU.v" into library xil_defaultlib
INFO: [VRFC 10-311] analyzing module ALU
INFO: [VRFC 10-2263] Analyzing Verilog file "D:/Xilinx/Vivado/projects-ps/JMP_Predict_CPU/JMP_Predict_CPU.srcs/sources_1/new/BPB.v" into library xil_defaultlib
INFO: [VRFC 10-311] analyzing module BPB
INFO: [VRFC 10-2263] Analyzing Verilog file "D:/Xilinx/Vivado/projects-ps/JMP_Predict_CPU/JMP_Predict_CPU.srcs/sources_1/new/BubleDel.v" into library xil_defaultlib
INFO: [VRFC 10-311] analyzing module BubleDel
INFO: [VRFC 10-2263] Analyzing Verilog file "D:/Xilinx/Vivado/projects-ps/JMP_Predict_CPU/JMP_Predict_CPU.srcs/sources_1/new/CPU.v" into library xil_defaultlib
INFO: [VRFC 10-311] analyzing module CPU
WARNING: [VRFC 10-3248] data object 'Branch' is already declared [D:/Xilinx/Vivado/projects-ps/JMP_Predict_CPU/JMP_Predict_CPU.srcs/sources_1/new/CPU.v:52]
WARNING: [VRFC 10-9364] second declaration of 'Branch' is ignored [D:/Xilinx/Vivado/projects-ps/JMP_Predict_CPU/JMP_Predict_CPU.srcs/sources_1/new/CPU.v:52]
WARNING: [VRFC 10-3380] identifier 'actual_branchtaken' is used before its declaration [D:/Xilinx/Vivado/projects-ps/JMP_Predict_CPU/JMP_Predict_CPU.srcs/sources_1/new/CPU.v:36]
WARNING: [VRFC 10-3380] identifier 'PredictJump' is used before its declaration [D:/Xilinx/Vivado/projects-ps/JMP_Predict_CPU/JMP_Predict_CPU.srcs/sources_1/new/CPU.v:37]
WARNING: [VRFC 10-3380] identifier 'PredictJump_EX' is used before its declaration [D:/Xilinx/Vivado/projects-ps/JMP_Predict_CPU/JMP_Predict_CPU.srcs/sources_1/new/CPU.v:38]
WARNING: [VRFC 10-3380] identifier 'ALU_SRCA' is used before its declaration [D:/Xilinx/Vivado/projects-ps/JMP_Predict_CPU/JMP_Predict_CPU.srcs/sources_1/new/CPU.v:56]
INFO: [VRFC 10-2263] Analyzing Verilog file "D:/Xilinx/Vivado/projects-ps/JMP_Predict_CPU/JMP_Predict_CPU.srcs/sources_1/new/CU.v" into library xil_defaultlib
INFO: [VRFC 10-311] analyzing module CU
INFO: [VRFC 10-2263] Analyzing Verilog file "D:/Xilinx/Vivado/projects-ps/JMP_Predict_CPU/JMP_Predict_CPU.srcs/sources_1/new/EXMEM.v" into library xil_defaultlib
INFO: [VRFC 10-311] analyzing module EXMEM
INFO: [VRFC 10-2263] Analyzing Verilog file "D:/Xilinx/Vivado/projects-ps/JMP_Predict_CPU/JMP_Predict_CPU.srcs/sources_1/new/IDEX.v" into library xil_defaultlib
INFO: [VRFC 10-311] analyzing module IDEX
INFO: [VRFC 10-2263] Analyzing Verilog file "D:/Xilinx/Vivado/projects-ps/JMP_Predict_CPU/JMP_Predict_CPU.srcs/sources_1/new/IFID.v" into library xil_defaultlib
INFO: [VRFC 10-311] analyzing module IFID
INFO: [VRFC 10-2263] Analyzing Verilog file "D:/Xilinx/Vivado/projects-ps/JMP_Predict_CPU/JMP_Predict_CPU.srcs/sources_1/new/MEMWB.v" into library xil_defaultlib
INFO: [VRFC 10-311] analyzing module MEMWB
INFO: [VRFC 10-2263] Analyzing Verilog file "D:/Xilinx/Vivado/projects-ps/JMP_Predict_CPU/JMP_Predict_CPU.srcs/sources_1/new/PC.v" into library xil_defaultlib
INFO: [VRFC 10-311] analyzing module PC
INFO: [VRFC 10-2263] Analyzing Verilog file "D:/Xilinx/Vivado/projects-ps/JMP_Predict_CPU/JMP_Predict_CPU.srcs/sources_1/new/RegFile.v" into library xil_defaultlib
INFO: [VRFC 10-311] analyzing module RegFile
INFO: [VRFC 10-2263] Analyzing Verilog file "D:/Xilinx/Vivado/projects-ps/JMP_Predict_CPU/JMP_Predict_CPU.srcs/sim_1/new/sim_cpu.v" into library xil_defaultlib
INFO: [VRFC 10-311] analyzing module sim_cpu
INFO: [USF-XSim-69] 'compile' step finished in '1' seconds
INFO: [USF-XSim-3] XSim::Elaborate design
INFO: [USF-XSim-61] Executing 'ELABORATE' step in 'D:/Xilinx/Vivado/projects-ps/JMP_Predict_CPU/JMP_Predict_CPU.sim/sim_1/behav/xsim'
"xelab --incr --debug typical --relax --mt 2 -L xil_defaultlib -L dist_mem_gen_v8_0_13 -L unisims_ver -L unimacro_ver -L secureip -L xpm --snapshot sim_cpu_behav xil_defaultlib.sim_cpu xil_defaultlib.glbl -log elaborate.log"
Vivado Simulator v2022.1
Copyright 1986-1999, 2001-2022 Xilinx, Inc. All Rights Reserved.
Running: D:/Xilinx/Vivado/2022.1/bin/unwrapped/win64.o/xelab.exe --incr --debug typical --relax --mt 2 -L xil_defaultlib -L dist_mem_gen_v8_0_13 -L unisims_ver -L unimacro_ver -L secureip -L xpm --snapshot sim_cpu_behav xil_defaultlib.sim_cpu xil_defaultlib.glbl -log elaborate.log 
Using 2 slave threads.
Starting static elaboration
Pass Through NonSizing Optimizer
WARNING: [VRFC 10-5021] port 'go' is not connected on this instance [D:/Xilinx/Vivado/projects-ps/JMP_Predict_CPU/JMP_Predict_CPU.srcs/sim_1/new/sim_cpu.v:7]
Completed static elaboration
Starting simulation data flow analysis
Completed simulation data flow analysis
Time Resolution for simulation is 1ps
Compiling module xil_defaultlib.PC
Compiling module xil_defaultlib.BPB_default
Compiling module dist_mem_gen_v8_0_13.dist_mem_gen_v8_0_13(C_FAMILY="a...
Compiling module xil_defaultlib.CS_DRAM
Compiling module xil_defaultlib.IFID
Compiling module xil_defaultlib.BubleDel
Compiling module xil_defaultlib.CU
Compiling module xil_defaultlib.RegFile
Compiling module xil_defaultlib.IDEX
Compiling module xil_defaultlib.ALU
Compiling module xil_defaultlib.EXMEM
Compiling module dist_mem_gen_v8_0_13.dist_mem_gen_v8_0_13(C_FAMILY="a...
Compiling module xil_defaultlib.DS_DRAM
Compiling module xil_defaultlib.MEMWB
Compiling module xil_defaultlib.CPU
Compiling module xil_defaultlib.sim_cpu
Compiling module xil_defaultlib.glbl
Built simulation snapshot sim_cpu_behav
INFO: [USF-XSim-69] 'elaborate' step finished in '5' seconds
INFO: [USF-XSim-4] XSim::Simulate design
WARNING: [USF-XSim-17] WCFG file does not exist:D:/Xilinx/Vivado/projects-ps/JMP_Predict_CPU/sim_cpu_behav.wcfg
WARNING: [USF-XSim-17] WCFG file does not exist:D:/Xilinx/Vivado/projects-ps/JMP_Predict_CPU/sim_cpu_behav.wcfg
INFO: [USF-XSim-61] Executing 'SIMULATE' step in 'D:/Xilinx/Vivado/projects-ps/JMP_Predict_CPU/JMP_Predict_CPU.sim/sim_1/behav/xsim'
INFO: [USF-XSim-98] *** Running xsim
   with args "sim_cpu_behav -key {Behavioral:sim_1:Functional:sim_cpu} -tclbatch {sim_cpu.tcl} -log {simulate.log}"
INFO: [USF-XSim-8] Loading simulator feature
Time resolution is 1 ps
source sim_cpu.tcl
# set curr_wave [current_wave_config]
# if { [string length $curr_wave] == 0 } {
#   if { [llength [get_objects]] > 0} {
#     add_wave /
#     set_property needs_save false [current_wave_config]
#   } else {
#      send_msg_id Add_Wave-1 WARNING "No top level signals found. Simulator will start without a wave window. If you want to open a wave window go to 'File->New Waveform Configuration' or type 'create_wave_config' in the TCL console."
#   }
# }
# log_wave -r /
# run 1540ns
WARNING: This core is supplied with a behavioral model. To model cycle-accurate behavior you must run timing simulation.
WARNING: This core is supplied with a behavioral model. To model cycle-accurate behavior you must run timing simulation.
WARNING in sim_cpu.CPU_0.CS_0.inst at time                35000 ns: 
Reading from out-of-range address. Max address in sim_cpu.CPU_0.CS_0.inst is        1023
INFO: [USF-XSim-96] XSim completed. Design snapshot 'sim_cpu_behav' loaded.
INFO: [USF-XSim-97] XSim simulation ran for 1540ns
launch_simulation: Time (s): cpu = 00:00:02 ; elapsed = 00:00:09 . Memory (MB): peak = 2707.449 ; gain = 0.000
close_sim
INFO: [Simtcl 6-16] Simulation closed
launch_simulation
Command: launch_simulation 
INFO: [Vivado 12-12493] Simulation top is 'sim_cpu'
WARNING: [Vivado 12-13340] Unable to auto find GCC executables from simulator install path! (path not set)
WARNING: [Vivado 12-13277] Compiled library path does not exist: ''
INFO: [Vivado 12-5698] Checking validity of IPs in the design for the 'XSim' simulator...
INFO: [Runs 36-567] Checking/generating simulation output products for IPs/BDs (if any)...
INFO: [Vivado 12-5682] Launching behavioral simulation in 'D:/Xilinx/Vivado/projects-ps/JMP_Predict_CPU/JMP_Predict_CPU.sim/sim_1/behav/xsim'
INFO: [Vivado 12-4795] Using compiled simulation libraries for IPs
INFO: [SIM-utils-51] Simulation object is 'sim_1'
INFO: [SIM-utils-72] Using boost library from 'D:/Xilinx/Vivado/2022.1/tps/boost_1_72_0'
INFO: [USF-XSim-7] Finding pre-compiled libraries...
INFO: [USF-XSim-11] File 'D:/Xilinx/Vivado/2022.1/data/xsim/xsim.ini' copied to run dir:'D:/Xilinx/Vivado/projects-ps/JMP_Predict_CPU/JMP_Predict_CPU.sim/sim_1/behav/xsim'
INFO: [SIM-utils-54] Inspecting design source files for 'sim_cpu' in fileset 'sim_1'...
INFO: [SIM-utils-43] Exported 'D:/Xilinx/Vivado/projects-ps/JMP_Predict_CPU/JMP_Predict_CPU.sim/sim_1/behav/xsim/CS_DRAM.mif'
INFO: [SIM-utils-43] Exported 'D:/Xilinx/Vivado/projects-ps/JMP_Predict_CPU/JMP_Predict_CPU.sim/sim_1/behav/xsim/benchmark2.coe'
INFO: [SIM-utils-43] Exported 'D:/Xilinx/Vivado/projects-ps/JMP_Predict_CPU/JMP_Predict_CPU.sim/sim_1/behav/xsim/benchmark.coe'
INFO: [SIM-utils-43] Exported 'D:/Xilinx/Vivado/projects-ps/JMP_Predict_CPU/JMP_Predict_CPU.sim/sim_1/behav/xsim/benchmark1.coe'
INFO: [SIM-utils-43] Exported 'D:/Xilinx/Vivado/projects-ps/JMP_Predict_CPU/JMP_Predict_CPU.sim/sim_1/behav/xsim/28_ins_test.coe'
INFO: [SIM-utils-43] Exported 'D:/Xilinx/Vivado/projects-ps/JMP_Predict_CPU/JMP_Predict_CPU.sim/sim_1/behav/xsim/jump.coe'
INFO: [SIM-utils-43] Exported 'D:/Xilinx/Vivado/projects-ps/JMP_Predict_CPU/JMP_Predict_CPU.sim/sim_1/behav/xsim/jump_test.coe'
INFO: [USF-XSim-97] Finding global include files...
INFO: [USF-XSim-98] Fetching design files from 'sim_1'...
INFO: [USF-XSim-2] XSim::Compile design
INFO: [USF-XSim-61] Executing 'COMPILE and ANALYZE' step in 'D:/Xilinx/Vivado/projects-ps/JMP_Predict_CPU/JMP_Predict_CPU.sim/sim_1/behav/xsim'
"xvlog --incr --relax -prj sim_cpu_vlog.prj"
INFO: [VRFC 10-2263] Analyzing Verilog file "D:/Xilinx/Vivado/projects-ps/JMP_Predict_CPU/JMP_Predict_CPU.gen/sources_1/ip/DS_DRAM/sim/DS_DRAM.v" into library xil_defaultlib
INFO: [VRFC 10-311] analyzing module DS_DRAM
INFO: [VRFC 10-2263] Analyzing Verilog file "D:/Xilinx/Vivado/projects-ps/JMP_Predict_CPU/JMP_Predict_CPU.gen/sources_1/ip/CS_DRAM/sim/CS_DRAM.v" into library xil_defaultlib
INFO: [VRFC 10-311] analyzing module CS_DRAM
INFO: [VRFC 10-2263] Analyzing Verilog file "D:/Xilinx/Vivado/projects-ps/JMP_Predict_CPU/JMP_Predict_CPU.srcs/sources_1/new/ALU.v" into library xil_defaultlib
INFO: [VRFC 10-311] analyzing module ALU
INFO: [VRFC 10-2263] Analyzing Verilog file "D:/Xilinx/Vivado/projects-ps/JMP_Predict_CPU/JMP_Predict_CPU.srcs/sources_1/new/BPB.v" into library xil_defaultlib
INFO: [VRFC 10-311] analyzing module BPB
INFO: [VRFC 10-2263] Analyzing Verilog file "D:/Xilinx/Vivado/projects-ps/JMP_Predict_CPU/JMP_Predict_CPU.srcs/sources_1/new/BubleDel.v" into library xil_defaultlib
INFO: [VRFC 10-311] analyzing module BubleDel
INFO: [VRFC 10-2263] Analyzing Verilog file "D:/Xilinx/Vivado/projects-ps/JMP_Predict_CPU/JMP_Predict_CPU.srcs/sources_1/new/CPU.v" into library xil_defaultlib
INFO: [VRFC 10-311] analyzing module CPU
WARNING: [VRFC 10-3248] data object 'Branch' is already declared [D:/Xilinx/Vivado/projects-ps/JMP_Predict_CPU/JMP_Predict_CPU.srcs/sources_1/new/CPU.v:52]
WARNING: [VRFC 10-9364] second declaration of 'Branch' is ignored [D:/Xilinx/Vivado/projects-ps/JMP_Predict_CPU/JMP_Predict_CPU.srcs/sources_1/new/CPU.v:52]
WARNING: [VRFC 10-3380] identifier 'actual_branchtaken' is used before its declaration [D:/Xilinx/Vivado/projects-ps/JMP_Predict_CPU/JMP_Predict_CPU.srcs/sources_1/new/CPU.v:36]
WARNING: [VRFC 10-3380] identifier 'PredictJump' is used before its declaration [D:/Xilinx/Vivado/projects-ps/JMP_Predict_CPU/JMP_Predict_CPU.srcs/sources_1/new/CPU.v:37]
WARNING: [VRFC 10-3380] identifier 'PredictJump_EX' is used before its declaration [D:/Xilinx/Vivado/projects-ps/JMP_Predict_CPU/JMP_Predict_CPU.srcs/sources_1/new/CPU.v:38]
WARNING: [VRFC 10-3380] identifier 'ALU_SRCA' is used before its declaration [D:/Xilinx/Vivado/projects-ps/JMP_Predict_CPU/JMP_Predict_CPU.srcs/sources_1/new/CPU.v:56]
INFO: [VRFC 10-2263] Analyzing Verilog file "D:/Xilinx/Vivado/projects-ps/JMP_Predict_CPU/JMP_Predict_CPU.srcs/sources_1/new/CU.v" into library xil_defaultlib
INFO: [VRFC 10-311] analyzing module CU
INFO: [VRFC 10-2263] Analyzing Verilog file "D:/Xilinx/Vivado/projects-ps/JMP_Predict_CPU/JMP_Predict_CPU.srcs/sources_1/new/EXMEM.v" into library xil_defaultlib
INFO: [VRFC 10-311] analyzing module EXMEM
INFO: [VRFC 10-2263] Analyzing Verilog file "D:/Xilinx/Vivado/projects-ps/JMP_Predict_CPU/JMP_Predict_CPU.srcs/sources_1/new/IDEX.v" into library xil_defaultlib
INFO: [VRFC 10-311] analyzing module IDEX
INFO: [VRFC 10-2263] Analyzing Verilog file "D:/Xilinx/Vivado/projects-ps/JMP_Predict_CPU/JMP_Predict_CPU.srcs/sources_1/new/IFID.v" into library xil_defaultlib
INFO: [VRFC 10-311] analyzing module IFID
INFO: [VRFC 10-2263] Analyzing Verilog file "D:/Xilinx/Vivado/projects-ps/JMP_Predict_CPU/JMP_Predict_CPU.srcs/sources_1/new/MEMWB.v" into library xil_defaultlib
INFO: [VRFC 10-311] analyzing module MEMWB
INFO: [VRFC 10-2263] Analyzing Verilog file "D:/Xilinx/Vivado/projects-ps/JMP_Predict_CPU/JMP_Predict_CPU.srcs/sources_1/new/PC.v" into library xil_defaultlib
INFO: [VRFC 10-311] analyzing module PC
INFO: [VRFC 10-2263] Analyzing Verilog file "D:/Xilinx/Vivado/projects-ps/JMP_Predict_CPU/JMP_Predict_CPU.srcs/sources_1/new/RegFile.v" into library xil_defaultlib
INFO: [VRFC 10-311] analyzing module RegFile
INFO: [VRFC 10-2263] Analyzing Verilog file "D:/Xilinx/Vivado/projects-ps/JMP_Predict_CPU/JMP_Predict_CPU.srcs/sim_1/new/sim_cpu.v" into library xil_defaultlib
INFO: [VRFC 10-311] analyzing module sim_cpu
INFO: [USF-XSim-69] 'compile' step finished in '1' seconds
INFO: [USF-XSim-3] XSim::Elaborate design
INFO: [USF-XSim-61] Executing 'ELABORATE' step in 'D:/Xilinx/Vivado/projects-ps/JMP_Predict_CPU/JMP_Predict_CPU.sim/sim_1/behav/xsim'
"xelab --incr --debug typical --relax --mt 2 -L xil_defaultlib -L dist_mem_gen_v8_0_13 -L unisims_ver -L unimacro_ver -L secureip -L xpm --snapshot sim_cpu_behav xil_defaultlib.sim_cpu xil_defaultlib.glbl -log elaborate.log"
Vivado Simulator v2022.1
Copyright 1986-1999, 2001-2022 Xilinx, Inc. All Rights Reserved.
Running: D:/Xilinx/Vivado/2022.1/bin/unwrapped/win64.o/xelab.exe --incr --debug typical --relax --mt 2 -L xil_defaultlib -L dist_mem_gen_v8_0_13 -L unisims_ver -L unimacro_ver -L secureip -L xpm --snapshot sim_cpu_behav xil_defaultlib.sim_cpu xil_defaultlib.glbl -log elaborate.log 
Using 2 slave threads.
Starting static elaboration
Pass Through NonSizing Optimizer
WARNING: [VRFC 10-5021] port 'go' is not connected on this instance [D:/Xilinx/Vivado/projects-ps/JMP_Predict_CPU/JMP_Predict_CPU.srcs/sim_1/new/sim_cpu.v:7]
Completed static elaboration
Starting simulation data flow analysis
Completed simulation data flow analysis
Time Resolution for simulation is 1ps
Compiling module xil_defaultlib.PC
Compiling module xil_defaultlib.BPB_default
Compiling module dist_mem_gen_v8_0_13.dist_mem_gen_v8_0_13(C_FAMILY="a...
Compiling module xil_defaultlib.CS_DRAM
Compiling module xil_defaultlib.IFID
Compiling module xil_defaultlib.BubleDel
Compiling module xil_defaultlib.CU
Compiling module xil_defaultlib.RegFile
Compiling module xil_defaultlib.IDEX
Compiling module xil_defaultlib.ALU
Compiling module xil_defaultlib.EXMEM
Compiling module dist_mem_gen_v8_0_13.dist_mem_gen_v8_0_13(C_FAMILY="a...
Compiling module xil_defaultlib.DS_DRAM
Compiling module xil_defaultlib.MEMWB
Compiling module xil_defaultlib.CPU
Compiling module xil_defaultlib.sim_cpu
Compiling module xil_defaultlib.glbl
Built simulation snapshot sim_cpu_behav
INFO: [USF-XSim-69] 'elaborate' step finished in '5' seconds
INFO: [USF-XSim-4] XSim::Simulate design
WARNING: [USF-XSim-17] WCFG file does not exist:D:/Xilinx/Vivado/projects-ps/JMP_Predict_CPU/sim_cpu_behav.wcfg
WARNING: [USF-XSim-17] WCFG file does not exist:D:/Xilinx/Vivado/projects-ps/JMP_Predict_CPU/sim_cpu_behav.wcfg
INFO: [USF-XSim-61] Executing 'SIMULATE' step in 'D:/Xilinx/Vivado/projects-ps/JMP_Predict_CPU/JMP_Predict_CPU.sim/sim_1/behav/xsim'
INFO: [USF-XSim-98] *** Running xsim
   with args "sim_cpu_behav -key {Behavioral:sim_1:Functional:sim_cpu} -tclbatch {sim_cpu.tcl} -log {simulate.log}"
INFO: [USF-XSim-8] Loading simulator feature
Time resolution is 1 ps
source sim_cpu.tcl
# set curr_wave [current_wave_config]
# if { [string length $curr_wave] == 0 } {
#   if { [llength [get_objects]] > 0} {
#     add_wave /
#     set_property needs_save false [current_wave_config]
#   } else {
#      send_msg_id Add_Wave-1 WARNING "No top level signals found. Simulator will start without a wave window. If you want to open a wave window go to 'File->New Waveform Configuration' or type 'create_wave_config' in the TCL console."
#   }
# }
# log_wave -r /
# run 1540ns
WARNING: This core is supplied with a behavioral model. To model cycle-accurate behavior you must run timing simulation.
WARNING: This core is supplied with a behavioral model. To model cycle-accurate behavior you must run timing simulation.
INFO: [USF-XSim-96] XSim completed. Design snapshot 'sim_cpu_behav' loaded.
INFO: [USF-XSim-97] XSim simulation ran for 1540ns
launch_simulation: Time (s): cpu = 00:00:02 ; elapsed = 00:00:09 . Memory (MB): peak = 2707.449 ; gain = 0.000
close_sim
INFO: [Simtcl 6-16] Simulation closed
launch_simulation
Command: launch_simulation 
INFO: [Vivado 12-12493] Simulation top is 'sim_cpu'
WARNING: [Vivado 12-13340] Unable to auto find GCC executables from simulator install path! (path not set)
WARNING: [Vivado 12-13277] Compiled library path does not exist: ''
INFO: [Vivado 12-5698] Checking validity of IPs in the design for the 'XSim' simulator...
INFO: [Runs 36-567] Checking/generating simulation output products for IPs/BDs (if any)...
INFO: [Vivado 12-5682] Launching behavioral simulation in 'D:/Xilinx/Vivado/projects-ps/JMP_Predict_CPU/JMP_Predict_CPU.sim/sim_1/behav/xsim'
INFO: [Vivado 12-4795] Using compiled simulation libraries for IPs
INFO: [SIM-utils-51] Simulation object is 'sim_1'
INFO: [SIM-utils-72] Using boost library from 'D:/Xilinx/Vivado/2022.1/tps/boost_1_72_0'
INFO: [USF-XSim-7] Finding pre-compiled libraries...
INFO: [USF-XSim-11] File 'D:/Xilinx/Vivado/2022.1/data/xsim/xsim.ini' copied to run dir:'D:/Xilinx/Vivado/projects-ps/JMP_Predict_CPU/JMP_Predict_CPU.sim/sim_1/behav/xsim'
INFO: [SIM-utils-54] Inspecting design source files for 'sim_cpu' in fileset 'sim_1'...
INFO: [SIM-utils-43] Exported 'D:/Xilinx/Vivado/projects-ps/JMP_Predict_CPU/JMP_Predict_CPU.sim/sim_1/behav/xsim/CS_DRAM.mif'
INFO: [SIM-utils-43] Exported 'D:/Xilinx/Vivado/projects-ps/JMP_Predict_CPU/JMP_Predict_CPU.sim/sim_1/behav/xsim/benchmark2.coe'
INFO: [SIM-utils-43] Exported 'D:/Xilinx/Vivado/projects-ps/JMP_Predict_CPU/JMP_Predict_CPU.sim/sim_1/behav/xsim/benchmark.coe'
INFO: [SIM-utils-43] Exported 'D:/Xilinx/Vivado/projects-ps/JMP_Predict_CPU/JMP_Predict_CPU.sim/sim_1/behav/xsim/benchmark1.coe'
INFO: [SIM-utils-43] Exported 'D:/Xilinx/Vivado/projects-ps/JMP_Predict_CPU/JMP_Predict_CPU.sim/sim_1/behav/xsim/28_ins_test.coe'
INFO: [SIM-utils-43] Exported 'D:/Xilinx/Vivado/projects-ps/JMP_Predict_CPU/JMP_Predict_CPU.sim/sim_1/behav/xsim/jump.coe'
INFO: [SIM-utils-43] Exported 'D:/Xilinx/Vivado/projects-ps/JMP_Predict_CPU/JMP_Predict_CPU.sim/sim_1/behav/xsim/jump_test.coe'
INFO: [USF-XSim-97] Finding global include files...
INFO: [USF-XSim-98] Fetching design files from 'sim_1'...
INFO: [USF-XSim-2] XSim::Compile design
INFO: [USF-XSim-61] Executing 'COMPILE and ANALYZE' step in 'D:/Xilinx/Vivado/projects-ps/JMP_Predict_CPU/JMP_Predict_CPU.sim/sim_1/behav/xsim'
"xvlog --incr --relax -prj sim_cpu_vlog.prj"
INFO: [VRFC 10-2263] Analyzing Verilog file "D:/Xilinx/Vivado/projects-ps/JMP_Predict_CPU/JMP_Predict_CPU.gen/sources_1/ip/DS_DRAM/sim/DS_DRAM.v" into library xil_defaultlib
INFO: [VRFC 10-311] analyzing module DS_DRAM
INFO: [VRFC 10-2263] Analyzing Verilog file "D:/Xilinx/Vivado/projects-ps/JMP_Predict_CPU/JMP_Predict_CPU.gen/sources_1/ip/CS_DRAM/sim/CS_DRAM.v" into library xil_defaultlib
INFO: [VRFC 10-311] analyzing module CS_DRAM
INFO: [VRFC 10-2263] Analyzing Verilog file "D:/Xilinx/Vivado/projects-ps/JMP_Predict_CPU/JMP_Predict_CPU.srcs/sources_1/new/ALU.v" into library xil_defaultlib
INFO: [VRFC 10-311] analyzing module ALU
INFO: [VRFC 10-2263] Analyzing Verilog file "D:/Xilinx/Vivado/projects-ps/JMP_Predict_CPU/JMP_Predict_CPU.srcs/sources_1/new/BPB.v" into library xil_defaultlib
INFO: [VRFC 10-311] analyzing module BPB
INFO: [VRFC 10-2263] Analyzing Verilog file "D:/Xilinx/Vivado/projects-ps/JMP_Predict_CPU/JMP_Predict_CPU.srcs/sources_1/new/BubleDel.v" into library xil_defaultlib
INFO: [VRFC 10-311] analyzing module BubleDel
INFO: [VRFC 10-2263] Analyzing Verilog file "D:/Xilinx/Vivado/projects-ps/JMP_Predict_CPU/JMP_Predict_CPU.srcs/sources_1/new/CPU.v" into library xil_defaultlib
INFO: [VRFC 10-311] analyzing module CPU
WARNING: [VRFC 10-3248] data object 'Branch' is already declared [D:/Xilinx/Vivado/projects-ps/JMP_Predict_CPU/JMP_Predict_CPU.srcs/sources_1/new/CPU.v:52]
WARNING: [VRFC 10-9364] second declaration of 'Branch' is ignored [D:/Xilinx/Vivado/projects-ps/JMP_Predict_CPU/JMP_Predict_CPU.srcs/sources_1/new/CPU.v:52]
WARNING: [VRFC 10-3380] identifier 'actual_branchtaken' is used before its declaration [D:/Xilinx/Vivado/projects-ps/JMP_Predict_CPU/JMP_Predict_CPU.srcs/sources_1/new/CPU.v:36]
WARNING: [VRFC 10-3380] identifier 'PredictJump' is used before its declaration [D:/Xilinx/Vivado/projects-ps/JMP_Predict_CPU/JMP_Predict_CPU.srcs/sources_1/new/CPU.v:37]
WARNING: [VRFC 10-3380] identifier 'PredictJump_EX' is used before its declaration [D:/Xilinx/Vivado/projects-ps/JMP_Predict_CPU/JMP_Predict_CPU.srcs/sources_1/new/CPU.v:38]
WARNING: [VRFC 10-3380] identifier 'ALU_SRCA' is used before its declaration [D:/Xilinx/Vivado/projects-ps/JMP_Predict_CPU/JMP_Predict_CPU.srcs/sources_1/new/CPU.v:56]
INFO: [VRFC 10-2263] Analyzing Verilog file "D:/Xilinx/Vivado/projects-ps/JMP_Predict_CPU/JMP_Predict_CPU.srcs/sources_1/new/CU.v" into library xil_defaultlib
INFO: [VRFC 10-311] analyzing module CU
INFO: [VRFC 10-2263] Analyzing Verilog file "D:/Xilinx/Vivado/projects-ps/JMP_Predict_CPU/JMP_Predict_CPU.srcs/sources_1/new/EXMEM.v" into library xil_defaultlib
INFO: [VRFC 10-311] analyzing module EXMEM
INFO: [VRFC 10-2263] Analyzing Verilog file "D:/Xilinx/Vivado/projects-ps/JMP_Predict_CPU/JMP_Predict_CPU.srcs/sources_1/new/IDEX.v" into library xil_defaultlib
INFO: [VRFC 10-311] analyzing module IDEX
INFO: [VRFC 10-2263] Analyzing Verilog file "D:/Xilinx/Vivado/projects-ps/JMP_Predict_CPU/JMP_Predict_CPU.srcs/sources_1/new/IFID.v" into library xil_defaultlib
INFO: [VRFC 10-311] analyzing module IFID
INFO: [VRFC 10-2263] Analyzing Verilog file "D:/Xilinx/Vivado/projects-ps/JMP_Predict_CPU/JMP_Predict_CPU.srcs/sources_1/new/MEMWB.v" into library xil_defaultlib
INFO: [VRFC 10-311] analyzing module MEMWB
INFO: [VRFC 10-2263] Analyzing Verilog file "D:/Xilinx/Vivado/projects-ps/JMP_Predict_CPU/JMP_Predict_CPU.srcs/sources_1/new/PC.v" into library xil_defaultlib
INFO: [VRFC 10-311] analyzing module PC
INFO: [VRFC 10-2263] Analyzing Verilog file "D:/Xilinx/Vivado/projects-ps/JMP_Predict_CPU/JMP_Predict_CPU.srcs/sources_1/new/RegFile.v" into library xil_defaultlib
INFO: [VRFC 10-311] analyzing module RegFile
INFO: [VRFC 10-2263] Analyzing Verilog file "D:/Xilinx/Vivado/projects-ps/JMP_Predict_CPU/JMP_Predict_CPU.srcs/sim_1/new/sim_cpu.v" into library xil_defaultlib
INFO: [VRFC 10-311] analyzing module sim_cpu
INFO: [USF-XSim-69] 'compile' step finished in '1' seconds
INFO: [USF-XSim-3] XSim::Elaborate design
INFO: [USF-XSim-61] Executing 'ELABORATE' step in 'D:/Xilinx/Vivado/projects-ps/JMP_Predict_CPU/JMP_Predict_CPU.sim/sim_1/behav/xsim'
"xelab --incr --debug typical --relax --mt 2 -L xil_defaultlib -L dist_mem_gen_v8_0_13 -L unisims_ver -L unimacro_ver -L secureip -L xpm --snapshot sim_cpu_behav xil_defaultlib.sim_cpu xil_defaultlib.glbl -log elaborate.log"
Vivado Simulator v2022.1
Copyright 1986-1999, 2001-2022 Xilinx, Inc. All Rights Reserved.
Running: D:/Xilinx/Vivado/2022.1/bin/unwrapped/win64.o/xelab.exe --incr --debug typical --relax --mt 2 -L xil_defaultlib -L dist_mem_gen_v8_0_13 -L unisims_ver -L unimacro_ver -L secureip -L xpm --snapshot sim_cpu_behav xil_defaultlib.sim_cpu xil_defaultlib.glbl -log elaborate.log 
Using 2 slave threads.
Starting static elaboration
Pass Through NonSizing Optimizer
WARNING: [VRFC 10-5021] port 'go' is not connected on this instance [D:/Xilinx/Vivado/projects-ps/JMP_Predict_CPU/JMP_Predict_CPU.srcs/sim_1/new/sim_cpu.v:7]
Completed static elaboration
Starting simulation data flow analysis
Completed simulation data flow analysis
Time Resolution for simulation is 1ps
Compiling module xil_defaultlib.PC
Compiling module xil_defaultlib.BPB_default
Compiling module dist_mem_gen_v8_0_13.dist_mem_gen_v8_0_13(C_FAMILY="a...
Compiling module xil_defaultlib.CS_DRAM
Compiling module xil_defaultlib.IFID
Compiling module xil_defaultlib.BubleDel
Compiling module xil_defaultlib.CU
Compiling module xil_defaultlib.RegFile
Compiling module xil_defaultlib.IDEX
Compiling module xil_defaultlib.ALU
Compiling module xil_defaultlib.EXMEM
Compiling module dist_mem_gen_v8_0_13.dist_mem_gen_v8_0_13(C_FAMILY="a...
Compiling module xil_defaultlib.DS_DRAM
Compiling module xil_defaultlib.MEMWB
Compiling module xil_defaultlib.CPU
Compiling module xil_defaultlib.sim_cpu
Compiling module xil_defaultlib.glbl
Built simulation snapshot sim_cpu_behav
INFO: [USF-XSim-69] 'elaborate' step finished in '5' seconds
INFO: [USF-XSim-4] XSim::Simulate design
WARNING: [USF-XSim-17] WCFG file does not exist:D:/Xilinx/Vivado/projects-ps/JMP_Predict_CPU/sim_cpu_behav.wcfg
WARNING: [USF-XSim-17] WCFG file does not exist:D:/Xilinx/Vivado/projects-ps/JMP_Predict_CPU/sim_cpu_behav.wcfg
INFO: [USF-XSim-61] Executing 'SIMULATE' step in 'D:/Xilinx/Vivado/projects-ps/JMP_Predict_CPU/JMP_Predict_CPU.sim/sim_1/behav/xsim'
INFO: [USF-XSim-98] *** Running xsim
   with args "sim_cpu_behav -key {Behavioral:sim_1:Functional:sim_cpu} -tclbatch {sim_cpu.tcl} -log {simulate.log}"
INFO: [USF-XSim-8] Loading simulator feature
Time resolution is 1 ps
source sim_cpu.tcl
# set curr_wave [current_wave_config]
# if { [string length $curr_wave] == 0 } {
#   if { [llength [get_objects]] > 0} {
#     add_wave /
#     set_property needs_save false [current_wave_config]
#   } else {
#      send_msg_id Add_Wave-1 WARNING "No top level signals found. Simulator will start without a wave window. If you want to open a wave window go to 'File->New Waveform Configuration' or type 'create_wave_config' in the TCL console."
#   }
# }
# log_wave -r /
# run 1540ns
WARNING: This core is supplied with a behavioral model. To model cycle-accurate behavior you must run timing simulation.
WARNING: This core is supplied with a behavioral model. To model cycle-accurate behavior you must run timing simulation.
INFO: [USF-XSim-96] XSim completed. Design snapshot 'sim_cpu_behav' loaded.
INFO: [USF-XSim-97] XSim simulation ran for 1540ns
launch_simulation: Time (s): cpu = 00:00:03 ; elapsed = 00:00:08 . Memory (MB): peak = 2707.449 ; gain = 0.000
close_sim
INFO: [Simtcl 6-16] Simulation closed
launch_simulation
Command: launch_simulation 
INFO: [Vivado 12-12493] Simulation top is 'sim_cpu'
WARNING: [Vivado 12-13340] Unable to auto find GCC executables from simulator install path! (path not set)
WARNING: [Vivado 12-13277] Compiled library path does not exist: ''
INFO: [Vivado 12-5698] Checking validity of IPs in the design for the 'XSim' simulator...
INFO: [Runs 36-567] Checking/generating simulation output products for IPs/BDs (if any)...
INFO: [Vivado 12-5682] Launching behavioral simulation in 'D:/Xilinx/Vivado/projects-ps/JMP_Predict_CPU/JMP_Predict_CPU.sim/sim_1/behav/xsim'
INFO: [Vivado 12-4795] Using compiled simulation libraries for IPs
INFO: [SIM-utils-51] Simulation object is 'sim_1'
INFO: [SIM-utils-72] Using boost library from 'D:/Xilinx/Vivado/2022.1/tps/boost_1_72_0'
INFO: [USF-XSim-7] Finding pre-compiled libraries...
INFO: [USF-XSim-11] File 'D:/Xilinx/Vivado/2022.1/data/xsim/xsim.ini' copied to run dir:'D:/Xilinx/Vivado/projects-ps/JMP_Predict_CPU/JMP_Predict_CPU.sim/sim_1/behav/xsim'
INFO: [SIM-utils-54] Inspecting design source files for 'sim_cpu' in fileset 'sim_1'...
INFO: [SIM-utils-43] Exported 'D:/Xilinx/Vivado/projects-ps/JMP_Predict_CPU/JMP_Predict_CPU.sim/sim_1/behav/xsim/CS_DRAM.mif'
INFO: [SIM-utils-43] Exported 'D:/Xilinx/Vivado/projects-ps/JMP_Predict_CPU/JMP_Predict_CPU.sim/sim_1/behav/xsim/benchmark2.coe'
INFO: [SIM-utils-43] Exported 'D:/Xilinx/Vivado/projects-ps/JMP_Predict_CPU/JMP_Predict_CPU.sim/sim_1/behav/xsim/benchmark.coe'
INFO: [SIM-utils-43] Exported 'D:/Xilinx/Vivado/projects-ps/JMP_Predict_CPU/JMP_Predict_CPU.sim/sim_1/behav/xsim/benchmark1.coe'
INFO: [SIM-utils-43] Exported 'D:/Xilinx/Vivado/projects-ps/JMP_Predict_CPU/JMP_Predict_CPU.sim/sim_1/behav/xsim/28_ins_test.coe'
INFO: [SIM-utils-43] Exported 'D:/Xilinx/Vivado/projects-ps/JMP_Predict_CPU/JMP_Predict_CPU.sim/sim_1/behav/xsim/jump.coe'
INFO: [SIM-utils-43] Exported 'D:/Xilinx/Vivado/projects-ps/JMP_Predict_CPU/JMP_Predict_CPU.sim/sim_1/behav/xsim/jump_test.coe'
INFO: [USF-XSim-97] Finding global include files...
INFO: [USF-XSim-98] Fetching design files from 'sim_1'...
INFO: [USF-XSim-2] XSim::Compile design
INFO: [USF-XSim-61] Executing 'COMPILE and ANALYZE' step in 'D:/Xilinx/Vivado/projects-ps/JMP_Predict_CPU/JMP_Predict_CPU.sim/sim_1/behav/xsim'
"xvlog --incr --relax -prj sim_cpu_vlog.prj"
INFO: [VRFC 10-2263] Analyzing Verilog file "D:/Xilinx/Vivado/projects-ps/JMP_Predict_CPU/JMP_Predict_CPU.gen/sources_1/ip/DS_DRAM/sim/DS_DRAM.v" into library xil_defaultlib
INFO: [VRFC 10-311] analyzing module DS_DRAM
INFO: [VRFC 10-2263] Analyzing Verilog file "D:/Xilinx/Vivado/projects-ps/JMP_Predict_CPU/JMP_Predict_CPU.gen/sources_1/ip/CS_DRAM/sim/CS_DRAM.v" into library xil_defaultlib
INFO: [VRFC 10-311] analyzing module CS_DRAM
INFO: [VRFC 10-2263] Analyzing Verilog file "D:/Xilinx/Vivado/projects-ps/JMP_Predict_CPU/JMP_Predict_CPU.srcs/sources_1/new/ALU.v" into library xil_defaultlib
INFO: [VRFC 10-311] analyzing module ALU
INFO: [VRFC 10-2263] Analyzing Verilog file "D:/Xilinx/Vivado/projects-ps/JMP_Predict_CPU/JMP_Predict_CPU.srcs/sources_1/new/BPB.v" into library xil_defaultlib
INFO: [VRFC 10-311] analyzing module BPB
INFO: [VRFC 10-2263] Analyzing Verilog file "D:/Xilinx/Vivado/projects-ps/JMP_Predict_CPU/JMP_Predict_CPU.srcs/sources_1/new/BubleDel.v" into library xil_defaultlib
INFO: [VRFC 10-311] analyzing module BubleDel
INFO: [VRFC 10-2263] Analyzing Verilog file "D:/Xilinx/Vivado/projects-ps/JMP_Predict_CPU/JMP_Predict_CPU.srcs/sources_1/new/CPU.v" into library xil_defaultlib
INFO: [VRFC 10-311] analyzing module CPU
WARNING: [VRFC 10-3248] data object 'Branch' is already declared [D:/Xilinx/Vivado/projects-ps/JMP_Predict_CPU/JMP_Predict_CPU.srcs/sources_1/new/CPU.v:52]
WARNING: [VRFC 10-9364] second declaration of 'Branch' is ignored [D:/Xilinx/Vivado/projects-ps/JMP_Predict_CPU/JMP_Predict_CPU.srcs/sources_1/new/CPU.v:52]
WARNING: [VRFC 10-3380] identifier 'actual_branchtaken' is used before its declaration [D:/Xilinx/Vivado/projects-ps/JMP_Predict_CPU/JMP_Predict_CPU.srcs/sources_1/new/CPU.v:36]
WARNING: [VRFC 10-3380] identifier 'PredictJump' is used before its declaration [D:/Xilinx/Vivado/projects-ps/JMP_Predict_CPU/JMP_Predict_CPU.srcs/sources_1/new/CPU.v:37]
WARNING: [VRFC 10-3380] identifier 'PredictJump_EX' is used before its declaration [D:/Xilinx/Vivado/projects-ps/JMP_Predict_CPU/JMP_Predict_CPU.srcs/sources_1/new/CPU.v:38]
WARNING: [VRFC 10-3380] identifier 'ALU_SRCA' is used before its declaration [D:/Xilinx/Vivado/projects-ps/JMP_Predict_CPU/JMP_Predict_CPU.srcs/sources_1/new/CPU.v:56]
INFO: [VRFC 10-2263] Analyzing Verilog file "D:/Xilinx/Vivado/projects-ps/JMP_Predict_CPU/JMP_Predict_CPU.srcs/sources_1/new/CU.v" into library xil_defaultlib
INFO: [VRFC 10-311] analyzing module CU
INFO: [VRFC 10-2263] Analyzing Verilog file "D:/Xilinx/Vivado/projects-ps/JMP_Predict_CPU/JMP_Predict_CPU.srcs/sources_1/new/EXMEM.v" into library xil_defaultlib
INFO: [VRFC 10-311] analyzing module EXMEM
INFO: [VRFC 10-2263] Analyzing Verilog file "D:/Xilinx/Vivado/projects-ps/JMP_Predict_CPU/JMP_Predict_CPU.srcs/sources_1/new/IDEX.v" into library xil_defaultlib
INFO: [VRFC 10-311] analyzing module IDEX
INFO: [VRFC 10-2263] Analyzing Verilog file "D:/Xilinx/Vivado/projects-ps/JMP_Predict_CPU/JMP_Predict_CPU.srcs/sources_1/new/IFID.v" into library xil_defaultlib
INFO: [VRFC 10-311] analyzing module IFID
INFO: [VRFC 10-2263] Analyzing Verilog file "D:/Xilinx/Vivado/projects-ps/JMP_Predict_CPU/JMP_Predict_CPU.srcs/sources_1/new/MEMWB.v" into library xil_defaultlib
INFO: [VRFC 10-311] analyzing module MEMWB
INFO: [VRFC 10-2263] Analyzing Verilog file "D:/Xilinx/Vivado/projects-ps/JMP_Predict_CPU/JMP_Predict_CPU.srcs/sources_1/new/PC.v" into library xil_defaultlib
INFO: [VRFC 10-311] analyzing module PC
INFO: [VRFC 10-2263] Analyzing Verilog file "D:/Xilinx/Vivado/projects-ps/JMP_Predict_CPU/JMP_Predict_CPU.srcs/sources_1/new/RegFile.v" into library xil_defaultlib
INFO: [VRFC 10-311] analyzing module RegFile
INFO: [VRFC 10-2263] Analyzing Verilog file "D:/Xilinx/Vivado/projects-ps/JMP_Predict_CPU/JMP_Predict_CPU.srcs/sim_1/new/sim_cpu.v" into library xil_defaultlib
INFO: [VRFC 10-311] analyzing module sim_cpu
INFO: [USF-XSim-69] 'compile' step finished in '1' seconds
INFO: [USF-XSim-3] XSim::Elaborate design
INFO: [USF-XSim-61] Executing 'ELABORATE' step in 'D:/Xilinx/Vivado/projects-ps/JMP_Predict_CPU/JMP_Predict_CPU.sim/sim_1/behav/xsim'
"xelab --incr --debug typical --relax --mt 2 -L xil_defaultlib -L dist_mem_gen_v8_0_13 -L unisims_ver -L unimacro_ver -L secureip -L xpm --snapshot sim_cpu_behav xil_defaultlib.sim_cpu xil_defaultlib.glbl -log elaborate.log"
Vivado Simulator v2022.1
Copyright 1986-1999, 2001-2022 Xilinx, Inc. All Rights Reserved.
Running: D:/Xilinx/Vivado/2022.1/bin/unwrapped/win64.o/xelab.exe --incr --debug typical --relax --mt 2 -L xil_defaultlib -L dist_mem_gen_v8_0_13 -L unisims_ver -L unimacro_ver -L secureip -L xpm --snapshot sim_cpu_behav xil_defaultlib.sim_cpu xil_defaultlib.glbl -log elaborate.log 
Using 2 slave threads.
Starting static elaboration
Pass Through NonSizing Optimizer
WARNING: [VRFC 10-5021] port 'go' is not connected on this instance [D:/Xilinx/Vivado/projects-ps/JMP_Predict_CPU/JMP_Predict_CPU.srcs/sim_1/new/sim_cpu.v:7]
Completed static elaboration
Starting simulation data flow analysis
Completed simulation data flow analysis
Time Resolution for simulation is 1ps
Compiling module xil_defaultlib.PC
Compiling module xil_defaultlib.BPB_default
Compiling module dist_mem_gen_v8_0_13.dist_mem_gen_v8_0_13(C_FAMILY="a...
Compiling module xil_defaultlib.CS_DRAM
Compiling module xil_defaultlib.IFID
Compiling module xil_defaultlib.BubleDel
Compiling module xil_defaultlib.CU
Compiling module xil_defaultlib.RegFile
Compiling module xil_defaultlib.IDEX
Compiling module xil_defaultlib.ALU
Compiling module xil_defaultlib.EXMEM
Compiling module dist_mem_gen_v8_0_13.dist_mem_gen_v8_0_13(C_FAMILY="a...
Compiling module xil_defaultlib.DS_DRAM
Compiling module xil_defaultlib.MEMWB
Compiling module xil_defaultlib.CPU
Compiling module xil_defaultlib.sim_cpu
Compiling module xil_defaultlib.glbl
Built simulation snapshot sim_cpu_behav
INFO: [USF-XSim-69] 'elaborate' step finished in '5' seconds
INFO: [USF-XSim-4] XSim::Simulate design
WARNING: [USF-XSim-17] WCFG file does not exist:D:/Xilinx/Vivado/projects-ps/JMP_Predict_CPU/sim_cpu_behav.wcfg
WARNING: [USF-XSim-17] WCFG file does not exist:D:/Xilinx/Vivado/projects-ps/JMP_Predict_CPU/sim_cpu_behav.wcfg
INFO: [USF-XSim-61] Executing 'SIMULATE' step in 'D:/Xilinx/Vivado/projects-ps/JMP_Predict_CPU/JMP_Predict_CPU.sim/sim_1/behav/xsim'
INFO: [USF-XSim-98] *** Running xsim
   with args "sim_cpu_behav -key {Behavioral:sim_1:Functional:sim_cpu} -tclbatch {sim_cpu.tcl} -log {simulate.log}"
INFO: [USF-XSim-8] Loading simulator feature
Time resolution is 1 ps
source sim_cpu.tcl
# set curr_wave [current_wave_config]
# if { [string length $curr_wave] == 0 } {
#   if { [llength [get_objects]] > 0} {
#     add_wave /
#     set_property needs_save false [current_wave_config]
#   } else {
#      send_msg_id Add_Wave-1 WARNING "No top level signals found. Simulator will start without a wave window. If you want to open a wave window go to 'File->New Waveform Configuration' or type 'create_wave_config' in the TCL console."
#   }
# }
# log_wave -r /
# run 1540ns
WARNING: This core is supplied with a behavioral model. To model cycle-accurate behavior you must run timing simulation.
WARNING: This core is supplied with a behavioral model. To model cycle-accurate behavior you must run timing simulation.
INFO: [USF-XSim-96] XSim completed. Design snapshot 'sim_cpu_behav' loaded.
INFO: [USF-XSim-97] XSim simulation ran for 1540ns
launch_simulation: Time (s): cpu = 00:00:02 ; elapsed = 00:00:09 . Memory (MB): peak = 2707.449 ; gain = 0.000
close_sim
INFO: [Simtcl 6-16] Simulation closed
launch_simulation
Command: launch_simulation 
INFO: [Vivado 12-12493] Simulation top is 'sim_cpu'
WARNING: [Vivado 12-13340] Unable to auto find GCC executables from simulator install path! (path not set)
WARNING: [Vivado 12-13277] Compiled library path does not exist: ''
INFO: [Vivado 12-5698] Checking validity of IPs in the design for the 'XSim' simulator...
INFO: [Runs 36-567] Checking/generating simulation output products for IPs/BDs (if any)...
INFO: [Vivado 12-5682] Launching behavioral simulation in 'D:/Xilinx/Vivado/projects-ps/JMP_Predict_CPU/JMP_Predict_CPU.sim/sim_1/behav/xsim'
INFO: [Vivado 12-4795] Using compiled simulation libraries for IPs
INFO: [SIM-utils-51] Simulation object is 'sim_1'
INFO: [SIM-utils-72] Using boost library from 'D:/Xilinx/Vivado/2022.1/tps/boost_1_72_0'
INFO: [USF-XSim-7] Finding pre-compiled libraries...
INFO: [USF-XSim-11] File 'D:/Xilinx/Vivado/2022.1/data/xsim/xsim.ini' copied to run dir:'D:/Xilinx/Vivado/projects-ps/JMP_Predict_CPU/JMP_Predict_CPU.sim/sim_1/behav/xsim'
INFO: [SIM-utils-54] Inspecting design source files for 'sim_cpu' in fileset 'sim_1'...
INFO: [SIM-utils-43] Exported 'D:/Xilinx/Vivado/projects-ps/JMP_Predict_CPU/JMP_Predict_CPU.sim/sim_1/behav/xsim/CS_DRAM.mif'
INFO: [SIM-utils-43] Exported 'D:/Xilinx/Vivado/projects-ps/JMP_Predict_CPU/JMP_Predict_CPU.sim/sim_1/behav/xsim/benchmark2.coe'
INFO: [SIM-utils-43] Exported 'D:/Xilinx/Vivado/projects-ps/JMP_Predict_CPU/JMP_Predict_CPU.sim/sim_1/behav/xsim/benchmark.coe'
INFO: [SIM-utils-43] Exported 'D:/Xilinx/Vivado/projects-ps/JMP_Predict_CPU/JMP_Predict_CPU.sim/sim_1/behav/xsim/benchmark1.coe'
INFO: [SIM-utils-43] Exported 'D:/Xilinx/Vivado/projects-ps/JMP_Predict_CPU/JMP_Predict_CPU.sim/sim_1/behav/xsim/28_ins_test.coe'
INFO: [SIM-utils-43] Exported 'D:/Xilinx/Vivado/projects-ps/JMP_Predict_CPU/JMP_Predict_CPU.sim/sim_1/behav/xsim/jump.coe'
INFO: [SIM-utils-43] Exported 'D:/Xilinx/Vivado/projects-ps/JMP_Predict_CPU/JMP_Predict_CPU.sim/sim_1/behav/xsim/jump_test.coe'
INFO: [USF-XSim-97] Finding global include files...
INFO: [USF-XSim-98] Fetching design files from 'sim_1'...
INFO: [USF-XSim-2] XSim::Compile design
INFO: [USF-XSim-61] Executing 'COMPILE and ANALYZE' step in 'D:/Xilinx/Vivado/projects-ps/JMP_Predict_CPU/JMP_Predict_CPU.sim/sim_1/behav/xsim'
"xvlog --incr --relax -prj sim_cpu_vlog.prj"
INFO: [VRFC 10-2263] Analyzing Verilog file "D:/Xilinx/Vivado/projects-ps/JMP_Predict_CPU/JMP_Predict_CPU.gen/sources_1/ip/DS_DRAM/sim/DS_DRAM.v" into library xil_defaultlib
INFO: [VRFC 10-311] analyzing module DS_DRAM
INFO: [VRFC 10-2263] Analyzing Verilog file "D:/Xilinx/Vivado/projects-ps/JMP_Predict_CPU/JMP_Predict_CPU.gen/sources_1/ip/CS_DRAM/sim/CS_DRAM.v" into library xil_defaultlib
INFO: [VRFC 10-311] analyzing module CS_DRAM
INFO: [VRFC 10-2263] Analyzing Verilog file "D:/Xilinx/Vivado/projects-ps/JMP_Predict_CPU/JMP_Predict_CPU.srcs/sources_1/new/ALU.v" into library xil_defaultlib
INFO: [VRFC 10-311] analyzing module ALU
INFO: [VRFC 10-2263] Analyzing Verilog file "D:/Xilinx/Vivado/projects-ps/JMP_Predict_CPU/JMP_Predict_CPU.srcs/sources_1/new/BPB.v" into library xil_defaultlib
INFO: [VRFC 10-311] analyzing module BPB
INFO: [VRFC 10-2263] Analyzing Verilog file "D:/Xilinx/Vivado/projects-ps/JMP_Predict_CPU/JMP_Predict_CPU.srcs/sources_1/new/BubleDel.v" into library xil_defaultlib
INFO: [VRFC 10-311] analyzing module BubleDel
INFO: [VRFC 10-2263] Analyzing Verilog file "D:/Xilinx/Vivado/projects-ps/JMP_Predict_CPU/JMP_Predict_CPU.srcs/sources_1/new/CPU.v" into library xil_defaultlib
INFO: [VRFC 10-311] analyzing module CPU
WARNING: [VRFC 10-3248] data object 'Branch' is already declared [D:/Xilinx/Vivado/projects-ps/JMP_Predict_CPU/JMP_Predict_CPU.srcs/sources_1/new/CPU.v:52]
WARNING: [VRFC 10-9364] second declaration of 'Branch' is ignored [D:/Xilinx/Vivado/projects-ps/JMP_Predict_CPU/JMP_Predict_CPU.srcs/sources_1/new/CPU.v:52]
WARNING: [VRFC 10-3380] identifier 'actual_branchtaken' is used before its declaration [D:/Xilinx/Vivado/projects-ps/JMP_Predict_CPU/JMP_Predict_CPU.srcs/sources_1/new/CPU.v:36]
WARNING: [VRFC 10-3380] identifier 'PredictJump' is used before its declaration [D:/Xilinx/Vivado/projects-ps/JMP_Predict_CPU/JMP_Predict_CPU.srcs/sources_1/new/CPU.v:37]
WARNING: [VRFC 10-3380] identifier 'PredictJump_EX' is used before its declaration [D:/Xilinx/Vivado/projects-ps/JMP_Predict_CPU/JMP_Predict_CPU.srcs/sources_1/new/CPU.v:38]
WARNING: [VRFC 10-3380] identifier 'ALU_SRCA' is used before its declaration [D:/Xilinx/Vivado/projects-ps/JMP_Predict_CPU/JMP_Predict_CPU.srcs/sources_1/new/CPU.v:56]
INFO: [VRFC 10-2263] Analyzing Verilog file "D:/Xilinx/Vivado/projects-ps/JMP_Predict_CPU/JMP_Predict_CPU.srcs/sources_1/new/CU.v" into library xil_defaultlib
INFO: [VRFC 10-311] analyzing module CU
INFO: [VRFC 10-2263] Analyzing Verilog file "D:/Xilinx/Vivado/projects-ps/JMP_Predict_CPU/JMP_Predict_CPU.srcs/sources_1/new/EXMEM.v" into library xil_defaultlib
INFO: [VRFC 10-311] analyzing module EXMEM
INFO: [VRFC 10-2263] Analyzing Verilog file "D:/Xilinx/Vivado/projects-ps/JMP_Predict_CPU/JMP_Predict_CPU.srcs/sources_1/new/IDEX.v" into library xil_defaultlib
INFO: [VRFC 10-311] analyzing module IDEX
INFO: [VRFC 10-2263] Analyzing Verilog file "D:/Xilinx/Vivado/projects-ps/JMP_Predict_CPU/JMP_Predict_CPU.srcs/sources_1/new/IFID.v" into library xil_defaultlib
INFO: [VRFC 10-311] analyzing module IFID
INFO: [VRFC 10-2263] Analyzing Verilog file "D:/Xilinx/Vivado/projects-ps/JMP_Predict_CPU/JMP_Predict_CPU.srcs/sources_1/new/MEMWB.v" into library xil_defaultlib
INFO: [VRFC 10-311] analyzing module MEMWB
INFO: [VRFC 10-2263] Analyzing Verilog file "D:/Xilinx/Vivado/projects-ps/JMP_Predict_CPU/JMP_Predict_CPU.srcs/sources_1/new/PC.v" into library xil_defaultlib
INFO: [VRFC 10-311] analyzing module PC
INFO: [VRFC 10-2263] Analyzing Verilog file "D:/Xilinx/Vivado/projects-ps/JMP_Predict_CPU/JMP_Predict_CPU.srcs/sources_1/new/RegFile.v" into library xil_defaultlib
INFO: [VRFC 10-311] analyzing module RegFile
INFO: [VRFC 10-2263] Analyzing Verilog file "D:/Xilinx/Vivado/projects-ps/JMP_Predict_CPU/JMP_Predict_CPU.srcs/sim_1/new/sim_cpu.v" into library xil_defaultlib
INFO: [VRFC 10-311] analyzing module sim_cpu
INFO: [USF-XSim-69] 'compile' step finished in '2' seconds
INFO: [USF-XSim-3] XSim::Elaborate design
INFO: [USF-XSim-61] Executing 'ELABORATE' step in 'D:/Xilinx/Vivado/projects-ps/JMP_Predict_CPU/JMP_Predict_CPU.sim/sim_1/behav/xsim'
"xelab --incr --debug typical --relax --mt 2 -L xil_defaultlib -L dist_mem_gen_v8_0_13 -L unisims_ver -L unimacro_ver -L secureip -L xpm --snapshot sim_cpu_behav xil_defaultlib.sim_cpu xil_defaultlib.glbl -log elaborate.log"
Vivado Simulator v2022.1
Copyright 1986-1999, 2001-2022 Xilinx, Inc. All Rights Reserved.
Running: D:/Xilinx/Vivado/2022.1/bin/unwrapped/win64.o/xelab.exe --incr --debug typical --relax --mt 2 -L xil_defaultlib -L dist_mem_gen_v8_0_13 -L unisims_ver -L unimacro_ver -L secureip -L xpm --snapshot sim_cpu_behav xil_defaultlib.sim_cpu xil_defaultlib.glbl -log elaborate.log 
Using 2 slave threads.
Starting static elaboration
Pass Through NonSizing Optimizer
WARNING: [VRFC 10-5021] port 'go' is not connected on this instance [D:/Xilinx/Vivado/projects-ps/JMP_Predict_CPU/JMP_Predict_CPU.srcs/sim_1/new/sim_cpu.v:7]
Completed static elaboration
Starting simulation data flow analysis
Completed simulation data flow analysis
Time Resolution for simulation is 1ps
Compiling module xil_defaultlib.PC
Compiling module xil_defaultlib.BPB_default
Compiling module dist_mem_gen_v8_0_13.dist_mem_gen_v8_0_13(C_FAMILY="a...
Compiling module xil_defaultlib.CS_DRAM
Compiling module xil_defaultlib.IFID
Compiling module xil_defaultlib.BubleDel
Compiling module xil_defaultlib.CU
Compiling module xil_defaultlib.RegFile
Compiling module xil_defaultlib.IDEX
Compiling module xil_defaultlib.ALU
Compiling module xil_defaultlib.EXMEM
Compiling module dist_mem_gen_v8_0_13.dist_mem_gen_v8_0_13(C_FAMILY="a...
Compiling module xil_defaultlib.DS_DRAM
Compiling module xil_defaultlib.MEMWB
Compiling module xil_defaultlib.CPU
Compiling module xil_defaultlib.sim_cpu
Compiling module xil_defaultlib.glbl
Built simulation snapshot sim_cpu_behav
INFO: [USF-XSim-69] 'elaborate' step finished in '4' seconds
INFO: [USF-XSim-4] XSim::Simulate design
WARNING: [USF-XSim-17] WCFG file does not exist:D:/Xilinx/Vivado/projects-ps/JMP_Predict_CPU/sim_cpu_behav.wcfg
WARNING: [USF-XSim-17] WCFG file does not exist:D:/Xilinx/Vivado/projects-ps/JMP_Predict_CPU/sim_cpu_behav.wcfg
INFO: [USF-XSim-61] Executing 'SIMULATE' step in 'D:/Xilinx/Vivado/projects-ps/JMP_Predict_CPU/JMP_Predict_CPU.sim/sim_1/behav/xsim'
INFO: [USF-XSim-98] *** Running xsim
   with args "sim_cpu_behav -key {Behavioral:sim_1:Functional:sim_cpu} -tclbatch {sim_cpu.tcl} -log {simulate.log}"
INFO: [USF-XSim-8] Loading simulator feature
Time resolution is 1 ps
source sim_cpu.tcl
# set curr_wave [current_wave_config]
# if { [string length $curr_wave] == 0 } {
#   if { [llength [get_objects]] > 0} {
#     add_wave /
#     set_property needs_save false [current_wave_config]
#   } else {
#      send_msg_id Add_Wave-1 WARNING "No top level signals found. Simulator will start without a wave window. If you want to open a wave window go to 'File->New Waveform Configuration' or type 'create_wave_config' in the TCL console."
#   }
# }
# log_wave -r /
# run 1540ns
WARNING: This core is supplied with a behavioral model. To model cycle-accurate behavior you must run timing simulation.
WARNING: This core is supplied with a behavioral model. To model cycle-accurate behavior you must run timing simulation.
INFO: [USF-XSim-96] XSim completed. Design snapshot 'sim_cpu_behav' loaded.
INFO: [USF-XSim-97] XSim simulation ran for 1540ns
launch_simulation: Time (s): cpu = 00:00:02 ; elapsed = 00:00:09 . Memory (MB): peak = 2707.449 ; gain = 0.000
close_sim
INFO: [Simtcl 6-16] Simulation closed
launch_simulation
Command: launch_simulation 
INFO: [Vivado 12-12493] Simulation top is 'sim_cpu'
WARNING: [Vivado 12-13340] Unable to auto find GCC executables from simulator install path! (path not set)
WARNING: [Vivado 12-13277] Compiled library path does not exist: ''
INFO: [Vivado 12-5698] Checking validity of IPs in the design for the 'XSim' simulator...
INFO: [Runs 36-567] Checking/generating simulation output products for IPs/BDs (if any)...
INFO: [Vivado 12-5682] Launching behavioral simulation in 'D:/Xilinx/Vivado/projects-ps/JMP_Predict_CPU/JMP_Predict_CPU.sim/sim_1/behav/xsim'
INFO: [Vivado 12-4795] Using compiled simulation libraries for IPs
INFO: [SIM-utils-51] Simulation object is 'sim_1'
INFO: [SIM-utils-72] Using boost library from 'D:/Xilinx/Vivado/2022.1/tps/boost_1_72_0'
INFO: [USF-XSim-7] Finding pre-compiled libraries...
INFO: [USF-XSim-11] File 'D:/Xilinx/Vivado/2022.1/data/xsim/xsim.ini' copied to run dir:'D:/Xilinx/Vivado/projects-ps/JMP_Predict_CPU/JMP_Predict_CPU.sim/sim_1/behav/xsim'
INFO: [SIM-utils-54] Inspecting design source files for 'sim_cpu' in fileset 'sim_1'...
INFO: [SIM-utils-43] Exported 'D:/Xilinx/Vivado/projects-ps/JMP_Predict_CPU/JMP_Predict_CPU.sim/sim_1/behav/xsim/CS_DRAM.mif'
INFO: [SIM-utils-43] Exported 'D:/Xilinx/Vivado/projects-ps/JMP_Predict_CPU/JMP_Predict_CPU.sim/sim_1/behav/xsim/benchmark2.coe'
INFO: [SIM-utils-43] Exported 'D:/Xilinx/Vivado/projects-ps/JMP_Predict_CPU/JMP_Predict_CPU.sim/sim_1/behav/xsim/benchmark.coe'
INFO: [SIM-utils-43] Exported 'D:/Xilinx/Vivado/projects-ps/JMP_Predict_CPU/JMP_Predict_CPU.sim/sim_1/behav/xsim/benchmark1.coe'
INFO: [SIM-utils-43] Exported 'D:/Xilinx/Vivado/projects-ps/JMP_Predict_CPU/JMP_Predict_CPU.sim/sim_1/behav/xsim/28_ins_test.coe'
INFO: [SIM-utils-43] Exported 'D:/Xilinx/Vivado/projects-ps/JMP_Predict_CPU/JMP_Predict_CPU.sim/sim_1/behav/xsim/jump.coe'
INFO: [SIM-utils-43] Exported 'D:/Xilinx/Vivado/projects-ps/JMP_Predict_CPU/JMP_Predict_CPU.sim/sim_1/behav/xsim/jump_test.coe'
INFO: [USF-XSim-97] Finding global include files...
INFO: [USF-XSim-98] Fetching design files from 'sim_1'...
INFO: [USF-XSim-2] XSim::Compile design
INFO: [USF-XSim-61] Executing 'COMPILE and ANALYZE' step in 'D:/Xilinx/Vivado/projects-ps/JMP_Predict_CPU/JMP_Predict_CPU.sim/sim_1/behav/xsim'
"xvlog --incr --relax -prj sim_cpu_vlog.prj"
INFO: [VRFC 10-2263] Analyzing Verilog file "D:/Xilinx/Vivado/projects-ps/JMP_Predict_CPU/JMP_Predict_CPU.gen/sources_1/ip/DS_DRAM/sim/DS_DRAM.v" into library xil_defaultlib
INFO: [VRFC 10-311] analyzing module DS_DRAM
INFO: [VRFC 10-2263] Analyzing Verilog file "D:/Xilinx/Vivado/projects-ps/JMP_Predict_CPU/JMP_Predict_CPU.gen/sources_1/ip/CS_DRAM/sim/CS_DRAM.v" into library xil_defaultlib
INFO: [VRFC 10-311] analyzing module CS_DRAM
INFO: [VRFC 10-2263] Analyzing Verilog file "D:/Xilinx/Vivado/projects-ps/JMP_Predict_CPU/JMP_Predict_CPU.srcs/sources_1/new/ALU.v" into library xil_defaultlib
INFO: [VRFC 10-311] analyzing module ALU
INFO: [VRFC 10-2263] Analyzing Verilog file "D:/Xilinx/Vivado/projects-ps/JMP_Predict_CPU/JMP_Predict_CPU.srcs/sources_1/new/BPB.v" into library xil_defaultlib
INFO: [VRFC 10-311] analyzing module BPB
INFO: [VRFC 10-2263] Analyzing Verilog file "D:/Xilinx/Vivado/projects-ps/JMP_Predict_CPU/JMP_Predict_CPU.srcs/sources_1/new/BubleDel.v" into library xil_defaultlib
INFO: [VRFC 10-311] analyzing module BubleDel
INFO: [VRFC 10-2263] Analyzing Verilog file "D:/Xilinx/Vivado/projects-ps/JMP_Predict_CPU/JMP_Predict_CPU.srcs/sources_1/new/CPU.v" into library xil_defaultlib
INFO: [VRFC 10-311] analyzing module CPU
WARNING: [VRFC 10-3248] data object 'Branch' is already declared [D:/Xilinx/Vivado/projects-ps/JMP_Predict_CPU/JMP_Predict_CPU.srcs/sources_1/new/CPU.v:52]
WARNING: [VRFC 10-9364] second declaration of 'Branch' is ignored [D:/Xilinx/Vivado/projects-ps/JMP_Predict_CPU/JMP_Predict_CPU.srcs/sources_1/new/CPU.v:52]
WARNING: [VRFC 10-3380] identifier 'actual_branchtaken' is used before its declaration [D:/Xilinx/Vivado/projects-ps/JMP_Predict_CPU/JMP_Predict_CPU.srcs/sources_1/new/CPU.v:36]
WARNING: [VRFC 10-3380] identifier 'PredictJump' is used before its declaration [D:/Xilinx/Vivado/projects-ps/JMP_Predict_CPU/JMP_Predict_CPU.srcs/sources_1/new/CPU.v:37]
WARNING: [VRFC 10-3380] identifier 'PredictJump_EX' is used before its declaration [D:/Xilinx/Vivado/projects-ps/JMP_Predict_CPU/JMP_Predict_CPU.srcs/sources_1/new/CPU.v:38]
WARNING: [VRFC 10-3380] identifier 'ALU_SRCA' is used before its declaration [D:/Xilinx/Vivado/projects-ps/JMP_Predict_CPU/JMP_Predict_CPU.srcs/sources_1/new/CPU.v:56]
INFO: [VRFC 10-2263] Analyzing Verilog file "D:/Xilinx/Vivado/projects-ps/JMP_Predict_CPU/JMP_Predict_CPU.srcs/sources_1/new/CU.v" into library xil_defaultlib
INFO: [VRFC 10-311] analyzing module CU
INFO: [VRFC 10-2263] Analyzing Verilog file "D:/Xilinx/Vivado/projects-ps/JMP_Predict_CPU/JMP_Predict_CPU.srcs/sources_1/new/EXMEM.v" into library xil_defaultlib
INFO: [VRFC 10-311] analyzing module EXMEM
INFO: [VRFC 10-2263] Analyzing Verilog file "D:/Xilinx/Vivado/projects-ps/JMP_Predict_CPU/JMP_Predict_CPU.srcs/sources_1/new/IDEX.v" into library xil_defaultlib
INFO: [VRFC 10-311] analyzing module IDEX
INFO: [VRFC 10-2263] Analyzing Verilog file "D:/Xilinx/Vivado/projects-ps/JMP_Predict_CPU/JMP_Predict_CPU.srcs/sources_1/new/IFID.v" into library xil_defaultlib
INFO: [VRFC 10-311] analyzing module IFID
INFO: [VRFC 10-2263] Analyzing Verilog file "D:/Xilinx/Vivado/projects-ps/JMP_Predict_CPU/JMP_Predict_CPU.srcs/sources_1/new/MEMWB.v" into library xil_defaultlib
INFO: [VRFC 10-311] analyzing module MEMWB
INFO: [VRFC 10-2263] Analyzing Verilog file "D:/Xilinx/Vivado/projects-ps/JMP_Predict_CPU/JMP_Predict_CPU.srcs/sources_1/new/PC.v" into library xil_defaultlib
INFO: [VRFC 10-311] analyzing module PC
INFO: [VRFC 10-2263] Analyzing Verilog file "D:/Xilinx/Vivado/projects-ps/JMP_Predict_CPU/JMP_Predict_CPU.srcs/sources_1/new/RegFile.v" into library xil_defaultlib
INFO: [VRFC 10-311] analyzing module RegFile
INFO: [VRFC 10-2263] Analyzing Verilog file "D:/Xilinx/Vivado/projects-ps/JMP_Predict_CPU/JMP_Predict_CPU.srcs/sim_1/new/sim_cpu.v" into library xil_defaultlib
INFO: [VRFC 10-311] analyzing module sim_cpu
INFO: [USF-XSim-69] 'compile' step finished in '1' seconds
INFO: [USF-XSim-3] XSim::Elaborate design
INFO: [USF-XSim-61] Executing 'ELABORATE' step in 'D:/Xilinx/Vivado/projects-ps/JMP_Predict_CPU/JMP_Predict_CPU.sim/sim_1/behav/xsim'
"xelab --incr --debug typical --relax --mt 2 -L xil_defaultlib -L dist_mem_gen_v8_0_13 -L unisims_ver -L unimacro_ver -L secureip -L xpm --snapshot sim_cpu_behav xil_defaultlib.sim_cpu xil_defaultlib.glbl -log elaborate.log"
Vivado Simulator v2022.1
Copyright 1986-1999, 2001-2022 Xilinx, Inc. All Rights Reserved.
Running: D:/Xilinx/Vivado/2022.1/bin/unwrapped/win64.o/xelab.exe --incr --debug typical --relax --mt 2 -L xil_defaultlib -L dist_mem_gen_v8_0_13 -L unisims_ver -L unimacro_ver -L secureip -L xpm --snapshot sim_cpu_behav xil_defaultlib.sim_cpu xil_defaultlib.glbl -log elaborate.log 
Using 2 slave threads.
Starting static elaboration
Pass Through NonSizing Optimizer
WARNING: [VRFC 10-5021] port 'go' is not connected on this instance [D:/Xilinx/Vivado/projects-ps/JMP_Predict_CPU/JMP_Predict_CPU.srcs/sim_1/new/sim_cpu.v:7]
Completed static elaboration
Starting simulation data flow analysis
Completed simulation data flow analysis
Time Resolution for simulation is 1ps
Compiling module xil_defaultlib.PC
Compiling module xil_defaultlib.BPB_default
Compiling module dist_mem_gen_v8_0_13.dist_mem_gen_v8_0_13(C_FAMILY="a...
Compiling module xil_defaultlib.CS_DRAM
Compiling module xil_defaultlib.IFID
Compiling module xil_defaultlib.BubleDel
Compiling module xil_defaultlib.CU
Compiling module xil_defaultlib.RegFile
Compiling module xil_defaultlib.IDEX
Compiling module xil_defaultlib.ALU
Compiling module xil_defaultlib.EXMEM
Compiling module dist_mem_gen_v8_0_13.dist_mem_gen_v8_0_13(C_FAMILY="a...
Compiling module xil_defaultlib.DS_DRAM
Compiling module xil_defaultlib.MEMWB
Compiling module xil_defaultlib.CPU
Compiling module xil_defaultlib.sim_cpu
Compiling module xil_defaultlib.glbl
Built simulation snapshot sim_cpu_behav
INFO: [USF-XSim-69] 'elaborate' step finished in '5' seconds
INFO: [USF-XSim-4] XSim::Simulate design
WARNING: [USF-XSim-17] WCFG file does not exist:D:/Xilinx/Vivado/projects-ps/JMP_Predict_CPU/sim_cpu_behav.wcfg
WARNING: [USF-XSim-17] WCFG file does not exist:D:/Xilinx/Vivado/projects-ps/JMP_Predict_CPU/sim_cpu_behav.wcfg
INFO: [USF-XSim-61] Executing 'SIMULATE' step in 'D:/Xilinx/Vivado/projects-ps/JMP_Predict_CPU/JMP_Predict_CPU.sim/sim_1/behav/xsim'
INFO: [USF-XSim-98] *** Running xsim
   with args "sim_cpu_behav -key {Behavioral:sim_1:Functional:sim_cpu} -tclbatch {sim_cpu.tcl} -log {simulate.log}"
INFO: [USF-XSim-8] Loading simulator feature
Time resolution is 1 ps
source sim_cpu.tcl
# set curr_wave [current_wave_config]
# if { [string length $curr_wave] == 0 } {
#   if { [llength [get_objects]] > 0} {
#     add_wave /
#     set_property needs_save false [current_wave_config]
#   } else {
#      send_msg_id Add_Wave-1 WARNING "No top level signals found. Simulator will start without a wave window. If you want to open a wave window go to 'File->New Waveform Configuration' or type 'create_wave_config' in the TCL console."
#   }
# }
# log_wave -r /
# run 1540ns
WARNING: This core is supplied with a behavioral model. To model cycle-accurate behavior you must run timing simulation.
WARNING: This core is supplied with a behavioral model. To model cycle-accurate behavior you must run timing simulation.
INFO: [USF-XSim-96] XSim completed. Design snapshot 'sim_cpu_behav' loaded.
INFO: [USF-XSim-97] XSim simulation ran for 1540ns
launch_simulation: Time (s): cpu = 00:00:02 ; elapsed = 00:00:09 . Memory (MB): peak = 2707.449 ; gain = 0.000
close_sim
INFO: [Simtcl 6-16] Simulation closed
launch_simulation
Command: launch_simulation 
INFO: [Vivado 12-12493] Simulation top is 'sim_cpu'
WARNING: [Vivado 12-13340] Unable to auto find GCC executables from simulator install path! (path not set)
boost::filesystem::remove: 另一个程序正在使用此文件，进程无法访问。: "D:/Xilinx/Vivado/projects-ps/JMP_Predict_CPU/JMP_Predict_CPU.sim/sim_1/behav/xsim/simulate.log"
close_project
open_project D:/Xilinx/Vivado/projects-ps/JMP_Predict_CPU/JMP_Predict_CPU.xpr
CRITICAL WARNING: [Project 1-19] Could not find the file 'D:/Xilinx/Vivado/projects-ps/JMP_Predict_CPU/sim_cpu_behav.wcfg'.
Scanning sources...
Finished scanning sources
INFO: [IP_Flow 19-234] Refreshing IP repositories
INFO: [IP_Flow 19-1704] No user IP repositories specified
INFO: [IP_Flow 19-2313] Loaded Vivado IP repository 'D:/Xilinx/Vivado/2022.1/data/ip'.
launch_simulation
Command: launch_simulation 
INFO: [Vivado 12-12493] Simulation top is 'sim_cpu'
WARNING: [Vivado 12-13340] Unable to auto find GCC executables from simulator install path! (path not set)
WARNING: [Vivado 12-13277] Compiled library path does not exist: ''
INFO: [Vivado 12-5698] Checking validity of IPs in the design for the 'XSim' simulator...
INFO: [Runs 36-567] Checking/generating simulation output products for IPs/BDs (if any)...
INFO: [Vivado 12-5682] Launching behavioral simulation in 'D:/Xilinx/Vivado/projects-ps/JMP_Predict_CPU/JMP_Predict_CPU.sim/sim_1/behav/xsim'
INFO: [Vivado 12-4795] Using compiled simulation libraries for IPs
INFO: [SIM-utils-51] Simulation object is 'sim_1'
INFO: [SIM-utils-72] Using boost library from 'D:/Xilinx/Vivado/2022.1/tps/boost_1_72_0'
INFO: [USF-XSim-7] Finding pre-compiled libraries...
INFO: [USF-XSim-11] File 'D:/Xilinx/Vivado/2022.1/data/xsim/xsim.ini' copied to run dir:'D:/Xilinx/Vivado/projects-ps/JMP_Predict_CPU/JMP_Predict_CPU.sim/sim_1/behav/xsim'
INFO: [SIM-utils-54] Inspecting design source files for 'sim_cpu' in fileset 'sim_1'...
INFO: [SIM-utils-43] Exported 'D:/Xilinx/Vivado/projects-ps/JMP_Predict_CPU/JMP_Predict_CPU.sim/sim_1/behav/xsim/CS_DRAM.mif'
INFO: [SIM-utils-43] Exported 'D:/Xilinx/Vivado/projects-ps/JMP_Predict_CPU/JMP_Predict_CPU.sim/sim_1/behav/xsim/benchmark2.coe'
INFO: [SIM-utils-43] Exported 'D:/Xilinx/Vivado/projects-ps/JMP_Predict_CPU/JMP_Predict_CPU.sim/sim_1/behav/xsim/benchmark.coe'
INFO: [SIM-utils-43] Exported 'D:/Xilinx/Vivado/projects-ps/JMP_Predict_CPU/JMP_Predict_CPU.sim/sim_1/behav/xsim/benchmark1.coe'
INFO: [SIM-utils-43] Exported 'D:/Xilinx/Vivado/projects-ps/JMP_Predict_CPU/JMP_Predict_CPU.sim/sim_1/behav/xsim/28_ins_test.coe'
INFO: [SIM-utils-43] Exported 'D:/Xilinx/Vivado/projects-ps/JMP_Predict_CPU/JMP_Predict_CPU.sim/sim_1/behav/xsim/jump.coe'
INFO: [SIM-utils-43] Exported 'D:/Xilinx/Vivado/projects-ps/JMP_Predict_CPU/JMP_Predict_CPU.sim/sim_1/behav/xsim/jump_test.coe'
INFO: [USF-XSim-97] Finding global include files...
INFO: [USF-XSim-98] Fetching design files from 'sim_1'...
INFO: [USF-XSim-2] XSim::Compile design
INFO: [USF-XSim-61] Executing 'COMPILE and ANALYZE' step in 'D:/Xilinx/Vivado/projects-ps/JMP_Predict_CPU/JMP_Predict_CPU.sim/sim_1/behav/xsim'
"xvlog --incr --relax -prj sim_cpu_vlog.prj"
INFO: [VRFC 10-2263] Analyzing Verilog file "D:/Xilinx/Vivado/projects-ps/JMP_Predict_CPU/JMP_Predict_CPU.gen/sources_1/ip/DS_DRAM/sim/DS_DRAM.v" into library xil_defaultlib
INFO: [VRFC 10-311] analyzing module DS_DRAM
INFO: [VRFC 10-2263] Analyzing Verilog file "D:/Xilinx/Vivado/projects-ps/JMP_Predict_CPU/JMP_Predict_CPU.gen/sources_1/ip/CS_DRAM/sim/CS_DRAM.v" into library xil_defaultlib
INFO: [VRFC 10-311] analyzing module CS_DRAM
INFO: [VRFC 10-2263] Analyzing Verilog file "D:/Xilinx/Vivado/projects-ps/JMP_Predict_CPU/JMP_Predict_CPU.srcs/sources_1/new/ALU.v" into library xil_defaultlib
INFO: [VRFC 10-311] analyzing module ALU
INFO: [VRFC 10-2263] Analyzing Verilog file "D:/Xilinx/Vivado/projects-ps/JMP_Predict_CPU/JMP_Predict_CPU.srcs/sources_1/new/BPB.v" into library xil_defaultlib
INFO: [VRFC 10-311] analyzing module BPB
INFO: [VRFC 10-2263] Analyzing Verilog file "D:/Xilinx/Vivado/projects-ps/JMP_Predict_CPU/JMP_Predict_CPU.srcs/sources_1/new/BubleDel.v" into library xil_defaultlib
INFO: [VRFC 10-311] analyzing module BubleDel
INFO: [VRFC 10-2263] Analyzing Verilog file "D:/Xilinx/Vivado/projects-ps/JMP_Predict_CPU/JMP_Predict_CPU.srcs/sources_1/new/CPU.v" into library xil_defaultlib
INFO: [VRFC 10-311] analyzing module CPU
WARNING: [VRFC 10-3248] data object 'Branch' is already declared [D:/Xilinx/Vivado/projects-ps/JMP_Predict_CPU/JMP_Predict_CPU.srcs/sources_1/new/CPU.v:52]
WARNING: [VRFC 10-9364] second declaration of 'Branch' is ignored [D:/Xilinx/Vivado/projects-ps/JMP_Predict_CPU/JMP_Predict_CPU.srcs/sources_1/new/CPU.v:52]
WARNING: [VRFC 10-3380] identifier 'actual_branchtaken' is used before its declaration [D:/Xilinx/Vivado/projects-ps/JMP_Predict_CPU/JMP_Predict_CPU.srcs/sources_1/new/CPU.v:36]
WARNING: [VRFC 10-3380] identifier 'PredictJump' is used before its declaration [D:/Xilinx/Vivado/projects-ps/JMP_Predict_CPU/JMP_Predict_CPU.srcs/sources_1/new/CPU.v:37]
WARNING: [VRFC 10-3380] identifier 'PredictJump_EX' is used before its declaration [D:/Xilinx/Vivado/projects-ps/JMP_Predict_CPU/JMP_Predict_CPU.srcs/sources_1/new/CPU.v:38]
WARNING: [VRFC 10-3380] identifier 'ALU_SRCA' is used before its declaration [D:/Xilinx/Vivado/projects-ps/JMP_Predict_CPU/JMP_Predict_CPU.srcs/sources_1/new/CPU.v:56]
INFO: [VRFC 10-2263] Analyzing Verilog file "D:/Xilinx/Vivado/projects-ps/JMP_Predict_CPU/JMP_Predict_CPU.srcs/sources_1/new/CU.v" into library xil_defaultlib
INFO: [VRFC 10-311] analyzing module CU
INFO: [VRFC 10-2263] Analyzing Verilog file "D:/Xilinx/Vivado/projects-ps/JMP_Predict_CPU/JMP_Predict_CPU.srcs/sources_1/new/EXMEM.v" into library xil_defaultlib
INFO: [VRFC 10-311] analyzing module EXMEM
INFO: [VRFC 10-2263] Analyzing Verilog file "D:/Xilinx/Vivado/projects-ps/JMP_Predict_CPU/JMP_Predict_CPU.srcs/sources_1/new/IDEX.v" into library xil_defaultlib
INFO: [VRFC 10-311] analyzing module IDEX
INFO: [VRFC 10-2263] Analyzing Verilog file "D:/Xilinx/Vivado/projects-ps/JMP_Predict_CPU/JMP_Predict_CPU.srcs/sources_1/new/IFID.v" into library xil_defaultlib
INFO: [VRFC 10-311] analyzing module IFID
INFO: [VRFC 10-2263] Analyzing Verilog file "D:/Xilinx/Vivado/projects-ps/JMP_Predict_CPU/JMP_Predict_CPU.srcs/sources_1/new/MEMWB.v" into library xil_defaultlib
INFO: [VRFC 10-311] analyzing module MEMWB
INFO: [VRFC 10-2263] Analyzing Verilog file "D:/Xilinx/Vivado/projects-ps/JMP_Predict_CPU/JMP_Predict_CPU.srcs/sources_1/new/PC.v" into library xil_defaultlib
INFO: [VRFC 10-311] analyzing module PC
INFO: [VRFC 10-2263] Analyzing Verilog file "D:/Xilinx/Vivado/projects-ps/JMP_Predict_CPU/JMP_Predict_CPU.srcs/sources_1/new/RegFile.v" into library xil_defaultlib
INFO: [VRFC 10-311] analyzing module RegFile
INFO: [VRFC 10-2263] Analyzing Verilog file "D:/Xilinx/Vivado/projects-ps/JMP_Predict_CPU/JMP_Predict_CPU.srcs/sim_1/new/sim_cpu.v" into library xil_defaultlib
INFO: [VRFC 10-311] analyzing module sim_cpu
INFO: [USF-XSim-69] 'compile' step finished in '2' seconds
INFO: [USF-XSim-3] XSim::Elaborate design
INFO: [USF-XSim-61] Executing 'ELABORATE' step in 'D:/Xilinx/Vivado/projects-ps/JMP_Predict_CPU/JMP_Predict_CPU.sim/sim_1/behav/xsim'
"xelab --incr --debug typical --relax --mt 2 -L xil_defaultlib -L dist_mem_gen_v8_0_13 -L unisims_ver -L unimacro_ver -L secureip -L xpm --snapshot sim_cpu_behav xil_defaultlib.sim_cpu xil_defaultlib.glbl -log elaborate.log"
Vivado Simulator v2022.1
Copyright 1986-1999, 2001-2022 Xilinx, Inc. All Rights Reserved.
Running: D:/Xilinx/Vivado/2022.1/bin/unwrapped/win64.o/xelab.exe --incr --debug typical --relax --mt 2 -L xil_defaultlib -L dist_mem_gen_v8_0_13 -L unisims_ver -L unimacro_ver -L secureip -L xpm --snapshot sim_cpu_behav xil_defaultlib.sim_cpu xil_defaultlib.glbl -log elaborate.log 
Using 2 slave threads.
Starting static elaboration
Pass Through NonSizing Optimizer
WARNING: [VRFC 10-5021] port 'go' is not connected on this instance [D:/Xilinx/Vivado/projects-ps/JMP_Predict_CPU/JMP_Predict_CPU.srcs/sim_1/new/sim_cpu.v:7]
Completed static elaboration
Starting simulation data flow analysis
Completed simulation data flow analysis
Time Resolution for simulation is 1ps
Compiling module xil_defaultlib.PC
Compiling module xil_defaultlib.BPB_default
Compiling module dist_mem_gen_v8_0_13.dist_mem_gen_v8_0_13(C_FAMILY="a...
Compiling module xil_defaultlib.CS_DRAM
Compiling module xil_defaultlib.IFID
Compiling module xil_defaultlib.BubleDel
Compiling module xil_defaultlib.CU
Compiling module xil_defaultlib.RegFile
Compiling module xil_defaultlib.IDEX
Compiling module xil_defaultlib.ALU
Compiling module xil_defaultlib.EXMEM
Compiling module dist_mem_gen_v8_0_13.dist_mem_gen_v8_0_13(C_FAMILY="a...
Compiling module xil_defaultlib.DS_DRAM
Compiling module xil_defaultlib.MEMWB
Compiling module xil_defaultlib.CPU
Compiling module xil_defaultlib.sim_cpu
Compiling module xil_defaultlib.glbl
Built simulation snapshot sim_cpu_behav
INFO: [USF-XSim-69] 'elaborate' step finished in '5' seconds
INFO: [USF-XSim-4] XSim::Simulate design
WARNING: [USF-XSim-17] WCFG file does not exist:D:/Xilinx/Vivado/projects-ps/JMP_Predict_CPU/sim_cpu_behav.wcfg
WARNING: [USF-XSim-17] WCFG file does not exist:D:/Xilinx/Vivado/projects-ps/JMP_Predict_CPU/sim_cpu_behav.wcfg
INFO: [USF-XSim-61] Executing 'SIMULATE' step in 'D:/Xilinx/Vivado/projects-ps/JMP_Predict_CPU/JMP_Predict_CPU.sim/sim_1/behav/xsim'
INFO: [USF-XSim-98] *** Running xsim
   with args "sim_cpu_behav -key {Behavioral:sim_1:Functional:sim_cpu} -tclbatch {sim_cpu.tcl} -log {simulate.log}"
INFO: [USF-XSim-8] Loading simulator feature
Time resolution is 1 ps
source sim_cpu.tcl
# set curr_wave [current_wave_config]
# if { [string length $curr_wave] == 0 } {
#   if { [llength [get_objects]] > 0} {
#     add_wave /
#     set_property needs_save false [current_wave_config]
#   } else {
#      send_msg_id Add_Wave-1 WARNING "No top level signals found. Simulator will start without a wave window. If you want to open a wave window go to 'File->New Waveform Configuration' or type 'create_wave_config' in the TCL console."
#   }
# }
# log_wave -r /
# run 1540ns
WARNING: This core is supplied with a behavioral model. To model cycle-accurate behavior you must run timing simulation.
WARNING: This core is supplied with a behavioral model. To model cycle-accurate behavior you must run timing simulation.
INFO: [USF-XSim-96] XSim completed. Design snapshot 'sim_cpu_behav' loaded.
INFO: [USF-XSim-97] XSim simulation ran for 1540ns
launch_simulation: Time (s): cpu = 00:00:03 ; elapsed = 00:00:08 . Memory (MB): peak = 2707.449 ; gain = 0.000
update_compile_order -fileset sources_1
set_property is_enabled false [get_files  D:/Xilinx/Vivado/projects-ps/JMP_Predict_CPU/JMP_Predict_CPU.srcs/sources_1/new/BHT.v]
set_property is_enabled false [get_files  D:/Xilinx/Vivado/projects-ps/JMP_Predict_CPU/JMP_Predict_CPU.srcs/sources_1/new/BTB.v]
close_sim
INFO: [Simtcl 6-16] Simulation closed
launch_simulation
Command: launch_simulation 
INFO: [Vivado 12-12493] Simulation top is 'sim_cpu'
WARNING: [Vivado 12-13340] Unable to auto find GCC executables from simulator install path! (path not set)
WARNING: [Vivado 12-13277] Compiled library path does not exist: ''
INFO: [Vivado 12-5698] Checking validity of IPs in the design for the 'XSim' simulator...
INFO: [Runs 36-567] Checking/generating simulation output products for IPs/BDs (if any)...
INFO: [Vivado 12-5682] Launching behavioral simulation in 'D:/Xilinx/Vivado/projects-ps/JMP_Predict_CPU/JMP_Predict_CPU.sim/sim_1/behav/xsim'
INFO: [Vivado 12-4795] Using compiled simulation libraries for IPs
INFO: [SIM-utils-51] Simulation object is 'sim_1'
INFO: [SIM-utils-72] Using boost library from 'D:/Xilinx/Vivado/2022.1/tps/boost_1_72_0'
INFO: [USF-XSim-7] Finding pre-compiled libraries...
INFO: [USF-XSim-11] File 'D:/Xilinx/Vivado/2022.1/data/xsim/xsim.ini' copied to run dir:'D:/Xilinx/Vivado/projects-ps/JMP_Predict_CPU/JMP_Predict_CPU.sim/sim_1/behav/xsim'
INFO: [SIM-utils-54] Inspecting design source files for 'sim_cpu' in fileset 'sim_1'...
INFO: [SIM-utils-43] Exported 'D:/Xilinx/Vivado/projects-ps/JMP_Predict_CPU/JMP_Predict_CPU.sim/sim_1/behav/xsim/CS_DRAM.mif'
INFO: [SIM-utils-43] Exported 'D:/Xilinx/Vivado/projects-ps/JMP_Predict_CPU/JMP_Predict_CPU.sim/sim_1/behav/xsim/benchmark2.coe'
INFO: [SIM-utils-43] Exported 'D:/Xilinx/Vivado/projects-ps/JMP_Predict_CPU/JMP_Predict_CPU.sim/sim_1/behav/xsim/benchmark.coe'
INFO: [SIM-utils-43] Exported 'D:/Xilinx/Vivado/projects-ps/JMP_Predict_CPU/JMP_Predict_CPU.sim/sim_1/behav/xsim/benchmark1.coe'
INFO: [SIM-utils-43] Exported 'D:/Xilinx/Vivado/projects-ps/JMP_Predict_CPU/JMP_Predict_CPU.sim/sim_1/behav/xsim/28_ins_test.coe'
INFO: [SIM-utils-43] Exported 'D:/Xilinx/Vivado/projects-ps/JMP_Predict_CPU/JMP_Predict_CPU.sim/sim_1/behav/xsim/jump.coe'
INFO: [SIM-utils-43] Exported 'D:/Xilinx/Vivado/projects-ps/JMP_Predict_CPU/JMP_Predict_CPU.sim/sim_1/behav/xsim/jump_test.coe'
INFO: [USF-XSim-97] Finding global include files...
INFO: [USF-XSim-98] Fetching design files from 'sim_1'...
INFO: [USF-XSim-2] XSim::Compile design
INFO: [USF-XSim-61] Executing 'COMPILE and ANALYZE' step in 'D:/Xilinx/Vivado/projects-ps/JMP_Predict_CPU/JMP_Predict_CPU.sim/sim_1/behav/xsim'
"xvlog --incr --relax -prj sim_cpu_vlog.prj"
INFO: [VRFC 10-2263] Analyzing Verilog file "D:/Xilinx/Vivado/projects-ps/JMP_Predict_CPU/JMP_Predict_CPU.gen/sources_1/ip/DS_DRAM/sim/DS_DRAM.v" into library xil_defaultlib
INFO: [VRFC 10-311] analyzing module DS_DRAM
INFO: [VRFC 10-2263] Analyzing Verilog file "D:/Xilinx/Vivado/projects-ps/JMP_Predict_CPU/JMP_Predict_CPU.gen/sources_1/ip/CS_DRAM/sim/CS_DRAM.v" into library xil_defaultlib
INFO: [VRFC 10-311] analyzing module CS_DRAM
INFO: [VRFC 10-2263] Analyzing Verilog file "D:/Xilinx/Vivado/projects-ps/JMP_Predict_CPU/JMP_Predict_CPU.srcs/sources_1/new/ALU.v" into library xil_defaultlib
INFO: [VRFC 10-311] analyzing module ALU
INFO: [VRFC 10-2263] Analyzing Verilog file "D:/Xilinx/Vivado/projects-ps/JMP_Predict_CPU/JMP_Predict_CPU.srcs/sources_1/new/BPB.v" into library xil_defaultlib
INFO: [VRFC 10-311] analyzing module BPB
INFO: [VRFC 10-2263] Analyzing Verilog file "D:/Xilinx/Vivado/projects-ps/JMP_Predict_CPU/JMP_Predict_CPU.srcs/sources_1/new/BubleDel.v" into library xil_defaultlib
INFO: [VRFC 10-311] analyzing module BubleDel
INFO: [VRFC 10-2263] Analyzing Verilog file "D:/Xilinx/Vivado/projects-ps/JMP_Predict_CPU/JMP_Predict_CPU.srcs/sources_1/new/CPU.v" into library xil_defaultlib
INFO: [VRFC 10-311] analyzing module CPU
WARNING: [VRFC 10-3248] data object 'Branch' is already declared [D:/Xilinx/Vivado/projects-ps/JMP_Predict_CPU/JMP_Predict_CPU.srcs/sources_1/new/CPU.v:52]
WARNING: [VRFC 10-9364] second declaration of 'Branch' is ignored [D:/Xilinx/Vivado/projects-ps/JMP_Predict_CPU/JMP_Predict_CPU.srcs/sources_1/new/CPU.v:52]
WARNING: [VRFC 10-3380] identifier 'actual_branchtaken' is used before its declaration [D:/Xilinx/Vivado/projects-ps/JMP_Predict_CPU/JMP_Predict_CPU.srcs/sources_1/new/CPU.v:36]
WARNING: [VRFC 10-3380] identifier 'PredictJump' is used before its declaration [D:/Xilinx/Vivado/projects-ps/JMP_Predict_CPU/JMP_Predict_CPU.srcs/sources_1/new/CPU.v:37]
WARNING: [VRFC 10-3380] identifier 'PredictJump_EX' is used before its declaration [D:/Xilinx/Vivado/projects-ps/JMP_Predict_CPU/JMP_Predict_CPU.srcs/sources_1/new/CPU.v:38]
WARNING: [VRFC 10-3380] identifier 'ALU_SRCA' is used before its declaration [D:/Xilinx/Vivado/projects-ps/JMP_Predict_CPU/JMP_Predict_CPU.srcs/sources_1/new/CPU.v:56]
INFO: [VRFC 10-2263] Analyzing Verilog file "D:/Xilinx/Vivado/projects-ps/JMP_Predict_CPU/JMP_Predict_CPU.srcs/sources_1/new/CU.v" into library xil_defaultlib
INFO: [VRFC 10-311] analyzing module CU
INFO: [VRFC 10-2263] Analyzing Verilog file "D:/Xilinx/Vivado/projects-ps/JMP_Predict_CPU/JMP_Predict_CPU.srcs/sources_1/new/EXMEM.v" into library xil_defaultlib
INFO: [VRFC 10-311] analyzing module EXMEM
INFO: [VRFC 10-2263] Analyzing Verilog file "D:/Xilinx/Vivado/projects-ps/JMP_Predict_CPU/JMP_Predict_CPU.srcs/sources_1/new/IDEX.v" into library xil_defaultlib
INFO: [VRFC 10-311] analyzing module IDEX
INFO: [VRFC 10-2263] Analyzing Verilog file "D:/Xilinx/Vivado/projects-ps/JMP_Predict_CPU/JMP_Predict_CPU.srcs/sources_1/new/IFID.v" into library xil_defaultlib
INFO: [VRFC 10-311] analyzing module IFID
INFO: [VRFC 10-2263] Analyzing Verilog file "D:/Xilinx/Vivado/projects-ps/JMP_Predict_CPU/JMP_Predict_CPU.srcs/sources_1/new/MEMWB.v" into library xil_defaultlib
INFO: [VRFC 10-311] analyzing module MEMWB
INFO: [VRFC 10-2263] Analyzing Verilog file "D:/Xilinx/Vivado/projects-ps/JMP_Predict_CPU/JMP_Predict_CPU.srcs/sources_1/new/PC.v" into library xil_defaultlib
INFO: [VRFC 10-311] analyzing module PC
INFO: [VRFC 10-2263] Analyzing Verilog file "D:/Xilinx/Vivado/projects-ps/JMP_Predict_CPU/JMP_Predict_CPU.srcs/sources_1/new/RegFile.v" into library xil_defaultlib
INFO: [VRFC 10-311] analyzing module RegFile
INFO: [VRFC 10-2263] Analyzing Verilog file "D:/Xilinx/Vivado/projects-ps/JMP_Predict_CPU/JMP_Predict_CPU.srcs/sim_1/new/sim_cpu.v" into library xil_defaultlib
INFO: [VRFC 10-311] analyzing module sim_cpu
INFO: [USF-XSim-69] 'compile' step finished in '1' seconds
INFO: [USF-XSim-3] XSim::Elaborate design
INFO: [USF-XSim-61] Executing 'ELABORATE' step in 'D:/Xilinx/Vivado/projects-ps/JMP_Predict_CPU/JMP_Predict_CPU.sim/sim_1/behav/xsim'
"xelab --incr --debug typical --relax --mt 2 -L xil_defaultlib -L dist_mem_gen_v8_0_13 -L unisims_ver -L unimacro_ver -L secureip -L xpm --snapshot sim_cpu_behav xil_defaultlib.sim_cpu xil_defaultlib.glbl -log elaborate.log"
Vivado Simulator v2022.1
Copyright 1986-1999, 2001-2022 Xilinx, Inc. All Rights Reserved.
Running: D:/Xilinx/Vivado/2022.1/bin/unwrapped/win64.o/xelab.exe --incr --debug typical --relax --mt 2 -L xil_defaultlib -L dist_mem_gen_v8_0_13 -L unisims_ver -L unimacro_ver -L secureip -L xpm --snapshot sim_cpu_behav xil_defaultlib.sim_cpu xil_defaultlib.glbl -log elaborate.log 
Using 2 slave threads.
Starting static elaboration
Pass Through NonSizing Optimizer
WARNING: [VRFC 10-5021] port 'go' is not connected on this instance [D:/Xilinx/Vivado/projects-ps/JMP_Predict_CPU/JMP_Predict_CPU.srcs/sim_1/new/sim_cpu.v:7]
Completed static elaboration
Starting simulation data flow analysis
Completed simulation data flow analysis
Time Resolution for simulation is 1ps
Compiling module xil_defaultlib.PC
Compiling module xil_defaultlib.BPB_default
Compiling module dist_mem_gen_v8_0_13.dist_mem_gen_v8_0_13(C_FAMILY="a...
Compiling module xil_defaultlib.CS_DRAM
Compiling module xil_defaultlib.IFID
Compiling module xil_defaultlib.BubleDel
Compiling module xil_defaultlib.CU
Compiling module xil_defaultlib.RegFile
Compiling module xil_defaultlib.IDEX
Compiling module xil_defaultlib.ALU
Compiling module xil_defaultlib.EXMEM
Compiling module dist_mem_gen_v8_0_13.dist_mem_gen_v8_0_13(C_FAMILY="a...
Compiling module xil_defaultlib.DS_DRAM
Compiling module xil_defaultlib.MEMWB
Compiling module xil_defaultlib.CPU
Compiling module xil_defaultlib.sim_cpu
Compiling module xil_defaultlib.glbl
Built simulation snapshot sim_cpu_behav
INFO: [USF-XSim-69] 'elaborate' step finished in '5' seconds
INFO: [USF-XSim-4] XSim::Simulate design
WARNING: [USF-XSim-17] WCFG file does not exist:D:/Xilinx/Vivado/projects-ps/JMP_Predict_CPU/sim_cpu_behav.wcfg
WARNING: [USF-XSim-17] WCFG file does not exist:D:/Xilinx/Vivado/projects-ps/JMP_Predict_CPU/sim_cpu_behav.wcfg
INFO: [USF-XSim-61] Executing 'SIMULATE' step in 'D:/Xilinx/Vivado/projects-ps/JMP_Predict_CPU/JMP_Predict_CPU.sim/sim_1/behav/xsim'
INFO: [USF-XSim-98] *** Running xsim
   with args "sim_cpu_behav -key {Behavioral:sim_1:Functional:sim_cpu} -tclbatch {sim_cpu.tcl} -log {simulate.log}"
INFO: [USF-XSim-8] Loading simulator feature
Time resolution is 1 ps
source sim_cpu.tcl
# set curr_wave [current_wave_config]
# if { [string length $curr_wave] == 0 } {
#   if { [llength [get_objects]] > 0} {
#     add_wave /
#     set_property needs_save false [current_wave_config]
#   } else {
#      send_msg_id Add_Wave-1 WARNING "No top level signals found. Simulator will start without a wave window. If you want to open a wave window go to 'File->New Waveform Configuration' or type 'create_wave_config' in the TCL console."
#   }
# }
# log_wave -r /
# run 1540ns
WARNING: This core is supplied with a behavioral model. To model cycle-accurate behavior you must run timing simulation.
WARNING: This core is supplied with a behavioral model. To model cycle-accurate behavior you must run timing simulation.
INFO: [USF-XSim-96] XSim completed. Design snapshot 'sim_cpu_behav' loaded.
INFO: [USF-XSim-97] XSim simulation ran for 1540ns
launch_simulation: Time (s): cpu = 00:00:02 ; elapsed = 00:00:08 . Memory (MB): peak = 2707.449 ; gain = 0.000
close_sim
INFO: [Simtcl 6-16] Simulation closed
launch_simulation
Command: launch_simulation 
INFO: [Vivado 12-12493] Simulation top is 'sim_cpu'
WARNING: [Vivado 12-13340] Unable to auto find GCC executables from simulator install path! (path not set)
WARNING: [Vivado 12-13277] Compiled library path does not exist: ''
INFO: [Vivado 12-5698] Checking validity of IPs in the design for the 'XSim' simulator...
INFO: [Runs 36-567] Checking/generating simulation output products for IPs/BDs (if any)...
INFO: [Vivado 12-5682] Launching behavioral simulation in 'D:/Xilinx/Vivado/projects-ps/JMP_Predict_CPU/JMP_Predict_CPU.sim/sim_1/behav/xsim'
INFO: [Vivado 12-4795] Using compiled simulation libraries for IPs
INFO: [SIM-utils-51] Simulation object is 'sim_1'
INFO: [SIM-utils-72] Using boost library from 'D:/Xilinx/Vivado/2022.1/tps/boost_1_72_0'
INFO: [USF-XSim-7] Finding pre-compiled libraries...
INFO: [USF-XSim-11] File 'D:/Xilinx/Vivado/2022.1/data/xsim/xsim.ini' copied to run dir:'D:/Xilinx/Vivado/projects-ps/JMP_Predict_CPU/JMP_Predict_CPU.sim/sim_1/behav/xsim'
INFO: [SIM-utils-54] Inspecting design source files for 'sim_cpu' in fileset 'sim_1'...
INFO: [SIM-utils-43] Exported 'D:/Xilinx/Vivado/projects-ps/JMP_Predict_CPU/JMP_Predict_CPU.sim/sim_1/behav/xsim/CS_DRAM.mif'
INFO: [SIM-utils-43] Exported 'D:/Xilinx/Vivado/projects-ps/JMP_Predict_CPU/JMP_Predict_CPU.sim/sim_1/behav/xsim/benchmark2.coe'
INFO: [SIM-utils-43] Exported 'D:/Xilinx/Vivado/projects-ps/JMP_Predict_CPU/JMP_Predict_CPU.sim/sim_1/behav/xsim/benchmark.coe'
INFO: [SIM-utils-43] Exported 'D:/Xilinx/Vivado/projects-ps/JMP_Predict_CPU/JMP_Predict_CPU.sim/sim_1/behav/xsim/benchmark1.coe'
INFO: [SIM-utils-43] Exported 'D:/Xilinx/Vivado/projects-ps/JMP_Predict_CPU/JMP_Predict_CPU.sim/sim_1/behav/xsim/28_ins_test.coe'
INFO: [SIM-utils-43] Exported 'D:/Xilinx/Vivado/projects-ps/JMP_Predict_CPU/JMP_Predict_CPU.sim/sim_1/behav/xsim/jump.coe'
INFO: [SIM-utils-43] Exported 'D:/Xilinx/Vivado/projects-ps/JMP_Predict_CPU/JMP_Predict_CPU.sim/sim_1/behav/xsim/jump_test.coe'
INFO: [USF-XSim-97] Finding global include files...
INFO: [USF-XSim-98] Fetching design files from 'sim_1'...
INFO: [USF-XSim-2] XSim::Compile design
INFO: [USF-XSim-61] Executing 'COMPILE and ANALYZE' step in 'D:/Xilinx/Vivado/projects-ps/JMP_Predict_CPU/JMP_Predict_CPU.sim/sim_1/behav/xsim'
"xvlog --incr --relax -prj sim_cpu_vlog.prj"
INFO: [VRFC 10-2263] Analyzing Verilog file "D:/Xilinx/Vivado/projects-ps/JMP_Predict_CPU/JMP_Predict_CPU.gen/sources_1/ip/DS_DRAM/sim/DS_DRAM.v" into library xil_defaultlib
INFO: [VRFC 10-311] analyzing module DS_DRAM
INFO: [VRFC 10-2263] Analyzing Verilog file "D:/Xilinx/Vivado/projects-ps/JMP_Predict_CPU/JMP_Predict_CPU.gen/sources_1/ip/CS_DRAM/sim/CS_DRAM.v" into library xil_defaultlib
INFO: [VRFC 10-311] analyzing module CS_DRAM
INFO: [VRFC 10-2263] Analyzing Verilog file "D:/Xilinx/Vivado/projects-ps/JMP_Predict_CPU/JMP_Predict_CPU.srcs/sources_1/new/ALU.v" into library xil_defaultlib
INFO: [VRFC 10-311] analyzing module ALU
INFO: [VRFC 10-2263] Analyzing Verilog file "D:/Xilinx/Vivado/projects-ps/JMP_Predict_CPU/JMP_Predict_CPU.srcs/sources_1/new/BPB.v" into library xil_defaultlib
INFO: [VRFC 10-311] analyzing module BPB
INFO: [VRFC 10-2263] Analyzing Verilog file "D:/Xilinx/Vivado/projects-ps/JMP_Predict_CPU/JMP_Predict_CPU.srcs/sources_1/new/BubleDel.v" into library xil_defaultlib
INFO: [VRFC 10-311] analyzing module BubleDel
INFO: [VRFC 10-2263] Analyzing Verilog file "D:/Xilinx/Vivado/projects-ps/JMP_Predict_CPU/JMP_Predict_CPU.srcs/sources_1/new/CPU.v" into library xil_defaultlib
INFO: [VRFC 10-311] analyzing module CPU
WARNING: [VRFC 10-3248] data object 'Branch' is already declared [D:/Xilinx/Vivado/projects-ps/JMP_Predict_CPU/JMP_Predict_CPU.srcs/sources_1/new/CPU.v:52]
WARNING: [VRFC 10-9364] second declaration of 'Branch' is ignored [D:/Xilinx/Vivado/projects-ps/JMP_Predict_CPU/JMP_Predict_CPU.srcs/sources_1/new/CPU.v:52]
WARNING: [VRFC 10-3380] identifier 'actual_branchtaken' is used before its declaration [D:/Xilinx/Vivado/projects-ps/JMP_Predict_CPU/JMP_Predict_CPU.srcs/sources_1/new/CPU.v:36]
WARNING: [VRFC 10-3380] identifier 'PredictJump' is used before its declaration [D:/Xilinx/Vivado/projects-ps/JMP_Predict_CPU/JMP_Predict_CPU.srcs/sources_1/new/CPU.v:37]
WARNING: [VRFC 10-3380] identifier 'PredictJump_EX' is used before its declaration [D:/Xilinx/Vivado/projects-ps/JMP_Predict_CPU/JMP_Predict_CPU.srcs/sources_1/new/CPU.v:38]
WARNING: [VRFC 10-3380] identifier 'ALU_SRCA' is used before its declaration [D:/Xilinx/Vivado/projects-ps/JMP_Predict_CPU/JMP_Predict_CPU.srcs/sources_1/new/CPU.v:56]
INFO: [VRFC 10-2263] Analyzing Verilog file "D:/Xilinx/Vivado/projects-ps/JMP_Predict_CPU/JMP_Predict_CPU.srcs/sources_1/new/CU.v" into library xil_defaultlib
INFO: [VRFC 10-311] analyzing module CU
INFO: [VRFC 10-2263] Analyzing Verilog file "D:/Xilinx/Vivado/projects-ps/JMP_Predict_CPU/JMP_Predict_CPU.srcs/sources_1/new/EXMEM.v" into library xil_defaultlib
INFO: [VRFC 10-311] analyzing module EXMEM
INFO: [VRFC 10-2263] Analyzing Verilog file "D:/Xilinx/Vivado/projects-ps/JMP_Predict_CPU/JMP_Predict_CPU.srcs/sources_1/new/IDEX.v" into library xil_defaultlib
INFO: [VRFC 10-311] analyzing module IDEX
INFO: [VRFC 10-2263] Analyzing Verilog file "D:/Xilinx/Vivado/projects-ps/JMP_Predict_CPU/JMP_Predict_CPU.srcs/sources_1/new/IFID.v" into library xil_defaultlib
INFO: [VRFC 10-311] analyzing module IFID
INFO: [VRFC 10-2263] Analyzing Verilog file "D:/Xilinx/Vivado/projects-ps/JMP_Predict_CPU/JMP_Predict_CPU.srcs/sources_1/new/MEMWB.v" into library xil_defaultlib
INFO: [VRFC 10-311] analyzing module MEMWB
INFO: [VRFC 10-2263] Analyzing Verilog file "D:/Xilinx/Vivado/projects-ps/JMP_Predict_CPU/JMP_Predict_CPU.srcs/sources_1/new/PC.v" into library xil_defaultlib
INFO: [VRFC 10-311] analyzing module PC
INFO: [VRFC 10-2263] Analyzing Verilog file "D:/Xilinx/Vivado/projects-ps/JMP_Predict_CPU/JMP_Predict_CPU.srcs/sources_1/new/RegFile.v" into library xil_defaultlib
INFO: [VRFC 10-311] analyzing module RegFile
INFO: [VRFC 10-2263] Analyzing Verilog file "D:/Xilinx/Vivado/projects-ps/JMP_Predict_CPU/JMP_Predict_CPU.srcs/sim_1/new/sim_cpu.v" into library xil_defaultlib
INFO: [VRFC 10-311] analyzing module sim_cpu
INFO: [USF-XSim-69] 'compile' step finished in '1' seconds
INFO: [USF-XSim-3] XSim::Elaborate design
INFO: [USF-XSim-61] Executing 'ELABORATE' step in 'D:/Xilinx/Vivado/projects-ps/JMP_Predict_CPU/JMP_Predict_CPU.sim/sim_1/behav/xsim'
"xelab --incr --debug typical --relax --mt 2 -L xil_defaultlib -L dist_mem_gen_v8_0_13 -L unisims_ver -L unimacro_ver -L secureip -L xpm --snapshot sim_cpu_behav xil_defaultlib.sim_cpu xil_defaultlib.glbl -log elaborate.log"
Vivado Simulator v2022.1
Copyright 1986-1999, 2001-2022 Xilinx, Inc. All Rights Reserved.
Running: D:/Xilinx/Vivado/2022.1/bin/unwrapped/win64.o/xelab.exe --incr --debug typical --relax --mt 2 -L xil_defaultlib -L dist_mem_gen_v8_0_13 -L unisims_ver -L unimacro_ver -L secureip -L xpm --snapshot sim_cpu_behav xil_defaultlib.sim_cpu xil_defaultlib.glbl -log elaborate.log 
Using 2 slave threads.
Starting static elaboration
Pass Through NonSizing Optimizer
WARNING: [VRFC 10-5021] port 'go' is not connected on this instance [D:/Xilinx/Vivado/projects-ps/JMP_Predict_CPU/JMP_Predict_CPU.srcs/sim_1/new/sim_cpu.v:7]
Completed static elaboration
Starting simulation data flow analysis
Completed simulation data flow analysis
Time Resolution for simulation is 1ps
Compiling module xil_defaultlib.PC
Compiling module xil_defaultlib.BPB_default
Compiling module dist_mem_gen_v8_0_13.dist_mem_gen_v8_0_13(C_FAMILY="a...
Compiling module xil_defaultlib.CS_DRAM
Compiling module xil_defaultlib.IFID
Compiling module xil_defaultlib.BubleDel
Compiling module xil_defaultlib.CU
Compiling module xil_defaultlib.RegFile
Compiling module xil_defaultlib.IDEX
Compiling module xil_defaultlib.ALU
Compiling module xil_defaultlib.EXMEM
Compiling module dist_mem_gen_v8_0_13.dist_mem_gen_v8_0_13(C_FAMILY="a...
Compiling module xil_defaultlib.DS_DRAM
Compiling module xil_defaultlib.MEMWB
Compiling module xil_defaultlib.CPU
Compiling module xil_defaultlib.sim_cpu
Compiling module xil_defaultlib.glbl
Built simulation snapshot sim_cpu_behav
INFO: [USF-XSim-69] 'elaborate' step finished in '4' seconds
INFO: [USF-XSim-4] XSim::Simulate design
WARNING: [USF-XSim-17] WCFG file does not exist:D:/Xilinx/Vivado/projects-ps/JMP_Predict_CPU/sim_cpu_behav.wcfg
WARNING: [USF-XSim-17] WCFG file does not exist:D:/Xilinx/Vivado/projects-ps/JMP_Predict_CPU/sim_cpu_behav.wcfg
INFO: [USF-XSim-61] Executing 'SIMULATE' step in 'D:/Xilinx/Vivado/projects-ps/JMP_Predict_CPU/JMP_Predict_CPU.sim/sim_1/behav/xsim'
INFO: [USF-XSim-98] *** Running xsim
   with args "sim_cpu_behav -key {Behavioral:sim_1:Functional:sim_cpu} -tclbatch {sim_cpu.tcl} -log {simulate.log}"
INFO: [USF-XSim-8] Loading simulator feature
Time resolution is 1 ps
source sim_cpu.tcl
# set curr_wave [current_wave_config]
# if { [string length $curr_wave] == 0 } {
#   if { [llength [get_objects]] > 0} {
#     add_wave /
#     set_property needs_save false [current_wave_config]
#   } else {
#      send_msg_id Add_Wave-1 WARNING "No top level signals found. Simulator will start without a wave window. If you want to open a wave window go to 'File->New Waveform Configuration' or type 'create_wave_config' in the TCL console."
#   }
# }
# log_wave -r /
# run 1540ns
WARNING: This core is supplied with a behavioral model. To model cycle-accurate behavior you must run timing simulation.
WARNING: This core is supplied with a behavioral model. To model cycle-accurate behavior you must run timing simulation.
INFO: [USF-XSim-96] XSim completed. Design snapshot 'sim_cpu_behav' loaded.
INFO: [USF-XSim-97] XSim simulation ran for 1540ns
launch_simulation: Time (s): cpu = 00:00:02 ; elapsed = 00:00:08 . Memory (MB): peak = 2707.449 ; gain = 0.000
close_sim
INFO: [Simtcl 6-16] Simulation closed
launch_simulation
Command: launch_simulation 
INFO: [Vivado 12-12493] Simulation top is 'sim_cpu'
WARNING: [Vivado 12-13340] Unable to auto find GCC executables from simulator install path! (path not set)
WARNING: [Vivado 12-13277] Compiled library path does not exist: ''
INFO: [Vivado 12-5698] Checking validity of IPs in the design for the 'XSim' simulator...
INFO: [Runs 36-567] Checking/generating simulation output products for IPs/BDs (if any)...
INFO: [Vivado 12-5682] Launching behavioral simulation in 'D:/Xilinx/Vivado/projects-ps/JMP_Predict_CPU/JMP_Predict_CPU.sim/sim_1/behav/xsim'
INFO: [Vivado 12-4795] Using compiled simulation libraries for IPs
INFO: [SIM-utils-51] Simulation object is 'sim_1'
INFO: [SIM-utils-72] Using boost library from 'D:/Xilinx/Vivado/2022.1/tps/boost_1_72_0'
INFO: [USF-XSim-7] Finding pre-compiled libraries...
INFO: [USF-XSim-11] File 'D:/Xilinx/Vivado/2022.1/data/xsim/xsim.ini' copied to run dir:'D:/Xilinx/Vivado/projects-ps/JMP_Predict_CPU/JMP_Predict_CPU.sim/sim_1/behav/xsim'
INFO: [SIM-utils-54] Inspecting design source files for 'sim_cpu' in fileset 'sim_1'...
INFO: [SIM-utils-43] Exported 'D:/Xilinx/Vivado/projects-ps/JMP_Predict_CPU/JMP_Predict_CPU.sim/sim_1/behav/xsim/CS_DRAM.mif'
INFO: [SIM-utils-43] Exported 'D:/Xilinx/Vivado/projects-ps/JMP_Predict_CPU/JMP_Predict_CPU.sim/sim_1/behav/xsim/benchmark2.coe'
INFO: [SIM-utils-43] Exported 'D:/Xilinx/Vivado/projects-ps/JMP_Predict_CPU/JMP_Predict_CPU.sim/sim_1/behav/xsim/benchmark.coe'
INFO: [SIM-utils-43] Exported 'D:/Xilinx/Vivado/projects-ps/JMP_Predict_CPU/JMP_Predict_CPU.sim/sim_1/behav/xsim/benchmark1.coe'
INFO: [SIM-utils-43] Exported 'D:/Xilinx/Vivado/projects-ps/JMP_Predict_CPU/JMP_Predict_CPU.sim/sim_1/behav/xsim/28_ins_test.coe'
INFO: [SIM-utils-43] Exported 'D:/Xilinx/Vivado/projects-ps/JMP_Predict_CPU/JMP_Predict_CPU.sim/sim_1/behav/xsim/jump.coe'
INFO: [SIM-utils-43] Exported 'D:/Xilinx/Vivado/projects-ps/JMP_Predict_CPU/JMP_Predict_CPU.sim/sim_1/behav/xsim/jump_test.coe'
INFO: [USF-XSim-97] Finding global include files...
INFO: [USF-XSim-98] Fetching design files from 'sim_1'...
INFO: [USF-XSim-2] XSim::Compile design
INFO: [USF-XSim-61] Executing 'COMPILE and ANALYZE' step in 'D:/Xilinx/Vivado/projects-ps/JMP_Predict_CPU/JMP_Predict_CPU.sim/sim_1/behav/xsim'
"xvlog --incr --relax -prj sim_cpu_vlog.prj"
INFO: [VRFC 10-2263] Analyzing Verilog file "D:/Xilinx/Vivado/projects-ps/JMP_Predict_CPU/JMP_Predict_CPU.gen/sources_1/ip/DS_DRAM/sim/DS_DRAM.v" into library xil_defaultlib
INFO: [VRFC 10-311] analyzing module DS_DRAM
INFO: [VRFC 10-2263] Analyzing Verilog file "D:/Xilinx/Vivado/projects-ps/JMP_Predict_CPU/JMP_Predict_CPU.gen/sources_1/ip/CS_DRAM/sim/CS_DRAM.v" into library xil_defaultlib
INFO: [VRFC 10-311] analyzing module CS_DRAM
INFO: [VRFC 10-2263] Analyzing Verilog file "D:/Xilinx/Vivado/projects-ps/JMP_Predict_CPU/JMP_Predict_CPU.srcs/sources_1/new/ALU.v" into library xil_defaultlib
INFO: [VRFC 10-311] analyzing module ALU
INFO: [VRFC 10-2263] Analyzing Verilog file "D:/Xilinx/Vivado/projects-ps/JMP_Predict_CPU/JMP_Predict_CPU.srcs/sources_1/new/BPB.v" into library xil_defaultlib
INFO: [VRFC 10-311] analyzing module BPB
INFO: [VRFC 10-2263] Analyzing Verilog file "D:/Xilinx/Vivado/projects-ps/JMP_Predict_CPU/JMP_Predict_CPU.srcs/sources_1/new/BubleDel.v" into library xil_defaultlib
INFO: [VRFC 10-311] analyzing module BubleDel
INFO: [VRFC 10-2263] Analyzing Verilog file "D:/Xilinx/Vivado/projects-ps/JMP_Predict_CPU/JMP_Predict_CPU.srcs/sources_1/new/CPU.v" into library xil_defaultlib
INFO: [VRFC 10-311] analyzing module CPU
WARNING: [VRFC 10-3248] data object 'Branch' is already declared [D:/Xilinx/Vivado/projects-ps/JMP_Predict_CPU/JMP_Predict_CPU.srcs/sources_1/new/CPU.v:52]
WARNING: [VRFC 10-9364] second declaration of 'Branch' is ignored [D:/Xilinx/Vivado/projects-ps/JMP_Predict_CPU/JMP_Predict_CPU.srcs/sources_1/new/CPU.v:52]
WARNING: [VRFC 10-3380] identifier 'actual_branchtaken' is used before its declaration [D:/Xilinx/Vivado/projects-ps/JMP_Predict_CPU/JMP_Predict_CPU.srcs/sources_1/new/CPU.v:36]
WARNING: [VRFC 10-3380] identifier 'PredictJump' is used before its declaration [D:/Xilinx/Vivado/projects-ps/JMP_Predict_CPU/JMP_Predict_CPU.srcs/sources_1/new/CPU.v:37]
WARNING: [VRFC 10-3380] identifier 'PredictJump_EX' is used before its declaration [D:/Xilinx/Vivado/projects-ps/JMP_Predict_CPU/JMP_Predict_CPU.srcs/sources_1/new/CPU.v:38]
WARNING: [VRFC 10-3380] identifier 'ALU_SRCA' is used before its declaration [D:/Xilinx/Vivado/projects-ps/JMP_Predict_CPU/JMP_Predict_CPU.srcs/sources_1/new/CPU.v:56]
INFO: [VRFC 10-2263] Analyzing Verilog file "D:/Xilinx/Vivado/projects-ps/JMP_Predict_CPU/JMP_Predict_CPU.srcs/sources_1/new/CU.v" into library xil_defaultlib
INFO: [VRFC 10-311] analyzing module CU
INFO: [VRFC 10-2263] Analyzing Verilog file "D:/Xilinx/Vivado/projects-ps/JMP_Predict_CPU/JMP_Predict_CPU.srcs/sources_1/new/EXMEM.v" into library xil_defaultlib
INFO: [VRFC 10-311] analyzing module EXMEM
INFO: [VRFC 10-2263] Analyzing Verilog file "D:/Xilinx/Vivado/projects-ps/JMP_Predict_CPU/JMP_Predict_CPU.srcs/sources_1/new/IDEX.v" into library xil_defaultlib
INFO: [VRFC 10-311] analyzing module IDEX
INFO: [VRFC 10-2263] Analyzing Verilog file "D:/Xilinx/Vivado/projects-ps/JMP_Predict_CPU/JMP_Predict_CPU.srcs/sources_1/new/IFID.v" into library xil_defaultlib
INFO: [VRFC 10-311] analyzing module IFID
INFO: [VRFC 10-2263] Analyzing Verilog file "D:/Xilinx/Vivado/projects-ps/JMP_Predict_CPU/JMP_Predict_CPU.srcs/sources_1/new/MEMWB.v" into library xil_defaultlib
INFO: [VRFC 10-311] analyzing module MEMWB
INFO: [VRFC 10-2263] Analyzing Verilog file "D:/Xilinx/Vivado/projects-ps/JMP_Predict_CPU/JMP_Predict_CPU.srcs/sources_1/new/PC.v" into library xil_defaultlib
INFO: [VRFC 10-311] analyzing module PC
INFO: [VRFC 10-2263] Analyzing Verilog file "D:/Xilinx/Vivado/projects-ps/JMP_Predict_CPU/JMP_Predict_CPU.srcs/sources_1/new/RegFile.v" into library xil_defaultlib
INFO: [VRFC 10-311] analyzing module RegFile
INFO: [VRFC 10-2263] Analyzing Verilog file "D:/Xilinx/Vivado/projects-ps/JMP_Predict_CPU/JMP_Predict_CPU.srcs/sim_1/new/sim_cpu.v" into library xil_defaultlib
INFO: [VRFC 10-311] analyzing module sim_cpu
INFO: [USF-XSim-69] 'compile' step finished in '2' seconds
INFO: [USF-XSim-3] XSim::Elaborate design
INFO: [USF-XSim-61] Executing 'ELABORATE' step in 'D:/Xilinx/Vivado/projects-ps/JMP_Predict_CPU/JMP_Predict_CPU.sim/sim_1/behav/xsim'
"xelab --incr --debug typical --relax --mt 2 -L xil_defaultlib -L dist_mem_gen_v8_0_13 -L unisims_ver -L unimacro_ver -L secureip -L xpm --snapshot sim_cpu_behav xil_defaultlib.sim_cpu xil_defaultlib.glbl -log elaborate.log"
Vivado Simulator v2022.1
Copyright 1986-1999, 2001-2022 Xilinx, Inc. All Rights Reserved.
Running: D:/Xilinx/Vivado/2022.1/bin/unwrapped/win64.o/xelab.exe --incr --debug typical --relax --mt 2 -L xil_defaultlib -L dist_mem_gen_v8_0_13 -L unisims_ver -L unimacro_ver -L secureip -L xpm --snapshot sim_cpu_behav xil_defaultlib.sim_cpu xil_defaultlib.glbl -log elaborate.log 
Using 2 slave threads.
Starting static elaboration
Pass Through NonSizing Optimizer
WARNING: [VRFC 10-5021] port 'go' is not connected on this instance [D:/Xilinx/Vivado/projects-ps/JMP_Predict_CPU/JMP_Predict_CPU.srcs/sim_1/new/sim_cpu.v:7]
Completed static elaboration
Starting simulation data flow analysis
Completed simulation data flow analysis
Time Resolution for simulation is 1ps
Compiling module xil_defaultlib.PC
Compiling module xil_defaultlib.BPB_default
Compiling module dist_mem_gen_v8_0_13.dist_mem_gen_v8_0_13(C_FAMILY="a...
Compiling module xil_defaultlib.CS_DRAM
Compiling module xil_defaultlib.IFID
Compiling module xil_defaultlib.BubleDel
Compiling module xil_defaultlib.CU
Compiling module xil_defaultlib.RegFile
Compiling module xil_defaultlib.IDEX
Compiling module xil_defaultlib.ALU
Compiling module xil_defaultlib.EXMEM
Compiling module dist_mem_gen_v8_0_13.dist_mem_gen_v8_0_13(C_FAMILY="a...
Compiling module xil_defaultlib.DS_DRAM
Compiling module xil_defaultlib.MEMWB
Compiling module xil_defaultlib.CPU
Compiling module xil_defaultlib.sim_cpu
Compiling module xil_defaultlib.glbl
Built simulation snapshot sim_cpu_behav
INFO: [USF-XSim-69] 'elaborate' step finished in '4' seconds
INFO: [USF-XSim-4] XSim::Simulate design
WARNING: [USF-XSim-17] WCFG file does not exist:D:/Xilinx/Vivado/projects-ps/JMP_Predict_CPU/sim_cpu_behav.wcfg
WARNING: [USF-XSim-17] WCFG file does not exist:D:/Xilinx/Vivado/projects-ps/JMP_Predict_CPU/sim_cpu_behav.wcfg
INFO: [USF-XSim-61] Executing 'SIMULATE' step in 'D:/Xilinx/Vivado/projects-ps/JMP_Predict_CPU/JMP_Predict_CPU.sim/sim_1/behav/xsim'
INFO: [USF-XSim-98] *** Running xsim
   with args "sim_cpu_behav -key {Behavioral:sim_1:Functional:sim_cpu} -tclbatch {sim_cpu.tcl} -log {simulate.log}"
INFO: [USF-XSim-8] Loading simulator feature
Time resolution is 1 ps
source sim_cpu.tcl
# set curr_wave [current_wave_config]
# if { [string length $curr_wave] == 0 } {
#   if { [llength [get_objects]] > 0} {
#     add_wave /
#     set_property needs_save false [current_wave_config]
#   } else {
#      send_msg_id Add_Wave-1 WARNING "No top level signals found. Simulator will start without a wave window. If you want to open a wave window go to 'File->New Waveform Configuration' or type 'create_wave_config' in the TCL console."
#   }
# }
# log_wave -r /
# run 1540ns
WARNING: This core is supplied with a behavioral model. To model cycle-accurate behavior you must run timing simulation.
WARNING: This core is supplied with a behavioral model. To model cycle-accurate behavior you must run timing simulation.
INFO: [USF-XSim-96] XSim completed. Design snapshot 'sim_cpu_behav' loaded.
INFO: [USF-XSim-97] XSim simulation ran for 1540ns
launch_simulation: Time (s): cpu = 00:00:02 ; elapsed = 00:00:08 . Memory (MB): peak = 2707.449 ; gain = 0.000
close_sim
INFO: [Simtcl 6-16] Simulation closed
launch_simulation
Command: launch_simulation 
INFO: [Vivado 12-12493] Simulation top is 'sim_cpu'
WARNING: [Vivado 12-13340] Unable to auto find GCC executables from simulator install path! (path not set)
WARNING: [Vivado 12-13277] Compiled library path does not exist: ''
INFO: [Vivado 12-5698] Checking validity of IPs in the design for the 'XSim' simulator...
INFO: [Runs 36-567] Checking/generating simulation output products for IPs/BDs (if any)...
INFO: [Vivado 12-5682] Launching behavioral simulation in 'D:/Xilinx/Vivado/projects-ps/JMP_Predict_CPU/JMP_Predict_CPU.sim/sim_1/behav/xsim'
INFO: [Vivado 12-4795] Using compiled simulation libraries for IPs
INFO: [SIM-utils-51] Simulation object is 'sim_1'
INFO: [SIM-utils-72] Using boost library from 'D:/Xilinx/Vivado/2022.1/tps/boost_1_72_0'
INFO: [USF-XSim-7] Finding pre-compiled libraries...
INFO: [USF-XSim-11] File 'D:/Xilinx/Vivado/2022.1/data/xsim/xsim.ini' copied to run dir:'D:/Xilinx/Vivado/projects-ps/JMP_Predict_CPU/JMP_Predict_CPU.sim/sim_1/behav/xsim'
INFO: [SIM-utils-54] Inspecting design source files for 'sim_cpu' in fileset 'sim_1'...
INFO: [SIM-utils-43] Exported 'D:/Xilinx/Vivado/projects-ps/JMP_Predict_CPU/JMP_Predict_CPU.sim/sim_1/behav/xsim/CS_DRAM.mif'
INFO: [SIM-utils-43] Exported 'D:/Xilinx/Vivado/projects-ps/JMP_Predict_CPU/JMP_Predict_CPU.sim/sim_1/behav/xsim/benchmark2.coe'
INFO: [SIM-utils-43] Exported 'D:/Xilinx/Vivado/projects-ps/JMP_Predict_CPU/JMP_Predict_CPU.sim/sim_1/behav/xsim/benchmark.coe'
INFO: [SIM-utils-43] Exported 'D:/Xilinx/Vivado/projects-ps/JMP_Predict_CPU/JMP_Predict_CPU.sim/sim_1/behav/xsim/benchmark1.coe'
INFO: [SIM-utils-43] Exported 'D:/Xilinx/Vivado/projects-ps/JMP_Predict_CPU/JMP_Predict_CPU.sim/sim_1/behav/xsim/28_ins_test.coe'
INFO: [SIM-utils-43] Exported 'D:/Xilinx/Vivado/projects-ps/JMP_Predict_CPU/JMP_Predict_CPU.sim/sim_1/behav/xsim/jump.coe'
INFO: [SIM-utils-43] Exported 'D:/Xilinx/Vivado/projects-ps/JMP_Predict_CPU/JMP_Predict_CPU.sim/sim_1/behav/xsim/jump_test.coe'
INFO: [USF-XSim-97] Finding global include files...
INFO: [USF-XSim-98] Fetching design files from 'sim_1'...
INFO: [USF-XSim-2] XSim::Compile design
INFO: [USF-XSim-61] Executing 'COMPILE and ANALYZE' step in 'D:/Xilinx/Vivado/projects-ps/JMP_Predict_CPU/JMP_Predict_CPU.sim/sim_1/behav/xsim'
"xvlog --incr --relax -prj sim_cpu_vlog.prj"
INFO: [VRFC 10-2263] Analyzing Verilog file "D:/Xilinx/Vivado/projects-ps/JMP_Predict_CPU/JMP_Predict_CPU.gen/sources_1/ip/DS_DRAM/sim/DS_DRAM.v" into library xil_defaultlib
INFO: [VRFC 10-311] analyzing module DS_DRAM
INFO: [VRFC 10-2263] Analyzing Verilog file "D:/Xilinx/Vivado/projects-ps/JMP_Predict_CPU/JMP_Predict_CPU.gen/sources_1/ip/CS_DRAM/sim/CS_DRAM.v" into library xil_defaultlib
INFO: [VRFC 10-311] analyzing module CS_DRAM
INFO: [VRFC 10-2263] Analyzing Verilog file "D:/Xilinx/Vivado/projects-ps/JMP_Predict_CPU/JMP_Predict_CPU.srcs/sources_1/new/ALU.v" into library xil_defaultlib
INFO: [VRFC 10-311] analyzing module ALU
INFO: [VRFC 10-2263] Analyzing Verilog file "D:/Xilinx/Vivado/projects-ps/JMP_Predict_CPU/JMP_Predict_CPU.srcs/sources_1/new/BPB.v" into library xil_defaultlib
INFO: [VRFC 10-311] analyzing module BPB
INFO: [VRFC 10-2263] Analyzing Verilog file "D:/Xilinx/Vivado/projects-ps/JMP_Predict_CPU/JMP_Predict_CPU.srcs/sources_1/new/BubleDel.v" into library xil_defaultlib
INFO: [VRFC 10-311] analyzing module BubleDel
INFO: [VRFC 10-2263] Analyzing Verilog file "D:/Xilinx/Vivado/projects-ps/JMP_Predict_CPU/JMP_Predict_CPU.srcs/sources_1/new/CPU.v" into library xil_defaultlib
INFO: [VRFC 10-311] analyzing module CPU
WARNING: [VRFC 10-3248] data object 'Branch' is already declared [D:/Xilinx/Vivado/projects-ps/JMP_Predict_CPU/JMP_Predict_CPU.srcs/sources_1/new/CPU.v:52]
WARNING: [VRFC 10-9364] second declaration of 'Branch' is ignored [D:/Xilinx/Vivado/projects-ps/JMP_Predict_CPU/JMP_Predict_CPU.srcs/sources_1/new/CPU.v:52]
WARNING: [VRFC 10-3380] identifier 'actual_branchtaken' is used before its declaration [D:/Xilinx/Vivado/projects-ps/JMP_Predict_CPU/JMP_Predict_CPU.srcs/sources_1/new/CPU.v:36]
WARNING: [VRFC 10-3380] identifier 'PredictJump' is used before its declaration [D:/Xilinx/Vivado/projects-ps/JMP_Predict_CPU/JMP_Predict_CPU.srcs/sources_1/new/CPU.v:37]
WARNING: [VRFC 10-3380] identifier 'PredictJump_EX' is used before its declaration [D:/Xilinx/Vivado/projects-ps/JMP_Predict_CPU/JMP_Predict_CPU.srcs/sources_1/new/CPU.v:38]
WARNING: [VRFC 10-3380] identifier 'ALU_SRCA' is used before its declaration [D:/Xilinx/Vivado/projects-ps/JMP_Predict_CPU/JMP_Predict_CPU.srcs/sources_1/new/CPU.v:56]
INFO: [VRFC 10-2263] Analyzing Verilog file "D:/Xilinx/Vivado/projects-ps/JMP_Predict_CPU/JMP_Predict_CPU.srcs/sources_1/new/CU.v" into library xil_defaultlib
INFO: [VRFC 10-311] analyzing module CU
INFO: [VRFC 10-2263] Analyzing Verilog file "D:/Xilinx/Vivado/projects-ps/JMP_Predict_CPU/JMP_Predict_CPU.srcs/sources_1/new/EXMEM.v" into library xil_defaultlib
INFO: [VRFC 10-311] analyzing module EXMEM
INFO: [VRFC 10-2263] Analyzing Verilog file "D:/Xilinx/Vivado/projects-ps/JMP_Predict_CPU/JMP_Predict_CPU.srcs/sources_1/new/IDEX.v" into library xil_defaultlib
INFO: [VRFC 10-311] analyzing module IDEX
INFO: [VRFC 10-2263] Analyzing Verilog file "D:/Xilinx/Vivado/projects-ps/JMP_Predict_CPU/JMP_Predict_CPU.srcs/sources_1/new/IFID.v" into library xil_defaultlib
INFO: [VRFC 10-311] analyzing module IFID
INFO: [VRFC 10-2263] Analyzing Verilog file "D:/Xilinx/Vivado/projects-ps/JMP_Predict_CPU/JMP_Predict_CPU.srcs/sources_1/new/MEMWB.v" into library xil_defaultlib
INFO: [VRFC 10-311] analyzing module MEMWB
INFO: [VRFC 10-2263] Analyzing Verilog file "D:/Xilinx/Vivado/projects-ps/JMP_Predict_CPU/JMP_Predict_CPU.srcs/sources_1/new/PC.v" into library xil_defaultlib
INFO: [VRFC 10-311] analyzing module PC
INFO: [VRFC 10-2263] Analyzing Verilog file "D:/Xilinx/Vivado/projects-ps/JMP_Predict_CPU/JMP_Predict_CPU.srcs/sources_1/new/RegFile.v" into library xil_defaultlib
INFO: [VRFC 10-311] analyzing module RegFile
INFO: [VRFC 10-2263] Analyzing Verilog file "D:/Xilinx/Vivado/projects-ps/JMP_Predict_CPU/JMP_Predict_CPU.srcs/sim_1/new/sim_cpu.v" into library xil_defaultlib
INFO: [VRFC 10-311] analyzing module sim_cpu
INFO: [USF-XSim-69] 'compile' step finished in '2' seconds
INFO: [USF-XSim-3] XSim::Elaborate design
INFO: [USF-XSim-61] Executing 'ELABORATE' step in 'D:/Xilinx/Vivado/projects-ps/JMP_Predict_CPU/JMP_Predict_CPU.sim/sim_1/behav/xsim'
"xelab --incr --debug typical --relax --mt 2 -L xil_defaultlib -L dist_mem_gen_v8_0_13 -L unisims_ver -L unimacro_ver -L secureip -L xpm --snapshot sim_cpu_behav xil_defaultlib.sim_cpu xil_defaultlib.glbl -log elaborate.log"
Vivado Simulator v2022.1
Copyright 1986-1999, 2001-2022 Xilinx, Inc. All Rights Reserved.
Running: D:/Xilinx/Vivado/2022.1/bin/unwrapped/win64.o/xelab.exe --incr --debug typical --relax --mt 2 -L xil_defaultlib -L dist_mem_gen_v8_0_13 -L unisims_ver -L unimacro_ver -L secureip -L xpm --snapshot sim_cpu_behav xil_defaultlib.sim_cpu xil_defaultlib.glbl -log elaborate.log 
Using 2 slave threads.
Starting static elaboration
Pass Through NonSizing Optimizer
WARNING: [VRFC 10-5021] port 'go' is not connected on this instance [D:/Xilinx/Vivado/projects-ps/JMP_Predict_CPU/JMP_Predict_CPU.srcs/sim_1/new/sim_cpu.v:7]
Completed static elaboration
Starting simulation data flow analysis
Completed simulation data flow analysis
Time Resolution for simulation is 1ps
Compiling module xil_defaultlib.PC
Compiling module xil_defaultlib.BPB_default
Compiling module dist_mem_gen_v8_0_13.dist_mem_gen_v8_0_13(C_FAMILY="a...
Compiling module xil_defaultlib.CS_DRAM
Compiling module xil_defaultlib.IFID
Compiling module xil_defaultlib.BubleDel
Compiling module xil_defaultlib.CU
Compiling module xil_defaultlib.RegFile
Compiling module xil_defaultlib.IDEX
Compiling module xil_defaultlib.ALU
Compiling module xil_defaultlib.EXMEM
Compiling module dist_mem_gen_v8_0_13.dist_mem_gen_v8_0_13(C_FAMILY="a...
Compiling module xil_defaultlib.DS_DRAM
Compiling module xil_defaultlib.MEMWB
Compiling module xil_defaultlib.CPU
Compiling module xil_defaultlib.sim_cpu
Compiling module xil_defaultlib.glbl
Built simulation snapshot sim_cpu_behav
INFO: [USF-XSim-69] 'elaborate' step finished in '4' seconds
INFO: [USF-XSim-4] XSim::Simulate design
WARNING: [USF-XSim-17] WCFG file does not exist:D:/Xilinx/Vivado/projects-ps/JMP_Predict_CPU/sim_cpu_behav.wcfg
WARNING: [USF-XSim-17] WCFG file does not exist:D:/Xilinx/Vivado/projects-ps/JMP_Predict_CPU/sim_cpu_behav.wcfg
INFO: [USF-XSim-61] Executing 'SIMULATE' step in 'D:/Xilinx/Vivado/projects-ps/JMP_Predict_CPU/JMP_Predict_CPU.sim/sim_1/behav/xsim'
INFO: [USF-XSim-98] *** Running xsim
   with args "sim_cpu_behav -key {Behavioral:sim_1:Functional:sim_cpu} -tclbatch {sim_cpu.tcl} -log {simulate.log}"
INFO: [USF-XSim-8] Loading simulator feature
Time resolution is 1 ps
source sim_cpu.tcl
# set curr_wave [current_wave_config]
# if { [string length $curr_wave] == 0 } {
#   if { [llength [get_objects]] > 0} {
#     add_wave /
#     set_property needs_save false [current_wave_config]
#   } else {
#      send_msg_id Add_Wave-1 WARNING "No top level signals found. Simulator will start without a wave window. If you want to open a wave window go to 'File->New Waveform Configuration' or type 'create_wave_config' in the TCL console."
#   }
# }
# log_wave -r /
# run 1540ns
WARNING: This core is supplied with a behavioral model. To model cycle-accurate behavior you must run timing simulation.
WARNING: This core is supplied with a behavioral model. To model cycle-accurate behavior you must run timing simulation.
WARNING in sim_cpu.CPU_0.CS_0.inst at time                15000 ns: 
Reading from out-of-range address. Max address in sim_cpu.CPU_0.CS_0.inst is        1023
WARNING in sim_cpu.CPU_0.CS_0.inst at time                45000 ns: 
Reading from out-of-range address. Max address in sim_cpu.CPU_0.CS_0.inst is        1023
WARNING in sim_cpu.CPU_0.CS_0.inst at time                75000 ns: 
Reading from out-of-range address. Max address in sim_cpu.CPU_0.CS_0.inst is        1023
WARNING in sim_cpu.CPU_0.CS_0.inst at time               105000 ns: 
Reading from out-of-range address. Max address in sim_cpu.CPU_0.CS_0.inst is        1023
WARNING in sim_cpu.CPU_0.CS_0.inst at time               135000 ns: 
Reading from out-of-range address. Max address in sim_cpu.CPU_0.CS_0.inst is        1023
WARNING in sim_cpu.CPU_0.CS_0.inst at time               165000 ns: 
Reading from out-of-range address. Max address in sim_cpu.CPU_0.CS_0.inst is        1023
INFO: [USF-XSim-96] XSim completed. Design snapshot 'sim_cpu_behav' loaded.
INFO: [USF-XSim-97] XSim simulation ran for 1540ns
launch_simulation: Time (s): cpu = 00:00:03 ; elapsed = 00:00:09 . Memory (MB): peak = 2707.449 ; gain = 0.000
close_sim
INFO: [Simtcl 6-16] Simulation closed
launch_simulation
Command: launch_simulation 
INFO: [Vivado 12-12493] Simulation top is 'sim_cpu'
WARNING: [Vivado 12-13340] Unable to auto find GCC executables from simulator install path! (path not set)
WARNING: [Vivado 12-13277] Compiled library path does not exist: ''
INFO: [Vivado 12-5698] Checking validity of IPs in the design for the 'XSim' simulator...
INFO: [Runs 36-567] Checking/generating simulation output products for IPs/BDs (if any)...
INFO: [Vivado 12-5682] Launching behavioral simulation in 'D:/Xilinx/Vivado/projects-ps/JMP_Predict_CPU/JMP_Predict_CPU.sim/sim_1/behav/xsim'
INFO: [Vivado 12-4795] Using compiled simulation libraries for IPs
INFO: [SIM-utils-51] Simulation object is 'sim_1'
INFO: [SIM-utils-72] Using boost library from 'D:/Xilinx/Vivado/2022.1/tps/boost_1_72_0'
INFO: [USF-XSim-7] Finding pre-compiled libraries...
INFO: [USF-XSim-11] File 'D:/Xilinx/Vivado/2022.1/data/xsim/xsim.ini' copied to run dir:'D:/Xilinx/Vivado/projects-ps/JMP_Predict_CPU/JMP_Predict_CPU.sim/sim_1/behav/xsim'
INFO: [SIM-utils-54] Inspecting design source files for 'sim_cpu' in fileset 'sim_1'...
INFO: [SIM-utils-43] Exported 'D:/Xilinx/Vivado/projects-ps/JMP_Predict_CPU/JMP_Predict_CPU.sim/sim_1/behav/xsim/CS_DRAM.mif'
INFO: [SIM-utils-43] Exported 'D:/Xilinx/Vivado/projects-ps/JMP_Predict_CPU/JMP_Predict_CPU.sim/sim_1/behav/xsim/benchmark2.coe'
INFO: [SIM-utils-43] Exported 'D:/Xilinx/Vivado/projects-ps/JMP_Predict_CPU/JMP_Predict_CPU.sim/sim_1/behav/xsim/benchmark.coe'
INFO: [SIM-utils-43] Exported 'D:/Xilinx/Vivado/projects-ps/JMP_Predict_CPU/JMP_Predict_CPU.sim/sim_1/behav/xsim/benchmark1.coe'
INFO: [SIM-utils-43] Exported 'D:/Xilinx/Vivado/projects-ps/JMP_Predict_CPU/JMP_Predict_CPU.sim/sim_1/behav/xsim/28_ins_test.coe'
INFO: [SIM-utils-43] Exported 'D:/Xilinx/Vivado/projects-ps/JMP_Predict_CPU/JMP_Predict_CPU.sim/sim_1/behav/xsim/jump.coe'
INFO: [SIM-utils-43] Exported 'D:/Xilinx/Vivado/projects-ps/JMP_Predict_CPU/JMP_Predict_CPU.sim/sim_1/behav/xsim/jump_test.coe'
INFO: [USF-XSim-97] Finding global include files...
INFO: [USF-XSim-98] Fetching design files from 'sim_1'...
INFO: [USF-XSim-2] XSim::Compile design
INFO: [USF-XSim-61] Executing 'COMPILE and ANALYZE' step in 'D:/Xilinx/Vivado/projects-ps/JMP_Predict_CPU/JMP_Predict_CPU.sim/sim_1/behav/xsim'
"xvlog --incr --relax -prj sim_cpu_vlog.prj"
INFO: [VRFC 10-2263] Analyzing Verilog file "D:/Xilinx/Vivado/projects-ps/JMP_Predict_CPU/JMP_Predict_CPU.gen/sources_1/ip/DS_DRAM/sim/DS_DRAM.v" into library xil_defaultlib
INFO: [VRFC 10-311] analyzing module DS_DRAM
INFO: [VRFC 10-2263] Analyzing Verilog file "D:/Xilinx/Vivado/projects-ps/JMP_Predict_CPU/JMP_Predict_CPU.gen/sources_1/ip/CS_DRAM/sim/CS_DRAM.v" into library xil_defaultlib
INFO: [VRFC 10-311] analyzing module CS_DRAM
INFO: [VRFC 10-2263] Analyzing Verilog file "D:/Xilinx/Vivado/projects-ps/JMP_Predict_CPU/JMP_Predict_CPU.srcs/sources_1/new/ALU.v" into library xil_defaultlib
INFO: [VRFC 10-311] analyzing module ALU
INFO: [VRFC 10-2263] Analyzing Verilog file "D:/Xilinx/Vivado/projects-ps/JMP_Predict_CPU/JMP_Predict_CPU.srcs/sources_1/new/BPB.v" into library xil_defaultlib
INFO: [VRFC 10-311] analyzing module BPB
INFO: [VRFC 10-2263] Analyzing Verilog file "D:/Xilinx/Vivado/projects-ps/JMP_Predict_CPU/JMP_Predict_CPU.srcs/sources_1/new/BubleDel.v" into library xil_defaultlib
INFO: [VRFC 10-311] analyzing module BubleDel
INFO: [VRFC 10-2263] Analyzing Verilog file "D:/Xilinx/Vivado/projects-ps/JMP_Predict_CPU/JMP_Predict_CPU.srcs/sources_1/new/CPU.v" into library xil_defaultlib
INFO: [VRFC 10-311] analyzing module CPU
WARNING: [VRFC 10-3248] data object 'Branch' is already declared [D:/Xilinx/Vivado/projects-ps/JMP_Predict_CPU/JMP_Predict_CPU.srcs/sources_1/new/CPU.v:52]
WARNING: [VRFC 10-9364] second declaration of 'Branch' is ignored [D:/Xilinx/Vivado/projects-ps/JMP_Predict_CPU/JMP_Predict_CPU.srcs/sources_1/new/CPU.v:52]
WARNING: [VRFC 10-3380] identifier 'actual_branchtaken' is used before its declaration [D:/Xilinx/Vivado/projects-ps/JMP_Predict_CPU/JMP_Predict_CPU.srcs/sources_1/new/CPU.v:36]
WARNING: [VRFC 10-3380] identifier 'PredictJump' is used before its declaration [D:/Xilinx/Vivado/projects-ps/JMP_Predict_CPU/JMP_Predict_CPU.srcs/sources_1/new/CPU.v:37]
WARNING: [VRFC 10-3380] identifier 'PredictJump_EX' is used before its declaration [D:/Xilinx/Vivado/projects-ps/JMP_Predict_CPU/JMP_Predict_CPU.srcs/sources_1/new/CPU.v:38]
WARNING: [VRFC 10-3380] identifier 'ALU_SRCA' is used before its declaration [D:/Xilinx/Vivado/projects-ps/JMP_Predict_CPU/JMP_Predict_CPU.srcs/sources_1/new/CPU.v:56]
INFO: [VRFC 10-2263] Analyzing Verilog file "D:/Xilinx/Vivado/projects-ps/JMP_Predict_CPU/JMP_Predict_CPU.srcs/sources_1/new/CU.v" into library xil_defaultlib
INFO: [VRFC 10-311] analyzing module CU
INFO: [VRFC 10-2263] Analyzing Verilog file "D:/Xilinx/Vivado/projects-ps/JMP_Predict_CPU/JMP_Predict_CPU.srcs/sources_1/new/EXMEM.v" into library xil_defaultlib
INFO: [VRFC 10-311] analyzing module EXMEM
INFO: [VRFC 10-2263] Analyzing Verilog file "D:/Xilinx/Vivado/projects-ps/JMP_Predict_CPU/JMP_Predict_CPU.srcs/sources_1/new/IDEX.v" into library xil_defaultlib
INFO: [VRFC 10-311] analyzing module IDEX
INFO: [VRFC 10-2263] Analyzing Verilog file "D:/Xilinx/Vivado/projects-ps/JMP_Predict_CPU/JMP_Predict_CPU.srcs/sources_1/new/IFID.v" into library xil_defaultlib
INFO: [VRFC 10-311] analyzing module IFID
INFO: [VRFC 10-2263] Analyzing Verilog file "D:/Xilinx/Vivado/projects-ps/JMP_Predict_CPU/JMP_Predict_CPU.srcs/sources_1/new/MEMWB.v" into library xil_defaultlib
INFO: [VRFC 10-311] analyzing module MEMWB
INFO: [VRFC 10-2263] Analyzing Verilog file "D:/Xilinx/Vivado/projects-ps/JMP_Predict_CPU/JMP_Predict_CPU.srcs/sources_1/new/PC.v" into library xil_defaultlib
INFO: [VRFC 10-311] analyzing module PC
INFO: [VRFC 10-2263] Analyzing Verilog file "D:/Xilinx/Vivado/projects-ps/JMP_Predict_CPU/JMP_Predict_CPU.srcs/sources_1/new/RegFile.v" into library xil_defaultlib
INFO: [VRFC 10-311] analyzing module RegFile
INFO: [VRFC 10-2263] Analyzing Verilog file "D:/Xilinx/Vivado/projects-ps/JMP_Predict_CPU/JMP_Predict_CPU.srcs/sim_1/new/sim_cpu.v" into library xil_defaultlib
INFO: [VRFC 10-311] analyzing module sim_cpu
INFO: [USF-XSim-69] 'compile' step finished in '1' seconds
INFO: [USF-XSim-3] XSim::Elaborate design
INFO: [USF-XSim-61] Executing 'ELABORATE' step in 'D:/Xilinx/Vivado/projects-ps/JMP_Predict_CPU/JMP_Predict_CPU.sim/sim_1/behav/xsim'
"xelab --incr --debug typical --relax --mt 2 -L xil_defaultlib -L dist_mem_gen_v8_0_13 -L unisims_ver -L unimacro_ver -L secureip -L xpm --snapshot sim_cpu_behav xil_defaultlib.sim_cpu xil_defaultlib.glbl -log elaborate.log"
Vivado Simulator v2022.1
Copyright 1986-1999, 2001-2022 Xilinx, Inc. All Rights Reserved.
Running: D:/Xilinx/Vivado/2022.1/bin/unwrapped/win64.o/xelab.exe --incr --debug typical --relax --mt 2 -L xil_defaultlib -L dist_mem_gen_v8_0_13 -L unisims_ver -L unimacro_ver -L secureip -L xpm --snapshot sim_cpu_behav xil_defaultlib.sim_cpu xil_defaultlib.glbl -log elaborate.log 
Using 2 slave threads.
Starting static elaboration
Pass Through NonSizing Optimizer
WARNING: [VRFC 10-5021] port 'go' is not connected on this instance [D:/Xilinx/Vivado/projects-ps/JMP_Predict_CPU/JMP_Predict_CPU.srcs/sim_1/new/sim_cpu.v:7]
Completed static elaboration
Starting simulation data flow analysis
Completed simulation data flow analysis
Time Resolution for simulation is 1ps
Compiling module xil_defaultlib.PC
Compiling module xil_defaultlib.BPB_default
Compiling module dist_mem_gen_v8_0_13.dist_mem_gen_v8_0_13(C_FAMILY="a...
Compiling module xil_defaultlib.CS_DRAM
Compiling module xil_defaultlib.IFID
Compiling module xil_defaultlib.BubleDel
Compiling module xil_defaultlib.CU
Compiling module xil_defaultlib.RegFile
Compiling module xil_defaultlib.IDEX
Compiling module xil_defaultlib.ALU
Compiling module xil_defaultlib.EXMEM
Compiling module dist_mem_gen_v8_0_13.dist_mem_gen_v8_0_13(C_FAMILY="a...
Compiling module xil_defaultlib.DS_DRAM
Compiling module xil_defaultlib.MEMWB
Compiling module xil_defaultlib.CPU
Compiling module xil_defaultlib.sim_cpu
Compiling module xil_defaultlib.glbl
Built simulation snapshot sim_cpu_behav
INFO: [USF-XSim-69] 'elaborate' step finished in '5' seconds
INFO: [USF-XSim-4] XSim::Simulate design
WARNING: [USF-XSim-17] WCFG file does not exist:D:/Xilinx/Vivado/projects-ps/JMP_Predict_CPU/sim_cpu_behav.wcfg
WARNING: [USF-XSim-17] WCFG file does not exist:D:/Xilinx/Vivado/projects-ps/JMP_Predict_CPU/sim_cpu_behav.wcfg
INFO: [USF-XSim-61] Executing 'SIMULATE' step in 'D:/Xilinx/Vivado/projects-ps/JMP_Predict_CPU/JMP_Predict_CPU.sim/sim_1/behav/xsim'
INFO: [USF-XSim-98] *** Running xsim
   with args "sim_cpu_behav -key {Behavioral:sim_1:Functional:sim_cpu} -tclbatch {sim_cpu.tcl} -log {simulate.log}"
INFO: [USF-XSim-8] Loading simulator feature
Time resolution is 1 ps
source sim_cpu.tcl
# set curr_wave [current_wave_config]
# if { [string length $curr_wave] == 0 } {
#   if { [llength [get_objects]] > 0} {
#     add_wave /
#     set_property needs_save false [current_wave_config]
#   } else {
#      send_msg_id Add_Wave-1 WARNING "No top level signals found. Simulator will start without a wave window. If you want to open a wave window go to 'File->New Waveform Configuration' or type 'create_wave_config' in the TCL console."
#   }
# }
# log_wave -r /
# run 1540ns
WARNING: This core is supplied with a behavioral model. To model cycle-accurate behavior you must run timing simulation.
WARNING: This core is supplied with a behavioral model. To model cycle-accurate behavior you must run timing simulation.
INFO: [USF-XSim-96] XSim completed. Design snapshot 'sim_cpu_behav' loaded.
INFO: [USF-XSim-97] XSim simulation ran for 1540ns
launch_simulation: Time (s): cpu = 00:00:03 ; elapsed = 00:00:09 . Memory (MB): peak = 2707.449 ; gain = 0.000
close_sim
INFO: [Simtcl 6-16] Simulation closed
launch_simulation
Command: launch_simulation 
INFO: [Vivado 12-12493] Simulation top is 'sim_cpu'
WARNING: [Vivado 12-13340] Unable to auto find GCC executables from simulator install path! (path not set)
WARNING: [Vivado 12-13277] Compiled library path does not exist: ''
INFO: [Vivado 12-5698] Checking validity of IPs in the design for the 'XSim' simulator...
INFO: [Runs 36-567] Checking/generating simulation output products for IPs/BDs (if any)...
INFO: [Vivado 12-5682] Launching behavioral simulation in 'D:/Xilinx/Vivado/projects-ps/JMP_Predict_CPU/JMP_Predict_CPU.sim/sim_1/behav/xsim'
INFO: [Vivado 12-4795] Using compiled simulation libraries for IPs
INFO: [SIM-utils-51] Simulation object is 'sim_1'
INFO: [SIM-utils-72] Using boost library from 'D:/Xilinx/Vivado/2022.1/tps/boost_1_72_0'
INFO: [USF-XSim-7] Finding pre-compiled libraries...
INFO: [USF-XSim-11] File 'D:/Xilinx/Vivado/2022.1/data/xsim/xsim.ini' copied to run dir:'D:/Xilinx/Vivado/projects-ps/JMP_Predict_CPU/JMP_Predict_CPU.sim/sim_1/behav/xsim'
INFO: [SIM-utils-54] Inspecting design source files for 'sim_cpu' in fileset 'sim_1'...
INFO: [SIM-utils-43] Exported 'D:/Xilinx/Vivado/projects-ps/JMP_Predict_CPU/JMP_Predict_CPU.sim/sim_1/behav/xsim/CS_DRAM.mif'
INFO: [SIM-utils-43] Exported 'D:/Xilinx/Vivado/projects-ps/JMP_Predict_CPU/JMP_Predict_CPU.sim/sim_1/behav/xsim/benchmark2.coe'
INFO: [SIM-utils-43] Exported 'D:/Xilinx/Vivado/projects-ps/JMP_Predict_CPU/JMP_Predict_CPU.sim/sim_1/behav/xsim/benchmark.coe'
INFO: [SIM-utils-43] Exported 'D:/Xilinx/Vivado/projects-ps/JMP_Predict_CPU/JMP_Predict_CPU.sim/sim_1/behav/xsim/benchmark1.coe'
INFO: [SIM-utils-43] Exported 'D:/Xilinx/Vivado/projects-ps/JMP_Predict_CPU/JMP_Predict_CPU.sim/sim_1/behav/xsim/28_ins_test.coe'
INFO: [SIM-utils-43] Exported 'D:/Xilinx/Vivado/projects-ps/JMP_Predict_CPU/JMP_Predict_CPU.sim/sim_1/behav/xsim/jump.coe'
INFO: [SIM-utils-43] Exported 'D:/Xilinx/Vivado/projects-ps/JMP_Predict_CPU/JMP_Predict_CPU.sim/sim_1/behav/xsim/jump_test.coe'
INFO: [USF-XSim-97] Finding global include files...
INFO: [USF-XSim-98] Fetching design files from 'sim_1'...
INFO: [USF-XSim-2] XSim::Compile design
INFO: [USF-XSim-61] Executing 'COMPILE and ANALYZE' step in 'D:/Xilinx/Vivado/projects-ps/JMP_Predict_CPU/JMP_Predict_CPU.sim/sim_1/behav/xsim'
"xvlog --incr --relax -prj sim_cpu_vlog.prj"
INFO: [VRFC 10-2263] Analyzing Verilog file "D:/Xilinx/Vivado/projects-ps/JMP_Predict_CPU/JMP_Predict_CPU.gen/sources_1/ip/DS_DRAM/sim/DS_DRAM.v" into library xil_defaultlib
INFO: [VRFC 10-311] analyzing module DS_DRAM
INFO: [VRFC 10-2263] Analyzing Verilog file "D:/Xilinx/Vivado/projects-ps/JMP_Predict_CPU/JMP_Predict_CPU.gen/sources_1/ip/CS_DRAM/sim/CS_DRAM.v" into library xil_defaultlib
INFO: [VRFC 10-311] analyzing module CS_DRAM
INFO: [VRFC 10-2263] Analyzing Verilog file "D:/Xilinx/Vivado/projects-ps/JMP_Predict_CPU/JMP_Predict_CPU.srcs/sources_1/new/ALU.v" into library xil_defaultlib
INFO: [VRFC 10-311] analyzing module ALU
INFO: [VRFC 10-2263] Analyzing Verilog file "D:/Xilinx/Vivado/projects-ps/JMP_Predict_CPU/JMP_Predict_CPU.srcs/sources_1/new/BPB.v" into library xil_defaultlib
INFO: [VRFC 10-311] analyzing module BPB
INFO: [VRFC 10-2263] Analyzing Verilog file "D:/Xilinx/Vivado/projects-ps/JMP_Predict_CPU/JMP_Predict_CPU.srcs/sources_1/new/BubleDel.v" into library xil_defaultlib
INFO: [VRFC 10-311] analyzing module BubleDel
INFO: [VRFC 10-2263] Analyzing Verilog file "D:/Xilinx/Vivado/projects-ps/JMP_Predict_CPU/JMP_Predict_CPU.srcs/sources_1/new/CPU.v" into library xil_defaultlib
INFO: [VRFC 10-311] analyzing module CPU
WARNING: [VRFC 10-3380] identifier 'actual_branchtaken' is used before its declaration [D:/Xilinx/Vivado/projects-ps/JMP_Predict_CPU/JMP_Predict_CPU.srcs/sources_1/new/CPU.v:36]
WARNING: [VRFC 10-3380] identifier 'PredictJump' is used before its declaration [D:/Xilinx/Vivado/projects-ps/JMP_Predict_CPU/JMP_Predict_CPU.srcs/sources_1/new/CPU.v:37]
WARNING: [VRFC 10-3380] identifier 'PredictJump_EX' is used before its declaration [D:/Xilinx/Vivado/projects-ps/JMP_Predict_CPU/JMP_Predict_CPU.srcs/sources_1/new/CPU.v:38]
WARNING: [VRFC 10-3380] identifier 'ALU_SRCA' is used before its declaration [D:/Xilinx/Vivado/projects-ps/JMP_Predict_CPU/JMP_Predict_CPU.srcs/sources_1/new/CPU.v:56]
INFO: [VRFC 10-2263] Analyzing Verilog file "D:/Xilinx/Vivado/projects-ps/JMP_Predict_CPU/JMP_Predict_CPU.srcs/sources_1/new/CU.v" into library xil_defaultlib
INFO: [VRFC 10-311] analyzing module CU
INFO: [VRFC 10-2263] Analyzing Verilog file "D:/Xilinx/Vivado/projects-ps/JMP_Predict_CPU/JMP_Predict_CPU.srcs/sources_1/new/EXMEM.v" into library xil_defaultlib
INFO: [VRFC 10-311] analyzing module EXMEM
INFO: [VRFC 10-2263] Analyzing Verilog file "D:/Xilinx/Vivado/projects-ps/JMP_Predict_CPU/JMP_Predict_CPU.srcs/sources_1/new/IDEX.v" into library xil_defaultlib
INFO: [VRFC 10-311] analyzing module IDEX
INFO: [VRFC 10-2263] Analyzing Verilog file "D:/Xilinx/Vivado/projects-ps/JMP_Predict_CPU/JMP_Predict_CPU.srcs/sources_1/new/IFID.v" into library xil_defaultlib
INFO: [VRFC 10-311] analyzing module IFID
INFO: [VRFC 10-2263] Analyzing Verilog file "D:/Xilinx/Vivado/projects-ps/JMP_Predict_CPU/JMP_Predict_CPU.srcs/sources_1/new/MEMWB.v" into library xil_defaultlib
INFO: [VRFC 10-311] analyzing module MEMWB
INFO: [VRFC 10-2263] Analyzing Verilog file "D:/Xilinx/Vivado/projects-ps/JMP_Predict_CPU/JMP_Predict_CPU.srcs/sources_1/new/PC.v" into library xil_defaultlib
INFO: [VRFC 10-311] analyzing module PC
INFO: [VRFC 10-2263] Analyzing Verilog file "D:/Xilinx/Vivado/projects-ps/JMP_Predict_CPU/JMP_Predict_CPU.srcs/sources_1/new/RegFile.v" into library xil_defaultlib
INFO: [VRFC 10-311] analyzing module RegFile
INFO: [VRFC 10-2263] Analyzing Verilog file "D:/Xilinx/Vivado/projects-ps/JMP_Predict_CPU/JMP_Predict_CPU.srcs/sim_1/new/sim_cpu.v" into library xil_defaultlib
INFO: [VRFC 10-311] analyzing module sim_cpu
INFO: [USF-XSim-69] 'compile' step finished in '2' seconds
INFO: [USF-XSim-3] XSim::Elaborate design
INFO: [USF-XSim-61] Executing 'ELABORATE' step in 'D:/Xilinx/Vivado/projects-ps/JMP_Predict_CPU/JMP_Predict_CPU.sim/sim_1/behav/xsim'
"xelab --incr --debug typical --relax --mt 2 -L xil_defaultlib -L dist_mem_gen_v8_0_13 -L unisims_ver -L unimacro_ver -L secureip -L xpm --snapshot sim_cpu_behav xil_defaultlib.sim_cpu xil_defaultlib.glbl -log elaborate.log"
Vivado Simulator v2022.1
Copyright 1986-1999, 2001-2022 Xilinx, Inc. All Rights Reserved.
Running: D:/Xilinx/Vivado/2022.1/bin/unwrapped/win64.o/xelab.exe --incr --debug typical --relax --mt 2 -L xil_defaultlib -L dist_mem_gen_v8_0_13 -L unisims_ver -L unimacro_ver -L secureip -L xpm --snapshot sim_cpu_behav xil_defaultlib.sim_cpu xil_defaultlib.glbl -log elaborate.log 
Using 2 slave threads.
Starting static elaboration
Pass Through NonSizing Optimizer
WARNING: [VRFC 10-5021] port 'go' is not connected on this instance [D:/Xilinx/Vivado/projects-ps/JMP_Predict_CPU/JMP_Predict_CPU.srcs/sim_1/new/sim_cpu.v:7]
Completed static elaboration
Starting simulation data flow analysis
Completed simulation data flow analysis
Time Resolution for simulation is 1ps
Compiling module xil_defaultlib.PC
Compiling module xil_defaultlib.BPB_default
Compiling module dist_mem_gen_v8_0_13.dist_mem_gen_v8_0_13(C_FAMILY="a...
Compiling module xil_defaultlib.CS_DRAM
Compiling module xil_defaultlib.IFID
Compiling module xil_defaultlib.BubleDel
Compiling module xil_defaultlib.CU
Compiling module xil_defaultlib.RegFile
Compiling module xil_defaultlib.IDEX
Compiling module xil_defaultlib.ALU
Compiling module xil_defaultlib.EXMEM
Compiling module dist_mem_gen_v8_0_13.dist_mem_gen_v8_0_13(C_FAMILY="a...
Compiling module xil_defaultlib.DS_DRAM
Compiling module xil_defaultlib.MEMWB
Compiling module xil_defaultlib.CPU
Compiling module xil_defaultlib.sim_cpu
Compiling module xil_defaultlib.glbl
Built simulation snapshot sim_cpu_behav
INFO: [USF-XSim-69] 'elaborate' step finished in '4' seconds
INFO: [USF-XSim-4] XSim::Simulate design
WARNING: [USF-XSim-17] WCFG file does not exist:D:/Xilinx/Vivado/projects-ps/JMP_Predict_CPU/sim_cpu_behav.wcfg
WARNING: [USF-XSim-17] WCFG file does not exist:D:/Xilinx/Vivado/projects-ps/JMP_Predict_CPU/sim_cpu_behav.wcfg
INFO: [USF-XSim-61] Executing 'SIMULATE' step in 'D:/Xilinx/Vivado/projects-ps/JMP_Predict_CPU/JMP_Predict_CPU.sim/sim_1/behav/xsim'
INFO: [USF-XSim-98] *** Running xsim
   with args "sim_cpu_behav -key {Behavioral:sim_1:Functional:sim_cpu} -tclbatch {sim_cpu.tcl} -log {simulate.log}"
INFO: [USF-XSim-8] Loading simulator feature
Time resolution is 1 ps
source sim_cpu.tcl
# set curr_wave [current_wave_config]
# if { [string length $curr_wave] == 0 } {
#   if { [llength [get_objects]] > 0} {
#     add_wave /
#     set_property needs_save false [current_wave_config]
#   } else {
#      send_msg_id Add_Wave-1 WARNING "No top level signals found. Simulator will start without a wave window. If you want to open a wave window go to 'File->New Waveform Configuration' or type 'create_wave_config' in the TCL console."
#   }
# }
# log_wave -r /
# run 1540ns
WARNING: This core is supplied with a behavioral model. To model cycle-accurate behavior you must run timing simulation.
WARNING: This core is supplied with a behavioral model. To model cycle-accurate behavior you must run timing simulation.
INFO: [USF-XSim-96] XSim completed. Design snapshot 'sim_cpu_behav' loaded.
INFO: [USF-XSim-97] XSim simulation ran for 1540ns
launch_simulation: Time (s): cpu = 00:00:02 ; elapsed = 00:00:09 . Memory (MB): peak = 2707.449 ; gain = 0.000
set_property -name {xsim.simulate.runtime} -value {36000ns} -objects [get_filesets sim_1]
close_sim
INFO: [Simtcl 6-16] Simulation closed
launch_simulation
Command: launch_simulation 
INFO: [Vivado 12-12493] Simulation top is 'sim_cpu'
WARNING: [Vivado 12-13340] Unable to auto find GCC executables from simulator install path! (path not set)
WARNING: [Vivado 12-13277] Compiled library path does not exist: ''
INFO: [Vivado 12-5698] Checking validity of IPs in the design for the 'XSim' simulator...
INFO: [Runs 36-567] Checking/generating simulation output products for IPs/BDs (if any)...
INFO: [Vivado 12-5682] Launching behavioral simulation in 'D:/Xilinx/Vivado/projects-ps/JMP_Predict_CPU/JMP_Predict_CPU.sim/sim_1/behav/xsim'
INFO: [Vivado 12-4795] Using compiled simulation libraries for IPs
INFO: [SIM-utils-51] Simulation object is 'sim_1'
INFO: [SIM-utils-72] Using boost library from 'D:/Xilinx/Vivado/2022.1/tps/boost_1_72_0'
INFO: [USF-XSim-7] Finding pre-compiled libraries...
INFO: [USF-XSim-11] File 'D:/Xilinx/Vivado/2022.1/data/xsim/xsim.ini' copied to run dir:'D:/Xilinx/Vivado/projects-ps/JMP_Predict_CPU/JMP_Predict_CPU.sim/sim_1/behav/xsim'
INFO: [SIM-utils-54] Inspecting design source files for 'sim_cpu' in fileset 'sim_1'...
INFO: [SIM-utils-43] Exported 'D:/Xilinx/Vivado/projects-ps/JMP_Predict_CPU/JMP_Predict_CPU.sim/sim_1/behav/xsim/CS_DRAM.mif'
INFO: [SIM-utils-43] Exported 'D:/Xilinx/Vivado/projects-ps/JMP_Predict_CPU/JMP_Predict_CPU.sim/sim_1/behav/xsim/benchmark2.coe'
INFO: [SIM-utils-43] Exported 'D:/Xilinx/Vivado/projects-ps/JMP_Predict_CPU/JMP_Predict_CPU.sim/sim_1/behav/xsim/benchmark.coe'
INFO: [SIM-utils-43] Exported 'D:/Xilinx/Vivado/projects-ps/JMP_Predict_CPU/JMP_Predict_CPU.sim/sim_1/behav/xsim/benchmark1.coe'
INFO: [SIM-utils-43] Exported 'D:/Xilinx/Vivado/projects-ps/JMP_Predict_CPU/JMP_Predict_CPU.sim/sim_1/behav/xsim/28_ins_test.coe'
INFO: [SIM-utils-43] Exported 'D:/Xilinx/Vivado/projects-ps/JMP_Predict_CPU/JMP_Predict_CPU.sim/sim_1/behav/xsim/jump.coe'
INFO: [SIM-utils-43] Exported 'D:/Xilinx/Vivado/projects-ps/JMP_Predict_CPU/JMP_Predict_CPU.sim/sim_1/behav/xsim/jump_test.coe'
INFO: [USF-XSim-97] Finding global include files...
INFO: [USF-XSim-98] Fetching design files from 'sim_1'...
INFO: [USF-XSim-2] XSim::Compile design
INFO: [USF-XSim-61] Executing 'COMPILE and ANALYZE' step in 'D:/Xilinx/Vivado/projects-ps/JMP_Predict_CPU/JMP_Predict_CPU.sim/sim_1/behav/xsim'
"xvlog --incr --relax -prj sim_cpu_vlog.prj"
INFO: [USF-XSim-69] 'compile' step finished in '1' seconds
INFO: [USF-XSim-3] XSim::Elaborate design
INFO: [USF-XSim-61] Executing 'ELABORATE' step in 'D:/Xilinx/Vivado/projects-ps/JMP_Predict_CPU/JMP_Predict_CPU.sim/sim_1/behav/xsim'
"xelab --incr --debug typical --relax --mt 2 -L xil_defaultlib -L dist_mem_gen_v8_0_13 -L unisims_ver -L unimacro_ver -L secureip -L xpm --snapshot sim_cpu_behav xil_defaultlib.sim_cpu xil_defaultlib.glbl -log elaborate.log"
Vivado Simulator v2022.1
Copyright 1986-1999, 2001-2022 Xilinx, Inc. All Rights Reserved.
Running: D:/Xilinx/Vivado/2022.1/bin/unwrapped/win64.o/xelab.exe --incr --debug typical --relax --mt 2 -L xil_defaultlib -L dist_mem_gen_v8_0_13 -L unisims_ver -L unimacro_ver -L secureip -L xpm --snapshot sim_cpu_behav xil_defaultlib.sim_cpu xil_defaultlib.glbl -log elaborate.log 
Using 2 slave threads.
Starting static elaboration
Pass Through NonSizing Optimizer
WARNING: [VRFC 10-5021] port 'go' is not connected on this instance [D:/Xilinx/Vivado/projects-ps/JMP_Predict_CPU/JMP_Predict_CPU.srcs/sim_1/new/sim_cpu.v:7]
Completed static elaboration
INFO: [XSIM 43-4323] No Change in HDL. Linking previously generated obj files to create kernel
INFO: [USF-XSim-69] 'elaborate' step finished in '2' seconds
INFO: [USF-XSim-4] XSim::Simulate design
WARNING: [USF-XSim-17] WCFG file does not exist:D:/Xilinx/Vivado/projects-ps/JMP_Predict_CPU/sim_cpu_behav.wcfg
WARNING: [USF-XSim-17] WCFG file does not exist:D:/Xilinx/Vivado/projects-ps/JMP_Predict_CPU/sim_cpu_behav.wcfg
INFO: [USF-XSim-61] Executing 'SIMULATE' step in 'D:/Xilinx/Vivado/projects-ps/JMP_Predict_CPU/JMP_Predict_CPU.sim/sim_1/behav/xsim'
INFO: [USF-XSim-98] *** Running xsim
   with args "sim_cpu_behav -key {Behavioral:sim_1:Functional:sim_cpu} -tclbatch {sim_cpu.tcl} -log {simulate.log}"
INFO: [USF-XSim-8] Loading simulator feature
Time resolution is 1 ps
source sim_cpu.tcl
# set curr_wave [current_wave_config]
# if { [string length $curr_wave] == 0 } {
#   if { [llength [get_objects]] > 0} {
#     add_wave /
#     set_property needs_save false [current_wave_config]
#   } else {
#      send_msg_id Add_Wave-1 WARNING "No top level signals found. Simulator will start without a wave window. If you want to open a wave window go to 'File->New Waveform Configuration' or type 'create_wave_config' in the TCL console."
#   }
# }
# log_wave -r /
# run 36000ns
WARNING: This core is supplied with a behavioral model. To model cycle-accurate behavior you must run timing simulation.
WARNING: This core is supplied with a behavioral model. To model cycle-accurate behavior you must run timing simulation.
INFO: [USF-XSim-96] XSim completed. Design snapshot 'sim_cpu_behav' loaded.
INFO: [USF-XSim-97] XSim simulation ran for 36000ns
launch_simulation: Time (s): cpu = 00:00:03 ; elapsed = 00:00:06 . Memory (MB): peak = 2707.449 ; gain = 0.000
close_sim
INFO: [Simtcl 6-16] Simulation closed
launch_simulation
Command: launch_simulation 
INFO: [Vivado 12-12493] Simulation top is 'sim_cpu'
WARNING: [Vivado 12-13340] Unable to auto find GCC executables from simulator install path! (path not set)
WARNING: [Vivado 12-13277] Compiled library path does not exist: ''
INFO: [Vivado 12-5698] Checking validity of IPs in the design for the 'XSim' simulator...
INFO: [Runs 36-567] Checking/generating simulation output products for IPs/BDs (if any)...
INFO: [Vivado 12-5682] Launching behavioral simulation in 'D:/Xilinx/Vivado/projects-ps/JMP_Predict_CPU/JMP_Predict_CPU.sim/sim_1/behav/xsim'
INFO: [Vivado 12-4795] Using compiled simulation libraries for IPs
INFO: [SIM-utils-51] Simulation object is 'sim_1'
INFO: [SIM-utils-72] Using boost library from 'D:/Xilinx/Vivado/2022.1/tps/boost_1_72_0'
INFO: [USF-XSim-7] Finding pre-compiled libraries...
INFO: [USF-XSim-11] File 'D:/Xilinx/Vivado/2022.1/data/xsim/xsim.ini' copied to run dir:'D:/Xilinx/Vivado/projects-ps/JMP_Predict_CPU/JMP_Predict_CPU.sim/sim_1/behav/xsim'
INFO: [SIM-utils-54] Inspecting design source files for 'sim_cpu' in fileset 'sim_1'...
INFO: [SIM-utils-43] Exported 'D:/Xilinx/Vivado/projects-ps/JMP_Predict_CPU/JMP_Predict_CPU.sim/sim_1/behav/xsim/CS_DRAM.mif'
INFO: [SIM-utils-43] Exported 'D:/Xilinx/Vivado/projects-ps/JMP_Predict_CPU/JMP_Predict_CPU.sim/sim_1/behav/xsim/benchmark2.coe'
INFO: [SIM-utils-43] Exported 'D:/Xilinx/Vivado/projects-ps/JMP_Predict_CPU/JMP_Predict_CPU.sim/sim_1/behav/xsim/benchmark.coe'
INFO: [SIM-utils-43] Exported 'D:/Xilinx/Vivado/projects-ps/JMP_Predict_CPU/JMP_Predict_CPU.sim/sim_1/behav/xsim/benchmark1.coe'
INFO: [SIM-utils-43] Exported 'D:/Xilinx/Vivado/projects-ps/JMP_Predict_CPU/JMP_Predict_CPU.sim/sim_1/behav/xsim/28_ins_test.coe'
INFO: [SIM-utils-43] Exported 'D:/Xilinx/Vivado/projects-ps/JMP_Predict_CPU/JMP_Predict_CPU.sim/sim_1/behav/xsim/jump.coe'
INFO: [SIM-utils-43] Exported 'D:/Xilinx/Vivado/projects-ps/JMP_Predict_CPU/JMP_Predict_CPU.sim/sim_1/behav/xsim/jump_test.coe'
INFO: [USF-XSim-97] Finding global include files...
INFO: [USF-XSim-98] Fetching design files from 'sim_1'...
INFO: [USF-XSim-2] XSim::Compile design
INFO: [USF-XSim-61] Executing 'COMPILE and ANALYZE' step in 'D:/Xilinx/Vivado/projects-ps/JMP_Predict_CPU/JMP_Predict_CPU.sim/sim_1/behav/xsim'
"xvlog --incr --relax -prj sim_cpu_vlog.prj"
INFO: [VRFC 10-2263] Analyzing Verilog file "D:/Xilinx/Vivado/projects-ps/JMP_Predict_CPU/JMP_Predict_CPU.gen/sources_1/ip/DS_DRAM/sim/DS_DRAM.v" into library xil_defaultlib
INFO: [VRFC 10-311] analyzing module DS_DRAM
INFO: [VRFC 10-2263] Analyzing Verilog file "D:/Xilinx/Vivado/projects-ps/JMP_Predict_CPU/JMP_Predict_CPU.gen/sources_1/ip/CS_DRAM/sim/CS_DRAM.v" into library xil_defaultlib
INFO: [VRFC 10-311] analyzing module CS_DRAM
INFO: [VRFC 10-2263] Analyzing Verilog file "D:/Xilinx/Vivado/projects-ps/JMP_Predict_CPU/JMP_Predict_CPU.srcs/sources_1/new/ALU.v" into library xil_defaultlib
INFO: [VRFC 10-311] analyzing module ALU
INFO: [VRFC 10-2263] Analyzing Verilog file "D:/Xilinx/Vivado/projects-ps/JMP_Predict_CPU/JMP_Predict_CPU.srcs/sources_1/new/BPB.v" into library xil_defaultlib
INFO: [VRFC 10-311] analyzing module BPB
INFO: [VRFC 10-2263] Analyzing Verilog file "D:/Xilinx/Vivado/projects-ps/JMP_Predict_CPU/JMP_Predict_CPU.srcs/sources_1/new/BubleDel.v" into library xil_defaultlib
INFO: [VRFC 10-311] analyzing module BubleDel
INFO: [VRFC 10-2263] Analyzing Verilog file "D:/Xilinx/Vivado/projects-ps/JMP_Predict_CPU/JMP_Predict_CPU.srcs/sources_1/new/CPU.v" into library xil_defaultlib
INFO: [VRFC 10-311] analyzing module CPU
WARNING: [VRFC 10-3380] identifier 'actual_branchtaken' is used before its declaration [D:/Xilinx/Vivado/projects-ps/JMP_Predict_CPU/JMP_Predict_CPU.srcs/sources_1/new/CPU.v:36]
WARNING: [VRFC 10-3380] identifier 'PredictJump' is used before its declaration [D:/Xilinx/Vivado/projects-ps/JMP_Predict_CPU/JMP_Predict_CPU.srcs/sources_1/new/CPU.v:37]
WARNING: [VRFC 10-3380] identifier 'PredictJump_EX' is used before its declaration [D:/Xilinx/Vivado/projects-ps/JMP_Predict_CPU/JMP_Predict_CPU.srcs/sources_1/new/CPU.v:38]
WARNING: [VRFC 10-3380] identifier 'ALU_SRCA' is used before its declaration [D:/Xilinx/Vivado/projects-ps/JMP_Predict_CPU/JMP_Predict_CPU.srcs/sources_1/new/CPU.v:56]
INFO: [VRFC 10-2263] Analyzing Verilog file "D:/Xilinx/Vivado/projects-ps/JMP_Predict_CPU/JMP_Predict_CPU.srcs/sources_1/new/CU.v" into library xil_defaultlib
INFO: [VRFC 10-311] analyzing module CU
INFO: [VRFC 10-2263] Analyzing Verilog file "D:/Xilinx/Vivado/projects-ps/JMP_Predict_CPU/JMP_Predict_CPU.srcs/sources_1/new/EXMEM.v" into library xil_defaultlib
INFO: [VRFC 10-311] analyzing module EXMEM
INFO: [VRFC 10-2263] Analyzing Verilog file "D:/Xilinx/Vivado/projects-ps/JMP_Predict_CPU/JMP_Predict_CPU.srcs/sources_1/new/IDEX.v" into library xil_defaultlib
INFO: [VRFC 10-311] analyzing module IDEX
INFO: [VRFC 10-2263] Analyzing Verilog file "D:/Xilinx/Vivado/projects-ps/JMP_Predict_CPU/JMP_Predict_CPU.srcs/sources_1/new/IFID.v" into library xil_defaultlib
INFO: [VRFC 10-311] analyzing module IFID
INFO: [VRFC 10-2263] Analyzing Verilog file "D:/Xilinx/Vivado/projects-ps/JMP_Predict_CPU/JMP_Predict_CPU.srcs/sources_1/new/MEMWB.v" into library xil_defaultlib
INFO: [VRFC 10-311] analyzing module MEMWB
INFO: [VRFC 10-2263] Analyzing Verilog file "D:/Xilinx/Vivado/projects-ps/JMP_Predict_CPU/JMP_Predict_CPU.srcs/sources_1/new/PC.v" into library xil_defaultlib
INFO: [VRFC 10-311] analyzing module PC
INFO: [VRFC 10-2263] Analyzing Verilog file "D:/Xilinx/Vivado/projects-ps/JMP_Predict_CPU/JMP_Predict_CPU.srcs/sources_1/new/RegFile.v" into library xil_defaultlib
INFO: [VRFC 10-311] analyzing module RegFile
INFO: [VRFC 10-2263] Analyzing Verilog file "D:/Xilinx/Vivado/projects-ps/JMP_Predict_CPU/JMP_Predict_CPU.srcs/sim_1/new/sim_cpu.v" into library xil_defaultlib
INFO: [VRFC 10-311] analyzing module sim_cpu
INFO: [USF-XSim-69] 'compile' step finished in '2' seconds
INFO: [USF-XSim-3] XSim::Elaborate design
INFO: [USF-XSim-61] Executing 'ELABORATE' step in 'D:/Xilinx/Vivado/projects-ps/JMP_Predict_CPU/JMP_Predict_CPU.sim/sim_1/behav/xsim'
"xelab --incr --debug typical --relax --mt 2 -L xil_defaultlib -L dist_mem_gen_v8_0_13 -L unisims_ver -L unimacro_ver -L secureip -L xpm --snapshot sim_cpu_behav xil_defaultlib.sim_cpu xil_defaultlib.glbl -log elaborate.log"
Vivado Simulator v2022.1
Copyright 1986-1999, 2001-2022 Xilinx, Inc. All Rights Reserved.
Running: D:/Xilinx/Vivado/2022.1/bin/unwrapped/win64.o/xelab.exe --incr --debug typical --relax --mt 2 -L xil_defaultlib -L dist_mem_gen_v8_0_13 -L unisims_ver -L unimacro_ver -L secureip -L xpm --snapshot sim_cpu_behav xil_defaultlib.sim_cpu xil_defaultlib.glbl -log elaborate.log 
Using 2 slave threads.
Starting static elaboration
Pass Through NonSizing Optimizer
WARNING: [VRFC 10-5021] port 'go' is not connected on this instance [D:/Xilinx/Vivado/projects-ps/JMP_Predict_CPU/JMP_Predict_CPU.srcs/sim_1/new/sim_cpu.v:7]
Completed static elaboration
Starting simulation data flow analysis
Completed simulation data flow analysis
Time Resolution for simulation is 1ps
Compiling module xil_defaultlib.PC
Compiling module xil_defaultlib.BPB_default
Compiling module dist_mem_gen_v8_0_13.dist_mem_gen_v8_0_13(C_FAMILY="a...
Compiling module xil_defaultlib.CS_DRAM
Compiling module xil_defaultlib.IFID
Compiling module xil_defaultlib.BubleDel
Compiling module xil_defaultlib.CU
Compiling module xil_defaultlib.RegFile
Compiling module xil_defaultlib.IDEX
Compiling module xil_defaultlib.ALU
Compiling module xil_defaultlib.EXMEM
Compiling module dist_mem_gen_v8_0_13.dist_mem_gen_v8_0_13(C_FAMILY="a...
Compiling module xil_defaultlib.DS_DRAM
Compiling module xil_defaultlib.MEMWB
Compiling module xil_defaultlib.CPU
Compiling module xil_defaultlib.sim_cpu
Compiling module xil_defaultlib.glbl
Built simulation snapshot sim_cpu_behav
INFO: [USF-XSim-69] 'elaborate' step finished in '4' seconds
INFO: [USF-XSim-4] XSim::Simulate design
WARNING: [USF-XSim-17] WCFG file does not exist:D:/Xilinx/Vivado/projects-ps/JMP_Predict_CPU/sim_cpu_behav.wcfg
WARNING: [USF-XSim-17] WCFG file does not exist:D:/Xilinx/Vivado/projects-ps/JMP_Predict_CPU/sim_cpu_behav.wcfg
INFO: [USF-XSim-61] Executing 'SIMULATE' step in 'D:/Xilinx/Vivado/projects-ps/JMP_Predict_CPU/JMP_Predict_CPU.sim/sim_1/behav/xsim'
INFO: [USF-XSim-98] *** Running xsim
   with args "sim_cpu_behav -key {Behavioral:sim_1:Functional:sim_cpu} -tclbatch {sim_cpu.tcl} -log {simulate.log}"
INFO: [USF-XSim-8] Loading simulator feature
Time resolution is 1 ps
source sim_cpu.tcl
# set curr_wave [current_wave_config]
# if { [string length $curr_wave] == 0 } {
#   if { [llength [get_objects]] > 0} {
#     add_wave /
#     set_property needs_save false [current_wave_config]
#   } else {
#      send_msg_id Add_Wave-1 WARNING "No top level signals found. Simulator will start without a wave window. If you want to open a wave window go to 'File->New Waveform Configuration' or type 'create_wave_config' in the TCL console."
#   }
# }
# log_wave -r /
# run 36000ns
WARNING: This core is supplied with a behavioral model. To model cycle-accurate behavior you must run timing simulation.
WARNING: This core is supplied with a behavioral model. To model cycle-accurate behavior you must run timing simulation.
INFO: [USF-XSim-96] XSim completed. Design snapshot 'sim_cpu_behav' loaded.
INFO: [USF-XSim-97] XSim simulation ran for 36000ns
launch_simulation: Time (s): cpu = 00:00:03 ; elapsed = 00:00:09 . Memory (MB): peak = 2707.449 ; gain = 0.000
set_property -dict [list CONFIG.coefficient_file {D:/28_ins_test.coe}] [get_ips CS_DRAM]
INFO: [IP_Flow 19-3484] Absolute path of file 'd:/28_ins_test.coe' provided. It will be converted relative to IP Instance files '../../../../../../../../28_ins_test.coe'
generate_target all [get_files  D:/Xilinx/Vivado/projects-ps/JMP_Predict_CPU/JMP_Predict_CPU.srcs/sources_1/ip/CS_DRAM/CS_DRAM.xci]
INFO: [IP_Flow 19-1686] Generating 'Instantiation Template' target for IP 'CS_DRAM'...
INFO: [IP_Flow 19-1686] Generating 'Synthesis' target for IP 'CS_DRAM'...
INFO: [IP_Flow 19-1686] Generating 'Simulation' target for IP 'CS_DRAM'...
INFO: [IP_Flow 19-1686] Generating 'Change Log' target for IP 'CS_DRAM'...
export_ip_user_files -of_objects [get_files D:/Xilinx/Vivado/projects-ps/JMP_Predict_CPU/JMP_Predict_CPU.srcs/sources_1/ip/CS_DRAM/CS_DRAM.xci] -no_script -sync -force -quiet
export_simulation -of_objects [get_files D:/Xilinx/Vivado/projects-ps/JMP_Predict_CPU/JMP_Predict_CPU.srcs/sources_1/ip/CS_DRAM/CS_DRAM.xci] -directory D:/Xilinx/Vivado/projects-ps/JMP_Predict_CPU/JMP_Predict_CPU.ip_user_files/sim_scripts -ip_user_files_dir D:/Xilinx/Vivado/projects-ps/JMP_Predict_CPU/JMP_Predict_CPU.ip_user_files -ipstatic_source_dir D:/Xilinx/Vivado/projects-ps/JMP_Predict_CPU/JMP_Predict_CPU.ip_user_files/ipstatic -lib_map_path [list {modelsim=D:/Xilinx/Vivado/projects-ps/JMP_Predict_CPU/JMP_Predict_CPU.cache/compile_simlib/modelsim} {questa=D:/Xilinx/Vivado/projects-ps/JMP_Predict_CPU/JMP_Predict_CPU.cache/compile_simlib/questa} {riviera=D:/Xilinx/Vivado/projects-ps/JMP_Predict_CPU/JMP_Predict_CPU.cache/compile_simlib/riviera} {activehdl=D:/Xilinx/Vivado/projects-ps/JMP_Predict_CPU/JMP_Predict_CPU.cache/compile_simlib/activehdl}] -use_ip_compiled_libs -force -quiet
reset_run synth_1
INFO: [Project 1-1161] Replacing file D:/Xilinx/Vivado/projects-ps/JMP_Predict_CPU/JMP_Predict_CPU.srcs/utils_1/imports/synth_1/TOP.dcp with file D:/Xilinx/Vivado/projects-ps/JMP_Predict_CPU/JMP_Predict_CPU.runs/synth_1/TOP.dcp
WARNING: [Vivado 12-1017] Problems encountered:
1. Failed to delete one or more files in run directory D:/Xilinx/Vivado/projects-ps/JMP_Predict_CPU/JMP_Predict_CPU.runs/synth_1

launch_runs synth_1 -jobs 6
[Thu Aug 21 01:16:26 2025] Launched synth_1...
Run output will be captured here: D:/Xilinx/Vivado/projects-ps/JMP_Predict_CPU/JMP_Predict_CPU.runs/synth_1/runme.log
set_property -name {xsim.simulate.runtime} -value {13000ns} -objects [get_filesets sim_1]
reset_run synth_1
INFO: [Project 1-1161] Replacing file D:/Xilinx/Vivado/projects-ps/JMP_Predict_CPU/JMP_Predict_CPU.srcs/utils_1/imports/synth_1/TOP.dcp with file D:/Xilinx/Vivado/projects-ps/JMP_Predict_CPU/JMP_Predict_CPU.runs/synth_1/TOP.dcp
WARNING: [Vivado 12-1017] Problems encountered:
1. Failed to delete one or more files in run directory D:/Xilinx/Vivado/projects-ps/JMP_Predict_CPU/JMP_Predict_CPU.runs/synth_1

launch_runs impl_1 -to_step write_bitstream -jobs 6
[Thu Aug 21 01:19:37 2025] Launched synth_1...
Run output will be captured here: D:/Xilinx/Vivado/projects-ps/JMP_Predict_CPU/JMP_Predict_CPU.runs/synth_1/runme.log
[Thu Aug 21 01:19:37 2025] Launched impl_1...
Run output will be captured here: D:/Xilinx/Vivado/projects-ps/JMP_Predict_CPU/JMP_Predict_CPU.runs/impl_1/runme.log
reset_run synth_1
INFO: [Project 1-1161] Replacing file D:/Xilinx/Vivado/projects-ps/JMP_Predict_CPU/JMP_Predict_CPU.srcs/utils_1/imports/synth_1/TOP.dcp with file D:/Xilinx/Vivado/projects-ps/JMP_Predict_CPU/JMP_Predict_CPU.runs/synth_1/TOP.dcp
WARNING: [Vivado 12-1017] Problems encountered:
1. Failed to delete one or more files in run directory D:/Xilinx/Vivado/projects-ps/JMP_Predict_CPU/JMP_Predict_CPU.runs/synth_1

launch_runs synth_1 -jobs 6
[Thu Aug 21 01:24:08 2025] Launched synth_1...
Run output will be captured here: D:/Xilinx/Vivado/projects-ps/JMP_Predict_CPU/JMP_Predict_CPU.runs/synth_1/runme.log
launch_runs impl_1 -to_step write_bitstream -jobs 6
[Thu Aug 21 01:27:08 2025] Launched impl_1...
Run output will be captured here: D:/Xilinx/Vivado/projects-ps/JMP_Predict_CPU/JMP_Predict_CPU.runs/impl_1/runme.log
close_sim
INFO: [Simtcl 6-16] Simulation closed
launch_simulation
Command: launch_simulation 
INFO: [Vivado 12-12493] Simulation top is 'sim_cpu'
WARNING: [Vivado 12-13340] Unable to auto find GCC executables from simulator install path! (path not set)
WARNING: [Vivado 12-13277] Compiled library path does not exist: ''
INFO: [Vivado 12-5698] Checking validity of IPs in the design for the 'XSim' simulator...
INFO: [Runs 36-567] Checking/generating simulation output products for IPs/BDs (if any)...
INFO: [Vivado 12-5682] Launching behavioral simulation in 'D:/Xilinx/Vivado/projects-ps/JMP_Predict_CPU/JMP_Predict_CPU.sim/sim_1/behav/xsim'
INFO: [Vivado 12-4795] Using compiled simulation libraries for IPs
INFO: [SIM-utils-51] Simulation object is 'sim_1'
INFO: [SIM-utils-72] Using boost library from 'D:/Xilinx/Vivado/2022.1/tps/boost_1_72_0'
INFO: [USF-XSim-7] Finding pre-compiled libraries...
INFO: [USF-XSim-11] File 'D:/Xilinx/Vivado/2022.1/data/xsim/xsim.ini' copied to run dir:'D:/Xilinx/Vivado/projects-ps/JMP_Predict_CPU/JMP_Predict_CPU.sim/sim_1/behav/xsim'
INFO: [SIM-utils-54] Inspecting design source files for 'sim_cpu' in fileset 'sim_1'...
INFO: [SIM-utils-43] Exported 'D:/Xilinx/Vivado/projects-ps/JMP_Predict_CPU/JMP_Predict_CPU.sim/sim_1/behav/xsim/CS_DRAM.mif'
INFO: [SIM-utils-43] Exported 'D:/Xilinx/Vivado/projects-ps/JMP_Predict_CPU/JMP_Predict_CPU.sim/sim_1/behav/xsim/28_ins_test.coe'
INFO: [SIM-utils-43] Exported 'D:/Xilinx/Vivado/projects-ps/JMP_Predict_CPU/JMP_Predict_CPU.sim/sim_1/behav/xsim/benchmark.coe'
INFO: [SIM-utils-43] Exported 'D:/Xilinx/Vivado/projects-ps/JMP_Predict_CPU/JMP_Predict_CPU.sim/sim_1/behav/xsim/benchmark1.coe'
INFO: [SIM-utils-43] Exported 'D:/Xilinx/Vivado/projects-ps/JMP_Predict_CPU/JMP_Predict_CPU.sim/sim_1/behav/xsim/benchmark2.coe'
INFO: [SIM-utils-43] Exported 'D:/Xilinx/Vivado/projects-ps/JMP_Predict_CPU/JMP_Predict_CPU.sim/sim_1/behav/xsim/jump.coe'
INFO: [SIM-utils-43] Exported 'D:/Xilinx/Vivado/projects-ps/JMP_Predict_CPU/JMP_Predict_CPU.sim/sim_1/behav/xsim/jump_test.coe'
INFO: [USF-XSim-97] Finding global include files...
INFO: [USF-XSim-98] Fetching design files from 'sim_1'...
INFO: [USF-XSim-2] XSim::Compile design
INFO: [USF-XSim-61] Executing 'COMPILE and ANALYZE' step in 'D:/Xilinx/Vivado/projects-ps/JMP_Predict_CPU/JMP_Predict_CPU.sim/sim_1/behav/xsim'
"xvlog --incr --relax -prj sim_cpu_vlog.prj"
INFO: [VRFC 10-2263] Analyzing Verilog file "D:/Xilinx/Vivado/projects-ps/JMP_Predict_CPU/JMP_Predict_CPU.gen/sources_1/ip/DS_DRAM/sim/DS_DRAM.v" into library xil_defaultlib
INFO: [VRFC 10-311] analyzing module DS_DRAM
INFO: [VRFC 10-2263] Analyzing Verilog file "D:/Xilinx/Vivado/projects-ps/JMP_Predict_CPU/JMP_Predict_CPU.gen/sources_1/ip/CS_DRAM/sim/CS_DRAM.v" into library xil_defaultlib
INFO: [VRFC 10-311] analyzing module CS_DRAM
INFO: [VRFC 10-2263] Analyzing Verilog file "D:/Xilinx/Vivado/projects-ps/JMP_Predict_CPU/JMP_Predict_CPU.srcs/sources_1/new/ALU.v" into library xil_defaultlib
INFO: [VRFC 10-311] analyzing module ALU
INFO: [VRFC 10-2263] Analyzing Verilog file "D:/Xilinx/Vivado/projects-ps/JMP_Predict_CPU/JMP_Predict_CPU.srcs/sources_1/new/BPB.v" into library xil_defaultlib
INFO: [VRFC 10-311] analyzing module BPB
INFO: [VRFC 10-2263] Analyzing Verilog file "D:/Xilinx/Vivado/projects-ps/JMP_Predict_CPU/JMP_Predict_CPU.srcs/sources_1/new/BubleDel.v" into library xil_defaultlib
INFO: [VRFC 10-311] analyzing module BubleDel
INFO: [VRFC 10-2263] Analyzing Verilog file "D:/Xilinx/Vivado/projects-ps/JMP_Predict_CPU/JMP_Predict_CPU.srcs/sources_1/new/CPU.v" into library xil_defaultlib
INFO: [VRFC 10-311] analyzing module CPU
WARNING: [VRFC 10-3380] identifier 'actual_branchtaken' is used before its declaration [D:/Xilinx/Vivado/projects-ps/JMP_Predict_CPU/JMP_Predict_CPU.srcs/sources_1/new/CPU.v:36]
WARNING: [VRFC 10-3380] identifier 'PredictJump' is used before its declaration [D:/Xilinx/Vivado/projects-ps/JMP_Predict_CPU/JMP_Predict_CPU.srcs/sources_1/new/CPU.v:37]
WARNING: [VRFC 10-3380] identifier 'PredictJump_EX' is used before its declaration [D:/Xilinx/Vivado/projects-ps/JMP_Predict_CPU/JMP_Predict_CPU.srcs/sources_1/new/CPU.v:38]
WARNING: [VRFC 10-3380] identifier 'ALU_SRCA' is used before its declaration [D:/Xilinx/Vivado/projects-ps/JMP_Predict_CPU/JMP_Predict_CPU.srcs/sources_1/new/CPU.v:56]
INFO: [VRFC 10-2263] Analyzing Verilog file "D:/Xilinx/Vivado/projects-ps/JMP_Predict_CPU/JMP_Predict_CPU.srcs/sources_1/new/CU.v" into library xil_defaultlib
INFO: [VRFC 10-311] analyzing module CU
INFO: [VRFC 10-2263] Analyzing Verilog file "D:/Xilinx/Vivado/projects-ps/JMP_Predict_CPU/JMP_Predict_CPU.srcs/sources_1/new/EXMEM.v" into library xil_defaultlib
INFO: [VRFC 10-311] analyzing module EXMEM
INFO: [VRFC 10-2263] Analyzing Verilog file "D:/Xilinx/Vivado/projects-ps/JMP_Predict_CPU/JMP_Predict_CPU.srcs/sources_1/new/IDEX.v" into library xil_defaultlib
INFO: [VRFC 10-311] analyzing module IDEX
INFO: [VRFC 10-2263] Analyzing Verilog file "D:/Xilinx/Vivado/projects-ps/JMP_Predict_CPU/JMP_Predict_CPU.srcs/sources_1/new/IFID.v" into library xil_defaultlib
INFO: [VRFC 10-311] analyzing module IFID
INFO: [VRFC 10-2263] Analyzing Verilog file "D:/Xilinx/Vivado/projects-ps/JMP_Predict_CPU/JMP_Predict_CPU.srcs/sources_1/new/MEMWB.v" into library xil_defaultlib
INFO: [VRFC 10-311] analyzing module MEMWB
INFO: [VRFC 10-2263] Analyzing Verilog file "D:/Xilinx/Vivado/projects-ps/JMP_Predict_CPU/JMP_Predict_CPU.srcs/sources_1/new/PC.v" into library xil_defaultlib
INFO: [VRFC 10-311] analyzing module PC
INFO: [VRFC 10-2263] Analyzing Verilog file "D:/Xilinx/Vivado/projects-ps/JMP_Predict_CPU/JMP_Predict_CPU.srcs/sources_1/new/RegFile.v" into library xil_defaultlib
INFO: [VRFC 10-311] analyzing module RegFile
INFO: [VRFC 10-2263] Analyzing Verilog file "D:/Xilinx/Vivado/projects-ps/JMP_Predict_CPU/JMP_Predict_CPU.srcs/sim_1/new/sim_cpu.v" into library xil_defaultlib
INFO: [VRFC 10-311] analyzing module sim_cpu
INFO: [USF-XSim-69] 'compile' step finished in '1' seconds
INFO: [USF-XSim-3] XSim::Elaborate design
INFO: [USF-XSim-61] Executing 'ELABORATE' step in 'D:/Xilinx/Vivado/projects-ps/JMP_Predict_CPU/JMP_Predict_CPU.sim/sim_1/behav/xsim'
"xelab --incr --debug typical --relax --mt 2 -L xil_defaultlib -L dist_mem_gen_v8_0_13 -L unisims_ver -L unimacro_ver -L secureip -L xpm --snapshot sim_cpu_behav xil_defaultlib.sim_cpu xil_defaultlib.glbl -log elaborate.log"
Vivado Simulator v2022.1
Copyright 1986-1999, 2001-2022 Xilinx, Inc. All Rights Reserved.
Running: D:/Xilinx/Vivado/2022.1/bin/unwrapped/win64.o/xelab.exe --incr --debug typical --relax --mt 2 -L xil_defaultlib -L dist_mem_gen_v8_0_13 -L unisims_ver -L unimacro_ver -L secureip -L xpm --snapshot sim_cpu_behav xil_defaultlib.sim_cpu xil_defaultlib.glbl -log elaborate.log 
Using 2 slave threads.
Starting static elaboration
Pass Through NonSizing Optimizer
WARNING: [VRFC 10-5021] port 'go' is not connected on this instance [D:/Xilinx/Vivado/projects-ps/JMP_Predict_CPU/JMP_Predict_CPU.srcs/sim_1/new/sim_cpu.v:7]
Completed static elaboration
Starting simulation data flow analysis
Completed simulation data flow analysis
Time Resolution for simulation is 1ps
Compiling module xil_defaultlib.PC
Compiling module xil_defaultlib.BPB_default
Compiling module dist_mem_gen_v8_0_13.dist_mem_gen_v8_0_13(C_FAMILY="a...
Compiling module xil_defaultlib.CS_DRAM
Compiling module xil_defaultlib.IFID
Compiling module xil_defaultlib.BubleDel
Compiling module xil_defaultlib.CU
Compiling module xil_defaultlib.RegFile
Compiling module xil_defaultlib.IDEX
Compiling module xil_defaultlib.ALU
Compiling module xil_defaultlib.EXMEM
Compiling module dist_mem_gen_v8_0_13.dist_mem_gen_v8_0_13(C_FAMILY="a...
Compiling module xil_defaultlib.DS_DRAM
Compiling module xil_defaultlib.MEMWB
Compiling module xil_defaultlib.CPU
Compiling module xil_defaultlib.sim_cpu
Compiling module xil_defaultlib.glbl
Built simulation snapshot sim_cpu_behav
INFO: [USF-XSim-69] 'elaborate' step finished in '4' seconds
INFO: [USF-XSim-4] XSim::Simulate design
WARNING: [USF-XSim-17] WCFG file does not exist:D:/Xilinx/Vivado/projects-ps/JMP_Predict_CPU/sim_cpu_behav.wcfg
WARNING: [USF-XSim-17] WCFG file does not exist:D:/Xilinx/Vivado/projects-ps/JMP_Predict_CPU/sim_cpu_behav.wcfg
INFO: [USF-XSim-61] Executing 'SIMULATE' step in 'D:/Xilinx/Vivado/projects-ps/JMP_Predict_CPU/JMP_Predict_CPU.sim/sim_1/behav/xsim'
INFO: [USF-XSim-98] *** Running xsim
   with args "sim_cpu_behav -key {Behavioral:sim_1:Functional:sim_cpu} -tclbatch {sim_cpu.tcl} -log {simulate.log}"
INFO: [USF-XSim-8] Loading simulator feature
Time resolution is 1 ps
source sim_cpu.tcl
# set curr_wave [current_wave_config]
# if { [string length $curr_wave] == 0 } {
#   if { [llength [get_objects]] > 0} {
#     add_wave /
#     set_property needs_save false [current_wave_config]
#   } else {
#      send_msg_id Add_Wave-1 WARNING "No top level signals found. Simulator will start without a wave window. If you want to open a wave window go to 'File->New Waveform Configuration' or type 'create_wave_config' in the TCL console."
#   }
# }
# log_wave -r /
# run 13000ns
WARNING: This core is supplied with a behavioral model. To model cycle-accurate behavior you must run timing simulation.
WARNING: This core is supplied with a behavioral model. To model cycle-accurate behavior you must run timing simulation.
INFO: [USF-XSim-96] XSim completed. Design snapshot 'sim_cpu_behav' loaded.
INFO: [USF-XSim-97] XSim simulation ran for 13000ns
launch_simulation: Time (s): cpu = 00:00:03 ; elapsed = 00:00:08 . Memory (MB): peak = 2707.449 ; gain = 0.000
reset_run synth_1
INFO: [Project 1-1161] Replacing file D:/Xilinx/Vivado/projects-ps/JMP_Predict_CPU/JMP_Predict_CPU.srcs/utils_1/imports/synth_1/TOP.dcp with file D:/Xilinx/Vivado/projects-ps/JMP_Predict_CPU/JMP_Predict_CPU.runs/synth_1/TOP.dcp
WARNING: [Vivado 12-1017] Problems encountered:
1. Failed to delete one or more files in run directory D:/Xilinx/Vivado/projects-ps/JMP_Predict_CPU/JMP_Predict_CPU.runs/synth_1

launch_runs synth_1 -jobs 6
[Thu Aug 21 01:29:27 2025] Launched synth_1...
Run output will be captured here: D:/Xilinx/Vivado/projects-ps/JMP_Predict_CPU/JMP_Predict_CPU.runs/synth_1/runme.log
synth_design -rtl -rtl_skip_mlo -name rtl_1
Command: synth_design -rtl -rtl_skip_mlo -name rtl_1
Starting synth_design
Using part: xc7a35tcsg324-1
Top: TOP
INFO: [Device 21-403] Loading part xc7a35tcsg324-1
WARNING: [Synth 8-6901] identifier 'actual_branchtaken' is used before its declaration [D:/Xilinx/Vivado/projects-ps/JMP_Predict_CPU/JMP_Predict_CPU.srcs/sources_1/new/CPU.v:36]
WARNING: [Synth 8-6901] identifier 'actual_target' is used before its declaration [D:/Xilinx/Vivado/projects-ps/JMP_Predict_CPU/JMP_Predict_CPU.srcs/sources_1/new/CPU.v:36]
WARNING: [Synth 8-6901] identifier 'PredictJump' is used before its declaration [D:/Xilinx/Vivado/projects-ps/JMP_Predict_CPU/JMP_Predict_CPU.srcs/sources_1/new/CPU.v:37]
WARNING: [Synth 8-6901] identifier 'target_addr' is used before its declaration [D:/Xilinx/Vivado/projects-ps/JMP_Predict_CPU/JMP_Predict_CPU.srcs/sources_1/new/CPU.v:37]
WARNING: [Synth 8-6901] identifier 'PredictJump_EX' is used before its declaration [D:/Xilinx/Vivado/projects-ps/JMP_Predict_CPU/JMP_Predict_CPU.srcs/sources_1/new/CPU.v:38]
WARNING: [Synth 8-6901] identifier 'actual_branchtaken' is used before its declaration [D:/Xilinx/Vivado/projects-ps/JMP_Predict_CPU/JMP_Predict_CPU.srcs/sources_1/new/CPU.v:38]
WARNING: [Synth 8-6901] identifier 'ALU_SRCA' is used before its declaration [D:/Xilinx/Vivado/projects-ps/JMP_Predict_CPU/JMP_Predict_CPU.srcs/sources_1/new/CPU.v:56]
---------------------------------------------------------------------------------
Starting RTL Elaboration : Time (s): cpu = 00:00:03 ; elapsed = 00:00:03 . Memory (MB): peak = 2707.449 ; gain = 0.000
---------------------------------------------------------------------------------
INFO: [Synth 8-6157] synthesizing module 'TOP' [D:/Xilinx/Vivado/projects-ps/JMP_Predict_CPU/JMP_Predict_CPU.srcs/sources_1/new/TOP.v:2]
INFO: [Synth 8-6157] synthesizing module 'CLK_DIV' [D:/Xilinx/Vivado/projects-ps/JMP_Predict_CPU/JMP_Predict_CPU.srcs/sources_1/new/CLK_DIV.v:2]
INFO: [Synth 8-6155] done synthesizing module 'CLK_DIV' (0#1) [D:/Xilinx/Vivado/projects-ps/JMP_Predict_CPU/JMP_Predict_CPU.srcs/sources_1/new/CLK_DIV.v:2]
INFO: [Synth 8-6157] synthesizing module 'CPU' [D:/Xilinx/Vivado/projects-ps/JMP_Predict_CPU/JMP_Predict_CPU.srcs/sources_1/new/CPU.v:2]
INFO: [Synth 8-6157] synthesizing module 'PC' [D:/Xilinx/Vivado/projects-ps/JMP_Predict_CPU/JMP_Predict_CPU.srcs/sources_1/new/PC.v:2]
INFO: [Synth 8-6155] done synthesizing module 'PC' (0#1) [D:/Xilinx/Vivado/projects-ps/JMP_Predict_CPU/JMP_Predict_CPU.srcs/sources_1/new/PC.v:2]
INFO: [Synth 8-6157] synthesizing module 'BPB' [D:/Xilinx/Vivado/projects-ps/JMP_Predict_CPU/JMP_Predict_CPU.srcs/sources_1/new/BPB.v:2]
INFO: [Synth 8-6155] done synthesizing module 'BPB' (0#1) [D:/Xilinx/Vivado/projects-ps/JMP_Predict_CPU/JMP_Predict_CPU.srcs/sources_1/new/BPB.v:2]
INFO: [Synth 8-638] synthesizing module 'CS_DRAM' [d:/Xilinx/Vivado/projects-ps/JMP_Predict_CPU/JMP_Predict_CPU.gen/sources_1/ip/CS_DRAM/synth/CS_DRAM.vhd:66]
	Parameter C_FAMILY bound to: artix7 - type: string 
	Parameter C_ADDR_WIDTH bound to: 10 - type: integer 
	Parameter C_DEFAULT_DATA bound to: 0 - type: string 
	Parameter C_DEPTH bound to: 1024 - type: integer 
	Parameter C_HAS_CLK bound to: 0 - type: integer 
	Parameter C_HAS_D bound to: 0 - type: integer 
	Parameter C_HAS_DPO bound to: 0 - type: integer 
	Parameter C_HAS_DPRA bound to: 0 - type: integer 
	Parameter C_HAS_I_CE bound to: 0 - type: integer 
	Parameter C_HAS_QDPO bound to: 0 - type: integer 
	Parameter C_HAS_QDPO_CE bound to: 0 - type: integer 
	Parameter C_HAS_QDPO_CLK bound to: 0 - type: integer 
	Parameter C_HAS_QDPO_RST bound to: 0 - type: integer 
	Parameter C_HAS_QDPO_SRST bound to: 0 - type: integer 
	Parameter C_HAS_QSPO bound to: 0 - type: integer 
	Parameter C_HAS_QSPO_CE bound to: 0 - type: integer 
	Parameter C_HAS_QSPO_RST bound to: 0 - type: integer 
	Parameter C_HAS_QSPO_SRST bound to: 0 - type: integer 
	Parameter C_HAS_SPO bound to: 1 - type: integer 
	Parameter C_HAS_WE bound to: 0 - type: integer 
	Parameter C_MEM_INIT_FILE bound to: CS_DRAM.mif - type: string 
	Parameter C_ELABORATION_DIR bound to: ./ - type: string 
	Parameter C_MEM_TYPE bound to: 0 - type: integer 
	Parameter C_PIPELINE_STAGES bound to: 0 - type: integer 
	Parameter C_QCE_JOINED bound to: 0 - type: integer 
	Parameter C_QUALIFY_WE bound to: 0 - type: integer 
	Parameter C_READ_MIF bound to: 1 - type: integer 
	Parameter C_REG_A_D_INPUTS bound to: 0 - type: integer 
	Parameter C_REG_DPRA_INPUT bound to: 0 - type: integer 
	Parameter C_SYNC_ENABLE bound to: 1 - type: integer 
	Parameter C_WIDTH bound to: 32 - type: integer 
	Parameter C_PARSER_TYPE bound to: 1 - type: integer 
INFO: [Synth 8-3491] module 'dist_mem_gen_v8_0_13' declared at 'd:/Xilinx/Vivado/projects-ps/JMP_Predict_CPU/JMP_Predict_CPU.gen/sources_1/ip/DS_DRAM/hdl/dist_mem_gen_v8_0_vhsyn_rfs.vhd:3237' bound to instance 'U0' of component 'dist_mem_gen_v8_0_13' [d:/Xilinx/Vivado/projects-ps/JMP_Predict_CPU/JMP_Predict_CPU.gen/sources_1/ip/CS_DRAM/synth/CS_DRAM.vhd:132]
INFO: [Synth 8-256] done synthesizing module 'CS_DRAM' (0#1) [d:/Xilinx/Vivado/projects-ps/JMP_Predict_CPU/JMP_Predict_CPU.gen/sources_1/ip/CS_DRAM/synth/CS_DRAM.vhd:66]
INFO: [Synth 8-6157] synthesizing module 'IFID' [D:/Xilinx/Vivado/projects-ps/JMP_Predict_CPU/JMP_Predict_CPU.srcs/sources_1/new/IFID.v:2]
INFO: [Synth 8-6155] done synthesizing module 'IFID' (0#1) [D:/Xilinx/Vivado/projects-ps/JMP_Predict_CPU/JMP_Predict_CPU.srcs/sources_1/new/IFID.v:2]
INFO: [Synth 8-6157] synthesizing module 'BubleDel' [D:/Xilinx/Vivado/projects-ps/JMP_Predict_CPU/JMP_Predict_CPU.srcs/sources_1/new/BubleDel.v:2]
INFO: [Synth 8-6155] done synthesizing module 'BubleDel' (0#1) [D:/Xilinx/Vivado/projects-ps/JMP_Predict_CPU/JMP_Predict_CPU.srcs/sources_1/new/BubleDel.v:2]
INFO: [Synth 8-6157] synthesizing module 'CU' [D:/Xilinx/Vivado/projects-ps/JMP_Predict_CPU/JMP_Predict_CPU.srcs/sources_1/new/CU.v:2]
INFO: [Synth 8-6155] done synthesizing module 'CU' (0#1) [D:/Xilinx/Vivado/projects-ps/JMP_Predict_CPU/JMP_Predict_CPU.srcs/sources_1/new/CU.v:2]
INFO: [Synth 8-6157] synthesizing module 'RegFile' [D:/Xilinx/Vivado/projects-ps/JMP_Predict_CPU/JMP_Predict_CPU.srcs/sources_1/new/RegFile.v:2]
INFO: [Synth 8-6155] done synthesizing module 'RegFile' (0#1) [D:/Xilinx/Vivado/projects-ps/JMP_Predict_CPU/JMP_Predict_CPU.srcs/sources_1/new/RegFile.v:2]
INFO: [Synth 8-6157] synthesizing module 'IDEX' [D:/Xilinx/Vivado/projects-ps/JMP_Predict_CPU/JMP_Predict_CPU.srcs/sources_1/new/IDEX.v:2]
INFO: [Synth 8-6155] done synthesizing module 'IDEX' (0#1) [D:/Xilinx/Vivado/projects-ps/JMP_Predict_CPU/JMP_Predict_CPU.srcs/sources_1/new/IDEX.v:2]
INFO: [Synth 8-6157] synthesizing module 'ALU' [D:/Xilinx/Vivado/projects-ps/JMP_Predict_CPU/JMP_Predict_CPU.srcs/sources_1/new/ALU.v:2]
INFO: [Synth 8-6155] done synthesizing module 'ALU' (0#1) [D:/Xilinx/Vivado/projects-ps/JMP_Predict_CPU/JMP_Predict_CPU.srcs/sources_1/new/ALU.v:2]
INFO: [Synth 8-6157] synthesizing module 'EXMEM' [D:/Xilinx/Vivado/projects-ps/JMP_Predict_CPU/JMP_Predict_CPU.srcs/sources_1/new/EXMEM.v:2]
INFO: [Synth 8-6155] done synthesizing module 'EXMEM' (0#1) [D:/Xilinx/Vivado/projects-ps/JMP_Predict_CPU/JMP_Predict_CPU.srcs/sources_1/new/EXMEM.v:2]
INFO: [Synth 8-638] synthesizing module 'DS_DRAM' [d:/Xilinx/Vivado/projects-ps/JMP_Predict_CPU/JMP_Predict_CPU.gen/sources_1/ip/DS_DRAM/synth/DS_DRAM.vhd:69]
	Parameter C_FAMILY bound to: artix7 - type: string 
	Parameter C_ADDR_WIDTH bound to: 10 - type: integer 
	Parameter C_DEFAULT_DATA bound to: 0 - type: string 
	Parameter C_DEPTH bound to: 1024 - type: integer 
	Parameter C_HAS_CLK bound to: 1 - type: integer 
	Parameter C_HAS_D bound to: 1 - type: integer 
	Parameter C_HAS_DPO bound to: 0 - type: integer 
	Parameter C_HAS_DPRA bound to: 0 - type: integer 
	Parameter C_HAS_I_CE bound to: 0 - type: integer 
	Parameter C_HAS_QDPO bound to: 0 - type: integer 
	Parameter C_HAS_QDPO_CE bound to: 0 - type: integer 
	Parameter C_HAS_QDPO_CLK bound to: 0 - type: integer 
	Parameter C_HAS_QDPO_RST bound to: 0 - type: integer 
	Parameter C_HAS_QDPO_SRST bound to: 0 - type: integer 
	Parameter C_HAS_QSPO bound to: 0 - type: integer 
	Parameter C_HAS_QSPO_CE bound to: 0 - type: integer 
	Parameter C_HAS_QSPO_RST bound to: 0 - type: integer 
	Parameter C_HAS_QSPO_SRST bound to: 0 - type: integer 
	Parameter C_HAS_SPO bound to: 1 - type: integer 
	Parameter C_HAS_WE bound to: 1 - type: integer 
	Parameter C_MEM_INIT_FILE bound to: no_coe_file_loaded - type: string 
	Parameter C_ELABORATION_DIR bound to: ./ - type: string 
	Parameter C_MEM_TYPE bound to: 1 - type: integer 
	Parameter C_PIPELINE_STAGES bound to: 0 - type: integer 
	Parameter C_QCE_JOINED bound to: 0 - type: integer 
	Parameter C_QUALIFY_WE bound to: 0 - type: integer 
	Parameter C_READ_MIF bound to: 0 - type: integer 
	Parameter C_REG_A_D_INPUTS bound to: 0 - type: integer 
	Parameter C_REG_DPRA_INPUT bound to: 0 - type: integer 
	Parameter C_SYNC_ENABLE bound to: 1 - type: integer 
	Parameter C_WIDTH bound to: 32 - type: integer 
	Parameter C_PARSER_TYPE bound to: 1 - type: integer 
INFO: [Synth 8-3491] module 'dist_mem_gen_v8_0_13' declared at 'd:/Xilinx/Vivado/projects-ps/JMP_Predict_CPU/JMP_Predict_CPU.gen/sources_1/ip/DS_DRAM/hdl/dist_mem_gen_v8_0_vhsyn_rfs.vhd:3237' bound to instance 'U0' of component 'dist_mem_gen_v8_0_13' [d:/Xilinx/Vivado/projects-ps/JMP_Predict_CPU/JMP_Predict_CPU.gen/sources_1/ip/DS_DRAM/synth/DS_DRAM.vhd:135]
INFO: [Synth 8-256] done synthesizing module 'DS_DRAM' (0#1) [d:/Xilinx/Vivado/projects-ps/JMP_Predict_CPU/JMP_Predict_CPU.gen/sources_1/ip/DS_DRAM/synth/DS_DRAM.vhd:69]
INFO: [Synth 8-6157] synthesizing module 'MEMWB' [D:/Xilinx/Vivado/projects-ps/JMP_Predict_CPU/JMP_Predict_CPU.srcs/sources_1/new/MEMWB.v:2]
INFO: [Synth 8-6155] done synthesizing module 'MEMWB' (0#1) [D:/Xilinx/Vivado/projects-ps/JMP_Predict_CPU/JMP_Predict_CPU.srcs/sources_1/new/MEMWB.v:2]
INFO: [Synth 8-6155] done synthesizing module 'CPU' (0#1) [D:/Xilinx/Vivado/projects-ps/JMP_Predict_CPU/JMP_Predict_CPU.srcs/sources_1/new/CPU.v:2]
INFO: [Synth 8-6157] synthesizing module 'DISPLAY' [D:/Xilinx/Vivado/projects-ps/JMP_Predict_CPU/JMP_Predict_CPU.srcs/sources_1/new/DISPLAY.v:2]
INFO: [Synth 8-6157] synthesizing module 'seg7' [D:/Xilinx/Vivado/projects-ps/JMP_Predict_CPU/JMP_Predict_CPU.srcs/sources_1/new/DISPLAY.v:42]
INFO: [Synth 8-6155] done synthesizing module 'seg7' (0#1) [D:/Xilinx/Vivado/projects-ps/JMP_Predict_CPU/JMP_Predict_CPU.srcs/sources_1/new/DISPLAY.v:42]
INFO: [Synth 8-6155] done synthesizing module 'DISPLAY' (0#1) [D:/Xilinx/Vivado/projects-ps/JMP_Predict_CPU/JMP_Predict_CPU.srcs/sources_1/new/DISPLAY.v:2]
INFO: [Synth 8-6155] done synthesizing module 'TOP' (0#1) [D:/Xilinx/Vivado/projects-ps/JMP_Predict_CPU/JMP_Predict_CPU.srcs/sources_1/new/TOP.v:2]
WARNING: [Synth 8-6014] Unused sequential element found_index_reg was removed.  [D:/Xilinx/Vivado/projects-ps/JMP_Predict_CPU/JMP_Predict_CPU.srcs/sources_1/new/BPB.v:141]
WARNING: [Synth 8-6014] Unused sequential element found_flag_reg was removed.  [D:/Xilinx/Vivado/projects-ps/JMP_Predict_CPU/JMP_Predict_CPU.srcs/sources_1/new/BPB.v:142]
WARNING: [Synth 8-6014] Unused sequential element replace_index_reg was removed.  [D:/Xilinx/Vivado/projects-ps/JMP_Predict_CPU/JMP_Predict_CPU.srcs/sources_1/new/BPB.v:184]
WARNING: [Synth 8-7129] Port qspo[31] in module spram is either unconnected or has no load
WARNING: [Synth 8-7129] Port qspo[30] in module spram is either unconnected or has no load
WARNING: [Synth 8-7129] Port qspo[29] in module spram is either unconnected or has no load
WARNING: [Synth 8-7129] Port qspo[28] in module spram is either unconnected or has no load
WARNING: [Synth 8-7129] Port qspo[27] in module spram is either unconnected or has no load
WARNING: [Synth 8-7129] Port qspo[26] in module spram is either unconnected or has no load
WARNING: [Synth 8-7129] Port qspo[25] in module spram is either unconnected or has no load
WARNING: [Synth 8-7129] Port qspo[24] in module spram is either unconnected or has no load
WARNING: [Synth 8-7129] Port qspo[23] in module spram is either unconnected or has no load
WARNING: [Synth 8-7129] Port qspo[22] in module spram is either unconnected or has no load
WARNING: [Synth 8-7129] Port qspo[21] in module spram is either unconnected or has no load
WARNING: [Synth 8-7129] Port qspo[20] in module spram is either unconnected or has no load
WARNING: [Synth 8-7129] Port qspo[19] in module spram is either unconnected or has no load
WARNING: [Synth 8-7129] Port qspo[18] in module spram is either unconnected or has no load
WARNING: [Synth 8-7129] Port qspo[17] in module spram is either unconnected or has no load
WARNING: [Synth 8-7129] Port qspo[16] in module spram is either unconnected or has no load
WARNING: [Synth 8-7129] Port qspo[15] in module spram is either unconnected or has no load
WARNING: [Synth 8-7129] Port qspo[14] in module spram is either unconnected or has no load
WARNING: [Synth 8-7129] Port qspo[13] in module spram is either unconnected or has no load
WARNING: [Synth 8-7129] Port qspo[12] in module spram is either unconnected or has no load
WARNING: [Synth 8-7129] Port qspo[11] in module spram is either unconnected or has no load
WARNING: [Synth 8-7129] Port qspo[10] in module spram is either unconnected or has no load
WARNING: [Synth 8-7129] Port qspo[9] in module spram is either unconnected or has no load
WARNING: [Synth 8-7129] Port qspo[8] in module spram is either unconnected or has no load
WARNING: [Synth 8-7129] Port qspo[7] in module spram is either unconnected or has no load
WARNING: [Synth 8-7129] Port qspo[6] in module spram is either unconnected or has no load
WARNING: [Synth 8-7129] Port qspo[5] in module spram is either unconnected or has no load
WARNING: [Synth 8-7129] Port qspo[4] in module spram is either unconnected or has no load
WARNING: [Synth 8-7129] Port qspo[3] in module spram is either unconnected or has no load
WARNING: [Synth 8-7129] Port qspo[2] in module spram is either unconnected or has no load
WARNING: [Synth 8-7129] Port qspo[1] in module spram is either unconnected or has no load
WARNING: [Synth 8-7129] Port qspo[0] in module spram is either unconnected or has no load
WARNING: [Synth 8-7129] Port i_ce in module spram is either unconnected or has no load
WARNING: [Synth 8-7129] Port qspo_ce in module spram is either unconnected or has no load
WARNING: [Synth 8-7129] Port qspo_rst in module spram is either unconnected or has no load
WARNING: [Synth 8-7129] Port qspo_srst in module spram is either unconnected or has no load
WARNING: [Synth 8-7129] Port dpo[31] in module dist_mem_gen_v8_0_13_synth__parameterized0 is either unconnected or has no load
WARNING: [Synth 8-7129] Port dpo[30] in module dist_mem_gen_v8_0_13_synth__parameterized0 is either unconnected or has no load
WARNING: [Synth 8-7129] Port dpo[29] in module dist_mem_gen_v8_0_13_synth__parameterized0 is either unconnected or has no load
WARNING: [Synth 8-7129] Port dpo[28] in module dist_mem_gen_v8_0_13_synth__parameterized0 is either unconnected or has no load
WARNING: [Synth 8-7129] Port dpo[27] in module dist_mem_gen_v8_0_13_synth__parameterized0 is either unconnected or has no load
WARNING: [Synth 8-7129] Port dpo[26] in module dist_mem_gen_v8_0_13_synth__parameterized0 is either unconnected or has no load
WARNING: [Synth 8-7129] Port dpo[25] in module dist_mem_gen_v8_0_13_synth__parameterized0 is either unconnected or has no load
WARNING: [Synth 8-7129] Port dpo[24] in module dist_mem_gen_v8_0_13_synth__parameterized0 is either unconnected or has no load
WARNING: [Synth 8-7129] Port dpo[23] in module dist_mem_gen_v8_0_13_synth__parameterized0 is either unconnected or has no load
WARNING: [Synth 8-7129] Port dpo[22] in module dist_mem_gen_v8_0_13_synth__parameterized0 is either unconnected or has no load
WARNING: [Synth 8-7129] Port dpo[21] in module dist_mem_gen_v8_0_13_synth__parameterized0 is either unconnected or has no load
WARNING: [Synth 8-7129] Port dpo[20] in module dist_mem_gen_v8_0_13_synth__parameterized0 is either unconnected or has no load
WARNING: [Synth 8-7129] Port dpo[19] in module dist_mem_gen_v8_0_13_synth__parameterized0 is either unconnected or has no load
WARNING: [Synth 8-7129] Port dpo[18] in module dist_mem_gen_v8_0_13_synth__parameterized0 is either unconnected or has no load
WARNING: [Synth 8-7129] Port dpo[17] in module dist_mem_gen_v8_0_13_synth__parameterized0 is either unconnected or has no load
WARNING: [Synth 8-7129] Port dpo[16] in module dist_mem_gen_v8_0_13_synth__parameterized0 is either unconnected or has no load
WARNING: [Synth 8-7129] Port dpo[15] in module dist_mem_gen_v8_0_13_synth__parameterized0 is either unconnected or has no load
WARNING: [Synth 8-7129] Port dpo[14] in module dist_mem_gen_v8_0_13_synth__parameterized0 is either unconnected or has no load
WARNING: [Synth 8-7129] Port dpo[13] in module dist_mem_gen_v8_0_13_synth__parameterized0 is either unconnected or has no load
WARNING: [Synth 8-7129] Port dpo[12] in module dist_mem_gen_v8_0_13_synth__parameterized0 is either unconnected or has no load
WARNING: [Synth 8-7129] Port dpo[11] in module dist_mem_gen_v8_0_13_synth__parameterized0 is either unconnected or has no load
WARNING: [Synth 8-7129] Port dpo[10] in module dist_mem_gen_v8_0_13_synth__parameterized0 is either unconnected or has no load
WARNING: [Synth 8-7129] Port dpo[9] in module dist_mem_gen_v8_0_13_synth__parameterized0 is either unconnected or has no load
WARNING: [Synth 8-7129] Port dpo[8] in module dist_mem_gen_v8_0_13_synth__parameterized0 is either unconnected or has no load
WARNING: [Synth 8-7129] Port dpo[7] in module dist_mem_gen_v8_0_13_synth__parameterized0 is either unconnected or has no load
WARNING: [Synth 8-7129] Port dpo[6] in module dist_mem_gen_v8_0_13_synth__parameterized0 is either unconnected or has no load
WARNING: [Synth 8-7129] Port dpo[5] in module dist_mem_gen_v8_0_13_synth__parameterized0 is either unconnected or has no load
WARNING: [Synth 8-7129] Port dpo[4] in module dist_mem_gen_v8_0_13_synth__parameterized0 is either unconnected or has no load
WARNING: [Synth 8-7129] Port dpo[3] in module dist_mem_gen_v8_0_13_synth__parameterized0 is either unconnected or has no load
WARNING: [Synth 8-7129] Port dpo[2] in module dist_mem_gen_v8_0_13_synth__parameterized0 is either unconnected or has no load
WARNING: [Synth 8-7129] Port dpo[1] in module dist_mem_gen_v8_0_13_synth__parameterized0 is either unconnected or has no load
WARNING: [Synth 8-7129] Port dpo[0] in module dist_mem_gen_v8_0_13_synth__parameterized0 is either unconnected or has no load
WARNING: [Synth 8-7129] Port qdpo[31] in module dist_mem_gen_v8_0_13_synth__parameterized0 is either unconnected or has no load
WARNING: [Synth 8-7129] Port qdpo[30] in module dist_mem_gen_v8_0_13_synth__parameterized0 is either unconnected or has no load
WARNING: [Synth 8-7129] Port qdpo[29] in module dist_mem_gen_v8_0_13_synth__parameterized0 is either unconnected or has no load
WARNING: [Synth 8-7129] Port qdpo[28] in module dist_mem_gen_v8_0_13_synth__parameterized0 is either unconnected or has no load
WARNING: [Synth 8-7129] Port qdpo[27] in module dist_mem_gen_v8_0_13_synth__parameterized0 is either unconnected or has no load
WARNING: [Synth 8-7129] Port qdpo[26] in module dist_mem_gen_v8_0_13_synth__parameterized0 is either unconnected or has no load
WARNING: [Synth 8-7129] Port qdpo[25] in module dist_mem_gen_v8_0_13_synth__parameterized0 is either unconnected or has no load
WARNING: [Synth 8-7129] Port qdpo[24] in module dist_mem_gen_v8_0_13_synth__parameterized0 is either unconnected or has no load
WARNING: [Synth 8-7129] Port qdpo[23] in module dist_mem_gen_v8_0_13_synth__parameterized0 is either unconnected or has no load
WARNING: [Synth 8-7129] Port qdpo[22] in module dist_mem_gen_v8_0_13_synth__parameterized0 is either unconnected or has no load
WARNING: [Synth 8-7129] Port qdpo[21] in module dist_mem_gen_v8_0_13_synth__parameterized0 is either unconnected or has no load
WARNING: [Synth 8-7129] Port qdpo[20] in module dist_mem_gen_v8_0_13_synth__parameterized0 is either unconnected or has no load
WARNING: [Synth 8-7129] Port qdpo[19] in module dist_mem_gen_v8_0_13_synth__parameterized0 is either unconnected or has no load
WARNING: [Synth 8-7129] Port qdpo[18] in module dist_mem_gen_v8_0_13_synth__parameterized0 is either unconnected or has no load
WARNING: [Synth 8-7129] Port qdpo[17] in module dist_mem_gen_v8_0_13_synth__parameterized0 is either unconnected or has no load
WARNING: [Synth 8-7129] Port qdpo[16] in module dist_mem_gen_v8_0_13_synth__parameterized0 is either unconnected or has no load
WARNING: [Synth 8-7129] Port qdpo[15] in module dist_mem_gen_v8_0_13_synth__parameterized0 is either unconnected or has no load
WARNING: [Synth 8-7129] Port qdpo[14] in module dist_mem_gen_v8_0_13_synth__parameterized0 is either unconnected or has no load
WARNING: [Synth 8-7129] Port qdpo[13] in module dist_mem_gen_v8_0_13_synth__parameterized0 is either unconnected or has no load
WARNING: [Synth 8-7129] Port qdpo[12] in module dist_mem_gen_v8_0_13_synth__parameterized0 is either unconnected or has no load
WARNING: [Synth 8-7129] Port qdpo[11] in module dist_mem_gen_v8_0_13_synth__parameterized0 is either unconnected or has no load
WARNING: [Synth 8-7129] Port qdpo[10] in module dist_mem_gen_v8_0_13_synth__parameterized0 is either unconnected or has no load
WARNING: [Synth 8-7129] Port qdpo[9] in module dist_mem_gen_v8_0_13_synth__parameterized0 is either unconnected or has no load
WARNING: [Synth 8-7129] Port qdpo[8] in module dist_mem_gen_v8_0_13_synth__parameterized0 is either unconnected or has no load
WARNING: [Synth 8-7129] Port qdpo[7] in module dist_mem_gen_v8_0_13_synth__parameterized0 is either unconnected or has no load
WARNING: [Synth 8-7129] Port qdpo[6] in module dist_mem_gen_v8_0_13_synth__parameterized0 is either unconnected or has no load
WARNING: [Synth 8-7129] Port qdpo[5] in module dist_mem_gen_v8_0_13_synth__parameterized0 is either unconnected or has no load
WARNING: [Synth 8-7129] Port qdpo[4] in module dist_mem_gen_v8_0_13_synth__parameterized0 is either unconnected or has no load
WARNING: [Synth 8-7129] Port qdpo[3] in module dist_mem_gen_v8_0_13_synth__parameterized0 is either unconnected or has no load
WARNING: [Synth 8-7129] Port qdpo[2] in module dist_mem_gen_v8_0_13_synth__parameterized0 is either unconnected or has no load
WARNING: [Synth 8-7129] Port qdpo[1] in module dist_mem_gen_v8_0_13_synth__parameterized0 is either unconnected or has no load
WARNING: [Synth 8-7129] Port qdpo[0] in module dist_mem_gen_v8_0_13_synth__parameterized0 is either unconnected or has no load
INFO: [Common 17-14] Message 'Synth 8-7129' appears 100 times and further instances of the messages will be disabled. Use the Tcl command set_msg_config to change the current settings.
---------------------------------------------------------------------------------
Finished RTL Elaboration : Time (s): cpu = 00:00:06 ; elapsed = 00:00:06 . Memory (MB): peak = 2707.449 ; gain = 0.000
---------------------------------------------------------------------------------
---------------------------------------------------------------------------------
Start Handling Custom Attributes
---------------------------------------------------------------------------------
---------------------------------------------------------------------------------
Finished Handling Custom Attributes : Time (s): cpu = 00:00:07 ; elapsed = 00:00:06 . Memory (MB): peak = 2707.449 ; gain = 0.000
---------------------------------------------------------------------------------
---------------------------------------------------------------------------------
Finished RTL Optimization Phase 1 : Time (s): cpu = 00:00:07 ; elapsed = 00:00:06 . Memory (MB): peak = 2707.449 ; gain = 0.000
---------------------------------------------------------------------------------
Netlist sorting complete. Time (s): cpu = 00:00:00 ; elapsed = 00:00:00.035 . Memory (MB): peak = 2707.449 ; gain = 0.000
INFO: [Project 1-570] Preparing netlist for logic optimization

Processing XDC Constraints
Initializing timing engine
Parsing XDC File [D:/Xilinx/Vivado/projects-ps/JMP_Predict_CPU/JMP_Predict_CPU.srcs/constrs_1/new/con_cpu.xdc]
Finished Parsing XDC File [D:/Xilinx/Vivado/projects-ps/JMP_Predict_CPU/JMP_Predict_CPU.srcs/constrs_1/new/con_cpu.xdc]
Completed Processing XDC Constraints

Netlist sorting complete. Time (s): cpu = 00:00:00 ; elapsed = 00:00:00.001 . Memory (MB): peak = 2785.102 ; gain = 0.000
INFO: [Project 1-111] Unisim Transformation Summary:
No Unisim elements were transformed.

RTL Elaboration Complete:  : Time (s): cpu = 00:00:14 ; elapsed = 00:00:09 . Memory (MB): peak = 2841.145 ; gain = 133.695
40 Infos, 110 Warnings, 0 Critical Warnings and 0 Errors encountered.
synth_design completed successfully
synth_design: Time (s): cpu = 00:00:17 ; elapsed = 00:00:12 . Memory (MB): peak = 2841.145 ; gain = 133.695
launch_runs impl_1 -to_step write_bitstream -jobs 6
[Thu Aug 21 01:31:11 2025] Launched impl_1...
Run output will be captured here: D:/Xilinx/Vivado/projects-ps/JMP_Predict_CPU/JMP_Predict_CPU.runs/impl_1/runme.log
open_hw_manager
connect_hw_server -allow_non_jtag
INFO: [Labtools 27-2285] Connecting to hw_server url TCP:localhost:3121
INFO: [Labtools 27-2222] Launching hw_server...
INFO: [Labtools 27-2221] Launch Output:

****** Xilinx hw_server v2022.1
  **** Build date : Apr 18 2022 at 16:02:36
    ** Copyright 1986-2022 Xilinx, Inc. All Rights Reserved.


INFO: [Labtools 27-3415] Connecting to cs_server url TCP:localhost:3042
INFO: [Labtools 27-3417] Launching cs_server...
INFO: [Labtools 27-2221] Launch Output:


******** Xilinx cs_server v2022.1.0
  ****** Build date   : Apr 13 2022-03:12:08
    **** Build number : 2022.1.1649790728
      ** Copyright 2017-2025 Xilinx, Inc. All Rights Reserved.



connect_hw_server: Time (s): cpu = 00:00:02 ; elapsed = 00:00:07 . Memory (MB): peak = 2869.090 ; gain = 23.379
open_hw_target
INFO: [Labtoolstcl 44-466] Opening hw_target localhost:3121/xilinx_tcf/Xilinx/1234-tulA
set_property PROGRAM.FILE {D:/Xilinx/Vivado/projects-ps/JMP_Predict_CPU/JMP_Predict_CPU.runs/impl_1/TOP.bit} [get_hw_devices xc7a35t_0]
current_hw_device [get_hw_devices xc7a35t_0]
refresh_hw_device -update_hw_probes false [lindex [get_hw_devices xc7a35t_0] 0]
INFO: [Labtools 27-1434] Device xc7a35t (JTAG device index = 0) is programmed with a design that has no supported debug core(s) in it.
set_property PROBES.FILE {} [get_hw_devices xc7a35t_0]
set_property FULL_PROBES.FILE {} [get_hw_devices xc7a35t_0]
set_property PROGRAM.FILE {D:/Xilinx/Vivado/projects-ps/JMP_Predict_CPU/JMP_Predict_CPU.runs/impl_1/TOP.bit} [get_hw_devices xc7a35t_0]
program_hw_devices [get_hw_devices xc7a35t_0]
INFO: [Labtools 27-3164] End of startup status: HIGH
refresh_hw_device [lindex [get_hw_devices xc7a35t_0] 0]
INFO: [Labtools 27-1434] Device xc7a35t (JTAG device index = 0) is programmed with a design that has no supported debug core(s) in it.
close_hw_manager
close_sim
INFO: [Simtcl 6-16] Simulation closed
exit
INFO: [Common 17-206] Exiting Vivado at Thu Aug 21 01:35:27 2025...
