Copyright 1986-2022 Xilinx, Inc. All Rights Reserved.
------------------------------------------------------------------------------------------------------------------------------------------------------------------------------------------------------
| Tool Version : Vivado v.2022.1 (win64) Build 3526262 Mon Apr 18 15:48:16 MDT 2022
| Date         : Thu Aug 21 16:47:18 2025
| Host         : ps running 64-bit major release  (build 9200)
| Command      : report_timing_summary -max_paths 10 -report_unconstrained -file TOP_timing_summary_routed.rpt -pb TOP_timing_summary_routed.pb -rpx TOP_timing_summary_routed.rpx -warn_on_violation
| Design       : TOP
| Device       : 7a35t-csg324
| Speed File   : -1  PRODUCTION 1.23 2018-06-13
------------------------------------------------------------------------------------------------------------------------------------------------------------------------------------------------------

Timing Summary Report

------------------------------------------------------------------------------------------------
| Timer Settings
| --------------
------------------------------------------------------------------------------------------------

  Enable Multi Corner Analysis               :  Yes
  Enable Pessimism Removal                   :  Yes
  Pessimism Removal Resolution               :  Nearest Common Node
  Enable Input Delay Default Clock           :  No
  Enable Preset / Clear Arcs                 :  No
  Disable Flight Delays                      :  No
  Ignore I/O Paths                           :  No
  Timing Early Launch at Borrowing Latches   :  No
  Borrow Time for Max Delay Exceptions       :  Yes
  Merge Timing Exceptions                    :  Yes

  Corner  Analyze    Analyze    
  Name    Max Paths  Min Paths  
  ------  ---------  ---------  
  Slow    Yes        Yes        
  Fast    Yes        Yes        


------------------------------------------------------------------------------------------------
| Report Methodology
| ------------------
------------------------------------------------------------------------------------------------

Rule       Severity          Description                  Violations  
---------  ----------------  ---------------------------  ----------  
TIMING-17  Critical Warning  Non-clocked sequential cell  1000        
SYNTH-10   Warning           Wide multiplier              8           

Note: This report is based on the most recent report_methodology run and may not be up-to-date. Run report_methodology on the current design for the latest report.



check_timing report

Table of Contents
-----------------
1. checking no_clock (2258)
2. checking constant_clock (0)
3. checking pulse_width_clock (0)
4. checking unconstrained_internal_endpoints (10605)
5. checking no_input_delay (2)
6. checking no_output_delay (22)
7. checking multiple_clock (0)
8. checking generated_clocks (0)
9. checking loops (0)
10. checking partial_input_delay (0)
11. checking partial_output_delay (0)
12. checking latch_loops (0)

1. checking no_clock (2258)
---------------------------
 There are 17 register/latch pins with no clock driven by root clock pin: clk (HIGH)

 There are 2232 register/latch pins with no clock driven by root clock pin: CLK_0/clk_10ms_reg/Q (HIGH)

 There are 9 register/latch pins with no clock driven by root clock pin: CLK_0/clk_1ms_reg/Q (HIGH)


2. checking constant_clock (0)
------------------------------
 There are 0 register/latch pins with constant_clock.


3. checking pulse_width_clock (0)
---------------------------------
 There are 0 register/latch pins which need pulse_width check


4. checking unconstrained_internal_endpoints (10605)
----------------------------------------------------
 There are 10605 pins that are not constrained for maximum delay. (HIGH)

 There are 0 pins that are not constrained for maximum delay due to constant clock.


5. checking no_input_delay (2)
------------------------------
 There are 2 input ports with no input delay specified. (HIGH)

 There are 0 input ports with no input delay but user has a false path constraint.


6. checking no_output_delay (22)
--------------------------------
 There are 22 ports with no output delay specified. (HIGH)

 There are 0 ports with no output delay but user has a false path constraint

 There are 0 ports with no output delay but with a timing clock defined on it or propagating through it


7. checking multiple_clock (0)
------------------------------
 There are 0 register/latch pins with multiple clocks.


8. checking generated_clocks (0)
--------------------------------
 There are 0 generated clocks that are not connected to a clock source.


9. checking loops (0)
---------------------
 There are 0 combinational loops in the design.


10. checking partial_input_delay (0)
------------------------------------
 There are 0 input ports with partial input delay specified.


11. checking partial_output_delay (0)
-------------------------------------
 There are 0 ports with partial output delay specified.


12. checking latch_loops (0)
----------------------------
 There are 0 combinational latch loops in the design through latch input



------------------------------------------------------------------------------------------------
| Design Timing Summary
| ---------------------
------------------------------------------------------------------------------------------------

    WNS(ns)      TNS(ns)  TNS Failing Endpoints  TNS Total Endpoints      WHS(ns)      THS(ns)  THS Failing Endpoints  THS Total Endpoints     WPWS(ns)     TPWS(ns)  TPWS Failing Endpoints  TPWS Total Endpoints  
    -------      -------  ---------------------  -------------------      -------      -------  ---------------------  -------------------     --------     --------  ----------------------  --------------------  
        inf        0.000                      0                10627          inf        0.000                      0                10627           NA           NA                      NA                    NA  


There are no user specified timing constraints.


------------------------------------------------------------------------------------------------
| Clock Summary
| -------------
------------------------------------------------------------------------------------------------


------------------------------------------------------------------------------------------------
| Intra Clock Table
| -----------------
------------------------------------------------------------------------------------------------

Clock             WNS(ns)      TNS(ns)  TNS Failing Endpoints  TNS Total Endpoints      WHS(ns)      THS(ns)  THS Failing Endpoints  THS Total Endpoints     WPWS(ns)     TPWS(ns)  TPWS Failing Endpoints  TPWS Total Endpoints  
-----             -------      -------  ---------------------  -------------------      -------      -------  ---------------------  -------------------     --------     --------  ----------------------  --------------------  


------------------------------------------------------------------------------------------------
| Inter Clock Table
| -----------------
------------------------------------------------------------------------------------------------

From Clock    To Clock          WNS(ns)      TNS(ns)  TNS Failing Endpoints  TNS Total Endpoints      WHS(ns)      THS(ns)  THS Failing Endpoints  THS Total Endpoints  
----------    --------          -------      -------  ---------------------  -------------------      -------      -------  ---------------------  -------------------  


------------------------------------------------------------------------------------------------
| Other Path Groups Table
| -----------------------
------------------------------------------------------------------------------------------------

Path Group    From Clock    To Clock          WNS(ns)      TNS(ns)  TNS Failing Endpoints  TNS Total Endpoints      WHS(ns)      THS(ns)  THS Failing Endpoints  THS Total Endpoints  
----------    ----------    --------          -------      -------  ---------------------  -------------------      -------      -------  ---------------------  -------------------  


------------------------------------------------------------------------------------------------
| User Ignored Path Table
| -----------------------
------------------------------------------------------------------------------------------------

Path Group    From Clock    To Clock    
----------    ----------    --------    


------------------------------------------------------------------------------------------------
| Unconstrained Path Table
| ------------------------
------------------------------------------------------------------------------------------------

Path Group    From Clock    To Clock    
----------    ----------    --------    
(none)                                    


------------------------------------------------------------------------------------------------
| Timing Details
| --------------
------------------------------------------------------------------------------------------------


--------------------------------------------------------------------------------------
Path Group:  (none)
From Clock:  
  To Clock:  

Max Delay         10627 Endpoints
Min Delay         10627 Endpoints
--------------------------------------------------------------------------------------


Max Delay Paths
--------------------------------------------------------------------------------------
Slack:                    inf
  Source:                 CPU_U/MEMWB_0/JAL_WB_reg/C
                            (rising edge-triggered cell FDCE)
  Destination:            CPU_U/Hi_reg_0/mem_reg[0][29]/D
  Path Group:             (none)
  Path Type:              Max at Slow Process Corner
  Data Path Delay:        149.078ns  (logic 58.648ns (39.341%)  route 90.430ns (60.659%))
  Logic Levels:           321  (CARRY4=275 FDCE=1 LUT1=1 LUT3=33 LUT4=1 LUT5=3 LUT6=7)

    Location             Delay type                Incr(ns)  Path(ns)    Netlist Resource(s)
  -------------------------------------------------------------------    -------------------
    SLICE_X39Y48         FDCE                         0.000     0.000 r  CPU_U/MEMWB_0/JAL_WB_reg/C
    SLICE_X39Y48         FDCE (Prop_fdce_C_Q)         0.456     0.456 r  CPU_U/MEMWB_0/JAL_WB_reg/Q
                         net (fo=34, routed)          3.220     3.676    CPU_U/MEMWB_0/sel0[4]
    SLICE_X65Y46         LUT3 (Prop_lut3_I0_O)        0.124     3.800 r  CPU_U/MEMWB_0/MEM_reg_r1_0_31_0_5_i_24/O
                         net (fo=30, routed)          4.737     8.536    CPU_U/MEMWB_0/MEM_reg_r1_0_31_0_5_i_24_n_0
    SLICE_X51Y48         LUT6 (Prop_lut6_I5_O)        0.124     8.660 f  CPU_U/MEMWB_0/MEM_reg_r1_0_31_12_17_i_19/O
                         net (fo=1, routed)           0.151     8.812    CPU_U/MEMWB_0/MEM_reg_r1_0_31_12_17_i_19_n_0
    SLICE_X51Y48         LUT6 (Prop_lut6_I5_O)        0.124     8.936 r  CPU_U/MEMWB_0/MEM_reg_r1_0_31_12_17_i_12/O
                         net (fo=3, routed)           0.166     9.102    CPU_U/IDEX_0/mult_result_u__1_23
    SLICE_X51Y48         LUT5 (Prop_lut5_I0_O)        0.124     9.226 f  CPU_U/IDEX_0/LedData[16]_i_1/O
                         net (fo=3, routed)           2.021    11.247    CPU_U/IDEX_0/R2_EX_reg[31]_0[16]
    SLICE_X65Y56         LUT3 (Prop_lut3_I2_O)        0.124    11.371 f  CPU_U/IDEX_0/mult_result_u_i_16/O
                         net (fo=96, routed)          4.021    15.392    CPU_U/IDEX_0/imm_EX_reg[17]_5
    SLICE_X37Y68         LUT1 (Prop_lut1_I0_O)        0.124    15.516 r  CPU_U/IDEX_0/mem[0][31]_i_1221/O
                         net (fo=1, routed)           0.000    15.516    CPU_U/ALU_0/mem_reg[0][31]_i_1120_1[0]
    SLICE_X37Y68         CARRY4 (Prop_carry4_S[0]_CO[3])
                                                      0.532    16.048 r  CPU_U/ALU_0/mem_reg[0][31]_i_1162/CO[3]
                         net (fo=1, routed)           0.000    16.048    CPU_U/ALU_0/mem_reg[0][31]_i_1162_n_0
    SLICE_X37Y69         CARRY4 (Prop_carry4_CI_CO[3])
                                                      0.114    16.162 r  CPU_U/ALU_0/mem_reg[0][31]_i_1157/CO[3]
                         net (fo=1, routed)           0.000    16.162    CPU_U/ALU_0/mem_reg[0][31]_i_1157_n_0
    SLICE_X37Y70         CARRY4 (Prop_carry4_CI_CO[3])
                                                      0.114    16.276 r  CPU_U/ALU_0/mem_reg[0][31]_i_1152/CO[3]
                         net (fo=1, routed)           0.000    16.276    CPU_U/ALU_0/mem_reg[0][31]_i_1152_n_0
    SLICE_X37Y71         CARRY4 (Prop_carry4_CI_CO[3])
                                                      0.114    16.390 r  CPU_U/ALU_0/mem_reg[0][31]_i_1149/CO[3]
                         net (fo=1, routed)           0.000    16.390    CPU_U/ALU_0/mem_reg[0][31]_i_1149_n_0
    SLICE_X37Y72         CARRY4 (Prop_carry4_CI_CO[0])
                                                      0.271    16.661 r  CPU_U/ALU_0/mem_reg[0][31]_i_1148/CO[0]
                         net (fo=35, routed)          1.559    18.220    CPU_U/ALU_0/mem_reg[0][31]_i_1148_n_3
    SLICE_X36Y63         LUT3 (Prop_lut3_I0_O)        0.373    18.593 r  CPU_U/ALU_0/mem[0][31]_i_1189/O
                         net (fo=1, routed)           0.000    18.593    CPU_U/ALU_0/mem[0][31]_i_1189_n_0
    SLICE_X36Y63         CARRY4 (Prop_carry4_S[1]_CO[3])
                                                      0.550    19.143 r  CPU_U/ALU_0/mem_reg[0][31]_i_1140/CO[3]
                         net (fo=1, routed)           0.000    19.143    CPU_U/ALU_0/mem_reg[0][31]_i_1140_n_0
    SLICE_X36Y64         CARRY4 (Prop_carry4_CI_CO[3])
                                                      0.114    19.257 r  CPU_U/ALU_0/mem_reg[0][31]_i_1135/CO[3]
                         net (fo=1, routed)           0.000    19.257    CPU_U/ALU_0/mem_reg[0][31]_i_1135_n_0
    SLICE_X36Y65         CARRY4 (Prop_carry4_CI_CO[3])
                                                      0.114    19.371 r  CPU_U/ALU_0/mem_reg[0][31]_i_1130/CO[3]
                         net (fo=1, routed)           0.000    19.371    CPU_U/ALU_0/mem_reg[0][31]_i_1130_n_0
    SLICE_X36Y66         CARRY4 (Prop_carry4_CI_CO[3])
                                                      0.114    19.485 r  CPU_U/ALU_0/mem_reg[0][31]_i_1125/CO[3]
                         net (fo=1, routed)           0.000    19.485    CPU_U/ALU_0/mem_reg[0][31]_i_1125_n_0
    SLICE_X36Y67         CARRY4 (Prop_carry4_CI_CO[3])
                                                      0.114    19.599 r  CPU_U/ALU_0/mem_reg[0][31]_i_1120/CO[3]
                         net (fo=1, routed)           0.000    19.599    CPU_U/ALU_0/mem_reg[0][31]_i_1120_n_0
    SLICE_X36Y68         CARRY4 (Prop_carry4_CI_CO[3])
                                                      0.114    19.713 r  CPU_U/ALU_0/mem_reg[0][31]_i_1115/CO[3]
                         net (fo=1, routed)           0.000    19.713    CPU_U/ALU_0/mem_reg[0][31]_i_1115_n_0
    SLICE_X36Y69         CARRY4 (Prop_carry4_CI_CO[3])
                                                      0.114    19.827 r  CPU_U/ALU_0/mem_reg[0][31]_i_1110/CO[3]
                         net (fo=1, routed)           0.000    19.827    CPU_U/ALU_0/mem_reg[0][31]_i_1110_n_0
    SLICE_X36Y70         CARRY4 (Prop_carry4_CI_CO[3])
                                                      0.114    19.941 r  CPU_U/ALU_0/mem_reg[0][31]_i_1107/CO[3]
                         net (fo=1, routed)           0.000    19.941    CPU_U/ALU_0/mem_reg[0][31]_i_1107_n_0
    SLICE_X36Y71         CARRY4 (Prop_carry4_CI_CO[1])
                                                      0.157    20.098 r  CPU_U/ALU_0/mem_reg[0][31]_i_1106/CO[1]
                         net (fo=35, routed)          2.050    22.148    CPU_U/ALU_0/mem_reg[0][31]_i_1106_n_2
    SLICE_X39Y63         LUT3 (Prop_lut3_I0_O)        0.329    22.477 r  CPU_U/ALU_0/mem[0][31]_i_1145/O
                         net (fo=1, routed)           0.000    22.477    CPU_U/ALU_0/mem[0][31]_i_1145_n_0
    SLICE_X39Y63         CARRY4 (Prop_carry4_S[3]_CO[3])
                                                      0.401    22.878 r  CPU_U/ALU_0/mem_reg[0][31]_i_1098/CO[3]
                         net (fo=1, routed)           0.000    22.878    CPU_U/ALU_0/mem_reg[0][31]_i_1098_n_0
    SLICE_X39Y64         CARRY4 (Prop_carry4_CI_CO[3])
                                                      0.114    22.992 r  CPU_U/ALU_0/mem_reg[0][31]_i_1093/CO[3]
                         net (fo=1, routed)           0.000    22.992    CPU_U/ALU_0/mem_reg[0][31]_i_1093_n_0
    SLICE_X39Y65         CARRY4 (Prop_carry4_CI_CO[3])
                                                      0.114    23.106 r  CPU_U/ALU_0/mem_reg[0][31]_i_1088/CO[3]
                         net (fo=1, routed)           0.000    23.106    CPU_U/ALU_0/mem_reg[0][31]_i_1088_n_0
    SLICE_X39Y66         CARRY4 (Prop_carry4_CI_CO[3])
                                                      0.114    23.220 r  CPU_U/ALU_0/mem_reg[0][31]_i_1083/CO[3]
                         net (fo=1, routed)           0.000    23.220    CPU_U/ALU_0/mem_reg[0][31]_i_1083_n_0
    SLICE_X39Y67         CARRY4 (Prop_carry4_CI_CO[3])
                                                      0.114    23.334 r  CPU_U/ALU_0/mem_reg[0][31]_i_1078/CO[3]
                         net (fo=1, routed)           0.000    23.334    CPU_U/ALU_0/mem_reg[0][31]_i_1078_n_0
    SLICE_X39Y68         CARRY4 (Prop_carry4_CI_CO[3])
                                                      0.114    23.448 r  CPU_U/ALU_0/mem_reg[0][31]_i_1073/CO[3]
                         net (fo=1, routed)           0.000    23.448    CPU_U/ALU_0/mem_reg[0][31]_i_1073_n_0
    SLICE_X39Y69         CARRY4 (Prop_carry4_CI_CO[3])
                                                      0.114    23.562 r  CPU_U/ALU_0/mem_reg[0][31]_i_1068/CO[3]
                         net (fo=1, routed)           0.000    23.562    CPU_U/ALU_0/mem_reg[0][31]_i_1068_n_0
    SLICE_X39Y70         CARRY4 (Prop_carry4_CI_CO[3])
                                                      0.114    23.676 r  CPU_U/ALU_0/mem_reg[0][31]_i_1065/CO[3]
                         net (fo=1, routed)           0.000    23.676    CPU_U/ALU_0/mem_reg[0][31]_i_1065_n_0
    SLICE_X39Y71         CARRY4 (Prop_carry4_CI_CO[1])
                                                      0.157    23.833 r  CPU_U/ALU_0/mem_reg[0][31]_i_1064/CO[1]
                         net (fo=35, routed)          2.237    26.070    CPU_U/ALU_0/mem_reg[0][31]_i_1064_n_2
    SLICE_X40Y63         LUT3 (Prop_lut3_I0_O)        0.329    26.399 r  CPU_U/ALU_0/mem[0][31]_i_1105/O
                         net (fo=1, routed)           0.000    26.399    CPU_U/ALU_0/mem[0][31]_i_1105_n_0
    SLICE_X40Y63         CARRY4 (Prop_carry4_S[1]_CO[3])
                                                      0.550    26.949 r  CPU_U/ALU_0/mem_reg[0][31]_i_1056/CO[3]
                         net (fo=1, routed)           0.000    26.949    CPU_U/ALU_0/mem_reg[0][31]_i_1056_n_0
    SLICE_X40Y64         CARRY4 (Prop_carry4_CI_CO[3])
                                                      0.114    27.063 r  CPU_U/ALU_0/mem_reg[0][31]_i_1051/CO[3]
                         net (fo=1, routed)           0.000    27.063    CPU_U/ALU_0/mem_reg[0][31]_i_1051_n_0
    SLICE_X40Y65         CARRY4 (Prop_carry4_CI_CO[3])
                                                      0.114    27.177 r  CPU_U/ALU_0/mem_reg[0][31]_i_1046/CO[3]
                         net (fo=1, routed)           0.000    27.177    CPU_U/ALU_0/mem_reg[0][31]_i_1046_n_0
    SLICE_X40Y66         CARRY4 (Prop_carry4_CI_CO[3])
                                                      0.114    27.291 r  CPU_U/ALU_0/mem_reg[0][31]_i_1041/CO[3]
                         net (fo=1, routed)           0.000    27.291    CPU_U/ALU_0/mem_reg[0][31]_i_1041_n_0
    SLICE_X40Y67         CARRY4 (Prop_carry4_CI_CO[3])
                                                      0.114    27.405 r  CPU_U/ALU_0/mem_reg[0][31]_i_1036/CO[3]
                         net (fo=1, routed)           0.000    27.405    CPU_U/ALU_0/mem_reg[0][31]_i_1036_n_0
    SLICE_X40Y68         CARRY4 (Prop_carry4_CI_CO[3])
                                                      0.114    27.519 r  CPU_U/ALU_0/mem_reg[0][31]_i_1031/CO[3]
                         net (fo=1, routed)           0.000    27.519    CPU_U/ALU_0/mem_reg[0][31]_i_1031_n_0
    SLICE_X40Y69         CARRY4 (Prop_carry4_CI_CO[3])
                                                      0.114    27.633 r  CPU_U/ALU_0/mem_reg[0][31]_i_1026/CO[3]
                         net (fo=1, routed)           0.000    27.633    CPU_U/ALU_0/mem_reg[0][31]_i_1026_n_0
    SLICE_X40Y70         CARRY4 (Prop_carry4_CI_CO[3])
                                                      0.114    27.747 r  CPU_U/ALU_0/mem_reg[0][31]_i_1023/CO[3]
                         net (fo=1, routed)           0.000    27.747    CPU_U/ALU_0/mem_reg[0][31]_i_1023_n_0
    SLICE_X40Y71         CARRY4 (Prop_carry4_CI_CO[1])
                                                      0.157    27.904 r  CPU_U/ALU_0/mem_reg[0][31]_i_1022/CO[1]
                         net (fo=35, routed)          1.914    29.818    CPU_U/ALU_0/mem_reg[0][31]_i_1022_n_2
    SLICE_X41Y62         LUT3 (Prop_lut3_I0_O)        0.329    30.147 r  CPU_U/ALU_0/mem[0][31]_i_1062/O
                         net (fo=1, routed)           0.000    30.147    CPU_U/ALU_0/mem[0][31]_i_1062_n_0
    SLICE_X41Y62         CARRY4 (Prop_carry4_S[2]_CO[3])
                                                      0.398    30.545 r  CPU_U/ALU_0/mem_reg[0][31]_i_1014/CO[3]
                         net (fo=1, routed)           0.000    30.545    CPU_U/ALU_0/mem_reg[0][31]_i_1014_n_0
    SLICE_X41Y63         CARRY4 (Prop_carry4_CI_CO[3])
                                                      0.114    30.659 r  CPU_U/ALU_0/mem_reg[0][31]_i_1009/CO[3]
                         net (fo=1, routed)           0.000    30.659    CPU_U/ALU_0/mem_reg[0][31]_i_1009_n_0
    SLICE_X41Y64         CARRY4 (Prop_carry4_CI_CO[3])
                                                      0.114    30.773 r  CPU_U/ALU_0/mem_reg[0][31]_i_1004/CO[3]
                         net (fo=1, routed)           0.000    30.773    CPU_U/ALU_0/mem_reg[0][31]_i_1004_n_0
    SLICE_X41Y65         CARRY4 (Prop_carry4_CI_CO[3])
                                                      0.114    30.887 r  CPU_U/ALU_0/mem_reg[0][31]_i_999/CO[3]
                         net (fo=1, routed)           0.000    30.887    CPU_U/ALU_0/mem_reg[0][31]_i_999_n_0
    SLICE_X41Y66         CARRY4 (Prop_carry4_CI_CO[3])
                                                      0.114    31.001 r  CPU_U/ALU_0/mem_reg[0][31]_i_994/CO[3]
                         net (fo=1, routed)           0.000    31.001    CPU_U/ALU_0/mem_reg[0][31]_i_994_n_0
    SLICE_X41Y67         CARRY4 (Prop_carry4_CI_CO[3])
                                                      0.114    31.115 r  CPU_U/ALU_0/mem_reg[0][31]_i_989/CO[3]
                         net (fo=1, routed)           0.000    31.115    CPU_U/ALU_0/mem_reg[0][31]_i_989_n_0
    SLICE_X41Y68         CARRY4 (Prop_carry4_CI_CO[3])
                                                      0.114    31.229 r  CPU_U/ALU_0/mem_reg[0][31]_i_984/CO[3]
                         net (fo=1, routed)           0.000    31.229    CPU_U/ALU_0/mem_reg[0][31]_i_984_n_0
    SLICE_X41Y69         CARRY4 (Prop_carry4_CI_CO[3])
                                                      0.114    31.343 r  CPU_U/ALU_0/mem_reg[0][31]_i_981/CO[3]
                         net (fo=1, routed)           0.000    31.343    CPU_U/ALU_0/mem_reg[0][31]_i_981_n_0
    SLICE_X41Y70         CARRY4 (Prop_carry4_CI_CO[1])
                                                      0.157    31.500 r  CPU_U/ALU_0/mem_reg[0][31]_i_980/CO[1]
                         net (fo=35, routed)          2.299    33.799    CPU_U/ALU_0/mem_reg[0][31]_i_980_n_2
    SLICE_X38Y58         LUT3 (Prop_lut3_I0_O)        0.329    34.128 r  CPU_U/ALU_0/mem[0][31]_i_1021/O
                         net (fo=1, routed)           0.000    34.128    CPU_U/ALU_0/mem[0][31]_i_1021_n_0
    SLICE_X38Y58         CARRY4 (Prop_carry4_S[1]_CO[3])
                                                      0.533    34.661 r  CPU_U/ALU_0/mem_reg[0][31]_i_972/CO[3]
                         net (fo=1, routed)           0.000    34.661    CPU_U/ALU_0/mem_reg[0][31]_i_972_n_0
    SLICE_X38Y59         CARRY4 (Prop_carry4_CI_CO[3])
                                                      0.117    34.778 r  CPU_U/ALU_0/mem_reg[0][31]_i_967/CO[3]
                         net (fo=1, routed)           0.000    34.778    CPU_U/ALU_0/mem_reg[0][31]_i_967_n_0
    SLICE_X38Y60         CARRY4 (Prop_carry4_CI_CO[3])
                                                      0.117    34.895 r  CPU_U/ALU_0/mem_reg[0][31]_i_962/CO[3]
                         net (fo=1, routed)           0.000    34.895    CPU_U/ALU_0/mem_reg[0][31]_i_962_n_0
    SLICE_X38Y61         CARRY4 (Prop_carry4_CI_CO[3])
                                                      0.117    35.012 r  CPU_U/ALU_0/mem_reg[0][31]_i_957/CO[3]
                         net (fo=1, routed)           0.000    35.012    CPU_U/ALU_0/mem_reg[0][31]_i_957_n_0
    SLICE_X38Y62         CARRY4 (Prop_carry4_CI_CO[3])
                                                      0.117    35.129 r  CPU_U/ALU_0/mem_reg[0][31]_i_952/CO[3]
                         net (fo=1, routed)           0.000    35.129    CPU_U/ALU_0/mem_reg[0][31]_i_952_n_0
    SLICE_X38Y63         CARRY4 (Prop_carry4_CI_CO[3])
                                                      0.117    35.246 r  CPU_U/ALU_0/mem_reg[0][31]_i_947/CO[3]
                         net (fo=1, routed)           0.000    35.246    CPU_U/ALU_0/mem_reg[0][31]_i_947_n_0
    SLICE_X38Y64         CARRY4 (Prop_carry4_CI_CO[3])
                                                      0.117    35.363 r  CPU_U/ALU_0/mem_reg[0][31]_i_942/CO[3]
                         net (fo=1, routed)           0.000    35.363    CPU_U/ALU_0/mem_reg[0][31]_i_942_n_0
    SLICE_X38Y65         CARRY4 (Prop_carry4_CI_CO[3])
                                                      0.117    35.480 r  CPU_U/ALU_0/mem_reg[0][31]_i_939/CO[3]
                         net (fo=1, routed)           0.000    35.480    CPU_U/ALU_0/mem_reg[0][31]_i_939_n_0
    SLICE_X38Y66         CARRY4 (Prop_carry4_CI_CO[1])
                                                      0.157    35.637 r  CPU_U/ALU_0/mem_reg[0][31]_i_938/CO[1]
                         net (fo=35, routed)          2.233    37.870    CPU_U/ALU_0/mem_reg[0][31]_i_938_n_2
    SLICE_X37Y54         LUT3 (Prop_lut3_I0_O)        0.332    38.202 r  CPU_U/ALU_0/mem[0][31]_i_979/O
                         net (fo=1, routed)           0.000    38.202    CPU_U/ALU_0/mem[0][31]_i_979_n_0
    SLICE_X37Y54         CARRY4 (Prop_carry4_S[1]_CO[3])
                                                      0.550    38.752 r  CPU_U/ALU_0/mem_reg[0][31]_i_930/CO[3]
                         net (fo=1, routed)           0.000    38.752    CPU_U/ALU_0/mem_reg[0][31]_i_930_n_0
    SLICE_X37Y55         CARRY4 (Prop_carry4_CI_CO[3])
                                                      0.114    38.866 r  CPU_U/ALU_0/mem_reg[0][31]_i_925/CO[3]
                         net (fo=1, routed)           0.000    38.866    CPU_U/ALU_0/mem_reg[0][31]_i_925_n_0
    SLICE_X37Y56         CARRY4 (Prop_carry4_CI_CO[3])
                                                      0.114    38.980 r  CPU_U/ALU_0/mem_reg[0][31]_i_920/CO[3]
                         net (fo=1, routed)           0.000    38.980    CPU_U/ALU_0/mem_reg[0][31]_i_920_n_0
    SLICE_X37Y57         CARRY4 (Prop_carry4_CI_CO[3])
                                                      0.114    39.094 r  CPU_U/ALU_0/mem_reg[0][31]_i_915/CO[3]
                         net (fo=1, routed)           0.000    39.094    CPU_U/ALU_0/mem_reg[0][31]_i_915_n_0
    SLICE_X37Y58         CARRY4 (Prop_carry4_CI_CO[3])
                                                      0.114    39.208 r  CPU_U/ALU_0/mem_reg[0][31]_i_910/CO[3]
                         net (fo=1, routed)           0.000    39.208    CPU_U/ALU_0/mem_reg[0][31]_i_910_n_0
    SLICE_X37Y59         CARRY4 (Prop_carry4_CI_CO[3])
                                                      0.114    39.322 r  CPU_U/ALU_0/mem_reg[0][31]_i_905/CO[3]
                         net (fo=1, routed)           0.000    39.322    CPU_U/ALU_0/mem_reg[0][31]_i_905_n_0
    SLICE_X37Y60         CARRY4 (Prop_carry4_CI_CO[3])
                                                      0.114    39.436 r  CPU_U/ALU_0/mem_reg[0][31]_i_900/CO[3]
                         net (fo=1, routed)           0.000    39.436    CPU_U/ALU_0/mem_reg[0][31]_i_900_n_0
    SLICE_X37Y61         CARRY4 (Prop_carry4_CI_CO[3])
                                                      0.114    39.550 r  CPU_U/ALU_0/mem_reg[0][31]_i_897/CO[3]
                         net (fo=1, routed)           0.000    39.550    CPU_U/ALU_0/mem_reg[0][31]_i_897_n_0
    SLICE_X37Y62         CARRY4 (Prop_carry4_CI_CO[1])
                                                      0.157    39.707 r  CPU_U/ALU_0/mem_reg[0][31]_i_896/CO[1]
                         net (fo=35, routed)          2.162    41.869    CPU_U/ALU_0/mem_reg[0][31]_i_896_n_2
    SLICE_X40Y53         LUT3 (Prop_lut3_I0_O)        0.329    42.198 r  CPU_U/ALU_0/mem[0][31]_i_937/O
                         net (fo=1, routed)           0.000    42.198    CPU_U/ALU_0/mem[0][31]_i_937_n_0
    SLICE_X40Y53         CARRY4 (Prop_carry4_S[1]_CO[3])
                                                      0.550    42.748 r  CPU_U/ALU_0/mem_reg[0][31]_i_888/CO[3]
                         net (fo=1, routed)           0.000    42.748    CPU_U/ALU_0/mem_reg[0][31]_i_888_n_0
    SLICE_X40Y54         CARRY4 (Prop_carry4_CI_CO[3])
                                                      0.114    42.862 r  CPU_U/ALU_0/mem_reg[0][31]_i_883/CO[3]
                         net (fo=1, routed)           0.000    42.862    CPU_U/ALU_0/mem_reg[0][31]_i_883_n_0
    SLICE_X40Y55         CARRY4 (Prop_carry4_CI_CO[3])
                                                      0.114    42.976 r  CPU_U/ALU_0/mem_reg[0][31]_i_878/CO[3]
                         net (fo=1, routed)           0.000    42.976    CPU_U/ALU_0/mem_reg[0][31]_i_878_n_0
    SLICE_X40Y56         CARRY4 (Prop_carry4_CI_CO[3])
                                                      0.114    43.090 r  CPU_U/ALU_0/mem_reg[0][31]_i_873/CO[3]
                         net (fo=1, routed)           0.000    43.090    CPU_U/ALU_0/mem_reg[0][31]_i_873_n_0
    SLICE_X40Y57         CARRY4 (Prop_carry4_CI_CO[3])
                                                      0.114    43.204 r  CPU_U/ALU_0/mem_reg[0][31]_i_868/CO[3]
                         net (fo=1, routed)           0.000    43.204    CPU_U/ALU_0/mem_reg[0][31]_i_868_n_0
    SLICE_X40Y58         CARRY4 (Prop_carry4_CI_CO[3])
                                                      0.114    43.318 r  CPU_U/ALU_0/mem_reg[0][31]_i_863/CO[3]
                         net (fo=1, routed)           0.000    43.318    CPU_U/ALU_0/mem_reg[0][31]_i_863_n_0
    SLICE_X40Y59         CARRY4 (Prop_carry4_CI_CO[3])
                                                      0.114    43.432 r  CPU_U/ALU_0/mem_reg[0][31]_i_858/CO[3]
                         net (fo=1, routed)           0.000    43.432    CPU_U/ALU_0/mem_reg[0][31]_i_858_n_0
    SLICE_X40Y60         CARRY4 (Prop_carry4_CI_CO[3])
                                                      0.114    43.546 r  CPU_U/ALU_0/mem_reg[0][31]_i_855/CO[3]
                         net (fo=1, routed)           0.000    43.546    CPU_U/ALU_0/mem_reg[0][31]_i_855_n_0
    SLICE_X40Y61         CARRY4 (Prop_carry4_CI_CO[1])
                                                      0.157    43.703 r  CPU_U/ALU_0/mem_reg[0][31]_i_854/CO[1]
                         net (fo=35, routed)          2.230    45.933    CPU_U/ALU_0/mem_reg[0][31]_i_854_n_2
    SLICE_X41Y52         LUT3 (Prop_lut3_I0_O)        0.329    46.262 r  CPU_U/ALU_0/mem[0][31]_i_895/O
                         net (fo=1, routed)           0.000    46.262    CPU_U/ALU_0/mem[0][31]_i_895_n_0
    SLICE_X41Y52         CARRY4 (Prop_carry4_S[1]_CO[3])
                                                      0.550    46.812 r  CPU_U/ALU_0/mem_reg[0][31]_i_846/CO[3]
                         net (fo=1, routed)           0.000    46.812    CPU_U/ALU_0/mem_reg[0][31]_i_846_n_0
    SLICE_X41Y53         CARRY4 (Prop_carry4_CI_CO[3])
                                                      0.114    46.926 r  CPU_U/ALU_0/mem_reg[0][31]_i_841/CO[3]
                         net (fo=1, routed)           0.000    46.926    CPU_U/ALU_0/mem_reg[0][31]_i_841_n_0
    SLICE_X41Y54         CARRY4 (Prop_carry4_CI_CO[3])
                                                      0.114    47.040 r  CPU_U/ALU_0/mem_reg[0][31]_i_836/CO[3]
                         net (fo=1, routed)           0.000    47.040    CPU_U/ALU_0/mem_reg[0][31]_i_836_n_0
    SLICE_X41Y55         CARRY4 (Prop_carry4_CI_CO[3])
                                                      0.114    47.154 r  CPU_U/ALU_0/mem_reg[0][31]_i_831/CO[3]
                         net (fo=1, routed)           0.000    47.154    CPU_U/ALU_0/mem_reg[0][31]_i_831_n_0
    SLICE_X41Y56         CARRY4 (Prop_carry4_CI_CO[3])
                                                      0.114    47.268 r  CPU_U/ALU_0/mem_reg[0][31]_i_826/CO[3]
                         net (fo=1, routed)           0.000    47.268    CPU_U/ALU_0/mem_reg[0][31]_i_826_n_0
    SLICE_X41Y57         CARRY4 (Prop_carry4_CI_CO[3])
                                                      0.114    47.382 r  CPU_U/ALU_0/mem_reg[0][31]_i_821/CO[3]
                         net (fo=1, routed)           0.000    47.382    CPU_U/ALU_0/mem_reg[0][31]_i_821_n_0
    SLICE_X41Y58         CARRY4 (Prop_carry4_CI_CO[3])
                                                      0.114    47.496 r  CPU_U/ALU_0/mem_reg[0][31]_i_816/CO[3]
                         net (fo=1, routed)           0.000    47.496    CPU_U/ALU_0/mem_reg[0][31]_i_816_n_0
    SLICE_X41Y59         CARRY4 (Prop_carry4_CI_CO[3])
                                                      0.114    47.610 r  CPU_U/ALU_0/mem_reg[0][31]_i_813/CO[3]
                         net (fo=1, routed)           0.000    47.610    CPU_U/ALU_0/mem_reg[0][31]_i_813_n_0
    SLICE_X41Y60         CARRY4 (Prop_carry4_CI_CO[1])
                                                      0.157    47.767 r  CPU_U/ALU_0/mem_reg[0][31]_i_812/CO[1]
                         net (fo=35, routed)          2.210    49.976    CPU_U/ALU_0/mem_reg[0][31]_i_812_n_2
    SLICE_X43Y51         LUT3 (Prop_lut3_I0_O)        0.329    50.305 r  CPU_U/ALU_0/mem[0][31]_i_853/O
                         net (fo=1, routed)           0.000    50.305    CPU_U/ALU_0/mem[0][31]_i_853_n_0
    SLICE_X43Y51         CARRY4 (Prop_carry4_S[1]_CO[3])
                                                      0.550    50.855 r  CPU_U/ALU_0/mem_reg[0][31]_i_804/CO[3]
                         net (fo=1, routed)           0.000    50.855    CPU_U/ALU_0/mem_reg[0][31]_i_804_n_0
    SLICE_X43Y52         CARRY4 (Prop_carry4_CI_CO[3])
                                                      0.114    50.969 r  CPU_U/ALU_0/mem_reg[0][31]_i_799/CO[3]
                         net (fo=1, routed)           0.000    50.969    CPU_U/ALU_0/mem_reg[0][31]_i_799_n_0
    SLICE_X43Y53         CARRY4 (Prop_carry4_CI_CO[3])
                                                      0.114    51.083 r  CPU_U/ALU_0/mem_reg[0][31]_i_794/CO[3]
                         net (fo=1, routed)           0.000    51.083    CPU_U/ALU_0/mem_reg[0][31]_i_794_n_0
    SLICE_X43Y54         CARRY4 (Prop_carry4_CI_CO[3])
                                                      0.114    51.197 r  CPU_U/ALU_0/mem_reg[0][31]_i_789/CO[3]
                         net (fo=1, routed)           0.000    51.197    CPU_U/ALU_0/mem_reg[0][31]_i_789_n_0
    SLICE_X43Y55         CARRY4 (Prop_carry4_CI_CO[3])
                                                      0.114    51.311 r  CPU_U/ALU_0/mem_reg[0][31]_i_784/CO[3]
                         net (fo=1, routed)           0.000    51.311    CPU_U/ALU_0/mem_reg[0][31]_i_784_n_0
    SLICE_X43Y56         CARRY4 (Prop_carry4_CI_CO[3])
                                                      0.114    51.425 r  CPU_U/ALU_0/mem_reg[0][31]_i_779/CO[3]
                         net (fo=1, routed)           0.000    51.425    CPU_U/ALU_0/mem_reg[0][31]_i_779_n_0
    SLICE_X43Y57         CARRY4 (Prop_carry4_CI_CO[3])
                                                      0.114    51.539 r  CPU_U/ALU_0/mem_reg[0][31]_i_774/CO[3]
                         net (fo=1, routed)           0.000    51.539    CPU_U/ALU_0/mem_reg[0][31]_i_774_n_0
    SLICE_X43Y58         CARRY4 (Prop_carry4_CI_CO[3])
                                                      0.114    51.653 r  CPU_U/ALU_0/mem_reg[0][31]_i_771/CO[3]
                         net (fo=1, routed)           0.000    51.653    CPU_U/ALU_0/mem_reg[0][31]_i_771_n_0
    SLICE_X43Y59         CARRY4 (Prop_carry4_CI_CO[1])
                                                      0.157    51.810 r  CPU_U/ALU_0/mem_reg[0][31]_i_770/CO[1]
                         net (fo=35, routed)          1.815    53.626    CPU_U/ALU_0/mem_reg[0][31]_i_770_n_2
    SLICE_X45Y51         CARRY4 (Prop_carry4_CYINIT_CO[3])
                                                      0.785    54.411 r  CPU_U/ALU_0/mem_reg[0][31]_i_762/CO[3]
                         net (fo=1, routed)           0.000    54.411    CPU_U/ALU_0/mem_reg[0][31]_i_762_n_0
    SLICE_X45Y52         CARRY4 (Prop_carry4_CI_CO[3])
                                                      0.114    54.525 r  CPU_U/ALU_0/mem_reg[0][31]_i_757/CO[3]
                         net (fo=1, routed)           0.000    54.525    CPU_U/ALU_0/mem_reg[0][31]_i_757_n_0
    SLICE_X45Y53         CARRY4 (Prop_carry4_CI_CO[3])
                                                      0.114    54.639 r  CPU_U/ALU_0/mem_reg[0][31]_i_752/CO[3]
                         net (fo=1, routed)           0.000    54.639    CPU_U/ALU_0/mem_reg[0][31]_i_752_n_0
    SLICE_X45Y54         CARRY4 (Prop_carry4_CI_CO[3])
                                                      0.114    54.753 r  CPU_U/ALU_0/mem_reg[0][31]_i_747/CO[3]
                         net (fo=1, routed)           0.000    54.753    CPU_U/ALU_0/mem_reg[0][31]_i_747_n_0
    SLICE_X45Y55         CARRY4 (Prop_carry4_CI_CO[3])
                                                      0.114    54.867 r  CPU_U/ALU_0/mem_reg[0][31]_i_742/CO[3]
                         net (fo=1, routed)           0.000    54.867    CPU_U/ALU_0/mem_reg[0][31]_i_742_n_0
    SLICE_X45Y56         CARRY4 (Prop_carry4_CI_CO[3])
                                                      0.114    54.981 r  CPU_U/ALU_0/mem_reg[0][31]_i_737/CO[3]
                         net (fo=1, routed)           0.000    54.981    CPU_U/ALU_0/mem_reg[0][31]_i_737_n_0
    SLICE_X45Y57         CARRY4 (Prop_carry4_CI_CO[3])
                                                      0.114    55.095 r  CPU_U/ALU_0/mem_reg[0][31]_i_732/CO[3]
                         net (fo=1, routed)           0.000    55.095    CPU_U/ALU_0/mem_reg[0][31]_i_732_n_0
    SLICE_X45Y58         CARRY4 (Prop_carry4_CI_CO[3])
                                                      0.114    55.209 r  CPU_U/ALU_0/mem_reg[0][31]_i_729/CO[3]
                         net (fo=1, routed)           0.000    55.209    CPU_U/ALU_0/mem_reg[0][31]_i_729_n_0
    SLICE_X45Y59         CARRY4 (Prop_carry4_CI_CO[1])
                                                      0.157    55.366 r  CPU_U/ALU_0/mem_reg[0][31]_i_728/CO[1]
                         net (fo=35, routed)          2.297    57.663    CPU_U/ALU_0/mem_reg[0][31]_i_728_n_2
    SLICE_X49Y51         LUT3 (Prop_lut3_I0_O)        0.329    57.992 r  CPU_U/ALU_0/mem[0][31]_i_769/O
                         net (fo=1, routed)           0.000    57.992    CPU_U/ALU_0/mem[0][31]_i_769_n_0
    SLICE_X49Y51         CARRY4 (Prop_carry4_S[1]_CO[3])
                                                      0.550    58.542 r  CPU_U/ALU_0/mem_reg[0][31]_i_720/CO[3]
                         net (fo=1, routed)           0.000    58.542    CPU_U/ALU_0/mem_reg[0][31]_i_720_n_0
    SLICE_X49Y52         CARRY4 (Prop_carry4_CI_CO[3])
                                                      0.114    58.656 r  CPU_U/ALU_0/mem_reg[0][31]_i_715/CO[3]
                         net (fo=1, routed)           0.000    58.656    CPU_U/ALU_0/mem_reg[0][31]_i_715_n_0
    SLICE_X49Y53         CARRY4 (Prop_carry4_CI_CO[3])
                                                      0.114    58.770 r  CPU_U/ALU_0/mem_reg[0][31]_i_710/CO[3]
                         net (fo=1, routed)           0.000    58.770    CPU_U/ALU_0/mem_reg[0][31]_i_710_n_0
    SLICE_X49Y54         CARRY4 (Prop_carry4_CI_CO[3])
                                                      0.114    58.884 r  CPU_U/ALU_0/mem_reg[0][31]_i_705/CO[3]
                         net (fo=1, routed)           0.000    58.884    CPU_U/ALU_0/mem_reg[0][31]_i_705_n_0
    SLICE_X49Y55         CARRY4 (Prop_carry4_CI_CO[3])
                                                      0.114    58.998 r  CPU_U/ALU_0/mem_reg[0][31]_i_700/CO[3]
                         net (fo=1, routed)           0.000    58.998    CPU_U/ALU_0/mem_reg[0][31]_i_700_n_0
    SLICE_X49Y56         CARRY4 (Prop_carry4_CI_CO[3])
                                                      0.114    59.112 r  CPU_U/ALU_0/mem_reg[0][31]_i_695/CO[3]
                         net (fo=1, routed)           0.000    59.112    CPU_U/ALU_0/mem_reg[0][31]_i_695_n_0
    SLICE_X49Y57         CARRY4 (Prop_carry4_CI_CO[3])
                                                      0.114    59.226 r  CPU_U/ALU_0/mem_reg[0][31]_i_690/CO[3]
                         net (fo=1, routed)           0.000    59.226    CPU_U/ALU_0/mem_reg[0][31]_i_690_n_0
    SLICE_X49Y58         CARRY4 (Prop_carry4_CI_CO[3])
                                                      0.114    59.340 r  CPU_U/ALU_0/mem_reg[0][31]_i_687/CO[3]
                         net (fo=1, routed)           0.000    59.340    CPU_U/ALU_0/mem_reg[0][31]_i_687_n_0
    SLICE_X49Y59         CARRY4 (Prop_carry4_CI_CO[1])
                                                      0.157    59.497 r  CPU_U/ALU_0/mem_reg[0][31]_i_686/CO[1]
                         net (fo=35, routed)          2.043    61.540    CPU_U/ALU_0/mem_reg[0][31]_i_686_n_2
    SLICE_X53Y51         LUT3 (Prop_lut3_I0_O)        0.329    61.869 r  CPU_U/ALU_0/mem[0][31]_i_725/O
                         net (fo=1, routed)           0.000    61.869    CPU_U/ALU_0/mem[0][31]_i_725_n_0
    SLICE_X53Y51         CARRY4 (Prop_carry4_S[3]_CO[3])
                                                      0.401    62.270 r  CPU_U/ALU_0/mem_reg[0][31]_i_678/CO[3]
                         net (fo=1, routed)           0.000    62.270    CPU_U/ALU_0/mem_reg[0][31]_i_678_n_0
    SLICE_X53Y52         CARRY4 (Prop_carry4_CI_CO[3])
                                                      0.114    62.384 r  CPU_U/ALU_0/mem_reg[0][31]_i_673/CO[3]
                         net (fo=1, routed)           0.000    62.384    CPU_U/ALU_0/mem_reg[0][31]_i_673_n_0
    SLICE_X53Y53         CARRY4 (Prop_carry4_CI_CO[3])
                                                      0.114    62.498 r  CPU_U/ALU_0/mem_reg[0][31]_i_668/CO[3]
                         net (fo=1, routed)           0.000    62.498    CPU_U/ALU_0/mem_reg[0][31]_i_668_n_0
    SLICE_X53Y54         CARRY4 (Prop_carry4_CI_CO[3])
                                                      0.114    62.612 r  CPU_U/ALU_0/mem_reg[0][31]_i_663/CO[3]
                         net (fo=1, routed)           0.000    62.612    CPU_U/ALU_0/mem_reg[0][31]_i_663_n_0
    SLICE_X53Y55         CARRY4 (Prop_carry4_CI_CO[3])
                                                      0.114    62.726 r  CPU_U/ALU_0/mem_reg[0][31]_i_658/CO[3]
                         net (fo=1, routed)           0.000    62.726    CPU_U/ALU_0/mem_reg[0][31]_i_658_n_0
    SLICE_X53Y56         CARRY4 (Prop_carry4_CI_CO[3])
                                                      0.114    62.840 r  CPU_U/ALU_0/mem_reg[0][31]_i_653/CO[3]
                         net (fo=1, routed)           0.000    62.840    CPU_U/ALU_0/mem_reg[0][31]_i_653_n_0
    SLICE_X53Y57         CARRY4 (Prop_carry4_CI_CO[3])
                                                      0.114    62.954 r  CPU_U/ALU_0/mem_reg[0][31]_i_648/CO[3]
                         net (fo=1, routed)           0.000    62.954    CPU_U/ALU_0/mem_reg[0][31]_i_648_n_0
    SLICE_X53Y58         CARRY4 (Prop_carry4_CI_CO[3])
                                                      0.114    63.068 r  CPU_U/ALU_0/mem_reg[0][31]_i_645/CO[3]
                         net (fo=1, routed)           0.000    63.068    CPU_U/ALU_0/mem_reg[0][31]_i_645_n_0
    SLICE_X53Y59         CARRY4 (Prop_carry4_CI_CO[1])
                                                      0.157    63.225 r  CPU_U/ALU_0/mem_reg[0][31]_i_644/CO[1]
                         net (fo=35, routed)          2.056    65.281    CPU_U/ALU_0/mem_reg[0][31]_i_644_n_2
    SLICE_X54Y51         LUT3 (Prop_lut3_I0_O)        0.329    65.610 r  CPU_U/ALU_0/mem[0][31]_i_682/O
                         net (fo=1, routed)           0.000    65.610    CPU_U/ALU_0/mem[0][31]_i_682_n_0
    SLICE_X54Y51         CARRY4 (Prop_carry4_S[0]_CO[3])
                                                      0.513    66.123 r  CPU_U/ALU_0/mem_reg[0][31]_i_631/CO[3]
                         net (fo=1, routed)           0.000    66.123    CPU_U/ALU_0/mem_reg[0][31]_i_631_n_0
    SLICE_X54Y52         CARRY4 (Prop_carry4_CI_CO[3])
                                                      0.117    66.240 r  CPU_U/ALU_0/mem_reg[0][31]_i_626/CO[3]
                         net (fo=1, routed)           0.000    66.240    CPU_U/ALU_0/mem_reg[0][31]_i_626_n_0
    SLICE_X54Y53         CARRY4 (Prop_carry4_CI_CO[3])
                                                      0.117    66.357 r  CPU_U/ALU_0/mem_reg[0][31]_i_621/CO[3]
                         net (fo=1, routed)           0.000    66.357    CPU_U/ALU_0/mem_reg[0][31]_i_621_n_0
    SLICE_X54Y54         CARRY4 (Prop_carry4_CI_CO[3])
                                                      0.117    66.474 r  CPU_U/ALU_0/mem_reg[0][31]_i_616/CO[3]
                         net (fo=1, routed)           0.000    66.474    CPU_U/ALU_0/mem_reg[0][31]_i_616_n_0
    SLICE_X54Y55         CARRY4 (Prop_carry4_CI_CO[3])
                                                      0.117    66.591 r  CPU_U/ALU_0/mem_reg[0][31]_i_611/CO[3]
                         net (fo=1, routed)           0.000    66.591    CPU_U/ALU_0/mem_reg[0][31]_i_611_n_0
    SLICE_X54Y56         CARRY4 (Prop_carry4_CI_CO[3])
                                                      0.117    66.708 r  CPU_U/ALU_0/mem_reg[0][31]_i_606/CO[3]
                         net (fo=1, routed)           0.000    66.708    CPU_U/ALU_0/mem_reg[0][31]_i_606_n_0
    SLICE_X54Y57         CARRY4 (Prop_carry4_CI_CO[3])
                                                      0.117    66.825 r  CPU_U/ALU_0/mem_reg[0][31]_i_603/CO[3]
                         net (fo=1, routed)           0.000    66.825    CPU_U/ALU_0/mem_reg[0][31]_i_603_n_0
    SLICE_X54Y58         CARRY4 (Prop_carry4_CI_CO[1])
                                                      0.157    66.982 r  CPU_U/ALU_0/mem_reg[0][31]_i_602/CO[1]
                         net (fo=35, routed)          1.961    68.944    CPU_U/ALU_0/mem_reg[0][31]_i_602_n_2
    SLICE_X55Y49         LUT3 (Prop_lut3_I0_O)        0.332    69.276 r  CPU_U/ALU_0/mem[0][31]_i_641/O
                         net (fo=1, routed)           0.000    69.276    CPU_U/ALU_0/mem[0][31]_i_641_n_0
    SLICE_X55Y49         CARRY4 (Prop_carry4_S[3]_CO[3])
                                                      0.401    69.677 r  CPU_U/ALU_0/mem_reg[0][31]_i_594/CO[3]
                         net (fo=1, routed)           0.001    69.677    CPU_U/ALU_0/mem_reg[0][31]_i_594_n_0
    SLICE_X55Y50         CARRY4 (Prop_carry4_CI_CO[3])
                                                      0.114    69.791 r  CPU_U/ALU_0/mem_reg[0][31]_i_589/CO[3]
                         net (fo=1, routed)           0.000    69.791    CPU_U/ALU_0/mem_reg[0][31]_i_589_n_0
    SLICE_X55Y51         CARRY4 (Prop_carry4_CI_CO[3])
                                                      0.114    69.905 r  CPU_U/ALU_0/mem_reg[0][31]_i_584/CO[3]
                         net (fo=1, routed)           0.000    69.905    CPU_U/ALU_0/mem_reg[0][31]_i_584_n_0
    SLICE_X55Y52         CARRY4 (Prop_carry4_CI_CO[3])
                                                      0.114    70.019 r  CPU_U/ALU_0/mem_reg[0][31]_i_579/CO[3]
                         net (fo=1, routed)           0.000    70.019    CPU_U/ALU_0/mem_reg[0][31]_i_579_n_0
    SLICE_X55Y53         CARRY4 (Prop_carry4_CI_CO[3])
                                                      0.114    70.133 r  CPU_U/ALU_0/mem_reg[0][31]_i_574/CO[3]
                         net (fo=1, routed)           0.000    70.133    CPU_U/ALU_0/mem_reg[0][31]_i_574_n_0
    SLICE_X55Y54         CARRY4 (Prop_carry4_CI_CO[3])
                                                      0.114    70.247 r  CPU_U/ALU_0/mem_reg[0][31]_i_569/CO[3]
                         net (fo=1, routed)           0.000    70.247    CPU_U/ALU_0/mem_reg[0][31]_i_569_n_0
    SLICE_X55Y55         CARRY4 (Prop_carry4_CI_CO[3])
                                                      0.114    70.361 r  CPU_U/ALU_0/mem_reg[0][31]_i_564/CO[3]
                         net (fo=1, routed)           0.000    70.361    CPU_U/ALU_0/mem_reg[0][31]_i_564_n_0
    SLICE_X55Y56         CARRY4 (Prop_carry4_CI_CO[3])
                                                      0.114    70.475 r  CPU_U/ALU_0/mem_reg[0][31]_i_561/CO[3]
                         net (fo=1, routed)           0.000    70.475    CPU_U/ALU_0/mem_reg[0][31]_i_561_n_0
    SLICE_X55Y57         CARRY4 (Prop_carry4_CI_CO[1])
                                                      0.157    70.632 r  CPU_U/ALU_0/mem_reg[0][31]_i_560/CO[1]
                         net (fo=35, routed)          2.116    72.748    CPU_U/ALU_0/mem_reg[0][31]_i_560_n_2
    SLICE_X48Y48         LUT3 (Prop_lut3_I0_O)        0.329    73.077 r  CPU_U/ALU_0/mem[0][31]_i_601/O
                         net (fo=1, routed)           0.000    73.077    CPU_U/ALU_0/mem[0][31]_i_601_n_0
    SLICE_X48Y48         CARRY4 (Prop_carry4_S[1]_CO[3])
                                                      0.550    73.627 r  CPU_U/ALU_0/mem_reg[0][31]_i_552/CO[3]
                         net (fo=1, routed)           0.000    73.627    CPU_U/ALU_0/mem_reg[0][31]_i_552_n_0
    SLICE_X48Y49         CARRY4 (Prop_carry4_CI_CO[3])
                                                      0.114    73.741 r  CPU_U/ALU_0/mem_reg[0][31]_i_547/CO[3]
                         net (fo=1, routed)           0.001    73.742    CPU_U/ALU_0/mem_reg[0][31]_i_547_n_0
    SLICE_X48Y50         CARRY4 (Prop_carry4_CI_CO[3])
                                                      0.114    73.856 r  CPU_U/ALU_0/mem_reg[0][31]_i_542/CO[3]
                         net (fo=1, routed)           0.000    73.856    CPU_U/ALU_0/mem_reg[0][31]_i_542_n_0
    SLICE_X48Y51         CARRY4 (Prop_carry4_CI_CO[3])
                                                      0.114    73.970 r  CPU_U/ALU_0/mem_reg[0][31]_i_537/CO[3]
                         net (fo=1, routed)           0.000    73.970    CPU_U/ALU_0/mem_reg[0][31]_i_537_n_0
    SLICE_X48Y52         CARRY4 (Prop_carry4_CI_CO[3])
                                                      0.114    74.084 r  CPU_U/ALU_0/mem_reg[0][31]_i_532/CO[3]
                         net (fo=1, routed)           0.000    74.084    CPU_U/ALU_0/mem_reg[0][31]_i_532_n_0
    SLICE_X48Y53         CARRY4 (Prop_carry4_CI_CO[3])
                                                      0.114    74.198 r  CPU_U/ALU_0/mem_reg[0][31]_i_527/CO[3]
                         net (fo=1, routed)           0.000    74.198    CPU_U/ALU_0/mem_reg[0][31]_i_527_n_0
    SLICE_X48Y54         CARRY4 (Prop_carry4_CI_CO[3])
                                                      0.114    74.312 r  CPU_U/ALU_0/mem_reg[0][31]_i_522/CO[3]
                         net (fo=1, routed)           0.000    74.312    CPU_U/ALU_0/mem_reg[0][31]_i_522_n_0
    SLICE_X48Y55         CARRY4 (Prop_carry4_CI_CO[3])
                                                      0.114    74.426 r  CPU_U/ALU_0/mem_reg[0][31]_i_519/CO[3]
                         net (fo=1, routed)           0.000    74.426    CPU_U/ALU_0/mem_reg[0][31]_i_519_n_0
    SLICE_X48Y56         CARRY4 (Prop_carry4_CI_CO[1])
                                                      0.157    74.583 r  CPU_U/ALU_0/mem_reg[0][31]_i_518/CO[1]
                         net (fo=35, routed)          1.640    76.223    CPU_U/ALU_0/mem_reg[0][31]_i_518_n_2
    SLICE_X51Y50         LUT3 (Prop_lut3_I0_O)        0.329    76.552 r  CPU_U/ALU_0/mem[0][31]_i_557/O
                         net (fo=1, routed)           0.000    76.552    CPU_U/ALU_0/mem[0][31]_i_557_n_0
    SLICE_X51Y50         CARRY4 (Prop_carry4_S[3]_CO[3])
                                                      0.401    76.953 r  CPU_U/ALU_0/mem_reg[0][31]_i_510/CO[3]
                         net (fo=1, routed)           0.000    76.953    CPU_U/ALU_0/mem_reg[0][31]_i_510_n_0
    SLICE_X51Y51         CARRY4 (Prop_carry4_CI_CO[3])
                                                      0.114    77.067 r  CPU_U/ALU_0/mem_reg[0][31]_i_505/CO[3]
                         net (fo=1, routed)           0.000    77.067    CPU_U/ALU_0/mem_reg[0][31]_i_505_n_0
    SLICE_X51Y52         CARRY4 (Prop_carry4_CI_CO[3])
                                                      0.114    77.181 r  CPU_U/ALU_0/mem_reg[0][31]_i_500/CO[3]
                         net (fo=1, routed)           0.000    77.181    CPU_U/ALU_0/mem_reg[0][31]_i_500_n_0
    SLICE_X51Y53         CARRY4 (Prop_carry4_CI_CO[3])
                                                      0.114    77.295 r  CPU_U/ALU_0/mem_reg[0][31]_i_495/CO[3]
                         net (fo=1, routed)           0.000    77.295    CPU_U/ALU_0/mem_reg[0][31]_i_495_n_0
    SLICE_X51Y54         CARRY4 (Prop_carry4_CI_CO[3])
                                                      0.114    77.409 r  CPU_U/ALU_0/mem_reg[0][31]_i_490/CO[3]
                         net (fo=1, routed)           0.000    77.409    CPU_U/ALU_0/mem_reg[0][31]_i_490_n_0
    SLICE_X51Y55         CARRY4 (Prop_carry4_CI_CO[3])
                                                      0.114    77.523 r  CPU_U/ALU_0/mem_reg[0][31]_i_485/CO[3]
                         net (fo=1, routed)           0.000    77.523    CPU_U/ALU_0/mem_reg[0][31]_i_485_n_0
    SLICE_X51Y56         CARRY4 (Prop_carry4_CI_CO[3])
                                                      0.114    77.637 r  CPU_U/ALU_0/mem_reg[0][31]_i_480/CO[3]
                         net (fo=1, routed)           0.000    77.637    CPU_U/ALU_0/mem_reg[0][31]_i_480_n_0
    SLICE_X51Y57         CARRY4 (Prop_carry4_CI_CO[3])
                                                      0.114    77.751 r  CPU_U/ALU_0/mem_reg[0][31]_i_477/CO[3]
                         net (fo=1, routed)           0.000    77.751    CPU_U/ALU_0/mem_reg[0][31]_i_477_n_0
    SLICE_X51Y58         CARRY4 (Prop_carry4_CI_CO[1])
                                                      0.157    77.908 r  CPU_U/ALU_0/mem_reg[0][31]_i_476/CO[1]
                         net (fo=35, routed)          2.184    80.092    CPU_U/ALU_0/mem_reg[0][31]_i_476_n_2
    SLICE_X57Y50         LUT3 (Prop_lut3_I0_O)        0.329    80.421 r  CPU_U/ALU_0/mem[0][31]_i_517/O
                         net (fo=1, routed)           0.000    80.421    CPU_U/ALU_0/mem[0][31]_i_517_n_0
    SLICE_X57Y50         CARRY4 (Prop_carry4_S[1]_CO[3])
                                                      0.550    80.971 r  CPU_U/ALU_0/mem_reg[0][31]_i_468/CO[3]
                         net (fo=1, routed)           0.000    80.971    CPU_U/ALU_0/mem_reg[0][31]_i_468_n_0
    SLICE_X57Y51         CARRY4 (Prop_carry4_CI_CO[3])
                                                      0.114    81.085 r  CPU_U/ALU_0/mem_reg[0][31]_i_463/CO[3]
                         net (fo=1, routed)           0.000    81.085    CPU_U/ALU_0/mem_reg[0][31]_i_463_n_0
    SLICE_X57Y52         CARRY4 (Prop_carry4_CI_CO[3])
                                                      0.114    81.199 r  CPU_U/ALU_0/mem_reg[0][31]_i_458/CO[3]
                         net (fo=1, routed)           0.000    81.199    CPU_U/ALU_0/mem_reg[0][31]_i_458_n_0
    SLICE_X57Y53         CARRY4 (Prop_carry4_CI_CO[3])
                                                      0.114    81.313 r  CPU_U/ALU_0/mem_reg[0][31]_i_453/CO[3]
                         net (fo=1, routed)           0.000    81.313    CPU_U/ALU_0/mem_reg[0][31]_i_453_n_0
    SLICE_X57Y54         CARRY4 (Prop_carry4_CI_CO[3])
                                                      0.114    81.427 r  CPU_U/ALU_0/mem_reg[0][31]_i_448/CO[3]
                         net (fo=1, routed)           0.000    81.427    CPU_U/ALU_0/mem_reg[0][31]_i_448_n_0
    SLICE_X57Y55         CARRY4 (Prop_carry4_CI_CO[3])
                                                      0.114    81.541 r  CPU_U/ALU_0/mem_reg[0][31]_i_443/CO[3]
                         net (fo=1, routed)           0.000    81.541    CPU_U/ALU_0/mem_reg[0][31]_i_443_n_0
    SLICE_X57Y56         CARRY4 (Prop_carry4_CI_CO[3])
                                                      0.114    81.655 r  CPU_U/ALU_0/mem_reg[0][31]_i_438/CO[3]
                         net (fo=1, routed)           0.000    81.655    CPU_U/ALU_0/mem_reg[0][31]_i_438_n_0
    SLICE_X57Y57         CARRY4 (Prop_carry4_CI_CO[3])
                                                      0.114    81.769 r  CPU_U/ALU_0/mem_reg[0][31]_i_435/CO[3]
                         net (fo=1, routed)           0.000    81.769    CPU_U/ALU_0/mem_reg[0][31]_i_435_n_0
    SLICE_X57Y58         CARRY4 (Prop_carry4_CI_CO[1])
                                                      0.157    81.926 r  CPU_U/ALU_0/mem_reg[0][31]_i_434/CO[1]
                         net (fo=35, routed)          1.984    83.910    CPU_U/ALU_0/mem_reg[0][31]_i_434_n_2
    SLICE_X58Y50         LUT3 (Prop_lut3_I0_O)        0.329    84.240 r  CPU_U/ALU_0/mem[0][31]_i_475/O
                         net (fo=1, routed)           0.000    84.240    CPU_U/ALU_0/mem[0][31]_i_475_n_0
    SLICE_X58Y50         CARRY4 (Prop_carry4_S[1]_CO[3])
                                                      0.550    84.790 r  CPU_U/ALU_0/mem_reg[0][31]_i_426/CO[3]
                         net (fo=1, routed)           0.000    84.790    CPU_U/ALU_0/mem_reg[0][31]_i_426_n_0
    SLICE_X58Y51         CARRY4 (Prop_carry4_CI_CO[3])
                                                      0.114    84.904 r  CPU_U/ALU_0/mem_reg[0][31]_i_421/CO[3]
                         net (fo=1, routed)           0.000    84.904    CPU_U/ALU_0/mem_reg[0][31]_i_421_n_0
    SLICE_X58Y52         CARRY4 (Prop_carry4_CI_CO[3])
                                                      0.114    85.018 r  CPU_U/ALU_0/mem_reg[0][31]_i_416/CO[3]
                         net (fo=1, routed)           0.000    85.018    CPU_U/ALU_0/mem_reg[0][31]_i_416_n_0
    SLICE_X58Y53         CARRY4 (Prop_carry4_CI_CO[3])
                                                      0.114    85.132 r  CPU_U/ALU_0/mem_reg[0][31]_i_411/CO[3]
                         net (fo=1, routed)           0.000    85.132    CPU_U/ALU_0/mem_reg[0][31]_i_411_n_0
    SLICE_X58Y54         CARRY4 (Prop_carry4_CI_CO[3])
                                                      0.114    85.245 r  CPU_U/ALU_0/mem_reg[0][31]_i_406/CO[3]
                         net (fo=1, routed)           0.000    85.245    CPU_U/ALU_0/mem_reg[0][31]_i_406_n_0
    SLICE_X58Y55         CARRY4 (Prop_carry4_CI_CO[3])
                                                      0.114    85.359 r  CPU_U/ALU_0/mem_reg[0][31]_i_401/CO[3]
                         net (fo=1, routed)           0.000    85.359    CPU_U/ALU_0/mem_reg[0][31]_i_401_n_0
    SLICE_X58Y56         CARRY4 (Prop_carry4_CI_CO[3])
                                                      0.114    85.473 r  CPU_U/ALU_0/mem_reg[0][31]_i_396/CO[3]
                         net (fo=1, routed)           0.000    85.473    CPU_U/ALU_0/mem_reg[0][31]_i_396_n_0
    SLICE_X58Y57         CARRY4 (Prop_carry4_CI_CO[3])
                                                      0.114    85.587 r  CPU_U/ALU_0/mem_reg[0][31]_i_393/CO[3]
                         net (fo=1, routed)           0.000    85.587    CPU_U/ALU_0/mem_reg[0][31]_i_393_n_0
    SLICE_X58Y58         CARRY4 (Prop_carry4_CI_CO[1])
                                                      0.157    85.744 r  CPU_U/ALU_0/mem_reg[0][31]_i_392/CO[1]
                         net (fo=35, routed)          2.322    88.066    CPU_U/ALU_0/mem_reg[0][31]_i_392_n_2
    SLICE_X62Y48         LUT3 (Prop_lut3_I0_O)        0.329    88.395 r  CPU_U/ALU_0/mem[0][31]_i_432/O
                         net (fo=1, routed)           0.000    88.395    CPU_U/ALU_0/mem[0][31]_i_432_n_0
    SLICE_X62Y48         CARRY4 (Prop_carry4_S[2]_CO[3])
                                                      0.398    88.793 r  CPU_U/ALU_0/mem_reg[0][31]_i_384/CO[3]
                         net (fo=1, routed)           0.000    88.793    CPU_U/ALU_0/mem_reg[0][31]_i_384_n_0
    SLICE_X62Y49         CARRY4 (Prop_carry4_CI_CO[3])
                                                      0.114    88.907 r  CPU_U/ALU_0/mem_reg[0][31]_i_379/CO[3]
                         net (fo=1, routed)           0.001    88.908    CPU_U/ALU_0/mem_reg[0][31]_i_379_n_0
    SLICE_X62Y50         CARRY4 (Prop_carry4_CI_CO[3])
                                                      0.114    89.022 r  CPU_U/ALU_0/mem_reg[0][31]_i_374/CO[3]
                         net (fo=1, routed)           0.000    89.022    CPU_U/ALU_0/mem_reg[0][31]_i_374_n_0
    SLICE_X62Y51         CARRY4 (Prop_carry4_CI_CO[3])
                                                      0.114    89.136 r  CPU_U/ALU_0/mem_reg[0][31]_i_369/CO[3]
                         net (fo=1, routed)           0.000    89.136    CPU_U/ALU_0/mem_reg[0][31]_i_369_n_0
    SLICE_X62Y52         CARRY4 (Prop_carry4_CI_CO[3])
                                                      0.114    89.250 r  CPU_U/ALU_0/mem_reg[0][31]_i_364/CO[3]
                         net (fo=1, routed)           0.000    89.250    CPU_U/ALU_0/mem_reg[0][31]_i_364_n_0
    SLICE_X62Y53         CARRY4 (Prop_carry4_CI_CO[3])
                                                      0.114    89.364 r  CPU_U/ALU_0/mem_reg[0][31]_i_359/CO[3]
                         net (fo=1, routed)           0.000    89.364    CPU_U/ALU_0/mem_reg[0][31]_i_359_n_0
    SLICE_X62Y54         CARRY4 (Prop_carry4_CI_CO[3])
                                                      0.114    89.478 r  CPU_U/ALU_0/mem_reg[0][31]_i_354/CO[3]
                         net (fo=1, routed)           0.000    89.478    CPU_U/ALU_0/mem_reg[0][31]_i_354_n_0
    SLICE_X62Y55         CARRY4 (Prop_carry4_CI_CO[3])
                                                      0.114    89.592 r  CPU_U/ALU_0/mem_reg[0][31]_i_351/CO[3]
                         net (fo=1, routed)           0.000    89.592    CPU_U/ALU_0/mem_reg[0][31]_i_351_n_0
    SLICE_X62Y56         CARRY4 (Prop_carry4_CI_CO[1])
                                                      0.157    89.749 r  CPU_U/ALU_0/mem_reg[0][31]_i_350/CO[1]
                         net (fo=35, routed)          2.219    91.967    CPU_U/ALU_0/mem_reg[0][31]_i_350_n_2
    SLICE_X59Y48         LUT3 (Prop_lut3_I0_O)        0.329    92.296 r  CPU_U/ALU_0/mem[0][31]_i_389/O
                         net (fo=1, routed)           0.000    92.296    CPU_U/ALU_0/mem[0][31]_i_389_n_0
    SLICE_X59Y48         CARRY4 (Prop_carry4_S[3]_CO[3])
                                                      0.401    92.697 r  CPU_U/ALU_0/mem_reg[0][31]_i_342/CO[3]
                         net (fo=1, routed)           0.000    92.697    CPU_U/ALU_0/mem_reg[0][31]_i_342_n_0
    SLICE_X59Y49         CARRY4 (Prop_carry4_CI_CO[3])
                                                      0.114    92.811 r  CPU_U/ALU_0/mem_reg[0][31]_i_337/CO[3]
                         net (fo=1, routed)           0.001    92.812    CPU_U/ALU_0/mem_reg[0][31]_i_337_n_0
    SLICE_X59Y50         CARRY4 (Prop_carry4_CI_CO[3])
                                                      0.114    92.926 r  CPU_U/ALU_0/mem_reg[0][31]_i_332/CO[3]
                         net (fo=1, routed)           0.000    92.926    CPU_U/ALU_0/mem_reg[0][31]_i_332_n_0
    SLICE_X59Y51         CARRY4 (Prop_carry4_CI_CO[3])
                                                      0.114    93.040 r  CPU_U/ALU_0/mem_reg[0][31]_i_327/CO[3]
                         net (fo=1, routed)           0.000    93.040    CPU_U/ALU_0/mem_reg[0][31]_i_327_n_0
    SLICE_X59Y52         CARRY4 (Prop_carry4_CI_CO[3])
                                                      0.114    93.154 r  CPU_U/ALU_0/mem_reg[0][31]_i_322/CO[3]
                         net (fo=1, routed)           0.000    93.154    CPU_U/ALU_0/mem_reg[0][31]_i_322_n_0
    SLICE_X59Y53         CARRY4 (Prop_carry4_CI_CO[3])
                                                      0.114    93.268 r  CPU_U/ALU_0/mem_reg[0][31]_i_317/CO[3]
                         net (fo=1, routed)           0.000    93.268    CPU_U/ALU_0/mem_reg[0][31]_i_317_n_0
    SLICE_X59Y54         CARRY4 (Prop_carry4_CI_CO[3])
                                                      0.114    93.382 r  CPU_U/ALU_0/mem_reg[0][31]_i_312/CO[3]
                         net (fo=1, routed)           0.000    93.382    CPU_U/ALU_0/mem_reg[0][31]_i_312_n_0
    SLICE_X59Y55         CARRY4 (Prop_carry4_CI_CO[3])
                                                      0.114    93.496 r  CPU_U/ALU_0/mem_reg[0][31]_i_309/CO[3]
                         net (fo=1, routed)           0.000    93.496    CPU_U/ALU_0/mem_reg[0][31]_i_309_n_0
    SLICE_X59Y56         CARRY4 (Prop_carry4_CI_CO[1])
                                                      0.157    93.653 r  CPU_U/ALU_0/mem_reg[0][31]_i_308/CO[1]
                         net (fo=35, routed)          2.466    96.120    CPU_U/ALU_0/mem_reg[0][31]_i_308_n_2
    SLICE_X61Y48         LUT3 (Prop_lut3_I0_O)        0.329    96.449 r  CPU_U/ALU_0/mem[0][31]_i_345/O
                         net (fo=1, routed)           0.000    96.449    CPU_U/ALU_0/mem[0][31]_i_345_n_0
    SLICE_X61Y48         CARRY4 (Prop_carry4_S[1]_CO[3])
                                                      0.550    96.999 r  CPU_U/ALU_0/mem_reg[0][31]_i_294/CO[3]
                         net (fo=1, routed)           0.000    96.999    CPU_U/ALU_0/mem_reg[0][31]_i_294_n_0
    SLICE_X61Y49         CARRY4 (Prop_carry4_CI_CO[3])
                                                      0.114    97.113 r  CPU_U/ALU_0/mem_reg[0][31]_i_289/CO[3]
                         net (fo=1, routed)           0.001    97.113    CPU_U/ALU_0/mem_reg[0][31]_i_289_n_0
    SLICE_X61Y50         CARRY4 (Prop_carry4_CI_CO[3])
                                                      0.114    97.227 r  CPU_U/ALU_0/mem_reg[0][31]_i_284/CO[3]
                         net (fo=1, routed)           0.000    97.227    CPU_U/ALU_0/mem_reg[0][31]_i_284_n_0
    SLICE_X61Y51         CARRY4 (Prop_carry4_CI_CO[3])
                                                      0.114    97.341 r  CPU_U/ALU_0/mem_reg[0][31]_i_279/CO[3]
                         net (fo=1, routed)           0.000    97.341    CPU_U/ALU_0/mem_reg[0][31]_i_279_n_0
    SLICE_X61Y52         CARRY4 (Prop_carry4_CI_CO[3])
                                                      0.114    97.455 r  CPU_U/ALU_0/mem_reg[0][31]_i_274/CO[3]
                         net (fo=1, routed)           0.000    97.455    CPU_U/ALU_0/mem_reg[0][31]_i_274_n_0
    SLICE_X61Y53         CARRY4 (Prop_carry4_CI_CO[3])
                                                      0.114    97.569 r  CPU_U/ALU_0/mem_reg[0][31]_i_269/CO[3]
                         net (fo=1, routed)           0.000    97.569    CPU_U/ALU_0/mem_reg[0][31]_i_269_n_0
    SLICE_X61Y54         CARRY4 (Prop_carry4_CI_CO[3])
                                                      0.114    97.683 r  CPU_U/ALU_0/mem_reg[0][31]_i_266/CO[3]
                         net (fo=1, routed)           0.000    97.683    CPU_U/ALU_0/mem_reg[0][31]_i_266_n_0
    SLICE_X61Y55         CARRY4 (Prop_carry4_CI_CO[1])
                                                      0.157    97.840 r  CPU_U/ALU_0/mem_reg[0][31]_i_265/CO[1]
                         net (fo=35, routed)          2.070    99.910    CPU_U/IDEX_0/CO[0]
    SLICE_X63Y46         LUT3 (Prop_lut3_I0_O)        0.329   100.239 r  CPU_U/IDEX_0/mem[0][31]_i_307/O
                         net (fo=1, routed)           0.000   100.239    CPU_U/ALU_0/mem_reg[0][31]_i_215_1[0]
    SLICE_X63Y46         CARRY4 (Prop_carry4_S[1]_CO[3])
                                                      0.550   100.789 r  CPU_U/ALU_0/mem_reg[0][31]_i_257/CO[3]
                         net (fo=1, routed)           0.000   100.789    CPU_U/ALU_0/mem_reg[0][31]_i_257_n_0
    SLICE_X63Y47         CARRY4 (Prop_carry4_CI_CO[3])
                                                      0.114   100.903 r  CPU_U/ALU_0/mem_reg[0][31]_i_252/CO[3]
                         net (fo=1, routed)           0.000   100.903    CPU_U/ALU_0/mem_reg[0][31]_i_252_n_0
    SLICE_X63Y48         CARRY4 (Prop_carry4_CI_CO[3])
                                                      0.114   101.017 r  CPU_U/ALU_0/mem_reg[0][31]_i_247/CO[3]
                         net (fo=1, routed)           0.000   101.017    CPU_U/ALU_0/mem_reg[0][31]_i_247_n_0
    SLICE_X63Y49         CARRY4 (Prop_carry4_CI_CO[3])
                                                      0.114   101.131 r  CPU_U/ALU_0/mem_reg[0][31]_i_242/CO[3]
                         net (fo=1, routed)           0.001   101.132    CPU_U/ALU_0/mem_reg[0][31]_i_242_n_0
    SLICE_X63Y50         CARRY4 (Prop_carry4_CI_CO[3])
                                                      0.114   101.246 r  CPU_U/ALU_0/mem_reg[0][31]_i_237/CO[3]
                         net (fo=1, routed)           0.000   101.246    CPU_U/ALU_0/mem_reg[0][31]_i_237_n_0
    SLICE_X63Y51         CARRY4 (Prop_carry4_CI_CO[3])
                                                      0.114   101.360 r  CPU_U/ALU_0/mem_reg[0][31]_i_232/CO[3]
                         net (fo=1, routed)           0.000   101.360    CPU_U/ALU_0/mem_reg[0][31]_i_232_n_0
    SLICE_X63Y52         CARRY4 (Prop_carry4_CI_CO[3])
                                                      0.114   101.474 r  CPU_U/ALU_0/mem_reg[0][31]_i_227/CO[3]
                         net (fo=1, routed)           0.000   101.474    CPU_U/ALU_0/mem_reg[0][31]_i_227_n_0
    SLICE_X63Y53         CARRY4 (Prop_carry4_CI_CO[3])
                                                      0.114   101.588 r  CPU_U/ALU_0/mem_reg[0][31]_i_224/CO[3]
                         net (fo=1, routed)           0.000   101.588    CPU_U/ALU_0/mem_reg[0][31]_i_224_n_0
    SLICE_X63Y54         CARRY4 (Prop_carry4_CI_CO[1])
                                                      0.157   101.745 r  CPU_U/ALU_0/mem_reg[0][31]_i_223/CO[1]
                         net (fo=35, routed)          2.448   104.193    CPU_U/ALU_0/mem_reg[0][31]_i_223_n_2
    SLICE_X52Y45         LUT3 (Prop_lut3_I0_O)        0.329   104.522 r  CPU_U/ALU_0/mem[0][31]_i_264/O
                         net (fo=1, routed)           0.000   104.522    CPU_U/ALU_0/mem[0][31]_i_264_n_0
    SLICE_X52Y45         CARRY4 (Prop_carry4_S[1]_CO[3])
                                                      0.533   105.055 r  CPU_U/ALU_0/mem_reg[0][31]_i_215/CO[3]
                         net (fo=1, routed)           0.000   105.055    CPU_U/ALU_0/mem_reg[0][31]_i_215_n_0
    SLICE_X52Y46         CARRY4 (Prop_carry4_CI_CO[3])
                                                      0.117   105.172 r  CPU_U/ALU_0/mem_reg[0][31]_i_210/CO[3]
                         net (fo=1, routed)           0.000   105.172    CPU_U/ALU_0/mem_reg[0][31]_i_210_n_0
    SLICE_X52Y47         CARRY4 (Prop_carry4_CI_CO[3])
                                                      0.117   105.289 r  CPU_U/ALU_0/mem_reg[0][31]_i_205/CO[3]
                         net (fo=1, routed)           0.000   105.289    CPU_U/ALU_0/mem_reg[0][31]_i_205_n_0
    SLICE_X52Y48         CARRY4 (Prop_carry4_CI_CO[3])
                                                      0.117   105.406 r  CPU_U/ALU_0/mem_reg[0][31]_i_200/CO[3]
                         net (fo=1, routed)           0.000   105.406    CPU_U/ALU_0/mem_reg[0][31]_i_200_n_0
    SLICE_X52Y49         CARRY4 (Prop_carry4_CI_CO[3])
                                                      0.117   105.523 r  CPU_U/ALU_0/mem_reg[0][31]_i_195/CO[3]
                         net (fo=1, routed)           0.001   105.524    CPU_U/ALU_0/mem_reg[0][31]_i_195_n_0
    SLICE_X52Y50         CARRY4 (Prop_carry4_CI_CO[3])
                                                      0.117   105.641 r  CPU_U/ALU_0/mem_reg[0][31]_i_190/CO[3]
                         net (fo=1, routed)           0.000   105.641    CPU_U/ALU_0/mem_reg[0][31]_i_190_n_0
    SLICE_X52Y51         CARRY4 (Prop_carry4_CI_CO[3])
                                                      0.117   105.758 r  CPU_U/ALU_0/mem_reg[0][31]_i_185/CO[3]
                         net (fo=1, routed)           0.000   105.758    CPU_U/ALU_0/mem_reg[0][31]_i_185_n_0
    SLICE_X52Y52         CARRY4 (Prop_carry4_CI_CO[3])
                                                      0.117   105.875 r  CPU_U/ALU_0/mem_reg[0][31]_i_182/CO[3]
                         net (fo=1, routed)           0.000   105.875    CPU_U/ALU_0/mem_reg[0][31]_i_182_n_0
    SLICE_X52Y53         CARRY4 (Prop_carry4_CI_CO[1])
                                                      0.157   106.032 r  CPU_U/ALU_0/mem_reg[0][31]_i_181/CO[1]
                         net (fo=35, routed)          2.570   108.602    CPU_U/ALU_0/mem_reg[0][31]_i_181_n_2
    SLICE_X53Y42         LUT3 (Prop_lut3_I0_O)        0.332   108.934 r  CPU_U/ALU_0/mem[0][31]_i_222/O
                         net (fo=1, routed)           0.000   108.934    CPU_U/ALU_0/mem[0][31]_i_222_n_0
    SLICE_X53Y42         CARRY4 (Prop_carry4_S[1]_CO[3])
                                                      0.550   109.484 r  CPU_U/ALU_0/mem_reg[0][31]_i_176/CO[3]
                         net (fo=1, routed)           0.000   109.484    CPU_U/ALU_0/mem_reg[0][31]_i_176_n_0
    SLICE_X53Y43         CARRY4 (Prop_carry4_CI_CO[3])
                                                      0.114   109.598 r  CPU_U/ALU_0/mem_reg[0][31]_i_171/CO[3]
                         net (fo=1, routed)           0.000   109.598    CPU_U/ALU_0/mem_reg[0][31]_i_171_n_0
    SLICE_X53Y44         CARRY4 (Prop_carry4_CI_CO[3])
                                                      0.114   109.712 r  CPU_U/ALU_0/mem_reg[0][31]_i_166/CO[3]
                         net (fo=1, routed)           0.000   109.712    CPU_U/ALU_0/mem_reg[0][31]_i_166_n_0
    SLICE_X53Y45         CARRY4 (Prop_carry4_CI_CO[3])
                                                      0.114   109.826 r  CPU_U/ALU_0/mem_reg[0][31]_i_161/CO[3]
                         net (fo=1, routed)           0.000   109.826    CPU_U/ALU_0/mem_reg[0][31]_i_161_n_0
    SLICE_X53Y46         CARRY4 (Prop_carry4_CI_CO[3])
                                                      0.114   109.940 r  CPU_U/ALU_0/mem_reg[0][31]_i_156/CO[3]
                         net (fo=1, routed)           0.000   109.940    CPU_U/ALU_0/mem_reg[0][31]_i_156_n_0
    SLICE_X53Y47         CARRY4 (Prop_carry4_CI_CO[3])
                                                      0.114   110.054 r  CPU_U/ALU_0/mem_reg[0][31]_i_151/CO[3]
                         net (fo=1, routed)           0.000   110.054    CPU_U/ALU_0/mem_reg[0][31]_i_151_n_0
    SLICE_X53Y48         CARRY4 (Prop_carry4_CI_CO[3])
                                                      0.114   110.168 r  CPU_U/ALU_0/mem_reg[0][31]_i_146/CO[3]
                         net (fo=1, routed)           0.000   110.168    CPU_U/ALU_0/mem_reg[0][31]_i_146_n_0
    SLICE_X53Y49         CARRY4 (Prop_carry4_CI_CO[3])
                                                      0.114   110.282 r  CPU_U/ALU_0/mem_reg[0][31]_i_143/CO[3]
                         net (fo=1, routed)           0.001   110.283    CPU_U/ALU_0/mem_reg[0][31]_i_143_n_0
    SLICE_X53Y50         CARRY4 (Prop_carry4_CI_CO[1])
                                                      0.157   110.440 r  CPU_U/ALU_0/mem_reg[0][31]_i_142/CO[1]
                         net (fo=35, routed)          2.550   112.990    CPU_U/ALU_0/mem_reg[0][31]_i_142_n_2
    SLICE_X56Y41         LUT3 (Prop_lut3_I0_O)        0.329   113.319 r  CPU_U/ALU_0/mem[0][27]_i_48/O
                         net (fo=1, routed)           0.000   113.319    CPU_U/ALU_0/mem[0][27]_i_48_n_0
    SLICE_X56Y41         CARRY4 (Prop_carry4_S[1]_CO[3])
                                                      0.533   113.852 r  CPU_U/ALU_0/mem_reg[0][27]_i_41/CO[3]
                         net (fo=1, routed)           0.000   113.852    CPU_U/ALU_0/mem_reg[0][27]_i_41_n_0
    SLICE_X56Y42         CARRY4 (Prop_carry4_CI_CO[3])
                                                      0.117   113.969 r  CPU_U/ALU_0/mem_reg[0][31]_i_137/CO[3]
                         net (fo=1, routed)           0.000   113.969    CPU_U/ALU_0/mem_reg[0][31]_i_137_n_0
    SLICE_X56Y43         CARRY4 (Prop_carry4_CI_CO[3])
                                                      0.117   114.086 r  CPU_U/ALU_0/mem_reg[0][31]_i_132/CO[3]
                         net (fo=1, routed)           0.000   114.086    CPU_U/ALU_0/mem_reg[0][31]_i_132_n_0
    SLICE_X56Y44         CARRY4 (Prop_carry4_CI_CO[3])
                                                      0.117   114.203 r  CPU_U/ALU_0/mem_reg[0][31]_i_127/CO[3]
                         net (fo=1, routed)           0.000   114.203    CPU_U/ALU_0/mem_reg[0][31]_i_127_n_0
    SLICE_X56Y45         CARRY4 (Prop_carry4_CI_CO[3])
                                                      0.117   114.320 r  CPU_U/ALU_0/mem_reg[0][31]_i_122/CO[3]
                         net (fo=1, routed)           0.000   114.320    CPU_U/ALU_0/mem_reg[0][31]_i_122_n_0
    SLICE_X56Y46         CARRY4 (Prop_carry4_CI_CO[3])
                                                      0.117   114.437 r  CPU_U/ALU_0/mem_reg[0][31]_i_117/CO[3]
                         net (fo=1, routed)           0.000   114.437    CPU_U/ALU_0/mem_reg[0][31]_i_117_n_0
    SLICE_X56Y47         CARRY4 (Prop_carry4_CI_CO[3])
                                                      0.117   114.554 r  CPU_U/ALU_0/mem_reg[0][31]_i_112/CO[3]
                         net (fo=1, routed)           0.000   114.554    CPU_U/ALU_0/mem_reg[0][31]_i_112_n_0
    SLICE_X56Y48         CARRY4 (Prop_carry4_CI_CO[3])
                                                      0.117   114.671 r  CPU_U/ALU_0/mem_reg[0][31]_i_109/CO[3]
                         net (fo=1, routed)           0.000   114.671    CPU_U/ALU_0/mem_reg[0][31]_i_109_n_0
    SLICE_X56Y49         CARRY4 (Prop_carry4_CI_CO[1])
                                                      0.157   114.828 r  CPU_U/ALU_0/mem_reg[0][31]_i_108/CO[1]
                         net (fo=35, routed)          2.074   116.902    CPU_U/ALU_0/mem[0][31]_i_145_0[0]
    SLICE_X57Y41         LUT3 (Prop_lut3_I0_O)        0.332   117.234 r  CPU_U/ALU_0/mem[0][23]_i_43/O
                         net (fo=1, routed)           0.000   117.234    CPU_U/ALU_0/mem[0][23]_i_43_n_0
    SLICE_X57Y41         CARRY4 (Prop_carry4_S[2]_CO[3])
                                                      0.398   117.632 r  CPU_U/ALU_0/mem_reg[0][23]_i_36/CO[3]
                         net (fo=1, routed)           0.000   117.632    CPU_U/ALU_0/mem_reg[0][23]_i_36_n_0
    SLICE_X57Y42         CARRY4 (Prop_carry4_CI_CO[3])
                                                      0.114   117.746 r  CPU_U/ALU_0/mem_reg[0][27]_i_36/CO[3]
                         net (fo=1, routed)           0.000   117.746    CPU_U/ALU_0/mem_reg[0][27]_i_36_n_0
    SLICE_X57Y43         CARRY4 (Prop_carry4_CI_CO[3])
                                                      0.114   117.860 r  CPU_U/ALU_0/mem_reg[0][31]_i_103/CO[3]
                         net (fo=1, routed)           0.000   117.860    CPU_U/ALU_0/mem_reg[0][31]_i_103_n_0
    SLICE_X57Y44         CARRY4 (Prop_carry4_CI_CO[3])
                                                      0.114   117.974 r  CPU_U/ALU_0/mem_reg[0][31]_i_98/CO[3]
                         net (fo=1, routed)           0.000   117.974    CPU_U/ALU_0/mem_reg[0][31]_i_98_n_0
    SLICE_X57Y45         CARRY4 (Prop_carry4_CI_CO[3])
                                                      0.114   118.088 r  CPU_U/ALU_0/mem_reg[0][31]_i_93/CO[3]
                         net (fo=1, routed)           0.000   118.088    CPU_U/ALU_0/mem_reg[0][31]_i_93_n_0
    SLICE_X57Y46         CARRY4 (Prop_carry4_CI_CO[3])
                                                      0.114   118.202 r  CPU_U/ALU_0/mem_reg[0][31]_i_88/CO[3]
                         net (fo=1, routed)           0.000   118.202    CPU_U/ALU_0/mem_reg[0][31]_i_88_n_0
    SLICE_X57Y47         CARRY4 (Prop_carry4_CI_CO[3])
                                                      0.114   118.316 r  CPU_U/ALU_0/mem_reg[0][31]_i_83/CO[3]
                         net (fo=1, routed)           0.000   118.316    CPU_U/ALU_0/mem_reg[0][31]_i_83_n_0
    SLICE_X57Y48         CARRY4 (Prop_carry4_CI_CO[3])
                                                      0.114   118.430 r  CPU_U/ALU_0/mem_reg[0][31]_i_80/CO[3]
                         net (fo=1, routed)           0.000   118.430    CPU_U/ALU_0/mem_reg[0][31]_i_80_n_0
    SLICE_X57Y49         CARRY4 (Prop_carry4_CI_CO[1])
                                                      0.157   118.587 r  CPU_U/ALU_0/mem_reg[0][31]_i_79/CO[1]
                         net (fo=35, routed)          2.140   120.727    CPU_U/ALU_0/mem_reg[0][31]_i_79_n_2
    SLICE_X58Y41         LUT3 (Prop_lut3_I0_O)        0.329   121.056 r  CPU_U/ALU_0/mem[0][23]_i_39/O
                         net (fo=1, routed)           0.000   121.056    CPU_U/ALU_0/mem[0][23]_i_39_n_0
    SLICE_X58Y41         CARRY4 (Prop_carry4_S[1]_CO[3])
                                                      0.550   121.606 r  CPU_U/ALU_0/mem_reg[0][23]_i_31/CO[3]
                         net (fo=1, routed)           0.000   121.606    CPU_U/ALU_0/mem_reg[0][23]_i_31_n_0
    SLICE_X58Y42         CARRY4 (Prop_carry4_CI_CO[3])
                                                      0.114   121.720 r  CPU_U/ALU_0/mem_reg[0][27]_i_31/CO[3]
                         net (fo=1, routed)           0.000   121.720    CPU_U/ALU_0/mem_reg[0][27]_i_31_n_0
    SLICE_X58Y43         CARRY4 (Prop_carry4_CI_CO[3])
                                                      0.114   121.834 r  CPU_U/ALU_0/mem_reg[0][31]_i_74/CO[3]
                         net (fo=1, routed)           0.000   121.834    CPU_U/ALU_0/mem_reg[0][31]_i_74_n_0
    SLICE_X58Y44         CARRY4 (Prop_carry4_CI_CO[3])
                                                      0.114   121.948 r  CPU_U/ALU_0/mem_reg[0][31]_i_69/CO[3]
                         net (fo=1, routed)           0.000   121.948    CPU_U/ALU_0/mem_reg[0][31]_i_69_n_0
    SLICE_X58Y45         CARRY4 (Prop_carry4_CI_CO[3])
                                                      0.114   122.062 r  CPU_U/ALU_0/mem_reg[0][31]_i_64/CO[3]
                         net (fo=1, routed)           0.000   122.062    CPU_U/ALU_0/mem_reg[0][31]_i_64_n_0
    SLICE_X58Y46         CARRY4 (Prop_carry4_CI_CO[3])
                                                      0.114   122.176 r  CPU_U/ALU_0/mem_reg[0][31]_i_59/CO[3]
                         net (fo=1, routed)           0.000   122.176    CPU_U/ALU_0/mem_reg[0][31]_i_59_n_0
    SLICE_X58Y47         CARRY4 (Prop_carry4_CI_CO[3])
                                                      0.114   122.290 r  CPU_U/ALU_0/mem_reg[0][31]_i_56/CO[3]
                         net (fo=1, routed)           0.000   122.290    CPU_U/ALU_0/mem_reg[0][31]_i_56_n_0
    SLICE_X58Y48         CARRY4 (Prop_carry4_CI_CO[1])
                                                      0.157   122.447 r  CPU_U/ALU_0/mem_reg[0][31]_i_55/CO[1]
                         net (fo=35, routed)          2.246   124.693    CPU_U/ALU_0/mem_reg[0][31]_i_55_n_2
    SLICE_X62Y39         CARRY4 (Prop_carry4_CYINIT_CO[3])
                                                      0.785   125.478 r  CPU_U/ALU_0/mem_reg[0][15]_i_26/CO[3]
                         net (fo=1, routed)           0.000   125.478    CPU_U/ALU_0/mem_reg[0][15]_i_26_n_0
    SLICE_X62Y40         CARRY4 (Prop_carry4_CI_CO[3])
                                                      0.114   125.592 r  CPU_U/ALU_0/mem_reg[0][18]_i_15/CO[3]
                         net (fo=1, routed)           0.000   125.592    CPU_U/ALU_0/mem_reg[0][18]_i_15_n_0
    SLICE_X62Y41         CARRY4 (Prop_carry4_CI_CO[3])
                                                      0.114   125.706 r  CPU_U/ALU_0/mem_reg[0][23]_i_26/CO[3]
                         net (fo=1, routed)           0.000   125.706    CPU_U/ALU_0/mem_reg[0][23]_i_26_n_0
    SLICE_X62Y42         CARRY4 (Prop_carry4_CI_CO[3])
                                                      0.114   125.820 r  CPU_U/ALU_0/mem_reg[0][27]_i_26/CO[3]
                         net (fo=1, routed)           0.000   125.820    CPU_U/ALU_0/mem_reg[0][27]_i_26_n_0
    SLICE_X62Y43         CARRY4 (Prop_carry4_CI_CO[3])
                                                      0.114   125.934 r  CPU_U/ALU_0/mem_reg[0][31]_i_50/CO[3]
                         net (fo=1, routed)           0.000   125.934    CPU_U/ALU_0/mem_reg[0][31]_i_50_n_0
    SLICE_X62Y44         CARRY4 (Prop_carry4_CI_CO[3])
                                                      0.114   126.048 r  CPU_U/ALU_0/mem_reg[0][31]_i_45/CO[3]
                         net (fo=1, routed)           0.000   126.048    CPU_U/ALU_0/mem_reg[0][31]_i_45_n_0
    SLICE_X62Y45         CARRY4 (Prop_carry4_CI_CO[3])
                                                      0.114   126.162 r  CPU_U/ALU_0/mem_reg[0][31]_i_40/CO[3]
                         net (fo=1, routed)           0.000   126.162    CPU_U/ALU_0/mem_reg[0][31]_i_40_n_0
    SLICE_X62Y46         CARRY4 (Prop_carry4_CI_CO[3])
                                                      0.114   126.276 r  CPU_U/ALU_0/mem_reg[0][31]_i_37/CO[3]
                         net (fo=1, routed)           0.000   126.276    CPU_U/ALU_0/mem_reg[0][31]_i_37_n_0
    SLICE_X62Y47         CARRY4 (Prop_carry4_CI_CO[1])
                                                      0.157   126.433 r  CPU_U/ALU_0/mem_reg[0][31]_i_36/CO[1]
                         net (fo=35, routed)          2.373   128.806    CPU_U/ALU_0/mem_reg[0][31]_i_36_n_2
    SLICE_X59Y38         LUT3 (Prop_lut3_I0_O)        0.329   129.135 r  CPU_U/ALU_0/mem[0][11]_i_28/O
                         net (fo=1, routed)           0.000   129.135    CPU_U/ALU_0/mem[0][11]_i_28_n_0
    SLICE_X59Y38         CARRY4 (Prop_carry4_S[1]_CO[3])
                                                      0.550   129.685 r  CPU_U/ALU_0/mem_reg[0][11]_i_21/CO[3]
                         net (fo=1, routed)           0.000   129.685    CPU_U/ALU_0/mem_reg[0][11]_i_21_n_0
    SLICE_X59Y39         CARRY4 (Prop_carry4_CI_CO[3])
                                                      0.114   129.799 r  CPU_U/ALU_0/mem_reg[0][15]_i_21/CO[3]
                         net (fo=1, routed)           0.000   129.799    CPU_U/ALU_0/mem_reg[0][15]_i_21_n_0
    SLICE_X59Y40         CARRY4 (Prop_carry4_CI_CO[3])
                                                      0.114   129.913 r  CPU_U/ALU_0/mem_reg[0][18]_i_10/CO[3]
                         net (fo=1, routed)           0.000   129.913    CPU_U/ALU_0/mem_reg[0][18]_i_10_n_0
    SLICE_X59Y41         CARRY4 (Prop_carry4_CI_CO[3])
                                                      0.114   130.027 r  CPU_U/ALU_0/mem_reg[0][23]_i_21/CO[3]
                         net (fo=1, routed)           0.000   130.027    CPU_U/ALU_0/mem_reg[0][23]_i_21_n_0
    SLICE_X59Y42         CARRY4 (Prop_carry4_CI_CO[3])
                                                      0.114   130.141 r  CPU_U/ALU_0/mem_reg[0][27]_i_21/CO[3]
                         net (fo=1, routed)           0.000   130.141    CPU_U/ALU_0/mem_reg[0][27]_i_21_n_0
    SLICE_X59Y43         CARRY4 (Prop_carry4_CI_CO[3])
                                                      0.114   130.255 r  CPU_U/ALU_0/mem_reg[0][31]_i_31/CO[3]
                         net (fo=1, routed)           0.000   130.255    CPU_U/ALU_0/mem_reg[0][31]_i_31_n_0
    SLICE_X59Y44         CARRY4 (Prop_carry4_CI_CO[3])
                                                      0.114   130.369 r  CPU_U/ALU_0/mem_reg[0][31]_i_26/CO[3]
                         net (fo=1, routed)           0.000   130.369    CPU_U/ALU_0/mem_reg[0][31]_i_26_n_0
    SLICE_X59Y45         CARRY4 (Prop_carry4_CI_CO[3])
                                                      0.114   130.483 r  CPU_U/ALU_0/mem_reg[0][31]_i_23/CO[3]
                         net (fo=1, routed)           0.000   130.483    CPU_U/ALU_0/mem_reg[0][31]_i_23_n_0
    SLICE_X59Y46         CARRY4 (Prop_carry4_CI_CO[1])
                                                      0.157   130.640 r  CPU_U/ALU_0/mem_reg[0][31]_i_22/CO[1]
                         net (fo=35, routed)          2.070   132.710    CPU_U/IDEX_0/mem_reg[0][7]_i_16[0]
    SLICE_X60Y37         LUT3 (Prop_lut3_I0_O)        0.329   133.039 r  CPU_U/IDEX_0/mem[0][7]_i_24/O
                         net (fo=1, routed)           0.000   133.039    CPU_U/ALU_0/mem_reg[0][3]_i_14_1[0]
    SLICE_X60Y37         CARRY4 (Prop_carry4_S[1]_CO[3])
                                                      0.533   133.572 r  CPU_U/ALU_0/mem_reg[0][7]_i_16/CO[3]
                         net (fo=1, routed)           0.000   133.572    CPU_U/ALU_0/mem_reg[0][7]_i_16_n_0
    SLICE_X60Y38         CARRY4 (Prop_carry4_CI_CO[3])
                                                      0.117   133.689 r  CPU_U/ALU_0/mem_reg[0][11]_i_16/CO[3]
                         net (fo=1, routed)           0.000   133.689    CPU_U/ALU_0/mem_reg[0][11]_i_16_n_0
    SLICE_X60Y39         CARRY4 (Prop_carry4_CI_CO[3])
                                                      0.117   133.806 r  CPU_U/ALU_0/mem_reg[0][15]_i_16/CO[3]
                         net (fo=1, routed)           0.000   133.806    CPU_U/ALU_0/mem_reg[0][15]_i_16_n_0
    SLICE_X60Y40         CARRY4 (Prop_carry4_CI_CO[3])
                                                      0.117   133.923 r  CPU_U/ALU_0/mem_reg[0][18]_i_5/CO[3]
                         net (fo=1, routed)           0.000   133.923    CPU_U/ALU_0/mem_reg[0][18]_i_5_n_0
    SLICE_X60Y41         CARRY4 (Prop_carry4_CI_CO[3])
                                                      0.117   134.040 r  CPU_U/ALU_0/mem_reg[0][23]_i_16/CO[3]
                         net (fo=1, routed)           0.000   134.040    CPU_U/ALU_0/mem_reg[0][23]_i_16_n_0
    SLICE_X60Y42         CARRY4 (Prop_carry4_CI_CO[3])
                                                      0.117   134.157 r  CPU_U/ALU_0/mem_reg[0][27]_i_16/CO[3]
                         net (fo=1, routed)           0.000   134.157    CPU_U/ALU_0/mem_reg[0][27]_i_16_n_0
    SLICE_X60Y43         CARRY4 (Prop_carry4_CI_CO[3])
                                                      0.117   134.274 r  CPU_U/ALU_0/mem_reg[0][31]_i_17/CO[3]
                         net (fo=1, routed)           0.000   134.274    CPU_U/ALU_0/mem_reg[0][31]_i_17_n_0
    SLICE_X60Y44         CARRY4 (Prop_carry4_CI_CO[3])
                                                      0.117   134.391 r  CPU_U/ALU_0/mem_reg[0][31]_i_14/CO[3]
                         net (fo=1, routed)           0.000   134.391    CPU_U/ALU_0/mem_reg[0][31]_i_14_n_0
    SLICE_X60Y45         CARRY4 (Prop_carry4_CI_CO[1])
                                                      0.157   134.548 r  CPU_U/ALU_0/mem_reg[0][31]_i_13/CO[1]
                         net (fo=35, routed)          2.193   136.741    CPU_U/ALU_0/mem_reg[0][31]_i_13_n_2
    SLICE_X61Y36         LUT3 (Prop_lut3_I0_O)        0.332   137.073 r  CPU_U/ALU_0/mem[0][3]_i_18/O
                         net (fo=1, routed)           0.000   137.073    CPU_U/ALU_0/mem[0][3]_i_18_n_0
    SLICE_X61Y36         CARRY4 (Prop_carry4_S[1]_CO[3])
                                                      0.550   137.623 r  CPU_U/ALU_0/mem_reg[0][3]_i_14/CO[3]
                         net (fo=1, routed)           0.000   137.623    CPU_U/ALU_0/mem_reg[0][3]_i_14_n_0
    SLICE_X61Y37         CARRY4 (Prop_carry4_CI_CO[3])
                                                      0.114   137.737 r  CPU_U/ALU_0/mem_reg[0][7]_i_14/CO[3]
                         net (fo=1, routed)           0.000   137.737    CPU_U/ALU_0/mem_reg[0][7]_i_14_n_0
    SLICE_X61Y38         CARRY4 (Prop_carry4_CI_O[3])
                                                      0.313   138.050 f  CPU_U/ALU_0/mem_reg[0][11]_i_14/O[3]
                         net (fo=4, routed)           1.392   139.442    CPU_U/ALU_0/mem[0][11]_i_20_0[3]
    SLICE_X60Y34         LUT6 (Prop_lut6_I5_O)        0.306   139.748 r  CPU_U/ALU_0/mem[0][13]_i_5/O
                         net (fo=2, routed)           1.058   140.806    CPU_U/ALU_0/mem[0][13]_i_5_n_0
    SLICE_X60Y34         LUT3 (Prop_lut3_I2_O)        0.124   140.930 r  CPU_U/ALU_0/mem[0][17]_i_5/O
                         net (fo=1, routed)           0.810   141.741    CPU_U/ALU_0/mem[0][17]_i_5_n_0
    SLICE_X60Y34         LUT5 (Prop_lut5_I1_O)        0.124   141.865 f  CPU_U/ALU_0/mem[0][17]_i_4/O
                         net (fo=4, routed)           0.700   142.565    CPU_U/ALU_0/mem[0][17]_i_4_n_0
    SLICE_X60Y36         LUT6 (Prop_lut6_I2_O)        0.124   142.689 f  CPU_U/ALU_0/mem[0][20]_i_5/O
                         net (fo=3, routed)           1.103   143.792    CPU_U/ALU_0/mem[0][20]_i_5_n_0
    SLICE_X65Y38         LUT4 (Prop_lut4_I3_O)        0.124   143.916 r  CPU_U/ALU_0/mem[0][24]_i_6/O
                         net (fo=3, routed)           0.806   144.722    CPU_U/ALU_0/mem[0][24]_i_6_n_0
    SLICE_X63Y40         LUT6 (Prop_lut6_I0_O)        0.124   144.846 f  CPU_U/ALU_0/mem[0][28]_i_5/O
                         net (fo=2, routed)           1.098   145.944    CPU_U/ALU_0/mem[0][28]_i_5_n_0
    SLICE_X57Y40         LUT3 (Prop_lut3_I0_O)        0.152   146.096 r  CPU_U/ALU_0/mem[0][31]_i_12/O
                         net (fo=3, routed)           0.705   146.801    CPU_U/ALU_0/imm_EX_reg[17]
    SLICE_X59Y37         LUT5 (Prop_lut5_I2_O)        0.326   147.127 r  CPU_U/ALU_0/mem[0][29]_i_3/O
                         net (fo=1, routed)           0.942   148.069    CPU_U/ALU_0/mem[0][29]_i_3_n_0
    SLICE_X59Y36         LUT6 (Prop_lut6_I0_O)        0.124   148.193 r  CPU_U/ALU_0/mem[0][29]_i_2__0/O
                         net (fo=1, routed)           0.760   148.954    CPU_U/IDEX_0/mem_reg[0][29]
    SLICE_X53Y41         LUT6 (Prop_lut6_I5_O)        0.124   149.078 r  CPU_U/IDEX_0/mem[0][29]_i_1/O
                         net (fo=1, routed)           0.000   149.078    CPU_U/Hi_reg_0/D[29]
    SLICE_X53Y41         FDCE                                         r  CPU_U/Hi_reg_0/mem_reg[0][29]/D
  -------------------------------------------------------------------    -------------------

Slack:                    inf
  Source:                 CPU_U/MEMWB_0/JAL_WB_reg/C
                            (rising edge-triggered cell FDCE)
  Destination:            CPU_U/Hi_reg_0/mem_reg[0][31]/D
  Path Group:             (none)
  Path Type:              Max at Slow Process Corner
  Data Path Delay:        148.554ns  (logic 58.648ns (39.479%)  route 89.906ns (60.521%))
  Logic Levels:           321  (CARRY4=275 FDCE=1 LUT1=1 LUT3=33 LUT4=1 LUT5=2 LUT6=8)

    Location             Delay type                Incr(ns)  Path(ns)    Netlist Resource(s)
  -------------------------------------------------------------------    -------------------
    SLICE_X39Y48         FDCE                         0.000     0.000 r  CPU_U/MEMWB_0/JAL_WB_reg/C
    SLICE_X39Y48         FDCE (Prop_fdce_C_Q)         0.456     0.456 r  CPU_U/MEMWB_0/JAL_WB_reg/Q
                         net (fo=34, routed)          3.220     3.676    CPU_U/MEMWB_0/sel0[4]
    SLICE_X65Y46         LUT3 (Prop_lut3_I0_O)        0.124     3.800 r  CPU_U/MEMWB_0/MEM_reg_r1_0_31_0_5_i_24/O
                         net (fo=30, routed)          4.737     8.536    CPU_U/MEMWB_0/MEM_reg_r1_0_31_0_5_i_24_n_0
    SLICE_X51Y48         LUT6 (Prop_lut6_I5_O)        0.124     8.660 f  CPU_U/MEMWB_0/MEM_reg_r1_0_31_12_17_i_19/O
                         net (fo=1, routed)           0.151     8.812    CPU_U/MEMWB_0/MEM_reg_r1_0_31_12_17_i_19_n_0
    SLICE_X51Y48         LUT6 (Prop_lut6_I5_O)        0.124     8.936 r  CPU_U/MEMWB_0/MEM_reg_r1_0_31_12_17_i_12/O
                         net (fo=3, routed)           0.166     9.102    CPU_U/IDEX_0/mult_result_u__1_23
    SLICE_X51Y48         LUT5 (Prop_lut5_I0_O)        0.124     9.226 f  CPU_U/IDEX_0/LedData[16]_i_1/O
                         net (fo=3, routed)           2.021    11.247    CPU_U/IDEX_0/R2_EX_reg[31]_0[16]
    SLICE_X65Y56         LUT3 (Prop_lut3_I2_O)        0.124    11.371 f  CPU_U/IDEX_0/mult_result_u_i_16/O
                         net (fo=96, routed)          4.021    15.392    CPU_U/IDEX_0/imm_EX_reg[17]_5
    SLICE_X37Y68         LUT1 (Prop_lut1_I0_O)        0.124    15.516 r  CPU_U/IDEX_0/mem[0][31]_i_1221/O
                         net (fo=1, routed)           0.000    15.516    CPU_U/ALU_0/mem_reg[0][31]_i_1120_1[0]
    SLICE_X37Y68         CARRY4 (Prop_carry4_S[0]_CO[3])
                                                      0.532    16.048 r  CPU_U/ALU_0/mem_reg[0][31]_i_1162/CO[3]
                         net (fo=1, routed)           0.000    16.048    CPU_U/ALU_0/mem_reg[0][31]_i_1162_n_0
    SLICE_X37Y69         CARRY4 (Prop_carry4_CI_CO[3])
                                                      0.114    16.162 r  CPU_U/ALU_0/mem_reg[0][31]_i_1157/CO[3]
                         net (fo=1, routed)           0.000    16.162    CPU_U/ALU_0/mem_reg[0][31]_i_1157_n_0
    SLICE_X37Y70         CARRY4 (Prop_carry4_CI_CO[3])
                                                      0.114    16.276 r  CPU_U/ALU_0/mem_reg[0][31]_i_1152/CO[3]
                         net (fo=1, routed)           0.000    16.276    CPU_U/ALU_0/mem_reg[0][31]_i_1152_n_0
    SLICE_X37Y71         CARRY4 (Prop_carry4_CI_CO[3])
                                                      0.114    16.390 r  CPU_U/ALU_0/mem_reg[0][31]_i_1149/CO[3]
                         net (fo=1, routed)           0.000    16.390    CPU_U/ALU_0/mem_reg[0][31]_i_1149_n_0
    SLICE_X37Y72         CARRY4 (Prop_carry4_CI_CO[0])
                                                      0.271    16.661 r  CPU_U/ALU_0/mem_reg[0][31]_i_1148/CO[0]
                         net (fo=35, routed)          1.559    18.220    CPU_U/ALU_0/mem_reg[0][31]_i_1148_n_3
    SLICE_X36Y63         LUT3 (Prop_lut3_I0_O)        0.373    18.593 r  CPU_U/ALU_0/mem[0][31]_i_1189/O
                         net (fo=1, routed)           0.000    18.593    CPU_U/ALU_0/mem[0][31]_i_1189_n_0
    SLICE_X36Y63         CARRY4 (Prop_carry4_S[1]_CO[3])
                                                      0.550    19.143 r  CPU_U/ALU_0/mem_reg[0][31]_i_1140/CO[3]
                         net (fo=1, routed)           0.000    19.143    CPU_U/ALU_0/mem_reg[0][31]_i_1140_n_0
    SLICE_X36Y64         CARRY4 (Prop_carry4_CI_CO[3])
                                                      0.114    19.257 r  CPU_U/ALU_0/mem_reg[0][31]_i_1135/CO[3]
                         net (fo=1, routed)           0.000    19.257    CPU_U/ALU_0/mem_reg[0][31]_i_1135_n_0
    SLICE_X36Y65         CARRY4 (Prop_carry4_CI_CO[3])
                                                      0.114    19.371 r  CPU_U/ALU_0/mem_reg[0][31]_i_1130/CO[3]
                         net (fo=1, routed)           0.000    19.371    CPU_U/ALU_0/mem_reg[0][31]_i_1130_n_0
    SLICE_X36Y66         CARRY4 (Prop_carry4_CI_CO[3])
                                                      0.114    19.485 r  CPU_U/ALU_0/mem_reg[0][31]_i_1125/CO[3]
                         net (fo=1, routed)           0.000    19.485    CPU_U/ALU_0/mem_reg[0][31]_i_1125_n_0
    SLICE_X36Y67         CARRY4 (Prop_carry4_CI_CO[3])
                                                      0.114    19.599 r  CPU_U/ALU_0/mem_reg[0][31]_i_1120/CO[3]
                         net (fo=1, routed)           0.000    19.599    CPU_U/ALU_0/mem_reg[0][31]_i_1120_n_0
    SLICE_X36Y68         CARRY4 (Prop_carry4_CI_CO[3])
                                                      0.114    19.713 r  CPU_U/ALU_0/mem_reg[0][31]_i_1115/CO[3]
                         net (fo=1, routed)           0.000    19.713    CPU_U/ALU_0/mem_reg[0][31]_i_1115_n_0
    SLICE_X36Y69         CARRY4 (Prop_carry4_CI_CO[3])
                                                      0.114    19.827 r  CPU_U/ALU_0/mem_reg[0][31]_i_1110/CO[3]
                         net (fo=1, routed)           0.000    19.827    CPU_U/ALU_0/mem_reg[0][31]_i_1110_n_0
    SLICE_X36Y70         CARRY4 (Prop_carry4_CI_CO[3])
                                                      0.114    19.941 r  CPU_U/ALU_0/mem_reg[0][31]_i_1107/CO[3]
                         net (fo=1, routed)           0.000    19.941    CPU_U/ALU_0/mem_reg[0][31]_i_1107_n_0
    SLICE_X36Y71         CARRY4 (Prop_carry4_CI_CO[1])
                                                      0.157    20.098 r  CPU_U/ALU_0/mem_reg[0][31]_i_1106/CO[1]
                         net (fo=35, routed)          2.050    22.148    CPU_U/ALU_0/mem_reg[0][31]_i_1106_n_2
    SLICE_X39Y63         LUT3 (Prop_lut3_I0_O)        0.329    22.477 r  CPU_U/ALU_0/mem[0][31]_i_1145/O
                         net (fo=1, routed)           0.000    22.477    CPU_U/ALU_0/mem[0][31]_i_1145_n_0
    SLICE_X39Y63         CARRY4 (Prop_carry4_S[3]_CO[3])
                                                      0.401    22.878 r  CPU_U/ALU_0/mem_reg[0][31]_i_1098/CO[3]
                         net (fo=1, routed)           0.000    22.878    CPU_U/ALU_0/mem_reg[0][31]_i_1098_n_0
    SLICE_X39Y64         CARRY4 (Prop_carry4_CI_CO[3])
                                                      0.114    22.992 r  CPU_U/ALU_0/mem_reg[0][31]_i_1093/CO[3]
                         net (fo=1, routed)           0.000    22.992    CPU_U/ALU_0/mem_reg[0][31]_i_1093_n_0
    SLICE_X39Y65         CARRY4 (Prop_carry4_CI_CO[3])
                                                      0.114    23.106 r  CPU_U/ALU_0/mem_reg[0][31]_i_1088/CO[3]
                         net (fo=1, routed)           0.000    23.106    CPU_U/ALU_0/mem_reg[0][31]_i_1088_n_0
    SLICE_X39Y66         CARRY4 (Prop_carry4_CI_CO[3])
                                                      0.114    23.220 r  CPU_U/ALU_0/mem_reg[0][31]_i_1083/CO[3]
                         net (fo=1, routed)           0.000    23.220    CPU_U/ALU_0/mem_reg[0][31]_i_1083_n_0
    SLICE_X39Y67         CARRY4 (Prop_carry4_CI_CO[3])
                                                      0.114    23.334 r  CPU_U/ALU_0/mem_reg[0][31]_i_1078/CO[3]
                         net (fo=1, routed)           0.000    23.334    CPU_U/ALU_0/mem_reg[0][31]_i_1078_n_0
    SLICE_X39Y68         CARRY4 (Prop_carry4_CI_CO[3])
                                                      0.114    23.448 r  CPU_U/ALU_0/mem_reg[0][31]_i_1073/CO[3]
                         net (fo=1, routed)           0.000    23.448    CPU_U/ALU_0/mem_reg[0][31]_i_1073_n_0
    SLICE_X39Y69         CARRY4 (Prop_carry4_CI_CO[3])
                                                      0.114    23.562 r  CPU_U/ALU_0/mem_reg[0][31]_i_1068/CO[3]
                         net (fo=1, routed)           0.000    23.562    CPU_U/ALU_0/mem_reg[0][31]_i_1068_n_0
    SLICE_X39Y70         CARRY4 (Prop_carry4_CI_CO[3])
                                                      0.114    23.676 r  CPU_U/ALU_0/mem_reg[0][31]_i_1065/CO[3]
                         net (fo=1, routed)           0.000    23.676    CPU_U/ALU_0/mem_reg[0][31]_i_1065_n_0
    SLICE_X39Y71         CARRY4 (Prop_carry4_CI_CO[1])
                                                      0.157    23.833 r  CPU_U/ALU_0/mem_reg[0][31]_i_1064/CO[1]
                         net (fo=35, routed)          2.237    26.070    CPU_U/ALU_0/mem_reg[0][31]_i_1064_n_2
    SLICE_X40Y63         LUT3 (Prop_lut3_I0_O)        0.329    26.399 r  CPU_U/ALU_0/mem[0][31]_i_1105/O
                         net (fo=1, routed)           0.000    26.399    CPU_U/ALU_0/mem[0][31]_i_1105_n_0
    SLICE_X40Y63         CARRY4 (Prop_carry4_S[1]_CO[3])
                                                      0.550    26.949 r  CPU_U/ALU_0/mem_reg[0][31]_i_1056/CO[3]
                         net (fo=1, routed)           0.000    26.949    CPU_U/ALU_0/mem_reg[0][31]_i_1056_n_0
    SLICE_X40Y64         CARRY4 (Prop_carry4_CI_CO[3])
                                                      0.114    27.063 r  CPU_U/ALU_0/mem_reg[0][31]_i_1051/CO[3]
                         net (fo=1, routed)           0.000    27.063    CPU_U/ALU_0/mem_reg[0][31]_i_1051_n_0
    SLICE_X40Y65         CARRY4 (Prop_carry4_CI_CO[3])
                                                      0.114    27.177 r  CPU_U/ALU_0/mem_reg[0][31]_i_1046/CO[3]
                         net (fo=1, routed)           0.000    27.177    CPU_U/ALU_0/mem_reg[0][31]_i_1046_n_0
    SLICE_X40Y66         CARRY4 (Prop_carry4_CI_CO[3])
                                                      0.114    27.291 r  CPU_U/ALU_0/mem_reg[0][31]_i_1041/CO[3]
                         net (fo=1, routed)           0.000    27.291    CPU_U/ALU_0/mem_reg[0][31]_i_1041_n_0
    SLICE_X40Y67         CARRY4 (Prop_carry4_CI_CO[3])
                                                      0.114    27.405 r  CPU_U/ALU_0/mem_reg[0][31]_i_1036/CO[3]
                         net (fo=1, routed)           0.000    27.405    CPU_U/ALU_0/mem_reg[0][31]_i_1036_n_0
    SLICE_X40Y68         CARRY4 (Prop_carry4_CI_CO[3])
                                                      0.114    27.519 r  CPU_U/ALU_0/mem_reg[0][31]_i_1031/CO[3]
                         net (fo=1, routed)           0.000    27.519    CPU_U/ALU_0/mem_reg[0][31]_i_1031_n_0
    SLICE_X40Y69         CARRY4 (Prop_carry4_CI_CO[3])
                                                      0.114    27.633 r  CPU_U/ALU_0/mem_reg[0][31]_i_1026/CO[3]
                         net (fo=1, routed)           0.000    27.633    CPU_U/ALU_0/mem_reg[0][31]_i_1026_n_0
    SLICE_X40Y70         CARRY4 (Prop_carry4_CI_CO[3])
                                                      0.114    27.747 r  CPU_U/ALU_0/mem_reg[0][31]_i_1023/CO[3]
                         net (fo=1, routed)           0.000    27.747    CPU_U/ALU_0/mem_reg[0][31]_i_1023_n_0
    SLICE_X40Y71         CARRY4 (Prop_carry4_CI_CO[1])
                                                      0.157    27.904 r  CPU_U/ALU_0/mem_reg[0][31]_i_1022/CO[1]
                         net (fo=35, routed)          1.914    29.818    CPU_U/ALU_0/mem_reg[0][31]_i_1022_n_2
    SLICE_X41Y62         LUT3 (Prop_lut3_I0_O)        0.329    30.147 r  CPU_U/ALU_0/mem[0][31]_i_1062/O
                         net (fo=1, routed)           0.000    30.147    CPU_U/ALU_0/mem[0][31]_i_1062_n_0
    SLICE_X41Y62         CARRY4 (Prop_carry4_S[2]_CO[3])
                                                      0.398    30.545 r  CPU_U/ALU_0/mem_reg[0][31]_i_1014/CO[3]
                         net (fo=1, routed)           0.000    30.545    CPU_U/ALU_0/mem_reg[0][31]_i_1014_n_0
    SLICE_X41Y63         CARRY4 (Prop_carry4_CI_CO[3])
                                                      0.114    30.659 r  CPU_U/ALU_0/mem_reg[0][31]_i_1009/CO[3]
                         net (fo=1, routed)           0.000    30.659    CPU_U/ALU_0/mem_reg[0][31]_i_1009_n_0
    SLICE_X41Y64         CARRY4 (Prop_carry4_CI_CO[3])
                                                      0.114    30.773 r  CPU_U/ALU_0/mem_reg[0][31]_i_1004/CO[3]
                         net (fo=1, routed)           0.000    30.773    CPU_U/ALU_0/mem_reg[0][31]_i_1004_n_0
    SLICE_X41Y65         CARRY4 (Prop_carry4_CI_CO[3])
                                                      0.114    30.887 r  CPU_U/ALU_0/mem_reg[0][31]_i_999/CO[3]
                         net (fo=1, routed)           0.000    30.887    CPU_U/ALU_0/mem_reg[0][31]_i_999_n_0
    SLICE_X41Y66         CARRY4 (Prop_carry4_CI_CO[3])
                                                      0.114    31.001 r  CPU_U/ALU_0/mem_reg[0][31]_i_994/CO[3]
                         net (fo=1, routed)           0.000    31.001    CPU_U/ALU_0/mem_reg[0][31]_i_994_n_0
    SLICE_X41Y67         CARRY4 (Prop_carry4_CI_CO[3])
                                                      0.114    31.115 r  CPU_U/ALU_0/mem_reg[0][31]_i_989/CO[3]
                         net (fo=1, routed)           0.000    31.115    CPU_U/ALU_0/mem_reg[0][31]_i_989_n_0
    SLICE_X41Y68         CARRY4 (Prop_carry4_CI_CO[3])
                                                      0.114    31.229 r  CPU_U/ALU_0/mem_reg[0][31]_i_984/CO[3]
                         net (fo=1, routed)           0.000    31.229    CPU_U/ALU_0/mem_reg[0][31]_i_984_n_0
    SLICE_X41Y69         CARRY4 (Prop_carry4_CI_CO[3])
                                                      0.114    31.343 r  CPU_U/ALU_0/mem_reg[0][31]_i_981/CO[3]
                         net (fo=1, routed)           0.000    31.343    CPU_U/ALU_0/mem_reg[0][31]_i_981_n_0
    SLICE_X41Y70         CARRY4 (Prop_carry4_CI_CO[1])
                                                      0.157    31.500 r  CPU_U/ALU_0/mem_reg[0][31]_i_980/CO[1]
                         net (fo=35, routed)          2.299    33.799    CPU_U/ALU_0/mem_reg[0][31]_i_980_n_2
    SLICE_X38Y58         LUT3 (Prop_lut3_I0_O)        0.329    34.128 r  CPU_U/ALU_0/mem[0][31]_i_1021/O
                         net (fo=1, routed)           0.000    34.128    CPU_U/ALU_0/mem[0][31]_i_1021_n_0
    SLICE_X38Y58         CARRY4 (Prop_carry4_S[1]_CO[3])
                                                      0.533    34.661 r  CPU_U/ALU_0/mem_reg[0][31]_i_972/CO[3]
                         net (fo=1, routed)           0.000    34.661    CPU_U/ALU_0/mem_reg[0][31]_i_972_n_0
    SLICE_X38Y59         CARRY4 (Prop_carry4_CI_CO[3])
                                                      0.117    34.778 r  CPU_U/ALU_0/mem_reg[0][31]_i_967/CO[3]
                         net (fo=1, routed)           0.000    34.778    CPU_U/ALU_0/mem_reg[0][31]_i_967_n_0
    SLICE_X38Y60         CARRY4 (Prop_carry4_CI_CO[3])
                                                      0.117    34.895 r  CPU_U/ALU_0/mem_reg[0][31]_i_962/CO[3]
                         net (fo=1, routed)           0.000    34.895    CPU_U/ALU_0/mem_reg[0][31]_i_962_n_0
    SLICE_X38Y61         CARRY4 (Prop_carry4_CI_CO[3])
                                                      0.117    35.012 r  CPU_U/ALU_0/mem_reg[0][31]_i_957/CO[3]
                         net (fo=1, routed)           0.000    35.012    CPU_U/ALU_0/mem_reg[0][31]_i_957_n_0
    SLICE_X38Y62         CARRY4 (Prop_carry4_CI_CO[3])
                                                      0.117    35.129 r  CPU_U/ALU_0/mem_reg[0][31]_i_952/CO[3]
                         net (fo=1, routed)           0.000    35.129    CPU_U/ALU_0/mem_reg[0][31]_i_952_n_0
    SLICE_X38Y63         CARRY4 (Prop_carry4_CI_CO[3])
                                                      0.117    35.246 r  CPU_U/ALU_0/mem_reg[0][31]_i_947/CO[3]
                         net (fo=1, routed)           0.000    35.246    CPU_U/ALU_0/mem_reg[0][31]_i_947_n_0
    SLICE_X38Y64         CARRY4 (Prop_carry4_CI_CO[3])
                                                      0.117    35.363 r  CPU_U/ALU_0/mem_reg[0][31]_i_942/CO[3]
                         net (fo=1, routed)           0.000    35.363    CPU_U/ALU_0/mem_reg[0][31]_i_942_n_0
    SLICE_X38Y65         CARRY4 (Prop_carry4_CI_CO[3])
                                                      0.117    35.480 r  CPU_U/ALU_0/mem_reg[0][31]_i_939/CO[3]
                         net (fo=1, routed)           0.000    35.480    CPU_U/ALU_0/mem_reg[0][31]_i_939_n_0
    SLICE_X38Y66         CARRY4 (Prop_carry4_CI_CO[1])
                                                      0.157    35.637 r  CPU_U/ALU_0/mem_reg[0][31]_i_938/CO[1]
                         net (fo=35, routed)          2.233    37.870    CPU_U/ALU_0/mem_reg[0][31]_i_938_n_2
    SLICE_X37Y54         LUT3 (Prop_lut3_I0_O)        0.332    38.202 r  CPU_U/ALU_0/mem[0][31]_i_979/O
                         net (fo=1, routed)           0.000    38.202    CPU_U/ALU_0/mem[0][31]_i_979_n_0
    SLICE_X37Y54         CARRY4 (Prop_carry4_S[1]_CO[3])
                                                      0.550    38.752 r  CPU_U/ALU_0/mem_reg[0][31]_i_930/CO[3]
                         net (fo=1, routed)           0.000    38.752    CPU_U/ALU_0/mem_reg[0][31]_i_930_n_0
    SLICE_X37Y55         CARRY4 (Prop_carry4_CI_CO[3])
                                                      0.114    38.866 r  CPU_U/ALU_0/mem_reg[0][31]_i_925/CO[3]
                         net (fo=1, routed)           0.000    38.866    CPU_U/ALU_0/mem_reg[0][31]_i_925_n_0
    SLICE_X37Y56         CARRY4 (Prop_carry4_CI_CO[3])
                                                      0.114    38.980 r  CPU_U/ALU_0/mem_reg[0][31]_i_920/CO[3]
                         net (fo=1, routed)           0.000    38.980    CPU_U/ALU_0/mem_reg[0][31]_i_920_n_0
    SLICE_X37Y57         CARRY4 (Prop_carry4_CI_CO[3])
                                                      0.114    39.094 r  CPU_U/ALU_0/mem_reg[0][31]_i_915/CO[3]
                         net (fo=1, routed)           0.000    39.094    CPU_U/ALU_0/mem_reg[0][31]_i_915_n_0
    SLICE_X37Y58         CARRY4 (Prop_carry4_CI_CO[3])
                                                      0.114    39.208 r  CPU_U/ALU_0/mem_reg[0][31]_i_910/CO[3]
                         net (fo=1, routed)           0.000    39.208    CPU_U/ALU_0/mem_reg[0][31]_i_910_n_0
    SLICE_X37Y59         CARRY4 (Prop_carry4_CI_CO[3])
                                                      0.114    39.322 r  CPU_U/ALU_0/mem_reg[0][31]_i_905/CO[3]
                         net (fo=1, routed)           0.000    39.322    CPU_U/ALU_0/mem_reg[0][31]_i_905_n_0
    SLICE_X37Y60         CARRY4 (Prop_carry4_CI_CO[3])
                                                      0.114    39.436 r  CPU_U/ALU_0/mem_reg[0][31]_i_900/CO[3]
                         net (fo=1, routed)           0.000    39.436    CPU_U/ALU_0/mem_reg[0][31]_i_900_n_0
    SLICE_X37Y61         CARRY4 (Prop_carry4_CI_CO[3])
                                                      0.114    39.550 r  CPU_U/ALU_0/mem_reg[0][31]_i_897/CO[3]
                         net (fo=1, routed)           0.000    39.550    CPU_U/ALU_0/mem_reg[0][31]_i_897_n_0
    SLICE_X37Y62         CARRY4 (Prop_carry4_CI_CO[1])
                                                      0.157    39.707 r  CPU_U/ALU_0/mem_reg[0][31]_i_896/CO[1]
                         net (fo=35, routed)          2.162    41.869    CPU_U/ALU_0/mem_reg[0][31]_i_896_n_2
    SLICE_X40Y53         LUT3 (Prop_lut3_I0_O)        0.329    42.198 r  CPU_U/ALU_0/mem[0][31]_i_937/O
                         net (fo=1, routed)           0.000    42.198    CPU_U/ALU_0/mem[0][31]_i_937_n_0
    SLICE_X40Y53         CARRY4 (Prop_carry4_S[1]_CO[3])
                                                      0.550    42.748 r  CPU_U/ALU_0/mem_reg[0][31]_i_888/CO[3]
                         net (fo=1, routed)           0.000    42.748    CPU_U/ALU_0/mem_reg[0][31]_i_888_n_0
    SLICE_X40Y54         CARRY4 (Prop_carry4_CI_CO[3])
                                                      0.114    42.862 r  CPU_U/ALU_0/mem_reg[0][31]_i_883/CO[3]
                         net (fo=1, routed)           0.000    42.862    CPU_U/ALU_0/mem_reg[0][31]_i_883_n_0
    SLICE_X40Y55         CARRY4 (Prop_carry4_CI_CO[3])
                                                      0.114    42.976 r  CPU_U/ALU_0/mem_reg[0][31]_i_878/CO[3]
                         net (fo=1, routed)           0.000    42.976    CPU_U/ALU_0/mem_reg[0][31]_i_878_n_0
    SLICE_X40Y56         CARRY4 (Prop_carry4_CI_CO[3])
                                                      0.114    43.090 r  CPU_U/ALU_0/mem_reg[0][31]_i_873/CO[3]
                         net (fo=1, routed)           0.000    43.090    CPU_U/ALU_0/mem_reg[0][31]_i_873_n_0
    SLICE_X40Y57         CARRY4 (Prop_carry4_CI_CO[3])
                                                      0.114    43.204 r  CPU_U/ALU_0/mem_reg[0][31]_i_868/CO[3]
                         net (fo=1, routed)           0.000    43.204    CPU_U/ALU_0/mem_reg[0][31]_i_868_n_0
    SLICE_X40Y58         CARRY4 (Prop_carry4_CI_CO[3])
                                                      0.114    43.318 r  CPU_U/ALU_0/mem_reg[0][31]_i_863/CO[3]
                         net (fo=1, routed)           0.000    43.318    CPU_U/ALU_0/mem_reg[0][31]_i_863_n_0
    SLICE_X40Y59         CARRY4 (Prop_carry4_CI_CO[3])
                                                      0.114    43.432 r  CPU_U/ALU_0/mem_reg[0][31]_i_858/CO[3]
                         net (fo=1, routed)           0.000    43.432    CPU_U/ALU_0/mem_reg[0][31]_i_858_n_0
    SLICE_X40Y60         CARRY4 (Prop_carry4_CI_CO[3])
                                                      0.114    43.546 r  CPU_U/ALU_0/mem_reg[0][31]_i_855/CO[3]
                         net (fo=1, routed)           0.000    43.546    CPU_U/ALU_0/mem_reg[0][31]_i_855_n_0
    SLICE_X40Y61         CARRY4 (Prop_carry4_CI_CO[1])
                                                      0.157    43.703 r  CPU_U/ALU_0/mem_reg[0][31]_i_854/CO[1]
                         net (fo=35, routed)          2.230    45.933    CPU_U/ALU_0/mem_reg[0][31]_i_854_n_2
    SLICE_X41Y52         LUT3 (Prop_lut3_I0_O)        0.329    46.262 r  CPU_U/ALU_0/mem[0][31]_i_895/O
                         net (fo=1, routed)           0.000    46.262    CPU_U/ALU_0/mem[0][31]_i_895_n_0
    SLICE_X41Y52         CARRY4 (Prop_carry4_S[1]_CO[3])
                                                      0.550    46.812 r  CPU_U/ALU_0/mem_reg[0][31]_i_846/CO[3]
                         net (fo=1, routed)           0.000    46.812    CPU_U/ALU_0/mem_reg[0][31]_i_846_n_0
    SLICE_X41Y53         CARRY4 (Prop_carry4_CI_CO[3])
                                                      0.114    46.926 r  CPU_U/ALU_0/mem_reg[0][31]_i_841/CO[3]
                         net (fo=1, routed)           0.000    46.926    CPU_U/ALU_0/mem_reg[0][31]_i_841_n_0
    SLICE_X41Y54         CARRY4 (Prop_carry4_CI_CO[3])
                                                      0.114    47.040 r  CPU_U/ALU_0/mem_reg[0][31]_i_836/CO[3]
                         net (fo=1, routed)           0.000    47.040    CPU_U/ALU_0/mem_reg[0][31]_i_836_n_0
    SLICE_X41Y55         CARRY4 (Prop_carry4_CI_CO[3])
                                                      0.114    47.154 r  CPU_U/ALU_0/mem_reg[0][31]_i_831/CO[3]
                         net (fo=1, routed)           0.000    47.154    CPU_U/ALU_0/mem_reg[0][31]_i_831_n_0
    SLICE_X41Y56         CARRY4 (Prop_carry4_CI_CO[3])
                                                      0.114    47.268 r  CPU_U/ALU_0/mem_reg[0][31]_i_826/CO[3]
                         net (fo=1, routed)           0.000    47.268    CPU_U/ALU_0/mem_reg[0][31]_i_826_n_0
    SLICE_X41Y57         CARRY4 (Prop_carry4_CI_CO[3])
                                                      0.114    47.382 r  CPU_U/ALU_0/mem_reg[0][31]_i_821/CO[3]
                         net (fo=1, routed)           0.000    47.382    CPU_U/ALU_0/mem_reg[0][31]_i_821_n_0
    SLICE_X41Y58         CARRY4 (Prop_carry4_CI_CO[3])
                                                      0.114    47.496 r  CPU_U/ALU_0/mem_reg[0][31]_i_816/CO[3]
                         net (fo=1, routed)           0.000    47.496    CPU_U/ALU_0/mem_reg[0][31]_i_816_n_0
    SLICE_X41Y59         CARRY4 (Prop_carry4_CI_CO[3])
                                                      0.114    47.610 r  CPU_U/ALU_0/mem_reg[0][31]_i_813/CO[3]
                         net (fo=1, routed)           0.000    47.610    CPU_U/ALU_0/mem_reg[0][31]_i_813_n_0
    SLICE_X41Y60         CARRY4 (Prop_carry4_CI_CO[1])
                                                      0.157    47.767 r  CPU_U/ALU_0/mem_reg[0][31]_i_812/CO[1]
                         net (fo=35, routed)          2.210    49.976    CPU_U/ALU_0/mem_reg[0][31]_i_812_n_2
    SLICE_X43Y51         LUT3 (Prop_lut3_I0_O)        0.329    50.305 r  CPU_U/ALU_0/mem[0][31]_i_853/O
                         net (fo=1, routed)           0.000    50.305    CPU_U/ALU_0/mem[0][31]_i_853_n_0
    SLICE_X43Y51         CARRY4 (Prop_carry4_S[1]_CO[3])
                                                      0.550    50.855 r  CPU_U/ALU_0/mem_reg[0][31]_i_804/CO[3]
                         net (fo=1, routed)           0.000    50.855    CPU_U/ALU_0/mem_reg[0][31]_i_804_n_0
    SLICE_X43Y52         CARRY4 (Prop_carry4_CI_CO[3])
                                                      0.114    50.969 r  CPU_U/ALU_0/mem_reg[0][31]_i_799/CO[3]
                         net (fo=1, routed)           0.000    50.969    CPU_U/ALU_0/mem_reg[0][31]_i_799_n_0
    SLICE_X43Y53         CARRY4 (Prop_carry4_CI_CO[3])
                                                      0.114    51.083 r  CPU_U/ALU_0/mem_reg[0][31]_i_794/CO[3]
                         net (fo=1, routed)           0.000    51.083    CPU_U/ALU_0/mem_reg[0][31]_i_794_n_0
    SLICE_X43Y54         CARRY4 (Prop_carry4_CI_CO[3])
                                                      0.114    51.197 r  CPU_U/ALU_0/mem_reg[0][31]_i_789/CO[3]
                         net (fo=1, routed)           0.000    51.197    CPU_U/ALU_0/mem_reg[0][31]_i_789_n_0
    SLICE_X43Y55         CARRY4 (Prop_carry4_CI_CO[3])
                                                      0.114    51.311 r  CPU_U/ALU_0/mem_reg[0][31]_i_784/CO[3]
                         net (fo=1, routed)           0.000    51.311    CPU_U/ALU_0/mem_reg[0][31]_i_784_n_0
    SLICE_X43Y56         CARRY4 (Prop_carry4_CI_CO[3])
                                                      0.114    51.425 r  CPU_U/ALU_0/mem_reg[0][31]_i_779/CO[3]
                         net (fo=1, routed)           0.000    51.425    CPU_U/ALU_0/mem_reg[0][31]_i_779_n_0
    SLICE_X43Y57         CARRY4 (Prop_carry4_CI_CO[3])
                                                      0.114    51.539 r  CPU_U/ALU_0/mem_reg[0][31]_i_774/CO[3]
                         net (fo=1, routed)           0.000    51.539    CPU_U/ALU_0/mem_reg[0][31]_i_774_n_0
    SLICE_X43Y58         CARRY4 (Prop_carry4_CI_CO[3])
                                                      0.114    51.653 r  CPU_U/ALU_0/mem_reg[0][31]_i_771/CO[3]
                         net (fo=1, routed)           0.000    51.653    CPU_U/ALU_0/mem_reg[0][31]_i_771_n_0
    SLICE_X43Y59         CARRY4 (Prop_carry4_CI_CO[1])
                                                      0.157    51.810 r  CPU_U/ALU_0/mem_reg[0][31]_i_770/CO[1]
                         net (fo=35, routed)          1.815    53.626    CPU_U/ALU_0/mem_reg[0][31]_i_770_n_2
    SLICE_X45Y51         CARRY4 (Prop_carry4_CYINIT_CO[3])
                                                      0.785    54.411 r  CPU_U/ALU_0/mem_reg[0][31]_i_762/CO[3]
                         net (fo=1, routed)           0.000    54.411    CPU_U/ALU_0/mem_reg[0][31]_i_762_n_0
    SLICE_X45Y52         CARRY4 (Prop_carry4_CI_CO[3])
                                                      0.114    54.525 r  CPU_U/ALU_0/mem_reg[0][31]_i_757/CO[3]
                         net (fo=1, routed)           0.000    54.525    CPU_U/ALU_0/mem_reg[0][31]_i_757_n_0
    SLICE_X45Y53         CARRY4 (Prop_carry4_CI_CO[3])
                                                      0.114    54.639 r  CPU_U/ALU_0/mem_reg[0][31]_i_752/CO[3]
                         net (fo=1, routed)           0.000    54.639    CPU_U/ALU_0/mem_reg[0][31]_i_752_n_0
    SLICE_X45Y54         CARRY4 (Prop_carry4_CI_CO[3])
                                                      0.114    54.753 r  CPU_U/ALU_0/mem_reg[0][31]_i_747/CO[3]
                         net (fo=1, routed)           0.000    54.753    CPU_U/ALU_0/mem_reg[0][31]_i_747_n_0
    SLICE_X45Y55         CARRY4 (Prop_carry4_CI_CO[3])
                                                      0.114    54.867 r  CPU_U/ALU_0/mem_reg[0][31]_i_742/CO[3]
                         net (fo=1, routed)           0.000    54.867    CPU_U/ALU_0/mem_reg[0][31]_i_742_n_0
    SLICE_X45Y56         CARRY4 (Prop_carry4_CI_CO[3])
                                                      0.114    54.981 r  CPU_U/ALU_0/mem_reg[0][31]_i_737/CO[3]
                         net (fo=1, routed)           0.000    54.981    CPU_U/ALU_0/mem_reg[0][31]_i_737_n_0
    SLICE_X45Y57         CARRY4 (Prop_carry4_CI_CO[3])
                                                      0.114    55.095 r  CPU_U/ALU_0/mem_reg[0][31]_i_732/CO[3]
                         net (fo=1, routed)           0.000    55.095    CPU_U/ALU_0/mem_reg[0][31]_i_732_n_0
    SLICE_X45Y58         CARRY4 (Prop_carry4_CI_CO[3])
                                                      0.114    55.209 r  CPU_U/ALU_0/mem_reg[0][31]_i_729/CO[3]
                         net (fo=1, routed)           0.000    55.209    CPU_U/ALU_0/mem_reg[0][31]_i_729_n_0
    SLICE_X45Y59         CARRY4 (Prop_carry4_CI_CO[1])
                                                      0.157    55.366 r  CPU_U/ALU_0/mem_reg[0][31]_i_728/CO[1]
                         net (fo=35, routed)          2.297    57.663    CPU_U/ALU_0/mem_reg[0][31]_i_728_n_2
    SLICE_X49Y51         LUT3 (Prop_lut3_I0_O)        0.329    57.992 r  CPU_U/ALU_0/mem[0][31]_i_769/O
                         net (fo=1, routed)           0.000    57.992    CPU_U/ALU_0/mem[0][31]_i_769_n_0
    SLICE_X49Y51         CARRY4 (Prop_carry4_S[1]_CO[3])
                                                      0.550    58.542 r  CPU_U/ALU_0/mem_reg[0][31]_i_720/CO[3]
                         net (fo=1, routed)           0.000    58.542    CPU_U/ALU_0/mem_reg[0][31]_i_720_n_0
    SLICE_X49Y52         CARRY4 (Prop_carry4_CI_CO[3])
                                                      0.114    58.656 r  CPU_U/ALU_0/mem_reg[0][31]_i_715/CO[3]
                         net (fo=1, routed)           0.000    58.656    CPU_U/ALU_0/mem_reg[0][31]_i_715_n_0
    SLICE_X49Y53         CARRY4 (Prop_carry4_CI_CO[3])
                                                      0.114    58.770 r  CPU_U/ALU_0/mem_reg[0][31]_i_710/CO[3]
                         net (fo=1, routed)           0.000    58.770    CPU_U/ALU_0/mem_reg[0][31]_i_710_n_0
    SLICE_X49Y54         CARRY4 (Prop_carry4_CI_CO[3])
                                                      0.114    58.884 r  CPU_U/ALU_0/mem_reg[0][31]_i_705/CO[3]
                         net (fo=1, routed)           0.000    58.884    CPU_U/ALU_0/mem_reg[0][31]_i_705_n_0
    SLICE_X49Y55         CARRY4 (Prop_carry4_CI_CO[3])
                                                      0.114    58.998 r  CPU_U/ALU_0/mem_reg[0][31]_i_700/CO[3]
                         net (fo=1, routed)           0.000    58.998    CPU_U/ALU_0/mem_reg[0][31]_i_700_n_0
    SLICE_X49Y56         CARRY4 (Prop_carry4_CI_CO[3])
                                                      0.114    59.112 r  CPU_U/ALU_0/mem_reg[0][31]_i_695/CO[3]
                         net (fo=1, routed)           0.000    59.112    CPU_U/ALU_0/mem_reg[0][31]_i_695_n_0
    SLICE_X49Y57         CARRY4 (Prop_carry4_CI_CO[3])
                                                      0.114    59.226 r  CPU_U/ALU_0/mem_reg[0][31]_i_690/CO[3]
                         net (fo=1, routed)           0.000    59.226    CPU_U/ALU_0/mem_reg[0][31]_i_690_n_0
    SLICE_X49Y58         CARRY4 (Prop_carry4_CI_CO[3])
                                                      0.114    59.340 r  CPU_U/ALU_0/mem_reg[0][31]_i_687/CO[3]
                         net (fo=1, routed)           0.000    59.340    CPU_U/ALU_0/mem_reg[0][31]_i_687_n_0
    SLICE_X49Y59         CARRY4 (Prop_carry4_CI_CO[1])
                                                      0.157    59.497 r  CPU_U/ALU_0/mem_reg[0][31]_i_686/CO[1]
                         net (fo=35, routed)          2.043    61.540    CPU_U/ALU_0/mem_reg[0][31]_i_686_n_2
    SLICE_X53Y51         LUT3 (Prop_lut3_I0_O)        0.329    61.869 r  CPU_U/ALU_0/mem[0][31]_i_725/O
                         net (fo=1, routed)           0.000    61.869    CPU_U/ALU_0/mem[0][31]_i_725_n_0
    SLICE_X53Y51         CARRY4 (Prop_carry4_S[3]_CO[3])
                                                      0.401    62.270 r  CPU_U/ALU_0/mem_reg[0][31]_i_678/CO[3]
                         net (fo=1, routed)           0.000    62.270    CPU_U/ALU_0/mem_reg[0][31]_i_678_n_0
    SLICE_X53Y52         CARRY4 (Prop_carry4_CI_CO[3])
                                                      0.114    62.384 r  CPU_U/ALU_0/mem_reg[0][31]_i_673/CO[3]
                         net (fo=1, routed)           0.000    62.384    CPU_U/ALU_0/mem_reg[0][31]_i_673_n_0
    SLICE_X53Y53         CARRY4 (Prop_carry4_CI_CO[3])
                                                      0.114    62.498 r  CPU_U/ALU_0/mem_reg[0][31]_i_668/CO[3]
                         net (fo=1, routed)           0.000    62.498    CPU_U/ALU_0/mem_reg[0][31]_i_668_n_0
    SLICE_X53Y54         CARRY4 (Prop_carry4_CI_CO[3])
                                                      0.114    62.612 r  CPU_U/ALU_0/mem_reg[0][31]_i_663/CO[3]
                         net (fo=1, routed)           0.000    62.612    CPU_U/ALU_0/mem_reg[0][31]_i_663_n_0
    SLICE_X53Y55         CARRY4 (Prop_carry4_CI_CO[3])
                                                      0.114    62.726 r  CPU_U/ALU_0/mem_reg[0][31]_i_658/CO[3]
                         net (fo=1, routed)           0.000    62.726    CPU_U/ALU_0/mem_reg[0][31]_i_658_n_0
    SLICE_X53Y56         CARRY4 (Prop_carry4_CI_CO[3])
                                                      0.114    62.840 r  CPU_U/ALU_0/mem_reg[0][31]_i_653/CO[3]
                         net (fo=1, routed)           0.000    62.840    CPU_U/ALU_0/mem_reg[0][31]_i_653_n_0
    SLICE_X53Y57         CARRY4 (Prop_carry4_CI_CO[3])
                                                      0.114    62.954 r  CPU_U/ALU_0/mem_reg[0][31]_i_648/CO[3]
                         net (fo=1, routed)           0.000    62.954    CPU_U/ALU_0/mem_reg[0][31]_i_648_n_0
    SLICE_X53Y58         CARRY4 (Prop_carry4_CI_CO[3])
                                                      0.114    63.068 r  CPU_U/ALU_0/mem_reg[0][31]_i_645/CO[3]
                         net (fo=1, routed)           0.000    63.068    CPU_U/ALU_0/mem_reg[0][31]_i_645_n_0
    SLICE_X53Y59         CARRY4 (Prop_carry4_CI_CO[1])
                                                      0.157    63.225 r  CPU_U/ALU_0/mem_reg[0][31]_i_644/CO[1]
                         net (fo=35, routed)          2.056    65.281    CPU_U/ALU_0/mem_reg[0][31]_i_644_n_2
    SLICE_X54Y51         LUT3 (Prop_lut3_I0_O)        0.329    65.610 r  CPU_U/ALU_0/mem[0][31]_i_682/O
                         net (fo=1, routed)           0.000    65.610    CPU_U/ALU_0/mem[0][31]_i_682_n_0
    SLICE_X54Y51         CARRY4 (Prop_carry4_S[0]_CO[3])
                                                      0.513    66.123 r  CPU_U/ALU_0/mem_reg[0][31]_i_631/CO[3]
                         net (fo=1, routed)           0.000    66.123    CPU_U/ALU_0/mem_reg[0][31]_i_631_n_0
    SLICE_X54Y52         CARRY4 (Prop_carry4_CI_CO[3])
                                                      0.117    66.240 r  CPU_U/ALU_0/mem_reg[0][31]_i_626/CO[3]
                         net (fo=1, routed)           0.000    66.240    CPU_U/ALU_0/mem_reg[0][31]_i_626_n_0
    SLICE_X54Y53         CARRY4 (Prop_carry4_CI_CO[3])
                                                      0.117    66.357 r  CPU_U/ALU_0/mem_reg[0][31]_i_621/CO[3]
                         net (fo=1, routed)           0.000    66.357    CPU_U/ALU_0/mem_reg[0][31]_i_621_n_0
    SLICE_X54Y54         CARRY4 (Prop_carry4_CI_CO[3])
                                                      0.117    66.474 r  CPU_U/ALU_0/mem_reg[0][31]_i_616/CO[3]
                         net (fo=1, routed)           0.000    66.474    CPU_U/ALU_0/mem_reg[0][31]_i_616_n_0
    SLICE_X54Y55         CARRY4 (Prop_carry4_CI_CO[3])
                                                      0.117    66.591 r  CPU_U/ALU_0/mem_reg[0][31]_i_611/CO[3]
                         net (fo=1, routed)           0.000    66.591    CPU_U/ALU_0/mem_reg[0][31]_i_611_n_0
    SLICE_X54Y56         CARRY4 (Prop_carry4_CI_CO[3])
                                                      0.117    66.708 r  CPU_U/ALU_0/mem_reg[0][31]_i_606/CO[3]
                         net (fo=1, routed)           0.000    66.708    CPU_U/ALU_0/mem_reg[0][31]_i_606_n_0
    SLICE_X54Y57         CARRY4 (Prop_carry4_CI_CO[3])
                                                      0.117    66.825 r  CPU_U/ALU_0/mem_reg[0][31]_i_603/CO[3]
                         net (fo=1, routed)           0.000    66.825    CPU_U/ALU_0/mem_reg[0][31]_i_603_n_0
    SLICE_X54Y58         CARRY4 (Prop_carry4_CI_CO[1])
                                                      0.157    66.982 r  CPU_U/ALU_0/mem_reg[0][31]_i_602/CO[1]
                         net (fo=35, routed)          1.961    68.944    CPU_U/ALU_0/mem_reg[0][31]_i_602_n_2
    SLICE_X55Y49         LUT3 (Prop_lut3_I0_O)        0.332    69.276 r  CPU_U/ALU_0/mem[0][31]_i_641/O
                         net (fo=1, routed)           0.000    69.276    CPU_U/ALU_0/mem[0][31]_i_641_n_0
    SLICE_X55Y49         CARRY4 (Prop_carry4_S[3]_CO[3])
                                                      0.401    69.677 r  CPU_U/ALU_0/mem_reg[0][31]_i_594/CO[3]
                         net (fo=1, routed)           0.001    69.677    CPU_U/ALU_0/mem_reg[0][31]_i_594_n_0
    SLICE_X55Y50         CARRY4 (Prop_carry4_CI_CO[3])
                                                      0.114    69.791 r  CPU_U/ALU_0/mem_reg[0][31]_i_589/CO[3]
                         net (fo=1, routed)           0.000    69.791    CPU_U/ALU_0/mem_reg[0][31]_i_589_n_0
    SLICE_X55Y51         CARRY4 (Prop_carry4_CI_CO[3])
                                                      0.114    69.905 r  CPU_U/ALU_0/mem_reg[0][31]_i_584/CO[3]
                         net (fo=1, routed)           0.000    69.905    CPU_U/ALU_0/mem_reg[0][31]_i_584_n_0
    SLICE_X55Y52         CARRY4 (Prop_carry4_CI_CO[3])
                                                      0.114    70.019 r  CPU_U/ALU_0/mem_reg[0][31]_i_579/CO[3]
                         net (fo=1, routed)           0.000    70.019    CPU_U/ALU_0/mem_reg[0][31]_i_579_n_0
    SLICE_X55Y53         CARRY4 (Prop_carry4_CI_CO[3])
                                                      0.114    70.133 r  CPU_U/ALU_0/mem_reg[0][31]_i_574/CO[3]
                         net (fo=1, routed)           0.000    70.133    CPU_U/ALU_0/mem_reg[0][31]_i_574_n_0
    SLICE_X55Y54         CARRY4 (Prop_carry4_CI_CO[3])
                                                      0.114    70.247 r  CPU_U/ALU_0/mem_reg[0][31]_i_569/CO[3]
                         net (fo=1, routed)           0.000    70.247    CPU_U/ALU_0/mem_reg[0][31]_i_569_n_0
    SLICE_X55Y55         CARRY4 (Prop_carry4_CI_CO[3])
                                                      0.114    70.361 r  CPU_U/ALU_0/mem_reg[0][31]_i_564/CO[3]
                         net (fo=1, routed)           0.000    70.361    CPU_U/ALU_0/mem_reg[0][31]_i_564_n_0
    SLICE_X55Y56         CARRY4 (Prop_carry4_CI_CO[3])
                                                      0.114    70.475 r  CPU_U/ALU_0/mem_reg[0][31]_i_561/CO[3]
                         net (fo=1, routed)           0.000    70.475    CPU_U/ALU_0/mem_reg[0][31]_i_561_n_0
    SLICE_X55Y57         CARRY4 (Prop_carry4_CI_CO[1])
                                                      0.157    70.632 r  CPU_U/ALU_0/mem_reg[0][31]_i_560/CO[1]
                         net (fo=35, routed)          2.116    72.748    CPU_U/ALU_0/mem_reg[0][31]_i_560_n_2
    SLICE_X48Y48         LUT3 (Prop_lut3_I0_O)        0.329    73.077 r  CPU_U/ALU_0/mem[0][31]_i_601/O
                         net (fo=1, routed)           0.000    73.077    CPU_U/ALU_0/mem[0][31]_i_601_n_0
    SLICE_X48Y48         CARRY4 (Prop_carry4_S[1]_CO[3])
                                                      0.550    73.627 r  CPU_U/ALU_0/mem_reg[0][31]_i_552/CO[3]
                         net (fo=1, routed)           0.000    73.627    CPU_U/ALU_0/mem_reg[0][31]_i_552_n_0
    SLICE_X48Y49         CARRY4 (Prop_carry4_CI_CO[3])
                                                      0.114    73.741 r  CPU_U/ALU_0/mem_reg[0][31]_i_547/CO[3]
                         net (fo=1, routed)           0.001    73.742    CPU_U/ALU_0/mem_reg[0][31]_i_547_n_0
    SLICE_X48Y50         CARRY4 (Prop_carry4_CI_CO[3])
                                                      0.114    73.856 r  CPU_U/ALU_0/mem_reg[0][31]_i_542/CO[3]
                         net (fo=1, routed)           0.000    73.856    CPU_U/ALU_0/mem_reg[0][31]_i_542_n_0
    SLICE_X48Y51         CARRY4 (Prop_carry4_CI_CO[3])
                                                      0.114    73.970 r  CPU_U/ALU_0/mem_reg[0][31]_i_537/CO[3]
                         net (fo=1, routed)           0.000    73.970    CPU_U/ALU_0/mem_reg[0][31]_i_537_n_0
    SLICE_X48Y52         CARRY4 (Prop_carry4_CI_CO[3])
                                                      0.114    74.084 r  CPU_U/ALU_0/mem_reg[0][31]_i_532/CO[3]
                         net (fo=1, routed)           0.000    74.084    CPU_U/ALU_0/mem_reg[0][31]_i_532_n_0
    SLICE_X48Y53         CARRY4 (Prop_carry4_CI_CO[3])
                                                      0.114    74.198 r  CPU_U/ALU_0/mem_reg[0][31]_i_527/CO[3]
                         net (fo=1, routed)           0.000    74.198    CPU_U/ALU_0/mem_reg[0][31]_i_527_n_0
    SLICE_X48Y54         CARRY4 (Prop_carry4_CI_CO[3])
                                                      0.114    74.312 r  CPU_U/ALU_0/mem_reg[0][31]_i_522/CO[3]
                         net (fo=1, routed)           0.000    74.312    CPU_U/ALU_0/mem_reg[0][31]_i_522_n_0
    SLICE_X48Y55         CARRY4 (Prop_carry4_CI_CO[3])
                                                      0.114    74.426 r  CPU_U/ALU_0/mem_reg[0][31]_i_519/CO[3]
                         net (fo=1, routed)           0.000    74.426    CPU_U/ALU_0/mem_reg[0][31]_i_519_n_0
    SLICE_X48Y56         CARRY4 (Prop_carry4_CI_CO[1])
                                                      0.157    74.583 r  CPU_U/ALU_0/mem_reg[0][31]_i_518/CO[1]
                         net (fo=35, routed)          1.640    76.223    CPU_U/ALU_0/mem_reg[0][31]_i_518_n_2
    SLICE_X51Y50         LUT3 (Prop_lut3_I0_O)        0.329    76.552 r  CPU_U/ALU_0/mem[0][31]_i_557/O
                         net (fo=1, routed)           0.000    76.552    CPU_U/ALU_0/mem[0][31]_i_557_n_0
    SLICE_X51Y50         CARRY4 (Prop_carry4_S[3]_CO[3])
                                                      0.401    76.953 r  CPU_U/ALU_0/mem_reg[0][31]_i_510/CO[3]
                         net (fo=1, routed)           0.000    76.953    CPU_U/ALU_0/mem_reg[0][31]_i_510_n_0
    SLICE_X51Y51         CARRY4 (Prop_carry4_CI_CO[3])
                                                      0.114    77.067 r  CPU_U/ALU_0/mem_reg[0][31]_i_505/CO[3]
                         net (fo=1, routed)           0.000    77.067    CPU_U/ALU_0/mem_reg[0][31]_i_505_n_0
    SLICE_X51Y52         CARRY4 (Prop_carry4_CI_CO[3])
                                                      0.114    77.181 r  CPU_U/ALU_0/mem_reg[0][31]_i_500/CO[3]
                         net (fo=1, routed)           0.000    77.181    CPU_U/ALU_0/mem_reg[0][31]_i_500_n_0
    SLICE_X51Y53         CARRY4 (Prop_carry4_CI_CO[3])
                                                      0.114    77.295 r  CPU_U/ALU_0/mem_reg[0][31]_i_495/CO[3]
                         net (fo=1, routed)           0.000    77.295    CPU_U/ALU_0/mem_reg[0][31]_i_495_n_0
    SLICE_X51Y54         CARRY4 (Prop_carry4_CI_CO[3])
                                                      0.114    77.409 r  CPU_U/ALU_0/mem_reg[0][31]_i_490/CO[3]
                         net (fo=1, routed)           0.000    77.409    CPU_U/ALU_0/mem_reg[0][31]_i_490_n_0
    SLICE_X51Y55         CARRY4 (Prop_carry4_CI_CO[3])
                                                      0.114    77.523 r  CPU_U/ALU_0/mem_reg[0][31]_i_485/CO[3]
                         net (fo=1, routed)           0.000    77.523    CPU_U/ALU_0/mem_reg[0][31]_i_485_n_0
    SLICE_X51Y56         CARRY4 (Prop_carry4_CI_CO[3])
                                                      0.114    77.637 r  CPU_U/ALU_0/mem_reg[0][31]_i_480/CO[3]
                         net (fo=1, routed)           0.000    77.637    CPU_U/ALU_0/mem_reg[0][31]_i_480_n_0
    SLICE_X51Y57         CARRY4 (Prop_carry4_CI_CO[3])
                                                      0.114    77.751 r  CPU_U/ALU_0/mem_reg[0][31]_i_477/CO[3]
                         net (fo=1, routed)           0.000    77.751    CPU_U/ALU_0/mem_reg[0][31]_i_477_n_0
    SLICE_X51Y58         CARRY4 (Prop_carry4_CI_CO[1])
                                                      0.157    77.908 r  CPU_U/ALU_0/mem_reg[0][31]_i_476/CO[1]
                         net (fo=35, routed)          2.184    80.092    CPU_U/ALU_0/mem_reg[0][31]_i_476_n_2
    SLICE_X57Y50         LUT3 (Prop_lut3_I0_O)        0.329    80.421 r  CPU_U/ALU_0/mem[0][31]_i_517/O
                         net (fo=1, routed)           0.000    80.421    CPU_U/ALU_0/mem[0][31]_i_517_n_0
    SLICE_X57Y50         CARRY4 (Prop_carry4_S[1]_CO[3])
                                                      0.550    80.971 r  CPU_U/ALU_0/mem_reg[0][31]_i_468/CO[3]
                         net (fo=1, routed)           0.000    80.971    CPU_U/ALU_0/mem_reg[0][31]_i_468_n_0
    SLICE_X57Y51         CARRY4 (Prop_carry4_CI_CO[3])
                                                      0.114    81.085 r  CPU_U/ALU_0/mem_reg[0][31]_i_463/CO[3]
                         net (fo=1, routed)           0.000    81.085    CPU_U/ALU_0/mem_reg[0][31]_i_463_n_0
    SLICE_X57Y52         CARRY4 (Prop_carry4_CI_CO[3])
                                                      0.114    81.199 r  CPU_U/ALU_0/mem_reg[0][31]_i_458/CO[3]
                         net (fo=1, routed)           0.000    81.199    CPU_U/ALU_0/mem_reg[0][31]_i_458_n_0
    SLICE_X57Y53         CARRY4 (Prop_carry4_CI_CO[3])
                                                      0.114    81.313 r  CPU_U/ALU_0/mem_reg[0][31]_i_453/CO[3]
                         net (fo=1, routed)           0.000    81.313    CPU_U/ALU_0/mem_reg[0][31]_i_453_n_0
    SLICE_X57Y54         CARRY4 (Prop_carry4_CI_CO[3])
                                                      0.114    81.427 r  CPU_U/ALU_0/mem_reg[0][31]_i_448/CO[3]
                         net (fo=1, routed)           0.000    81.427    CPU_U/ALU_0/mem_reg[0][31]_i_448_n_0
    SLICE_X57Y55         CARRY4 (Prop_carry4_CI_CO[3])
                                                      0.114    81.541 r  CPU_U/ALU_0/mem_reg[0][31]_i_443/CO[3]
                         net (fo=1, routed)           0.000    81.541    CPU_U/ALU_0/mem_reg[0][31]_i_443_n_0
    SLICE_X57Y56         CARRY4 (Prop_carry4_CI_CO[3])
                                                      0.114    81.655 r  CPU_U/ALU_0/mem_reg[0][31]_i_438/CO[3]
                         net (fo=1, routed)           0.000    81.655    CPU_U/ALU_0/mem_reg[0][31]_i_438_n_0
    SLICE_X57Y57         CARRY4 (Prop_carry4_CI_CO[3])
                                                      0.114    81.769 r  CPU_U/ALU_0/mem_reg[0][31]_i_435/CO[3]
                         net (fo=1, routed)           0.000    81.769    CPU_U/ALU_0/mem_reg[0][31]_i_435_n_0
    SLICE_X57Y58         CARRY4 (Prop_carry4_CI_CO[1])
                                                      0.157    81.926 r  CPU_U/ALU_0/mem_reg[0][31]_i_434/CO[1]
                         net (fo=35, routed)          1.984    83.910    CPU_U/ALU_0/mem_reg[0][31]_i_434_n_2
    SLICE_X58Y50         LUT3 (Prop_lut3_I0_O)        0.329    84.240 r  CPU_U/ALU_0/mem[0][31]_i_475/O
                         net (fo=1, routed)           0.000    84.240    CPU_U/ALU_0/mem[0][31]_i_475_n_0
    SLICE_X58Y50         CARRY4 (Prop_carry4_S[1]_CO[3])
                                                      0.550    84.790 r  CPU_U/ALU_0/mem_reg[0][31]_i_426/CO[3]
                         net (fo=1, routed)           0.000    84.790    CPU_U/ALU_0/mem_reg[0][31]_i_426_n_0
    SLICE_X58Y51         CARRY4 (Prop_carry4_CI_CO[3])
                                                      0.114    84.904 r  CPU_U/ALU_0/mem_reg[0][31]_i_421/CO[3]
                         net (fo=1, routed)           0.000    84.904    CPU_U/ALU_0/mem_reg[0][31]_i_421_n_0
    SLICE_X58Y52         CARRY4 (Prop_carry4_CI_CO[3])
                                                      0.114    85.018 r  CPU_U/ALU_0/mem_reg[0][31]_i_416/CO[3]
                         net (fo=1, routed)           0.000    85.018    CPU_U/ALU_0/mem_reg[0][31]_i_416_n_0
    SLICE_X58Y53         CARRY4 (Prop_carry4_CI_CO[3])
                                                      0.114    85.132 r  CPU_U/ALU_0/mem_reg[0][31]_i_411/CO[3]
                         net (fo=1, routed)           0.000    85.132    CPU_U/ALU_0/mem_reg[0][31]_i_411_n_0
    SLICE_X58Y54         CARRY4 (Prop_carry4_CI_CO[3])
                                                      0.114    85.245 r  CPU_U/ALU_0/mem_reg[0][31]_i_406/CO[3]
                         net (fo=1, routed)           0.000    85.245    CPU_U/ALU_0/mem_reg[0][31]_i_406_n_0
    SLICE_X58Y55         CARRY4 (Prop_carry4_CI_CO[3])
                                                      0.114    85.359 r  CPU_U/ALU_0/mem_reg[0][31]_i_401/CO[3]
                         net (fo=1, routed)           0.000    85.359    CPU_U/ALU_0/mem_reg[0][31]_i_401_n_0
    SLICE_X58Y56         CARRY4 (Prop_carry4_CI_CO[3])
                                                      0.114    85.473 r  CPU_U/ALU_0/mem_reg[0][31]_i_396/CO[3]
                         net (fo=1, routed)           0.000    85.473    CPU_U/ALU_0/mem_reg[0][31]_i_396_n_0
    SLICE_X58Y57         CARRY4 (Prop_carry4_CI_CO[3])
                                                      0.114    85.587 r  CPU_U/ALU_0/mem_reg[0][31]_i_393/CO[3]
                         net (fo=1, routed)           0.000    85.587    CPU_U/ALU_0/mem_reg[0][31]_i_393_n_0
    SLICE_X58Y58         CARRY4 (Prop_carry4_CI_CO[1])
                                                      0.157    85.744 r  CPU_U/ALU_0/mem_reg[0][31]_i_392/CO[1]
                         net (fo=35, routed)          2.322    88.066    CPU_U/ALU_0/mem_reg[0][31]_i_392_n_2
    SLICE_X62Y48         LUT3 (Prop_lut3_I0_O)        0.329    88.395 r  CPU_U/ALU_0/mem[0][31]_i_432/O
                         net (fo=1, routed)           0.000    88.395    CPU_U/ALU_0/mem[0][31]_i_432_n_0
    SLICE_X62Y48         CARRY4 (Prop_carry4_S[2]_CO[3])
                                                      0.398    88.793 r  CPU_U/ALU_0/mem_reg[0][31]_i_384/CO[3]
                         net (fo=1, routed)           0.000    88.793    CPU_U/ALU_0/mem_reg[0][31]_i_384_n_0
    SLICE_X62Y49         CARRY4 (Prop_carry4_CI_CO[3])
                                                      0.114    88.907 r  CPU_U/ALU_0/mem_reg[0][31]_i_379/CO[3]
                         net (fo=1, routed)           0.001    88.908    CPU_U/ALU_0/mem_reg[0][31]_i_379_n_0
    SLICE_X62Y50         CARRY4 (Prop_carry4_CI_CO[3])
                                                      0.114    89.022 r  CPU_U/ALU_0/mem_reg[0][31]_i_374/CO[3]
                         net (fo=1, routed)           0.000    89.022    CPU_U/ALU_0/mem_reg[0][31]_i_374_n_0
    SLICE_X62Y51         CARRY4 (Prop_carry4_CI_CO[3])
                                                      0.114    89.136 r  CPU_U/ALU_0/mem_reg[0][31]_i_369/CO[3]
                         net (fo=1, routed)           0.000    89.136    CPU_U/ALU_0/mem_reg[0][31]_i_369_n_0
    SLICE_X62Y52         CARRY4 (Prop_carry4_CI_CO[3])
                                                      0.114    89.250 r  CPU_U/ALU_0/mem_reg[0][31]_i_364/CO[3]
                         net (fo=1, routed)           0.000    89.250    CPU_U/ALU_0/mem_reg[0][31]_i_364_n_0
    SLICE_X62Y53         CARRY4 (Prop_carry4_CI_CO[3])
                                                      0.114    89.364 r  CPU_U/ALU_0/mem_reg[0][31]_i_359/CO[3]
                         net (fo=1, routed)           0.000    89.364    CPU_U/ALU_0/mem_reg[0][31]_i_359_n_0
    SLICE_X62Y54         CARRY4 (Prop_carry4_CI_CO[3])
                                                      0.114    89.478 r  CPU_U/ALU_0/mem_reg[0][31]_i_354/CO[3]
                         net (fo=1, routed)           0.000    89.478    CPU_U/ALU_0/mem_reg[0][31]_i_354_n_0
    SLICE_X62Y55         CARRY4 (Prop_carry4_CI_CO[3])
                                                      0.114    89.592 r  CPU_U/ALU_0/mem_reg[0][31]_i_351/CO[3]
                         net (fo=1, routed)           0.000    89.592    CPU_U/ALU_0/mem_reg[0][31]_i_351_n_0
    SLICE_X62Y56         CARRY4 (Prop_carry4_CI_CO[1])
                                                      0.157    89.749 r  CPU_U/ALU_0/mem_reg[0][31]_i_350/CO[1]
                         net (fo=35, routed)          2.219    91.967    CPU_U/ALU_0/mem_reg[0][31]_i_350_n_2
    SLICE_X59Y48         LUT3 (Prop_lut3_I0_O)        0.329    92.296 r  CPU_U/ALU_0/mem[0][31]_i_389/O
                         net (fo=1, routed)           0.000    92.296    CPU_U/ALU_0/mem[0][31]_i_389_n_0
    SLICE_X59Y48         CARRY4 (Prop_carry4_S[3]_CO[3])
                                                      0.401    92.697 r  CPU_U/ALU_0/mem_reg[0][31]_i_342/CO[3]
                         net (fo=1, routed)           0.000    92.697    CPU_U/ALU_0/mem_reg[0][31]_i_342_n_0
    SLICE_X59Y49         CARRY4 (Prop_carry4_CI_CO[3])
                                                      0.114    92.811 r  CPU_U/ALU_0/mem_reg[0][31]_i_337/CO[3]
                         net (fo=1, routed)           0.001    92.812    CPU_U/ALU_0/mem_reg[0][31]_i_337_n_0
    SLICE_X59Y50         CARRY4 (Prop_carry4_CI_CO[3])
                                                      0.114    92.926 r  CPU_U/ALU_0/mem_reg[0][31]_i_332/CO[3]
                         net (fo=1, routed)           0.000    92.926    CPU_U/ALU_0/mem_reg[0][31]_i_332_n_0
    SLICE_X59Y51         CARRY4 (Prop_carry4_CI_CO[3])
                                                      0.114    93.040 r  CPU_U/ALU_0/mem_reg[0][31]_i_327/CO[3]
                         net (fo=1, routed)           0.000    93.040    CPU_U/ALU_0/mem_reg[0][31]_i_327_n_0
    SLICE_X59Y52         CARRY4 (Prop_carry4_CI_CO[3])
                                                      0.114    93.154 r  CPU_U/ALU_0/mem_reg[0][31]_i_322/CO[3]
                         net (fo=1, routed)           0.000    93.154    CPU_U/ALU_0/mem_reg[0][31]_i_322_n_0
    SLICE_X59Y53         CARRY4 (Prop_carry4_CI_CO[3])
                                                      0.114    93.268 r  CPU_U/ALU_0/mem_reg[0][31]_i_317/CO[3]
                         net (fo=1, routed)           0.000    93.268    CPU_U/ALU_0/mem_reg[0][31]_i_317_n_0
    SLICE_X59Y54         CARRY4 (Prop_carry4_CI_CO[3])
                                                      0.114    93.382 r  CPU_U/ALU_0/mem_reg[0][31]_i_312/CO[3]
                         net (fo=1, routed)           0.000    93.382    CPU_U/ALU_0/mem_reg[0][31]_i_312_n_0
    SLICE_X59Y55         CARRY4 (Prop_carry4_CI_CO[3])
                                                      0.114    93.496 r  CPU_U/ALU_0/mem_reg[0][31]_i_309/CO[3]
                         net (fo=1, routed)           0.000    93.496    CPU_U/ALU_0/mem_reg[0][31]_i_309_n_0
    SLICE_X59Y56         CARRY4 (Prop_carry4_CI_CO[1])
                                                      0.157    93.653 r  CPU_U/ALU_0/mem_reg[0][31]_i_308/CO[1]
                         net (fo=35, routed)          2.466    96.120    CPU_U/ALU_0/mem_reg[0][31]_i_308_n_2
    SLICE_X61Y48         LUT3 (Prop_lut3_I0_O)        0.329    96.449 r  CPU_U/ALU_0/mem[0][31]_i_345/O
                         net (fo=1, routed)           0.000    96.449    CPU_U/ALU_0/mem[0][31]_i_345_n_0
    SLICE_X61Y48         CARRY4 (Prop_carry4_S[1]_CO[3])
                                                      0.550    96.999 r  CPU_U/ALU_0/mem_reg[0][31]_i_294/CO[3]
                         net (fo=1, routed)           0.000    96.999    CPU_U/ALU_0/mem_reg[0][31]_i_294_n_0
    SLICE_X61Y49         CARRY4 (Prop_carry4_CI_CO[3])
                                                      0.114    97.113 r  CPU_U/ALU_0/mem_reg[0][31]_i_289/CO[3]
                         net (fo=1, routed)           0.001    97.113    CPU_U/ALU_0/mem_reg[0][31]_i_289_n_0
    SLICE_X61Y50         CARRY4 (Prop_carry4_CI_CO[3])
                                                      0.114    97.227 r  CPU_U/ALU_0/mem_reg[0][31]_i_284/CO[3]
                         net (fo=1, routed)           0.000    97.227    CPU_U/ALU_0/mem_reg[0][31]_i_284_n_0
    SLICE_X61Y51         CARRY4 (Prop_carry4_CI_CO[3])
                                                      0.114    97.341 r  CPU_U/ALU_0/mem_reg[0][31]_i_279/CO[3]
                         net (fo=1, routed)           0.000    97.341    CPU_U/ALU_0/mem_reg[0][31]_i_279_n_0
    SLICE_X61Y52         CARRY4 (Prop_carry4_CI_CO[3])
                                                      0.114    97.455 r  CPU_U/ALU_0/mem_reg[0][31]_i_274/CO[3]
                         net (fo=1, routed)           0.000    97.455    CPU_U/ALU_0/mem_reg[0][31]_i_274_n_0
    SLICE_X61Y53         CARRY4 (Prop_carry4_CI_CO[3])
                                                      0.114    97.569 r  CPU_U/ALU_0/mem_reg[0][31]_i_269/CO[3]
                         net (fo=1, routed)           0.000    97.569    CPU_U/ALU_0/mem_reg[0][31]_i_269_n_0
    SLICE_X61Y54         CARRY4 (Prop_carry4_CI_CO[3])
                                                      0.114    97.683 r  CPU_U/ALU_0/mem_reg[0][31]_i_266/CO[3]
                         net (fo=1, routed)           0.000    97.683    CPU_U/ALU_0/mem_reg[0][31]_i_266_n_0
    SLICE_X61Y55         CARRY4 (Prop_carry4_CI_CO[1])
                                                      0.157    97.840 r  CPU_U/ALU_0/mem_reg[0][31]_i_265/CO[1]
                         net (fo=35, routed)          2.070    99.910    CPU_U/IDEX_0/CO[0]
    SLICE_X63Y46         LUT3 (Prop_lut3_I0_O)        0.329   100.239 r  CPU_U/IDEX_0/mem[0][31]_i_307/O
                         net (fo=1, routed)           0.000   100.239    CPU_U/ALU_0/mem_reg[0][31]_i_215_1[0]
    SLICE_X63Y46         CARRY4 (Prop_carry4_S[1]_CO[3])
                                                      0.550   100.789 r  CPU_U/ALU_0/mem_reg[0][31]_i_257/CO[3]
                         net (fo=1, routed)           0.000   100.789    CPU_U/ALU_0/mem_reg[0][31]_i_257_n_0
    SLICE_X63Y47         CARRY4 (Prop_carry4_CI_CO[3])
                                                      0.114   100.903 r  CPU_U/ALU_0/mem_reg[0][31]_i_252/CO[3]
                         net (fo=1, routed)           0.000   100.903    CPU_U/ALU_0/mem_reg[0][31]_i_252_n_0
    SLICE_X63Y48         CARRY4 (Prop_carry4_CI_CO[3])
                                                      0.114   101.017 r  CPU_U/ALU_0/mem_reg[0][31]_i_247/CO[3]
                         net (fo=1, routed)           0.000   101.017    CPU_U/ALU_0/mem_reg[0][31]_i_247_n_0
    SLICE_X63Y49         CARRY4 (Prop_carry4_CI_CO[3])
                                                      0.114   101.131 r  CPU_U/ALU_0/mem_reg[0][31]_i_242/CO[3]
                         net (fo=1, routed)           0.001   101.132    CPU_U/ALU_0/mem_reg[0][31]_i_242_n_0
    SLICE_X63Y50         CARRY4 (Prop_carry4_CI_CO[3])
                                                      0.114   101.246 r  CPU_U/ALU_0/mem_reg[0][31]_i_237/CO[3]
                         net (fo=1, routed)           0.000   101.246    CPU_U/ALU_0/mem_reg[0][31]_i_237_n_0
    SLICE_X63Y51         CARRY4 (Prop_carry4_CI_CO[3])
                                                      0.114   101.360 r  CPU_U/ALU_0/mem_reg[0][31]_i_232/CO[3]
                         net (fo=1, routed)           0.000   101.360    CPU_U/ALU_0/mem_reg[0][31]_i_232_n_0
    SLICE_X63Y52         CARRY4 (Prop_carry4_CI_CO[3])
                                                      0.114   101.474 r  CPU_U/ALU_0/mem_reg[0][31]_i_227/CO[3]
                         net (fo=1, routed)           0.000   101.474    CPU_U/ALU_0/mem_reg[0][31]_i_227_n_0
    SLICE_X63Y53         CARRY4 (Prop_carry4_CI_CO[3])
                                                      0.114   101.588 r  CPU_U/ALU_0/mem_reg[0][31]_i_224/CO[3]
                         net (fo=1, routed)           0.000   101.588    CPU_U/ALU_0/mem_reg[0][31]_i_224_n_0
    SLICE_X63Y54         CARRY4 (Prop_carry4_CI_CO[1])
                                                      0.157   101.745 r  CPU_U/ALU_0/mem_reg[0][31]_i_223/CO[1]
                         net (fo=35, routed)          2.448   104.193    CPU_U/ALU_0/mem_reg[0][31]_i_223_n_2
    SLICE_X52Y45         LUT3 (Prop_lut3_I0_O)        0.329   104.522 r  CPU_U/ALU_0/mem[0][31]_i_264/O
                         net (fo=1, routed)           0.000   104.522    CPU_U/ALU_0/mem[0][31]_i_264_n_0
    SLICE_X52Y45         CARRY4 (Prop_carry4_S[1]_CO[3])
                                                      0.533   105.055 r  CPU_U/ALU_0/mem_reg[0][31]_i_215/CO[3]
                         net (fo=1, routed)           0.000   105.055    CPU_U/ALU_0/mem_reg[0][31]_i_215_n_0
    SLICE_X52Y46         CARRY4 (Prop_carry4_CI_CO[3])
                                                      0.117   105.172 r  CPU_U/ALU_0/mem_reg[0][31]_i_210/CO[3]
                         net (fo=1, routed)           0.000   105.172    CPU_U/ALU_0/mem_reg[0][31]_i_210_n_0
    SLICE_X52Y47         CARRY4 (Prop_carry4_CI_CO[3])
                                                      0.117   105.289 r  CPU_U/ALU_0/mem_reg[0][31]_i_205/CO[3]
                         net (fo=1, routed)           0.000   105.289    CPU_U/ALU_0/mem_reg[0][31]_i_205_n_0
    SLICE_X52Y48         CARRY4 (Prop_carry4_CI_CO[3])
                                                      0.117   105.406 r  CPU_U/ALU_0/mem_reg[0][31]_i_200/CO[3]
                         net (fo=1, routed)           0.000   105.406    CPU_U/ALU_0/mem_reg[0][31]_i_200_n_0
    SLICE_X52Y49         CARRY4 (Prop_carry4_CI_CO[3])
                                                      0.117   105.523 r  CPU_U/ALU_0/mem_reg[0][31]_i_195/CO[3]
                         net (fo=1, routed)           0.001   105.524    CPU_U/ALU_0/mem_reg[0][31]_i_195_n_0
    SLICE_X52Y50         CARRY4 (Prop_carry4_CI_CO[3])
                                                      0.117   105.641 r  CPU_U/ALU_0/mem_reg[0][31]_i_190/CO[3]
                         net (fo=1, routed)           0.000   105.641    CPU_U/ALU_0/mem_reg[0][31]_i_190_n_0
    SLICE_X52Y51         CARRY4 (Prop_carry4_CI_CO[3])
                                                      0.117   105.758 r  CPU_U/ALU_0/mem_reg[0][31]_i_185/CO[3]
                         net (fo=1, routed)           0.000   105.758    CPU_U/ALU_0/mem_reg[0][31]_i_185_n_0
    SLICE_X52Y52         CARRY4 (Prop_carry4_CI_CO[3])
                                                      0.117   105.875 r  CPU_U/ALU_0/mem_reg[0][31]_i_182/CO[3]
                         net (fo=1, routed)           0.000   105.875    CPU_U/ALU_0/mem_reg[0][31]_i_182_n_0
    SLICE_X52Y53         CARRY4 (Prop_carry4_CI_CO[1])
                                                      0.157   106.032 r  CPU_U/ALU_0/mem_reg[0][31]_i_181/CO[1]
                         net (fo=35, routed)          2.570   108.602    CPU_U/ALU_0/mem_reg[0][31]_i_181_n_2
    SLICE_X53Y42         LUT3 (Prop_lut3_I0_O)        0.332   108.934 r  CPU_U/ALU_0/mem[0][31]_i_222/O
                         net (fo=1, routed)           0.000   108.934    CPU_U/ALU_0/mem[0][31]_i_222_n_0
    SLICE_X53Y42         CARRY4 (Prop_carry4_S[1]_CO[3])
                                                      0.550   109.484 r  CPU_U/ALU_0/mem_reg[0][31]_i_176/CO[3]
                         net (fo=1, routed)           0.000   109.484    CPU_U/ALU_0/mem_reg[0][31]_i_176_n_0
    SLICE_X53Y43         CARRY4 (Prop_carry4_CI_CO[3])
                                                      0.114   109.598 r  CPU_U/ALU_0/mem_reg[0][31]_i_171/CO[3]
                         net (fo=1, routed)           0.000   109.598    CPU_U/ALU_0/mem_reg[0][31]_i_171_n_0
    SLICE_X53Y44         CARRY4 (Prop_carry4_CI_CO[3])
                                                      0.114   109.712 r  CPU_U/ALU_0/mem_reg[0][31]_i_166/CO[3]
                         net (fo=1, routed)           0.000   109.712    CPU_U/ALU_0/mem_reg[0][31]_i_166_n_0
    SLICE_X53Y45         CARRY4 (Prop_carry4_CI_CO[3])
                                                      0.114   109.826 r  CPU_U/ALU_0/mem_reg[0][31]_i_161/CO[3]
                         net (fo=1, routed)           0.000   109.826    CPU_U/ALU_0/mem_reg[0][31]_i_161_n_0
    SLICE_X53Y46         CARRY4 (Prop_carry4_CI_CO[3])
                                                      0.114   109.940 r  CPU_U/ALU_0/mem_reg[0][31]_i_156/CO[3]
                         net (fo=1, routed)           0.000   109.940    CPU_U/ALU_0/mem_reg[0][31]_i_156_n_0
    SLICE_X53Y47         CARRY4 (Prop_carry4_CI_CO[3])
                                                      0.114   110.054 r  CPU_U/ALU_0/mem_reg[0][31]_i_151/CO[3]
                         net (fo=1, routed)           0.000   110.054    CPU_U/ALU_0/mem_reg[0][31]_i_151_n_0
    SLICE_X53Y48         CARRY4 (Prop_carry4_CI_CO[3])
                                                      0.114   110.168 r  CPU_U/ALU_0/mem_reg[0][31]_i_146/CO[3]
                         net (fo=1, routed)           0.000   110.168    CPU_U/ALU_0/mem_reg[0][31]_i_146_n_0
    SLICE_X53Y49         CARRY4 (Prop_carry4_CI_CO[3])
                                                      0.114   110.282 r  CPU_U/ALU_0/mem_reg[0][31]_i_143/CO[3]
                         net (fo=1, routed)           0.001   110.283    CPU_U/ALU_0/mem_reg[0][31]_i_143_n_0
    SLICE_X53Y50         CARRY4 (Prop_carry4_CI_CO[1])
                                                      0.157   110.440 r  CPU_U/ALU_0/mem_reg[0][31]_i_142/CO[1]
                         net (fo=35, routed)          2.550   112.990    CPU_U/ALU_0/mem_reg[0][31]_i_142_n_2
    SLICE_X56Y41         LUT3 (Prop_lut3_I0_O)        0.329   113.319 r  CPU_U/ALU_0/mem[0][27]_i_48/O
                         net (fo=1, routed)           0.000   113.319    CPU_U/ALU_0/mem[0][27]_i_48_n_0
    SLICE_X56Y41         CARRY4 (Prop_carry4_S[1]_CO[3])
                                                      0.533   113.852 r  CPU_U/ALU_0/mem_reg[0][27]_i_41/CO[3]
                         net (fo=1, routed)           0.000   113.852    CPU_U/ALU_0/mem_reg[0][27]_i_41_n_0
    SLICE_X56Y42         CARRY4 (Prop_carry4_CI_CO[3])
                                                      0.117   113.969 r  CPU_U/ALU_0/mem_reg[0][31]_i_137/CO[3]
                         net (fo=1, routed)           0.000   113.969    CPU_U/ALU_0/mem_reg[0][31]_i_137_n_0
    SLICE_X56Y43         CARRY4 (Prop_carry4_CI_CO[3])
                                                      0.117   114.086 r  CPU_U/ALU_0/mem_reg[0][31]_i_132/CO[3]
                         net (fo=1, routed)           0.000   114.086    CPU_U/ALU_0/mem_reg[0][31]_i_132_n_0
    SLICE_X56Y44         CARRY4 (Prop_carry4_CI_CO[3])
                                                      0.117   114.203 r  CPU_U/ALU_0/mem_reg[0][31]_i_127/CO[3]
                         net (fo=1, routed)           0.000   114.203    CPU_U/ALU_0/mem_reg[0][31]_i_127_n_0
    SLICE_X56Y45         CARRY4 (Prop_carry4_CI_CO[3])
                                                      0.117   114.320 r  CPU_U/ALU_0/mem_reg[0][31]_i_122/CO[3]
                         net (fo=1, routed)           0.000   114.320    CPU_U/ALU_0/mem_reg[0][31]_i_122_n_0
    SLICE_X56Y46         CARRY4 (Prop_carry4_CI_CO[3])
                                                      0.117   114.437 r  CPU_U/ALU_0/mem_reg[0][31]_i_117/CO[3]
                         net (fo=1, routed)           0.000   114.437    CPU_U/ALU_0/mem_reg[0][31]_i_117_n_0
    SLICE_X56Y47         CARRY4 (Prop_carry4_CI_CO[3])
                                                      0.117   114.554 r  CPU_U/ALU_0/mem_reg[0][31]_i_112/CO[3]
                         net (fo=1, routed)           0.000   114.554    CPU_U/ALU_0/mem_reg[0][31]_i_112_n_0
    SLICE_X56Y48         CARRY4 (Prop_carry4_CI_CO[3])
                                                      0.117   114.671 r  CPU_U/ALU_0/mem_reg[0][31]_i_109/CO[3]
                         net (fo=1, routed)           0.000   114.671    CPU_U/ALU_0/mem_reg[0][31]_i_109_n_0
    SLICE_X56Y49         CARRY4 (Prop_carry4_CI_CO[1])
                                                      0.157   114.828 r  CPU_U/ALU_0/mem_reg[0][31]_i_108/CO[1]
                         net (fo=35, routed)          2.074   116.902    CPU_U/ALU_0/mem[0][31]_i_145_0[0]
    SLICE_X57Y41         LUT3 (Prop_lut3_I0_O)        0.332   117.234 r  CPU_U/ALU_0/mem[0][23]_i_43/O
                         net (fo=1, routed)           0.000   117.234    CPU_U/ALU_0/mem[0][23]_i_43_n_0
    SLICE_X57Y41         CARRY4 (Prop_carry4_S[2]_CO[3])
                                                      0.398   117.632 r  CPU_U/ALU_0/mem_reg[0][23]_i_36/CO[3]
                         net (fo=1, routed)           0.000   117.632    CPU_U/ALU_0/mem_reg[0][23]_i_36_n_0
    SLICE_X57Y42         CARRY4 (Prop_carry4_CI_CO[3])
                                                      0.114   117.746 r  CPU_U/ALU_0/mem_reg[0][27]_i_36/CO[3]
                         net (fo=1, routed)           0.000   117.746    CPU_U/ALU_0/mem_reg[0][27]_i_36_n_0
    SLICE_X57Y43         CARRY4 (Prop_carry4_CI_CO[3])
                                                      0.114   117.860 r  CPU_U/ALU_0/mem_reg[0][31]_i_103/CO[3]
                         net (fo=1, routed)           0.000   117.860    CPU_U/ALU_0/mem_reg[0][31]_i_103_n_0
    SLICE_X57Y44         CARRY4 (Prop_carry4_CI_CO[3])
                                                      0.114   117.974 r  CPU_U/ALU_0/mem_reg[0][31]_i_98/CO[3]
                         net (fo=1, routed)           0.000   117.974    CPU_U/ALU_0/mem_reg[0][31]_i_98_n_0
    SLICE_X57Y45         CARRY4 (Prop_carry4_CI_CO[3])
                                                      0.114   118.088 r  CPU_U/ALU_0/mem_reg[0][31]_i_93/CO[3]
                         net (fo=1, routed)           0.000   118.088    CPU_U/ALU_0/mem_reg[0][31]_i_93_n_0
    SLICE_X57Y46         CARRY4 (Prop_carry4_CI_CO[3])
                                                      0.114   118.202 r  CPU_U/ALU_0/mem_reg[0][31]_i_88/CO[3]
                         net (fo=1, routed)           0.000   118.202    CPU_U/ALU_0/mem_reg[0][31]_i_88_n_0
    SLICE_X57Y47         CARRY4 (Prop_carry4_CI_CO[3])
                                                      0.114   118.316 r  CPU_U/ALU_0/mem_reg[0][31]_i_83/CO[3]
                         net (fo=1, routed)           0.000   118.316    CPU_U/ALU_0/mem_reg[0][31]_i_83_n_0
    SLICE_X57Y48         CARRY4 (Prop_carry4_CI_CO[3])
                                                      0.114   118.430 r  CPU_U/ALU_0/mem_reg[0][31]_i_80/CO[3]
                         net (fo=1, routed)           0.000   118.430    CPU_U/ALU_0/mem_reg[0][31]_i_80_n_0
    SLICE_X57Y49         CARRY4 (Prop_carry4_CI_CO[1])
                                                      0.157   118.587 r  CPU_U/ALU_0/mem_reg[0][31]_i_79/CO[1]
                         net (fo=35, routed)          2.140   120.727    CPU_U/ALU_0/mem_reg[0][31]_i_79_n_2
    SLICE_X58Y41         LUT3 (Prop_lut3_I0_O)        0.329   121.056 r  CPU_U/ALU_0/mem[0][23]_i_39/O
                         net (fo=1, routed)           0.000   121.056    CPU_U/ALU_0/mem[0][23]_i_39_n_0
    SLICE_X58Y41         CARRY4 (Prop_carry4_S[1]_CO[3])
                                                      0.550   121.606 r  CPU_U/ALU_0/mem_reg[0][23]_i_31/CO[3]
                         net (fo=1, routed)           0.000   121.606    CPU_U/ALU_0/mem_reg[0][23]_i_31_n_0
    SLICE_X58Y42         CARRY4 (Prop_carry4_CI_CO[3])
                                                      0.114   121.720 r  CPU_U/ALU_0/mem_reg[0][27]_i_31/CO[3]
                         net (fo=1, routed)           0.000   121.720    CPU_U/ALU_0/mem_reg[0][27]_i_31_n_0
    SLICE_X58Y43         CARRY4 (Prop_carry4_CI_CO[3])
                                                      0.114   121.834 r  CPU_U/ALU_0/mem_reg[0][31]_i_74/CO[3]
                         net (fo=1, routed)           0.000   121.834    CPU_U/ALU_0/mem_reg[0][31]_i_74_n_0
    SLICE_X58Y44         CARRY4 (Prop_carry4_CI_CO[3])
                                                      0.114   121.948 r  CPU_U/ALU_0/mem_reg[0][31]_i_69/CO[3]
                         net (fo=1, routed)           0.000   121.948    CPU_U/ALU_0/mem_reg[0][31]_i_69_n_0
    SLICE_X58Y45         CARRY4 (Prop_carry4_CI_CO[3])
                                                      0.114   122.062 r  CPU_U/ALU_0/mem_reg[0][31]_i_64/CO[3]
                         net (fo=1, routed)           0.000   122.062    CPU_U/ALU_0/mem_reg[0][31]_i_64_n_0
    SLICE_X58Y46         CARRY4 (Prop_carry4_CI_CO[3])
                                                      0.114   122.176 r  CPU_U/ALU_0/mem_reg[0][31]_i_59/CO[3]
                         net (fo=1, routed)           0.000   122.176    CPU_U/ALU_0/mem_reg[0][31]_i_59_n_0
    SLICE_X58Y47         CARRY4 (Prop_carry4_CI_CO[3])
                                                      0.114   122.290 r  CPU_U/ALU_0/mem_reg[0][31]_i_56/CO[3]
                         net (fo=1, routed)           0.000   122.290    CPU_U/ALU_0/mem_reg[0][31]_i_56_n_0
    SLICE_X58Y48         CARRY4 (Prop_carry4_CI_CO[1])
                                                      0.157   122.447 r  CPU_U/ALU_0/mem_reg[0][31]_i_55/CO[1]
                         net (fo=35, routed)          2.246   124.693    CPU_U/ALU_0/mem_reg[0][31]_i_55_n_2
    SLICE_X62Y39         CARRY4 (Prop_carry4_CYINIT_CO[3])
                                                      0.785   125.478 r  CPU_U/ALU_0/mem_reg[0][15]_i_26/CO[3]
                         net (fo=1, routed)           0.000   125.478    CPU_U/ALU_0/mem_reg[0][15]_i_26_n_0
    SLICE_X62Y40         CARRY4 (Prop_carry4_CI_CO[3])
                                                      0.114   125.592 r  CPU_U/ALU_0/mem_reg[0][18]_i_15/CO[3]
                         net (fo=1, routed)           0.000   125.592    CPU_U/ALU_0/mem_reg[0][18]_i_15_n_0
    SLICE_X62Y41         CARRY4 (Prop_carry4_CI_CO[3])
                                                      0.114   125.706 r  CPU_U/ALU_0/mem_reg[0][23]_i_26/CO[3]
                         net (fo=1, routed)           0.000   125.706    CPU_U/ALU_0/mem_reg[0][23]_i_26_n_0
    SLICE_X62Y42         CARRY4 (Prop_carry4_CI_CO[3])
                                                      0.114   125.820 r  CPU_U/ALU_0/mem_reg[0][27]_i_26/CO[3]
                         net (fo=1, routed)           0.000   125.820    CPU_U/ALU_0/mem_reg[0][27]_i_26_n_0
    SLICE_X62Y43         CARRY4 (Prop_carry4_CI_CO[3])
                                                      0.114   125.934 r  CPU_U/ALU_0/mem_reg[0][31]_i_50/CO[3]
                         net (fo=1, routed)           0.000   125.934    CPU_U/ALU_0/mem_reg[0][31]_i_50_n_0
    SLICE_X62Y44         CARRY4 (Prop_carry4_CI_CO[3])
                                                      0.114   126.048 r  CPU_U/ALU_0/mem_reg[0][31]_i_45/CO[3]
                         net (fo=1, routed)           0.000   126.048    CPU_U/ALU_0/mem_reg[0][31]_i_45_n_0
    SLICE_X62Y45         CARRY4 (Prop_carry4_CI_CO[3])
                                                      0.114   126.162 r  CPU_U/ALU_0/mem_reg[0][31]_i_40/CO[3]
                         net (fo=1, routed)           0.000   126.162    CPU_U/ALU_0/mem_reg[0][31]_i_40_n_0
    SLICE_X62Y46         CARRY4 (Prop_carry4_CI_CO[3])
                                                      0.114   126.276 r  CPU_U/ALU_0/mem_reg[0][31]_i_37/CO[3]
                         net (fo=1, routed)           0.000   126.276    CPU_U/ALU_0/mem_reg[0][31]_i_37_n_0
    SLICE_X62Y47         CARRY4 (Prop_carry4_CI_CO[1])
                                                      0.157   126.433 r  CPU_U/ALU_0/mem_reg[0][31]_i_36/CO[1]
                         net (fo=35, routed)          2.373   128.806    CPU_U/ALU_0/mem_reg[0][31]_i_36_n_2
    SLICE_X59Y38         LUT3 (Prop_lut3_I0_O)        0.329   129.135 r  CPU_U/ALU_0/mem[0][11]_i_28/O
                         net (fo=1, routed)           0.000   129.135    CPU_U/ALU_0/mem[0][11]_i_28_n_0
    SLICE_X59Y38         CARRY4 (Prop_carry4_S[1]_CO[3])
                                                      0.550   129.685 r  CPU_U/ALU_0/mem_reg[0][11]_i_21/CO[3]
                         net (fo=1, routed)           0.000   129.685    CPU_U/ALU_0/mem_reg[0][11]_i_21_n_0
    SLICE_X59Y39         CARRY4 (Prop_carry4_CI_CO[3])
                                                      0.114   129.799 r  CPU_U/ALU_0/mem_reg[0][15]_i_21/CO[3]
                         net (fo=1, routed)           0.000   129.799    CPU_U/ALU_0/mem_reg[0][15]_i_21_n_0
    SLICE_X59Y40         CARRY4 (Prop_carry4_CI_CO[3])
                                                      0.114   129.913 r  CPU_U/ALU_0/mem_reg[0][18]_i_10/CO[3]
                         net (fo=1, routed)           0.000   129.913    CPU_U/ALU_0/mem_reg[0][18]_i_10_n_0
    SLICE_X59Y41         CARRY4 (Prop_carry4_CI_CO[3])
                                                      0.114   130.027 r  CPU_U/ALU_0/mem_reg[0][23]_i_21/CO[3]
                         net (fo=1, routed)           0.000   130.027    CPU_U/ALU_0/mem_reg[0][23]_i_21_n_0
    SLICE_X59Y42         CARRY4 (Prop_carry4_CI_CO[3])
                                                      0.114   130.141 r  CPU_U/ALU_0/mem_reg[0][27]_i_21/CO[3]
                         net (fo=1, routed)           0.000   130.141    CPU_U/ALU_0/mem_reg[0][27]_i_21_n_0
    SLICE_X59Y43         CARRY4 (Prop_carry4_CI_CO[3])
                                                      0.114   130.255 r  CPU_U/ALU_0/mem_reg[0][31]_i_31/CO[3]
                         net (fo=1, routed)           0.000   130.255    CPU_U/ALU_0/mem_reg[0][31]_i_31_n_0
    SLICE_X59Y44         CARRY4 (Prop_carry4_CI_CO[3])
                                                      0.114   130.369 r  CPU_U/ALU_0/mem_reg[0][31]_i_26/CO[3]
                         net (fo=1, routed)           0.000   130.369    CPU_U/ALU_0/mem_reg[0][31]_i_26_n_0
    SLICE_X59Y45         CARRY4 (Prop_carry4_CI_CO[3])
                                                      0.114   130.483 r  CPU_U/ALU_0/mem_reg[0][31]_i_23/CO[3]
                         net (fo=1, routed)           0.000   130.483    CPU_U/ALU_0/mem_reg[0][31]_i_23_n_0
    SLICE_X59Y46         CARRY4 (Prop_carry4_CI_CO[1])
                                                      0.157   130.640 r  CPU_U/ALU_0/mem_reg[0][31]_i_22/CO[1]
                         net (fo=35, routed)          2.070   132.710    CPU_U/IDEX_0/mem_reg[0][7]_i_16[0]
    SLICE_X60Y37         LUT3 (Prop_lut3_I0_O)        0.329   133.039 r  CPU_U/IDEX_0/mem[0][7]_i_24/O
                         net (fo=1, routed)           0.000   133.039    CPU_U/ALU_0/mem_reg[0][3]_i_14_1[0]
    SLICE_X60Y37         CARRY4 (Prop_carry4_S[1]_CO[3])
                                                      0.533   133.572 r  CPU_U/ALU_0/mem_reg[0][7]_i_16/CO[3]
                         net (fo=1, routed)           0.000   133.572    CPU_U/ALU_0/mem_reg[0][7]_i_16_n_0
    SLICE_X60Y38         CARRY4 (Prop_carry4_CI_CO[3])
                                                      0.117   133.689 r  CPU_U/ALU_0/mem_reg[0][11]_i_16/CO[3]
                         net (fo=1, routed)           0.000   133.689    CPU_U/ALU_0/mem_reg[0][11]_i_16_n_0
    SLICE_X60Y39         CARRY4 (Prop_carry4_CI_CO[3])
                                                      0.117   133.806 r  CPU_U/ALU_0/mem_reg[0][15]_i_16/CO[3]
                         net (fo=1, routed)           0.000   133.806    CPU_U/ALU_0/mem_reg[0][15]_i_16_n_0
    SLICE_X60Y40         CARRY4 (Prop_carry4_CI_CO[3])
                                                      0.117   133.923 r  CPU_U/ALU_0/mem_reg[0][18]_i_5/CO[3]
                         net (fo=1, routed)           0.000   133.923    CPU_U/ALU_0/mem_reg[0][18]_i_5_n_0
    SLICE_X60Y41         CARRY4 (Prop_carry4_CI_CO[3])
                                                      0.117   134.040 r  CPU_U/ALU_0/mem_reg[0][23]_i_16/CO[3]
                         net (fo=1, routed)           0.000   134.040    CPU_U/ALU_0/mem_reg[0][23]_i_16_n_0
    SLICE_X60Y42         CARRY4 (Prop_carry4_CI_CO[3])
                                                      0.117   134.157 r  CPU_U/ALU_0/mem_reg[0][27]_i_16/CO[3]
                         net (fo=1, routed)           0.000   134.157    CPU_U/ALU_0/mem_reg[0][27]_i_16_n_0
    SLICE_X60Y43         CARRY4 (Prop_carry4_CI_CO[3])
                                                      0.117   134.274 r  CPU_U/ALU_0/mem_reg[0][31]_i_17/CO[3]
                         net (fo=1, routed)           0.000   134.274    CPU_U/ALU_0/mem_reg[0][31]_i_17_n_0
    SLICE_X60Y44         CARRY4 (Prop_carry4_CI_CO[3])
                                                      0.117   134.391 r  CPU_U/ALU_0/mem_reg[0][31]_i_14/CO[3]
                         net (fo=1, routed)           0.000   134.391    CPU_U/ALU_0/mem_reg[0][31]_i_14_n_0
    SLICE_X60Y45         CARRY4 (Prop_carry4_CI_CO[1])
                                                      0.157   134.548 r  CPU_U/ALU_0/mem_reg[0][31]_i_13/CO[1]
                         net (fo=35, routed)          2.193   136.741    CPU_U/ALU_0/mem_reg[0][31]_i_13_n_2
    SLICE_X61Y36         LUT3 (Prop_lut3_I0_O)        0.332   137.073 r  CPU_U/ALU_0/mem[0][3]_i_18/O
                         net (fo=1, routed)           0.000   137.073    CPU_U/ALU_0/mem[0][3]_i_18_n_0
    SLICE_X61Y36         CARRY4 (Prop_carry4_S[1]_CO[3])
                                                      0.550   137.623 r  CPU_U/ALU_0/mem_reg[0][3]_i_14/CO[3]
                         net (fo=1, routed)           0.000   137.623    CPU_U/ALU_0/mem_reg[0][3]_i_14_n_0
    SLICE_X61Y37         CARRY4 (Prop_carry4_CI_CO[3])
                                                      0.114   137.737 r  CPU_U/ALU_0/mem_reg[0][7]_i_14/CO[3]
                         net (fo=1, routed)           0.000   137.737    CPU_U/ALU_0/mem_reg[0][7]_i_14_n_0
    SLICE_X61Y38         CARRY4 (Prop_carry4_CI_O[3])
                                                      0.313   138.050 f  CPU_U/ALU_0/mem_reg[0][11]_i_14/O[3]
                         net (fo=4, routed)           1.392   139.442    CPU_U/ALU_0/mem[0][11]_i_20_0[3]
    SLICE_X60Y34         LUT6 (Prop_lut6_I5_O)        0.306   139.748 r  CPU_U/ALU_0/mem[0][13]_i_5/O
                         net (fo=2, routed)           1.058   140.806    CPU_U/ALU_0/mem[0][13]_i_5_n_0
    SLICE_X60Y34         LUT3 (Prop_lut3_I2_O)        0.124   140.930 r  CPU_U/ALU_0/mem[0][17]_i_5/O
                         net (fo=1, routed)           0.810   141.741    CPU_U/ALU_0/mem[0][17]_i_5_n_0
    SLICE_X60Y34         LUT5 (Prop_lut5_I1_O)        0.124   141.865 f  CPU_U/ALU_0/mem[0][17]_i_4/O
                         net (fo=4, routed)           0.700   142.565    CPU_U/ALU_0/mem[0][17]_i_4_n_0
    SLICE_X60Y36         LUT6 (Prop_lut6_I2_O)        0.124   142.689 f  CPU_U/ALU_0/mem[0][20]_i_5/O
                         net (fo=3, routed)           1.103   143.792    CPU_U/ALU_0/mem[0][20]_i_5_n_0
    SLICE_X65Y38         LUT4 (Prop_lut4_I3_O)        0.124   143.916 r  CPU_U/ALU_0/mem[0][24]_i_6/O
                         net (fo=3, routed)           0.806   144.722    CPU_U/ALU_0/mem[0][24]_i_6_n_0
    SLICE_X63Y40         LUT6 (Prop_lut6_I0_O)        0.124   144.846 f  CPU_U/ALU_0/mem[0][28]_i_5/O
                         net (fo=2, routed)           1.098   145.944    CPU_U/ALU_0/mem[0][28]_i_5_n_0
    SLICE_X57Y40         LUT3 (Prop_lut3_I0_O)        0.152   146.096 r  CPU_U/ALU_0/mem[0][31]_i_12/O
                         net (fo=3, routed)           0.613   146.709    CPU_U/IDEX_0/mem[0][31]_i_3_3
    SLICE_X53Y40         LUT6 (Prop_lut6_I5_O)        0.326   147.035 r  CPU_U/IDEX_0/mem[0][31]_i_9/O
                         net (fo=1, routed)           0.473   147.509    CPU_U/IDEX_0/mem[0][31]_i_9_n_0
    SLICE_X53Y40         LUT6 (Prop_lut6_I3_O)        0.124   147.633 r  CPU_U/IDEX_0/mem[0][31]_i_3/O
                         net (fo=1, routed)           0.797   148.430    CPU_U/IDEX_0/mem[0][31]_i_3_n_0
    SLICE_X53Y41         LUT6 (Prop_lut6_I5_O)        0.124   148.554 r  CPU_U/IDEX_0/mem[0][31]_i_1/O
                         net (fo=1, routed)           0.000   148.554    CPU_U/Hi_reg_0/D[31]
    SLICE_X53Y41         FDCE                                         r  CPU_U/Hi_reg_0/mem_reg[0][31]/D
  -------------------------------------------------------------------    -------------------

Slack:                    inf
  Source:                 CPU_U/MEMWB_0/JAL_WB_reg/C
                            (rising edge-triggered cell FDCE)
  Destination:            CPU_U/Hi_reg_0/mem_reg[0][26]/D
  Path Group:             (none)
  Path Type:              Max at Slow Process Corner
  Data Path Delay:        148.510ns  (logic 58.646ns (39.490%)  route 89.864ns (60.510%))
  Logic Levels:           321  (CARRY4=275 FDCE=1 LUT1=1 LUT3=33 LUT4=2 LUT5=3 LUT6=6)

    Location             Delay type                Incr(ns)  Path(ns)    Netlist Resource(s)
  -------------------------------------------------------------------    -------------------
    SLICE_X39Y48         FDCE                         0.000     0.000 r  CPU_U/MEMWB_0/JAL_WB_reg/C
    SLICE_X39Y48         FDCE (Prop_fdce_C_Q)         0.456     0.456 r  CPU_U/MEMWB_0/JAL_WB_reg/Q
                         net (fo=34, routed)          3.220     3.676    CPU_U/MEMWB_0/sel0[4]
    SLICE_X65Y46         LUT3 (Prop_lut3_I0_O)        0.124     3.800 r  CPU_U/MEMWB_0/MEM_reg_r1_0_31_0_5_i_24/O
                         net (fo=30, routed)          4.737     8.536    CPU_U/MEMWB_0/MEM_reg_r1_0_31_0_5_i_24_n_0
    SLICE_X51Y48         LUT6 (Prop_lut6_I5_O)        0.124     8.660 f  CPU_U/MEMWB_0/MEM_reg_r1_0_31_12_17_i_19/O
                         net (fo=1, routed)           0.151     8.812    CPU_U/MEMWB_0/MEM_reg_r1_0_31_12_17_i_19_n_0
    SLICE_X51Y48         LUT6 (Prop_lut6_I5_O)        0.124     8.936 r  CPU_U/MEMWB_0/MEM_reg_r1_0_31_12_17_i_12/O
                         net (fo=3, routed)           0.166     9.102    CPU_U/IDEX_0/mult_result_u__1_23
    SLICE_X51Y48         LUT5 (Prop_lut5_I0_O)        0.124     9.226 f  CPU_U/IDEX_0/LedData[16]_i_1/O
                         net (fo=3, routed)           2.021    11.247    CPU_U/IDEX_0/R2_EX_reg[31]_0[16]
    SLICE_X65Y56         LUT3 (Prop_lut3_I2_O)        0.124    11.371 f  CPU_U/IDEX_0/mult_result_u_i_16/O
                         net (fo=96, routed)          4.021    15.392    CPU_U/IDEX_0/imm_EX_reg[17]_5
    SLICE_X37Y68         LUT1 (Prop_lut1_I0_O)        0.124    15.516 r  CPU_U/IDEX_0/mem[0][31]_i_1221/O
                         net (fo=1, routed)           0.000    15.516    CPU_U/ALU_0/mem_reg[0][31]_i_1120_1[0]
    SLICE_X37Y68         CARRY4 (Prop_carry4_S[0]_CO[3])
                                                      0.532    16.048 r  CPU_U/ALU_0/mem_reg[0][31]_i_1162/CO[3]
                         net (fo=1, routed)           0.000    16.048    CPU_U/ALU_0/mem_reg[0][31]_i_1162_n_0
    SLICE_X37Y69         CARRY4 (Prop_carry4_CI_CO[3])
                                                      0.114    16.162 r  CPU_U/ALU_0/mem_reg[0][31]_i_1157/CO[3]
                         net (fo=1, routed)           0.000    16.162    CPU_U/ALU_0/mem_reg[0][31]_i_1157_n_0
    SLICE_X37Y70         CARRY4 (Prop_carry4_CI_CO[3])
                                                      0.114    16.276 r  CPU_U/ALU_0/mem_reg[0][31]_i_1152/CO[3]
                         net (fo=1, routed)           0.000    16.276    CPU_U/ALU_0/mem_reg[0][31]_i_1152_n_0
    SLICE_X37Y71         CARRY4 (Prop_carry4_CI_CO[3])
                                                      0.114    16.390 r  CPU_U/ALU_0/mem_reg[0][31]_i_1149/CO[3]
                         net (fo=1, routed)           0.000    16.390    CPU_U/ALU_0/mem_reg[0][31]_i_1149_n_0
    SLICE_X37Y72         CARRY4 (Prop_carry4_CI_CO[0])
                                                      0.271    16.661 r  CPU_U/ALU_0/mem_reg[0][31]_i_1148/CO[0]
                         net (fo=35, routed)          1.559    18.220    CPU_U/ALU_0/mem_reg[0][31]_i_1148_n_3
    SLICE_X36Y63         LUT3 (Prop_lut3_I0_O)        0.373    18.593 r  CPU_U/ALU_0/mem[0][31]_i_1189/O
                         net (fo=1, routed)           0.000    18.593    CPU_U/ALU_0/mem[0][31]_i_1189_n_0
    SLICE_X36Y63         CARRY4 (Prop_carry4_S[1]_CO[3])
                                                      0.550    19.143 r  CPU_U/ALU_0/mem_reg[0][31]_i_1140/CO[3]
                         net (fo=1, routed)           0.000    19.143    CPU_U/ALU_0/mem_reg[0][31]_i_1140_n_0
    SLICE_X36Y64         CARRY4 (Prop_carry4_CI_CO[3])
                                                      0.114    19.257 r  CPU_U/ALU_0/mem_reg[0][31]_i_1135/CO[3]
                         net (fo=1, routed)           0.000    19.257    CPU_U/ALU_0/mem_reg[0][31]_i_1135_n_0
    SLICE_X36Y65         CARRY4 (Prop_carry4_CI_CO[3])
                                                      0.114    19.371 r  CPU_U/ALU_0/mem_reg[0][31]_i_1130/CO[3]
                         net (fo=1, routed)           0.000    19.371    CPU_U/ALU_0/mem_reg[0][31]_i_1130_n_0
    SLICE_X36Y66         CARRY4 (Prop_carry4_CI_CO[3])
                                                      0.114    19.485 r  CPU_U/ALU_0/mem_reg[0][31]_i_1125/CO[3]
                         net (fo=1, routed)           0.000    19.485    CPU_U/ALU_0/mem_reg[0][31]_i_1125_n_0
    SLICE_X36Y67         CARRY4 (Prop_carry4_CI_CO[3])
                                                      0.114    19.599 r  CPU_U/ALU_0/mem_reg[0][31]_i_1120/CO[3]
                         net (fo=1, routed)           0.000    19.599    CPU_U/ALU_0/mem_reg[0][31]_i_1120_n_0
    SLICE_X36Y68         CARRY4 (Prop_carry4_CI_CO[3])
                                                      0.114    19.713 r  CPU_U/ALU_0/mem_reg[0][31]_i_1115/CO[3]
                         net (fo=1, routed)           0.000    19.713    CPU_U/ALU_0/mem_reg[0][31]_i_1115_n_0
    SLICE_X36Y69         CARRY4 (Prop_carry4_CI_CO[3])
                                                      0.114    19.827 r  CPU_U/ALU_0/mem_reg[0][31]_i_1110/CO[3]
                         net (fo=1, routed)           0.000    19.827    CPU_U/ALU_0/mem_reg[0][31]_i_1110_n_0
    SLICE_X36Y70         CARRY4 (Prop_carry4_CI_CO[3])
                                                      0.114    19.941 r  CPU_U/ALU_0/mem_reg[0][31]_i_1107/CO[3]
                         net (fo=1, routed)           0.000    19.941    CPU_U/ALU_0/mem_reg[0][31]_i_1107_n_0
    SLICE_X36Y71         CARRY4 (Prop_carry4_CI_CO[1])
                                                      0.157    20.098 r  CPU_U/ALU_0/mem_reg[0][31]_i_1106/CO[1]
                         net (fo=35, routed)          2.050    22.148    CPU_U/ALU_0/mem_reg[0][31]_i_1106_n_2
    SLICE_X39Y63         LUT3 (Prop_lut3_I0_O)        0.329    22.477 r  CPU_U/ALU_0/mem[0][31]_i_1145/O
                         net (fo=1, routed)           0.000    22.477    CPU_U/ALU_0/mem[0][31]_i_1145_n_0
    SLICE_X39Y63         CARRY4 (Prop_carry4_S[3]_CO[3])
                                                      0.401    22.878 r  CPU_U/ALU_0/mem_reg[0][31]_i_1098/CO[3]
                         net (fo=1, routed)           0.000    22.878    CPU_U/ALU_0/mem_reg[0][31]_i_1098_n_0
    SLICE_X39Y64         CARRY4 (Prop_carry4_CI_CO[3])
                                                      0.114    22.992 r  CPU_U/ALU_0/mem_reg[0][31]_i_1093/CO[3]
                         net (fo=1, routed)           0.000    22.992    CPU_U/ALU_0/mem_reg[0][31]_i_1093_n_0
    SLICE_X39Y65         CARRY4 (Prop_carry4_CI_CO[3])
                                                      0.114    23.106 r  CPU_U/ALU_0/mem_reg[0][31]_i_1088/CO[3]
                         net (fo=1, routed)           0.000    23.106    CPU_U/ALU_0/mem_reg[0][31]_i_1088_n_0
    SLICE_X39Y66         CARRY4 (Prop_carry4_CI_CO[3])
                                                      0.114    23.220 r  CPU_U/ALU_0/mem_reg[0][31]_i_1083/CO[3]
                         net (fo=1, routed)           0.000    23.220    CPU_U/ALU_0/mem_reg[0][31]_i_1083_n_0
    SLICE_X39Y67         CARRY4 (Prop_carry4_CI_CO[3])
                                                      0.114    23.334 r  CPU_U/ALU_0/mem_reg[0][31]_i_1078/CO[3]
                         net (fo=1, routed)           0.000    23.334    CPU_U/ALU_0/mem_reg[0][31]_i_1078_n_0
    SLICE_X39Y68         CARRY4 (Prop_carry4_CI_CO[3])
                                                      0.114    23.448 r  CPU_U/ALU_0/mem_reg[0][31]_i_1073/CO[3]
                         net (fo=1, routed)           0.000    23.448    CPU_U/ALU_0/mem_reg[0][31]_i_1073_n_0
    SLICE_X39Y69         CARRY4 (Prop_carry4_CI_CO[3])
                                                      0.114    23.562 r  CPU_U/ALU_0/mem_reg[0][31]_i_1068/CO[3]
                         net (fo=1, routed)           0.000    23.562    CPU_U/ALU_0/mem_reg[0][31]_i_1068_n_0
    SLICE_X39Y70         CARRY4 (Prop_carry4_CI_CO[3])
                                                      0.114    23.676 r  CPU_U/ALU_0/mem_reg[0][31]_i_1065/CO[3]
                         net (fo=1, routed)           0.000    23.676    CPU_U/ALU_0/mem_reg[0][31]_i_1065_n_0
    SLICE_X39Y71         CARRY4 (Prop_carry4_CI_CO[1])
                                                      0.157    23.833 r  CPU_U/ALU_0/mem_reg[0][31]_i_1064/CO[1]
                         net (fo=35, routed)          2.237    26.070    CPU_U/ALU_0/mem_reg[0][31]_i_1064_n_2
    SLICE_X40Y63         LUT3 (Prop_lut3_I0_O)        0.329    26.399 r  CPU_U/ALU_0/mem[0][31]_i_1105/O
                         net (fo=1, routed)           0.000    26.399    CPU_U/ALU_0/mem[0][31]_i_1105_n_0
    SLICE_X40Y63         CARRY4 (Prop_carry4_S[1]_CO[3])
                                                      0.550    26.949 r  CPU_U/ALU_0/mem_reg[0][31]_i_1056/CO[3]
                         net (fo=1, routed)           0.000    26.949    CPU_U/ALU_0/mem_reg[0][31]_i_1056_n_0
    SLICE_X40Y64         CARRY4 (Prop_carry4_CI_CO[3])
                                                      0.114    27.063 r  CPU_U/ALU_0/mem_reg[0][31]_i_1051/CO[3]
                         net (fo=1, routed)           0.000    27.063    CPU_U/ALU_0/mem_reg[0][31]_i_1051_n_0
    SLICE_X40Y65         CARRY4 (Prop_carry4_CI_CO[3])
                                                      0.114    27.177 r  CPU_U/ALU_0/mem_reg[0][31]_i_1046/CO[3]
                         net (fo=1, routed)           0.000    27.177    CPU_U/ALU_0/mem_reg[0][31]_i_1046_n_0
    SLICE_X40Y66         CARRY4 (Prop_carry4_CI_CO[3])
                                                      0.114    27.291 r  CPU_U/ALU_0/mem_reg[0][31]_i_1041/CO[3]
                         net (fo=1, routed)           0.000    27.291    CPU_U/ALU_0/mem_reg[0][31]_i_1041_n_0
    SLICE_X40Y67         CARRY4 (Prop_carry4_CI_CO[3])
                                                      0.114    27.405 r  CPU_U/ALU_0/mem_reg[0][31]_i_1036/CO[3]
                         net (fo=1, routed)           0.000    27.405    CPU_U/ALU_0/mem_reg[0][31]_i_1036_n_0
    SLICE_X40Y68         CARRY4 (Prop_carry4_CI_CO[3])
                                                      0.114    27.519 r  CPU_U/ALU_0/mem_reg[0][31]_i_1031/CO[3]
                         net (fo=1, routed)           0.000    27.519    CPU_U/ALU_0/mem_reg[0][31]_i_1031_n_0
    SLICE_X40Y69         CARRY4 (Prop_carry4_CI_CO[3])
                                                      0.114    27.633 r  CPU_U/ALU_0/mem_reg[0][31]_i_1026/CO[3]
                         net (fo=1, routed)           0.000    27.633    CPU_U/ALU_0/mem_reg[0][31]_i_1026_n_0
    SLICE_X40Y70         CARRY4 (Prop_carry4_CI_CO[3])
                                                      0.114    27.747 r  CPU_U/ALU_0/mem_reg[0][31]_i_1023/CO[3]
                         net (fo=1, routed)           0.000    27.747    CPU_U/ALU_0/mem_reg[0][31]_i_1023_n_0
    SLICE_X40Y71         CARRY4 (Prop_carry4_CI_CO[1])
                                                      0.157    27.904 r  CPU_U/ALU_0/mem_reg[0][31]_i_1022/CO[1]
                         net (fo=35, routed)          1.914    29.818    CPU_U/ALU_0/mem_reg[0][31]_i_1022_n_2
    SLICE_X41Y62         LUT3 (Prop_lut3_I0_O)        0.329    30.147 r  CPU_U/ALU_0/mem[0][31]_i_1062/O
                         net (fo=1, routed)           0.000    30.147    CPU_U/ALU_0/mem[0][31]_i_1062_n_0
    SLICE_X41Y62         CARRY4 (Prop_carry4_S[2]_CO[3])
                                                      0.398    30.545 r  CPU_U/ALU_0/mem_reg[0][31]_i_1014/CO[3]
                         net (fo=1, routed)           0.000    30.545    CPU_U/ALU_0/mem_reg[0][31]_i_1014_n_0
    SLICE_X41Y63         CARRY4 (Prop_carry4_CI_CO[3])
                                                      0.114    30.659 r  CPU_U/ALU_0/mem_reg[0][31]_i_1009/CO[3]
                         net (fo=1, routed)           0.000    30.659    CPU_U/ALU_0/mem_reg[0][31]_i_1009_n_0
    SLICE_X41Y64         CARRY4 (Prop_carry4_CI_CO[3])
                                                      0.114    30.773 r  CPU_U/ALU_0/mem_reg[0][31]_i_1004/CO[3]
                         net (fo=1, routed)           0.000    30.773    CPU_U/ALU_0/mem_reg[0][31]_i_1004_n_0
    SLICE_X41Y65         CARRY4 (Prop_carry4_CI_CO[3])
                                                      0.114    30.887 r  CPU_U/ALU_0/mem_reg[0][31]_i_999/CO[3]
                         net (fo=1, routed)           0.000    30.887    CPU_U/ALU_0/mem_reg[0][31]_i_999_n_0
    SLICE_X41Y66         CARRY4 (Prop_carry4_CI_CO[3])
                                                      0.114    31.001 r  CPU_U/ALU_0/mem_reg[0][31]_i_994/CO[3]
                         net (fo=1, routed)           0.000    31.001    CPU_U/ALU_0/mem_reg[0][31]_i_994_n_0
    SLICE_X41Y67         CARRY4 (Prop_carry4_CI_CO[3])
                                                      0.114    31.115 r  CPU_U/ALU_0/mem_reg[0][31]_i_989/CO[3]
                         net (fo=1, routed)           0.000    31.115    CPU_U/ALU_0/mem_reg[0][31]_i_989_n_0
    SLICE_X41Y68         CARRY4 (Prop_carry4_CI_CO[3])
                                                      0.114    31.229 r  CPU_U/ALU_0/mem_reg[0][31]_i_984/CO[3]
                         net (fo=1, routed)           0.000    31.229    CPU_U/ALU_0/mem_reg[0][31]_i_984_n_0
    SLICE_X41Y69         CARRY4 (Prop_carry4_CI_CO[3])
                                                      0.114    31.343 r  CPU_U/ALU_0/mem_reg[0][31]_i_981/CO[3]
                         net (fo=1, routed)           0.000    31.343    CPU_U/ALU_0/mem_reg[0][31]_i_981_n_0
    SLICE_X41Y70         CARRY4 (Prop_carry4_CI_CO[1])
                                                      0.157    31.500 r  CPU_U/ALU_0/mem_reg[0][31]_i_980/CO[1]
                         net (fo=35, routed)          2.299    33.799    CPU_U/ALU_0/mem_reg[0][31]_i_980_n_2
    SLICE_X38Y58         LUT3 (Prop_lut3_I0_O)        0.329    34.128 r  CPU_U/ALU_0/mem[0][31]_i_1021/O
                         net (fo=1, routed)           0.000    34.128    CPU_U/ALU_0/mem[0][31]_i_1021_n_0
    SLICE_X38Y58         CARRY4 (Prop_carry4_S[1]_CO[3])
                                                      0.533    34.661 r  CPU_U/ALU_0/mem_reg[0][31]_i_972/CO[3]
                         net (fo=1, routed)           0.000    34.661    CPU_U/ALU_0/mem_reg[0][31]_i_972_n_0
    SLICE_X38Y59         CARRY4 (Prop_carry4_CI_CO[3])
                                                      0.117    34.778 r  CPU_U/ALU_0/mem_reg[0][31]_i_967/CO[3]
                         net (fo=1, routed)           0.000    34.778    CPU_U/ALU_0/mem_reg[0][31]_i_967_n_0
    SLICE_X38Y60         CARRY4 (Prop_carry4_CI_CO[3])
                                                      0.117    34.895 r  CPU_U/ALU_0/mem_reg[0][31]_i_962/CO[3]
                         net (fo=1, routed)           0.000    34.895    CPU_U/ALU_0/mem_reg[0][31]_i_962_n_0
    SLICE_X38Y61         CARRY4 (Prop_carry4_CI_CO[3])
                                                      0.117    35.012 r  CPU_U/ALU_0/mem_reg[0][31]_i_957/CO[3]
                         net (fo=1, routed)           0.000    35.012    CPU_U/ALU_0/mem_reg[0][31]_i_957_n_0
    SLICE_X38Y62         CARRY4 (Prop_carry4_CI_CO[3])
                                                      0.117    35.129 r  CPU_U/ALU_0/mem_reg[0][31]_i_952/CO[3]
                         net (fo=1, routed)           0.000    35.129    CPU_U/ALU_0/mem_reg[0][31]_i_952_n_0
    SLICE_X38Y63         CARRY4 (Prop_carry4_CI_CO[3])
                                                      0.117    35.246 r  CPU_U/ALU_0/mem_reg[0][31]_i_947/CO[3]
                         net (fo=1, routed)           0.000    35.246    CPU_U/ALU_0/mem_reg[0][31]_i_947_n_0
    SLICE_X38Y64         CARRY4 (Prop_carry4_CI_CO[3])
                                                      0.117    35.363 r  CPU_U/ALU_0/mem_reg[0][31]_i_942/CO[3]
                         net (fo=1, routed)           0.000    35.363    CPU_U/ALU_0/mem_reg[0][31]_i_942_n_0
    SLICE_X38Y65         CARRY4 (Prop_carry4_CI_CO[3])
                                                      0.117    35.480 r  CPU_U/ALU_0/mem_reg[0][31]_i_939/CO[3]
                         net (fo=1, routed)           0.000    35.480    CPU_U/ALU_0/mem_reg[0][31]_i_939_n_0
    SLICE_X38Y66         CARRY4 (Prop_carry4_CI_CO[1])
                                                      0.157    35.637 r  CPU_U/ALU_0/mem_reg[0][31]_i_938/CO[1]
                         net (fo=35, routed)          2.233    37.870    CPU_U/ALU_0/mem_reg[0][31]_i_938_n_2
    SLICE_X37Y54         LUT3 (Prop_lut3_I0_O)        0.332    38.202 r  CPU_U/ALU_0/mem[0][31]_i_979/O
                         net (fo=1, routed)           0.000    38.202    CPU_U/ALU_0/mem[0][31]_i_979_n_0
    SLICE_X37Y54         CARRY4 (Prop_carry4_S[1]_CO[3])
                                                      0.550    38.752 r  CPU_U/ALU_0/mem_reg[0][31]_i_930/CO[3]
                         net (fo=1, routed)           0.000    38.752    CPU_U/ALU_0/mem_reg[0][31]_i_930_n_0
    SLICE_X37Y55         CARRY4 (Prop_carry4_CI_CO[3])
                                                      0.114    38.866 r  CPU_U/ALU_0/mem_reg[0][31]_i_925/CO[3]
                         net (fo=1, routed)           0.000    38.866    CPU_U/ALU_0/mem_reg[0][31]_i_925_n_0
    SLICE_X37Y56         CARRY4 (Prop_carry4_CI_CO[3])
                                                      0.114    38.980 r  CPU_U/ALU_0/mem_reg[0][31]_i_920/CO[3]
                         net (fo=1, routed)           0.000    38.980    CPU_U/ALU_0/mem_reg[0][31]_i_920_n_0
    SLICE_X37Y57         CARRY4 (Prop_carry4_CI_CO[3])
                                                      0.114    39.094 r  CPU_U/ALU_0/mem_reg[0][31]_i_915/CO[3]
                         net (fo=1, routed)           0.000    39.094    CPU_U/ALU_0/mem_reg[0][31]_i_915_n_0
    SLICE_X37Y58         CARRY4 (Prop_carry4_CI_CO[3])
                                                      0.114    39.208 r  CPU_U/ALU_0/mem_reg[0][31]_i_910/CO[3]
                         net (fo=1, routed)           0.000    39.208    CPU_U/ALU_0/mem_reg[0][31]_i_910_n_0
    SLICE_X37Y59         CARRY4 (Prop_carry4_CI_CO[3])
                                                      0.114    39.322 r  CPU_U/ALU_0/mem_reg[0][31]_i_905/CO[3]
                         net (fo=1, routed)           0.000    39.322    CPU_U/ALU_0/mem_reg[0][31]_i_905_n_0
    SLICE_X37Y60         CARRY4 (Prop_carry4_CI_CO[3])
                                                      0.114    39.436 r  CPU_U/ALU_0/mem_reg[0][31]_i_900/CO[3]
                         net (fo=1, routed)           0.000    39.436    CPU_U/ALU_0/mem_reg[0][31]_i_900_n_0
    SLICE_X37Y61         CARRY4 (Prop_carry4_CI_CO[3])
                                                      0.114    39.550 r  CPU_U/ALU_0/mem_reg[0][31]_i_897/CO[3]
                         net (fo=1, routed)           0.000    39.550    CPU_U/ALU_0/mem_reg[0][31]_i_897_n_0
    SLICE_X37Y62         CARRY4 (Prop_carry4_CI_CO[1])
                                                      0.157    39.707 r  CPU_U/ALU_0/mem_reg[0][31]_i_896/CO[1]
                         net (fo=35, routed)          2.162    41.869    CPU_U/ALU_0/mem_reg[0][31]_i_896_n_2
    SLICE_X40Y53         LUT3 (Prop_lut3_I0_O)        0.329    42.198 r  CPU_U/ALU_0/mem[0][31]_i_937/O
                         net (fo=1, routed)           0.000    42.198    CPU_U/ALU_0/mem[0][31]_i_937_n_0
    SLICE_X40Y53         CARRY4 (Prop_carry4_S[1]_CO[3])
                                                      0.550    42.748 r  CPU_U/ALU_0/mem_reg[0][31]_i_888/CO[3]
                         net (fo=1, routed)           0.000    42.748    CPU_U/ALU_0/mem_reg[0][31]_i_888_n_0
    SLICE_X40Y54         CARRY4 (Prop_carry4_CI_CO[3])
                                                      0.114    42.862 r  CPU_U/ALU_0/mem_reg[0][31]_i_883/CO[3]
                         net (fo=1, routed)           0.000    42.862    CPU_U/ALU_0/mem_reg[0][31]_i_883_n_0
    SLICE_X40Y55         CARRY4 (Prop_carry4_CI_CO[3])
                                                      0.114    42.976 r  CPU_U/ALU_0/mem_reg[0][31]_i_878/CO[3]
                         net (fo=1, routed)           0.000    42.976    CPU_U/ALU_0/mem_reg[0][31]_i_878_n_0
    SLICE_X40Y56         CARRY4 (Prop_carry4_CI_CO[3])
                                                      0.114    43.090 r  CPU_U/ALU_0/mem_reg[0][31]_i_873/CO[3]
                         net (fo=1, routed)           0.000    43.090    CPU_U/ALU_0/mem_reg[0][31]_i_873_n_0
    SLICE_X40Y57         CARRY4 (Prop_carry4_CI_CO[3])
                                                      0.114    43.204 r  CPU_U/ALU_0/mem_reg[0][31]_i_868/CO[3]
                         net (fo=1, routed)           0.000    43.204    CPU_U/ALU_0/mem_reg[0][31]_i_868_n_0
    SLICE_X40Y58         CARRY4 (Prop_carry4_CI_CO[3])
                                                      0.114    43.318 r  CPU_U/ALU_0/mem_reg[0][31]_i_863/CO[3]
                         net (fo=1, routed)           0.000    43.318    CPU_U/ALU_0/mem_reg[0][31]_i_863_n_0
    SLICE_X40Y59         CARRY4 (Prop_carry4_CI_CO[3])
                                                      0.114    43.432 r  CPU_U/ALU_0/mem_reg[0][31]_i_858/CO[3]
                         net (fo=1, routed)           0.000    43.432    CPU_U/ALU_0/mem_reg[0][31]_i_858_n_0
    SLICE_X40Y60         CARRY4 (Prop_carry4_CI_CO[3])
                                                      0.114    43.546 r  CPU_U/ALU_0/mem_reg[0][31]_i_855/CO[3]
                         net (fo=1, routed)           0.000    43.546    CPU_U/ALU_0/mem_reg[0][31]_i_855_n_0
    SLICE_X40Y61         CARRY4 (Prop_carry4_CI_CO[1])
                                                      0.157    43.703 r  CPU_U/ALU_0/mem_reg[0][31]_i_854/CO[1]
                         net (fo=35, routed)          2.230    45.933    CPU_U/ALU_0/mem_reg[0][31]_i_854_n_2
    SLICE_X41Y52         LUT3 (Prop_lut3_I0_O)        0.329    46.262 r  CPU_U/ALU_0/mem[0][31]_i_895/O
                         net (fo=1, routed)           0.000    46.262    CPU_U/ALU_0/mem[0][31]_i_895_n_0
    SLICE_X41Y52         CARRY4 (Prop_carry4_S[1]_CO[3])
                                                      0.550    46.812 r  CPU_U/ALU_0/mem_reg[0][31]_i_846/CO[3]
                         net (fo=1, routed)           0.000    46.812    CPU_U/ALU_0/mem_reg[0][31]_i_846_n_0
    SLICE_X41Y53         CARRY4 (Prop_carry4_CI_CO[3])
                                                      0.114    46.926 r  CPU_U/ALU_0/mem_reg[0][31]_i_841/CO[3]
                         net (fo=1, routed)           0.000    46.926    CPU_U/ALU_0/mem_reg[0][31]_i_841_n_0
    SLICE_X41Y54         CARRY4 (Prop_carry4_CI_CO[3])
                                                      0.114    47.040 r  CPU_U/ALU_0/mem_reg[0][31]_i_836/CO[3]
                         net (fo=1, routed)           0.000    47.040    CPU_U/ALU_0/mem_reg[0][31]_i_836_n_0
    SLICE_X41Y55         CARRY4 (Prop_carry4_CI_CO[3])
                                                      0.114    47.154 r  CPU_U/ALU_0/mem_reg[0][31]_i_831/CO[3]
                         net (fo=1, routed)           0.000    47.154    CPU_U/ALU_0/mem_reg[0][31]_i_831_n_0
    SLICE_X41Y56         CARRY4 (Prop_carry4_CI_CO[3])
                                                      0.114    47.268 r  CPU_U/ALU_0/mem_reg[0][31]_i_826/CO[3]
                         net (fo=1, routed)           0.000    47.268    CPU_U/ALU_0/mem_reg[0][31]_i_826_n_0
    SLICE_X41Y57         CARRY4 (Prop_carry4_CI_CO[3])
                                                      0.114    47.382 r  CPU_U/ALU_0/mem_reg[0][31]_i_821/CO[3]
                         net (fo=1, routed)           0.000    47.382    CPU_U/ALU_0/mem_reg[0][31]_i_821_n_0
    SLICE_X41Y58         CARRY4 (Prop_carry4_CI_CO[3])
                                                      0.114    47.496 r  CPU_U/ALU_0/mem_reg[0][31]_i_816/CO[3]
                         net (fo=1, routed)           0.000    47.496    CPU_U/ALU_0/mem_reg[0][31]_i_816_n_0
    SLICE_X41Y59         CARRY4 (Prop_carry4_CI_CO[3])
                                                      0.114    47.610 r  CPU_U/ALU_0/mem_reg[0][31]_i_813/CO[3]
                         net (fo=1, routed)           0.000    47.610    CPU_U/ALU_0/mem_reg[0][31]_i_813_n_0
    SLICE_X41Y60         CARRY4 (Prop_carry4_CI_CO[1])
                                                      0.157    47.767 r  CPU_U/ALU_0/mem_reg[0][31]_i_812/CO[1]
                         net (fo=35, routed)          2.210    49.976    CPU_U/ALU_0/mem_reg[0][31]_i_812_n_2
    SLICE_X43Y51         LUT3 (Prop_lut3_I0_O)        0.329    50.305 r  CPU_U/ALU_0/mem[0][31]_i_853/O
                         net (fo=1, routed)           0.000    50.305    CPU_U/ALU_0/mem[0][31]_i_853_n_0
    SLICE_X43Y51         CARRY4 (Prop_carry4_S[1]_CO[3])
                                                      0.550    50.855 r  CPU_U/ALU_0/mem_reg[0][31]_i_804/CO[3]
                         net (fo=1, routed)           0.000    50.855    CPU_U/ALU_0/mem_reg[0][31]_i_804_n_0
    SLICE_X43Y52         CARRY4 (Prop_carry4_CI_CO[3])
                                                      0.114    50.969 r  CPU_U/ALU_0/mem_reg[0][31]_i_799/CO[3]
                         net (fo=1, routed)           0.000    50.969    CPU_U/ALU_0/mem_reg[0][31]_i_799_n_0
    SLICE_X43Y53         CARRY4 (Prop_carry4_CI_CO[3])
                                                      0.114    51.083 r  CPU_U/ALU_0/mem_reg[0][31]_i_794/CO[3]
                         net (fo=1, routed)           0.000    51.083    CPU_U/ALU_0/mem_reg[0][31]_i_794_n_0
    SLICE_X43Y54         CARRY4 (Prop_carry4_CI_CO[3])
                                                      0.114    51.197 r  CPU_U/ALU_0/mem_reg[0][31]_i_789/CO[3]
                         net (fo=1, routed)           0.000    51.197    CPU_U/ALU_0/mem_reg[0][31]_i_789_n_0
    SLICE_X43Y55         CARRY4 (Prop_carry4_CI_CO[3])
                                                      0.114    51.311 r  CPU_U/ALU_0/mem_reg[0][31]_i_784/CO[3]
                         net (fo=1, routed)           0.000    51.311    CPU_U/ALU_0/mem_reg[0][31]_i_784_n_0
    SLICE_X43Y56         CARRY4 (Prop_carry4_CI_CO[3])
                                                      0.114    51.425 r  CPU_U/ALU_0/mem_reg[0][31]_i_779/CO[3]
                         net (fo=1, routed)           0.000    51.425    CPU_U/ALU_0/mem_reg[0][31]_i_779_n_0
    SLICE_X43Y57         CARRY4 (Prop_carry4_CI_CO[3])
                                                      0.114    51.539 r  CPU_U/ALU_0/mem_reg[0][31]_i_774/CO[3]
                         net (fo=1, routed)           0.000    51.539    CPU_U/ALU_0/mem_reg[0][31]_i_774_n_0
    SLICE_X43Y58         CARRY4 (Prop_carry4_CI_CO[3])
                                                      0.114    51.653 r  CPU_U/ALU_0/mem_reg[0][31]_i_771/CO[3]
                         net (fo=1, routed)           0.000    51.653    CPU_U/ALU_0/mem_reg[0][31]_i_771_n_0
    SLICE_X43Y59         CARRY4 (Prop_carry4_CI_CO[1])
                                                      0.157    51.810 r  CPU_U/ALU_0/mem_reg[0][31]_i_770/CO[1]
                         net (fo=35, routed)          1.815    53.626    CPU_U/ALU_0/mem_reg[0][31]_i_770_n_2
    SLICE_X45Y51         CARRY4 (Prop_carry4_CYINIT_CO[3])
                                                      0.785    54.411 r  CPU_U/ALU_0/mem_reg[0][31]_i_762/CO[3]
                         net (fo=1, routed)           0.000    54.411    CPU_U/ALU_0/mem_reg[0][31]_i_762_n_0
    SLICE_X45Y52         CARRY4 (Prop_carry4_CI_CO[3])
                                                      0.114    54.525 r  CPU_U/ALU_0/mem_reg[0][31]_i_757/CO[3]
                         net (fo=1, routed)           0.000    54.525    CPU_U/ALU_0/mem_reg[0][31]_i_757_n_0
    SLICE_X45Y53         CARRY4 (Prop_carry4_CI_CO[3])
                                                      0.114    54.639 r  CPU_U/ALU_0/mem_reg[0][31]_i_752/CO[3]
                         net (fo=1, routed)           0.000    54.639    CPU_U/ALU_0/mem_reg[0][31]_i_752_n_0
    SLICE_X45Y54         CARRY4 (Prop_carry4_CI_CO[3])
                                                      0.114    54.753 r  CPU_U/ALU_0/mem_reg[0][31]_i_747/CO[3]
                         net (fo=1, routed)           0.000    54.753    CPU_U/ALU_0/mem_reg[0][31]_i_747_n_0
    SLICE_X45Y55         CARRY4 (Prop_carry4_CI_CO[3])
                                                      0.114    54.867 r  CPU_U/ALU_0/mem_reg[0][31]_i_742/CO[3]
                         net (fo=1, routed)           0.000    54.867    CPU_U/ALU_0/mem_reg[0][31]_i_742_n_0
    SLICE_X45Y56         CARRY4 (Prop_carry4_CI_CO[3])
                                                      0.114    54.981 r  CPU_U/ALU_0/mem_reg[0][31]_i_737/CO[3]
                         net (fo=1, routed)           0.000    54.981    CPU_U/ALU_0/mem_reg[0][31]_i_737_n_0
    SLICE_X45Y57         CARRY4 (Prop_carry4_CI_CO[3])
                                                      0.114    55.095 r  CPU_U/ALU_0/mem_reg[0][31]_i_732/CO[3]
                         net (fo=1, routed)           0.000    55.095    CPU_U/ALU_0/mem_reg[0][31]_i_732_n_0
    SLICE_X45Y58         CARRY4 (Prop_carry4_CI_CO[3])
                                                      0.114    55.209 r  CPU_U/ALU_0/mem_reg[0][31]_i_729/CO[3]
                         net (fo=1, routed)           0.000    55.209    CPU_U/ALU_0/mem_reg[0][31]_i_729_n_0
    SLICE_X45Y59         CARRY4 (Prop_carry4_CI_CO[1])
                                                      0.157    55.366 r  CPU_U/ALU_0/mem_reg[0][31]_i_728/CO[1]
                         net (fo=35, routed)          2.297    57.663    CPU_U/ALU_0/mem_reg[0][31]_i_728_n_2
    SLICE_X49Y51         LUT3 (Prop_lut3_I0_O)        0.329    57.992 r  CPU_U/ALU_0/mem[0][31]_i_769/O
                         net (fo=1, routed)           0.000    57.992    CPU_U/ALU_0/mem[0][31]_i_769_n_0
    SLICE_X49Y51         CARRY4 (Prop_carry4_S[1]_CO[3])
                                                      0.550    58.542 r  CPU_U/ALU_0/mem_reg[0][31]_i_720/CO[3]
                         net (fo=1, routed)           0.000    58.542    CPU_U/ALU_0/mem_reg[0][31]_i_720_n_0
    SLICE_X49Y52         CARRY4 (Prop_carry4_CI_CO[3])
                                                      0.114    58.656 r  CPU_U/ALU_0/mem_reg[0][31]_i_715/CO[3]
                         net (fo=1, routed)           0.000    58.656    CPU_U/ALU_0/mem_reg[0][31]_i_715_n_0
    SLICE_X49Y53         CARRY4 (Prop_carry4_CI_CO[3])
                                                      0.114    58.770 r  CPU_U/ALU_0/mem_reg[0][31]_i_710/CO[3]
                         net (fo=1, routed)           0.000    58.770    CPU_U/ALU_0/mem_reg[0][31]_i_710_n_0
    SLICE_X49Y54         CARRY4 (Prop_carry4_CI_CO[3])
                                                      0.114    58.884 r  CPU_U/ALU_0/mem_reg[0][31]_i_705/CO[3]
                         net (fo=1, routed)           0.000    58.884    CPU_U/ALU_0/mem_reg[0][31]_i_705_n_0
    SLICE_X49Y55         CARRY4 (Prop_carry4_CI_CO[3])
                                                      0.114    58.998 r  CPU_U/ALU_0/mem_reg[0][31]_i_700/CO[3]
                         net (fo=1, routed)           0.000    58.998    CPU_U/ALU_0/mem_reg[0][31]_i_700_n_0
    SLICE_X49Y56         CARRY4 (Prop_carry4_CI_CO[3])
                                                      0.114    59.112 r  CPU_U/ALU_0/mem_reg[0][31]_i_695/CO[3]
                         net (fo=1, routed)           0.000    59.112    CPU_U/ALU_0/mem_reg[0][31]_i_695_n_0
    SLICE_X49Y57         CARRY4 (Prop_carry4_CI_CO[3])
                                                      0.114    59.226 r  CPU_U/ALU_0/mem_reg[0][31]_i_690/CO[3]
                         net (fo=1, routed)           0.000    59.226    CPU_U/ALU_0/mem_reg[0][31]_i_690_n_0
    SLICE_X49Y58         CARRY4 (Prop_carry4_CI_CO[3])
                                                      0.114    59.340 r  CPU_U/ALU_0/mem_reg[0][31]_i_687/CO[3]
                         net (fo=1, routed)           0.000    59.340    CPU_U/ALU_0/mem_reg[0][31]_i_687_n_0
    SLICE_X49Y59         CARRY4 (Prop_carry4_CI_CO[1])
                                                      0.157    59.497 r  CPU_U/ALU_0/mem_reg[0][31]_i_686/CO[1]
                         net (fo=35, routed)          2.043    61.540    CPU_U/ALU_0/mem_reg[0][31]_i_686_n_2
    SLICE_X53Y51         LUT3 (Prop_lut3_I0_O)        0.329    61.869 r  CPU_U/ALU_0/mem[0][31]_i_725/O
                         net (fo=1, routed)           0.000    61.869    CPU_U/ALU_0/mem[0][31]_i_725_n_0
    SLICE_X53Y51         CARRY4 (Prop_carry4_S[3]_CO[3])
                                                      0.401    62.270 r  CPU_U/ALU_0/mem_reg[0][31]_i_678/CO[3]
                         net (fo=1, routed)           0.000    62.270    CPU_U/ALU_0/mem_reg[0][31]_i_678_n_0
    SLICE_X53Y52         CARRY4 (Prop_carry4_CI_CO[3])
                                                      0.114    62.384 r  CPU_U/ALU_0/mem_reg[0][31]_i_673/CO[3]
                         net (fo=1, routed)           0.000    62.384    CPU_U/ALU_0/mem_reg[0][31]_i_673_n_0
    SLICE_X53Y53         CARRY4 (Prop_carry4_CI_CO[3])
                                                      0.114    62.498 r  CPU_U/ALU_0/mem_reg[0][31]_i_668/CO[3]
                         net (fo=1, routed)           0.000    62.498    CPU_U/ALU_0/mem_reg[0][31]_i_668_n_0
    SLICE_X53Y54         CARRY4 (Prop_carry4_CI_CO[3])
                                                      0.114    62.612 r  CPU_U/ALU_0/mem_reg[0][31]_i_663/CO[3]
                         net (fo=1, routed)           0.000    62.612    CPU_U/ALU_0/mem_reg[0][31]_i_663_n_0
    SLICE_X53Y55         CARRY4 (Prop_carry4_CI_CO[3])
                                                      0.114    62.726 r  CPU_U/ALU_0/mem_reg[0][31]_i_658/CO[3]
                         net (fo=1, routed)           0.000    62.726    CPU_U/ALU_0/mem_reg[0][31]_i_658_n_0
    SLICE_X53Y56         CARRY4 (Prop_carry4_CI_CO[3])
                                                      0.114    62.840 r  CPU_U/ALU_0/mem_reg[0][31]_i_653/CO[3]
                         net (fo=1, routed)           0.000    62.840    CPU_U/ALU_0/mem_reg[0][31]_i_653_n_0
    SLICE_X53Y57         CARRY4 (Prop_carry4_CI_CO[3])
                                                      0.114    62.954 r  CPU_U/ALU_0/mem_reg[0][31]_i_648/CO[3]
                         net (fo=1, routed)           0.000    62.954    CPU_U/ALU_0/mem_reg[0][31]_i_648_n_0
    SLICE_X53Y58         CARRY4 (Prop_carry4_CI_CO[3])
                                                      0.114    63.068 r  CPU_U/ALU_0/mem_reg[0][31]_i_645/CO[3]
                         net (fo=1, routed)           0.000    63.068    CPU_U/ALU_0/mem_reg[0][31]_i_645_n_0
    SLICE_X53Y59         CARRY4 (Prop_carry4_CI_CO[1])
                                                      0.157    63.225 r  CPU_U/ALU_0/mem_reg[0][31]_i_644/CO[1]
                         net (fo=35, routed)          2.056    65.281    CPU_U/ALU_0/mem_reg[0][31]_i_644_n_2
    SLICE_X54Y51         LUT3 (Prop_lut3_I0_O)        0.329    65.610 r  CPU_U/ALU_0/mem[0][31]_i_682/O
                         net (fo=1, routed)           0.000    65.610    CPU_U/ALU_0/mem[0][31]_i_682_n_0
    SLICE_X54Y51         CARRY4 (Prop_carry4_S[0]_CO[3])
                                                      0.513    66.123 r  CPU_U/ALU_0/mem_reg[0][31]_i_631/CO[3]
                         net (fo=1, routed)           0.000    66.123    CPU_U/ALU_0/mem_reg[0][31]_i_631_n_0
    SLICE_X54Y52         CARRY4 (Prop_carry4_CI_CO[3])
                                                      0.117    66.240 r  CPU_U/ALU_0/mem_reg[0][31]_i_626/CO[3]
                         net (fo=1, routed)           0.000    66.240    CPU_U/ALU_0/mem_reg[0][31]_i_626_n_0
    SLICE_X54Y53         CARRY4 (Prop_carry4_CI_CO[3])
                                                      0.117    66.357 r  CPU_U/ALU_0/mem_reg[0][31]_i_621/CO[3]
                         net (fo=1, routed)           0.000    66.357    CPU_U/ALU_0/mem_reg[0][31]_i_621_n_0
    SLICE_X54Y54         CARRY4 (Prop_carry4_CI_CO[3])
                                                      0.117    66.474 r  CPU_U/ALU_0/mem_reg[0][31]_i_616/CO[3]
                         net (fo=1, routed)           0.000    66.474    CPU_U/ALU_0/mem_reg[0][31]_i_616_n_0
    SLICE_X54Y55         CARRY4 (Prop_carry4_CI_CO[3])
                                                      0.117    66.591 r  CPU_U/ALU_0/mem_reg[0][31]_i_611/CO[3]
                         net (fo=1, routed)           0.000    66.591    CPU_U/ALU_0/mem_reg[0][31]_i_611_n_0
    SLICE_X54Y56         CARRY4 (Prop_carry4_CI_CO[3])
                                                      0.117    66.708 r  CPU_U/ALU_0/mem_reg[0][31]_i_606/CO[3]
                         net (fo=1, routed)           0.000    66.708    CPU_U/ALU_0/mem_reg[0][31]_i_606_n_0
    SLICE_X54Y57         CARRY4 (Prop_carry4_CI_CO[3])
                                                      0.117    66.825 r  CPU_U/ALU_0/mem_reg[0][31]_i_603/CO[3]
                         net (fo=1, routed)           0.000    66.825    CPU_U/ALU_0/mem_reg[0][31]_i_603_n_0
    SLICE_X54Y58         CARRY4 (Prop_carry4_CI_CO[1])
                                                      0.157    66.982 r  CPU_U/ALU_0/mem_reg[0][31]_i_602/CO[1]
                         net (fo=35, routed)          1.961    68.944    CPU_U/ALU_0/mem_reg[0][31]_i_602_n_2
    SLICE_X55Y49         LUT3 (Prop_lut3_I0_O)        0.332    69.276 r  CPU_U/ALU_0/mem[0][31]_i_641/O
                         net (fo=1, routed)           0.000    69.276    CPU_U/ALU_0/mem[0][31]_i_641_n_0
    SLICE_X55Y49         CARRY4 (Prop_carry4_S[3]_CO[3])
                                                      0.401    69.677 r  CPU_U/ALU_0/mem_reg[0][31]_i_594/CO[3]
                         net (fo=1, routed)           0.001    69.677    CPU_U/ALU_0/mem_reg[0][31]_i_594_n_0
    SLICE_X55Y50         CARRY4 (Prop_carry4_CI_CO[3])
                                                      0.114    69.791 r  CPU_U/ALU_0/mem_reg[0][31]_i_589/CO[3]
                         net (fo=1, routed)           0.000    69.791    CPU_U/ALU_0/mem_reg[0][31]_i_589_n_0
    SLICE_X55Y51         CARRY4 (Prop_carry4_CI_CO[3])
                                                      0.114    69.905 r  CPU_U/ALU_0/mem_reg[0][31]_i_584/CO[3]
                         net (fo=1, routed)           0.000    69.905    CPU_U/ALU_0/mem_reg[0][31]_i_584_n_0
    SLICE_X55Y52         CARRY4 (Prop_carry4_CI_CO[3])
                                                      0.114    70.019 r  CPU_U/ALU_0/mem_reg[0][31]_i_579/CO[3]
                         net (fo=1, routed)           0.000    70.019    CPU_U/ALU_0/mem_reg[0][31]_i_579_n_0
    SLICE_X55Y53         CARRY4 (Prop_carry4_CI_CO[3])
                                                      0.114    70.133 r  CPU_U/ALU_0/mem_reg[0][31]_i_574/CO[3]
                         net (fo=1, routed)           0.000    70.133    CPU_U/ALU_0/mem_reg[0][31]_i_574_n_0
    SLICE_X55Y54         CARRY4 (Prop_carry4_CI_CO[3])
                                                      0.114    70.247 r  CPU_U/ALU_0/mem_reg[0][31]_i_569/CO[3]
                         net (fo=1, routed)           0.000    70.247    CPU_U/ALU_0/mem_reg[0][31]_i_569_n_0
    SLICE_X55Y55         CARRY4 (Prop_carry4_CI_CO[3])
                                                      0.114    70.361 r  CPU_U/ALU_0/mem_reg[0][31]_i_564/CO[3]
                         net (fo=1, routed)           0.000    70.361    CPU_U/ALU_0/mem_reg[0][31]_i_564_n_0
    SLICE_X55Y56         CARRY4 (Prop_carry4_CI_CO[3])
                                                      0.114    70.475 r  CPU_U/ALU_0/mem_reg[0][31]_i_561/CO[3]
                         net (fo=1, routed)           0.000    70.475    CPU_U/ALU_0/mem_reg[0][31]_i_561_n_0
    SLICE_X55Y57         CARRY4 (Prop_carry4_CI_CO[1])
                                                      0.157    70.632 r  CPU_U/ALU_0/mem_reg[0][31]_i_560/CO[1]
                         net (fo=35, routed)          2.116    72.748    CPU_U/ALU_0/mem_reg[0][31]_i_560_n_2
    SLICE_X48Y48         LUT3 (Prop_lut3_I0_O)        0.329    73.077 r  CPU_U/ALU_0/mem[0][31]_i_601/O
                         net (fo=1, routed)           0.000    73.077    CPU_U/ALU_0/mem[0][31]_i_601_n_0
    SLICE_X48Y48         CARRY4 (Prop_carry4_S[1]_CO[3])
                                                      0.550    73.627 r  CPU_U/ALU_0/mem_reg[0][31]_i_552/CO[3]
                         net (fo=1, routed)           0.000    73.627    CPU_U/ALU_0/mem_reg[0][31]_i_552_n_0
    SLICE_X48Y49         CARRY4 (Prop_carry4_CI_CO[3])
                                                      0.114    73.741 r  CPU_U/ALU_0/mem_reg[0][31]_i_547/CO[3]
                         net (fo=1, routed)           0.001    73.742    CPU_U/ALU_0/mem_reg[0][31]_i_547_n_0
    SLICE_X48Y50         CARRY4 (Prop_carry4_CI_CO[3])
                                                      0.114    73.856 r  CPU_U/ALU_0/mem_reg[0][31]_i_542/CO[3]
                         net (fo=1, routed)           0.000    73.856    CPU_U/ALU_0/mem_reg[0][31]_i_542_n_0
    SLICE_X48Y51         CARRY4 (Prop_carry4_CI_CO[3])
                                                      0.114    73.970 r  CPU_U/ALU_0/mem_reg[0][31]_i_537/CO[3]
                         net (fo=1, routed)           0.000    73.970    CPU_U/ALU_0/mem_reg[0][31]_i_537_n_0
    SLICE_X48Y52         CARRY4 (Prop_carry4_CI_CO[3])
                                                      0.114    74.084 r  CPU_U/ALU_0/mem_reg[0][31]_i_532/CO[3]
                         net (fo=1, routed)           0.000    74.084    CPU_U/ALU_0/mem_reg[0][31]_i_532_n_0
    SLICE_X48Y53         CARRY4 (Prop_carry4_CI_CO[3])
                                                      0.114    74.198 r  CPU_U/ALU_0/mem_reg[0][31]_i_527/CO[3]
                         net (fo=1, routed)           0.000    74.198    CPU_U/ALU_0/mem_reg[0][31]_i_527_n_0
    SLICE_X48Y54         CARRY4 (Prop_carry4_CI_CO[3])
                                                      0.114    74.312 r  CPU_U/ALU_0/mem_reg[0][31]_i_522/CO[3]
                         net (fo=1, routed)           0.000    74.312    CPU_U/ALU_0/mem_reg[0][31]_i_522_n_0
    SLICE_X48Y55         CARRY4 (Prop_carry4_CI_CO[3])
                                                      0.114    74.426 r  CPU_U/ALU_0/mem_reg[0][31]_i_519/CO[3]
                         net (fo=1, routed)           0.000    74.426    CPU_U/ALU_0/mem_reg[0][31]_i_519_n_0
    SLICE_X48Y56         CARRY4 (Prop_carry4_CI_CO[1])
                                                      0.157    74.583 r  CPU_U/ALU_0/mem_reg[0][31]_i_518/CO[1]
                         net (fo=35, routed)          1.640    76.223    CPU_U/ALU_0/mem_reg[0][31]_i_518_n_2
    SLICE_X51Y50         LUT3 (Prop_lut3_I0_O)        0.329    76.552 r  CPU_U/ALU_0/mem[0][31]_i_557/O
                         net (fo=1, routed)           0.000    76.552    CPU_U/ALU_0/mem[0][31]_i_557_n_0
    SLICE_X51Y50         CARRY4 (Prop_carry4_S[3]_CO[3])
                                                      0.401    76.953 r  CPU_U/ALU_0/mem_reg[0][31]_i_510/CO[3]
                         net (fo=1, routed)           0.000    76.953    CPU_U/ALU_0/mem_reg[0][31]_i_510_n_0
    SLICE_X51Y51         CARRY4 (Prop_carry4_CI_CO[3])
                                                      0.114    77.067 r  CPU_U/ALU_0/mem_reg[0][31]_i_505/CO[3]
                         net (fo=1, routed)           0.000    77.067    CPU_U/ALU_0/mem_reg[0][31]_i_505_n_0
    SLICE_X51Y52         CARRY4 (Prop_carry4_CI_CO[3])
                                                      0.114    77.181 r  CPU_U/ALU_0/mem_reg[0][31]_i_500/CO[3]
                         net (fo=1, routed)           0.000    77.181    CPU_U/ALU_0/mem_reg[0][31]_i_500_n_0
    SLICE_X51Y53         CARRY4 (Prop_carry4_CI_CO[3])
                                                      0.114    77.295 r  CPU_U/ALU_0/mem_reg[0][31]_i_495/CO[3]
                         net (fo=1, routed)           0.000    77.295    CPU_U/ALU_0/mem_reg[0][31]_i_495_n_0
    SLICE_X51Y54         CARRY4 (Prop_carry4_CI_CO[3])
                                                      0.114    77.409 r  CPU_U/ALU_0/mem_reg[0][31]_i_490/CO[3]
                         net (fo=1, routed)           0.000    77.409    CPU_U/ALU_0/mem_reg[0][31]_i_490_n_0
    SLICE_X51Y55         CARRY4 (Prop_carry4_CI_CO[3])
                                                      0.114    77.523 r  CPU_U/ALU_0/mem_reg[0][31]_i_485/CO[3]
                         net (fo=1, routed)           0.000    77.523    CPU_U/ALU_0/mem_reg[0][31]_i_485_n_0
    SLICE_X51Y56         CARRY4 (Prop_carry4_CI_CO[3])
                                                      0.114    77.637 r  CPU_U/ALU_0/mem_reg[0][31]_i_480/CO[3]
                         net (fo=1, routed)           0.000    77.637    CPU_U/ALU_0/mem_reg[0][31]_i_480_n_0
    SLICE_X51Y57         CARRY4 (Prop_carry4_CI_CO[3])
                                                      0.114    77.751 r  CPU_U/ALU_0/mem_reg[0][31]_i_477/CO[3]
                         net (fo=1, routed)           0.000    77.751    CPU_U/ALU_0/mem_reg[0][31]_i_477_n_0
    SLICE_X51Y58         CARRY4 (Prop_carry4_CI_CO[1])
                                                      0.157    77.908 r  CPU_U/ALU_0/mem_reg[0][31]_i_476/CO[1]
                         net (fo=35, routed)          2.184    80.092    CPU_U/ALU_0/mem_reg[0][31]_i_476_n_2
    SLICE_X57Y50         LUT3 (Prop_lut3_I0_O)        0.329    80.421 r  CPU_U/ALU_0/mem[0][31]_i_517/O
                         net (fo=1, routed)           0.000    80.421    CPU_U/ALU_0/mem[0][31]_i_517_n_0
    SLICE_X57Y50         CARRY4 (Prop_carry4_S[1]_CO[3])
                                                      0.550    80.971 r  CPU_U/ALU_0/mem_reg[0][31]_i_468/CO[3]
                         net (fo=1, routed)           0.000    80.971    CPU_U/ALU_0/mem_reg[0][31]_i_468_n_0
    SLICE_X57Y51         CARRY4 (Prop_carry4_CI_CO[3])
                                                      0.114    81.085 r  CPU_U/ALU_0/mem_reg[0][31]_i_463/CO[3]
                         net (fo=1, routed)           0.000    81.085    CPU_U/ALU_0/mem_reg[0][31]_i_463_n_0
    SLICE_X57Y52         CARRY4 (Prop_carry4_CI_CO[3])
                                                      0.114    81.199 r  CPU_U/ALU_0/mem_reg[0][31]_i_458/CO[3]
                         net (fo=1, routed)           0.000    81.199    CPU_U/ALU_0/mem_reg[0][31]_i_458_n_0
    SLICE_X57Y53         CARRY4 (Prop_carry4_CI_CO[3])
                                                      0.114    81.313 r  CPU_U/ALU_0/mem_reg[0][31]_i_453/CO[3]
                         net (fo=1, routed)           0.000    81.313    CPU_U/ALU_0/mem_reg[0][31]_i_453_n_0
    SLICE_X57Y54         CARRY4 (Prop_carry4_CI_CO[3])
                                                      0.114    81.427 r  CPU_U/ALU_0/mem_reg[0][31]_i_448/CO[3]
                         net (fo=1, routed)           0.000    81.427    CPU_U/ALU_0/mem_reg[0][31]_i_448_n_0
    SLICE_X57Y55         CARRY4 (Prop_carry4_CI_CO[3])
                                                      0.114    81.541 r  CPU_U/ALU_0/mem_reg[0][31]_i_443/CO[3]
                         net (fo=1, routed)           0.000    81.541    CPU_U/ALU_0/mem_reg[0][31]_i_443_n_0
    SLICE_X57Y56         CARRY4 (Prop_carry4_CI_CO[3])
                                                      0.114    81.655 r  CPU_U/ALU_0/mem_reg[0][31]_i_438/CO[3]
                         net (fo=1, routed)           0.000    81.655    CPU_U/ALU_0/mem_reg[0][31]_i_438_n_0
    SLICE_X57Y57         CARRY4 (Prop_carry4_CI_CO[3])
                                                      0.114    81.769 r  CPU_U/ALU_0/mem_reg[0][31]_i_435/CO[3]
                         net (fo=1, routed)           0.000    81.769    CPU_U/ALU_0/mem_reg[0][31]_i_435_n_0
    SLICE_X57Y58         CARRY4 (Prop_carry4_CI_CO[1])
                                                      0.157    81.926 r  CPU_U/ALU_0/mem_reg[0][31]_i_434/CO[1]
                         net (fo=35, routed)          1.984    83.910    CPU_U/ALU_0/mem_reg[0][31]_i_434_n_2
    SLICE_X58Y50         LUT3 (Prop_lut3_I0_O)        0.329    84.240 r  CPU_U/ALU_0/mem[0][31]_i_475/O
                         net (fo=1, routed)           0.000    84.240    CPU_U/ALU_0/mem[0][31]_i_475_n_0
    SLICE_X58Y50         CARRY4 (Prop_carry4_S[1]_CO[3])
                                                      0.550    84.790 r  CPU_U/ALU_0/mem_reg[0][31]_i_426/CO[3]
                         net (fo=1, routed)           0.000    84.790    CPU_U/ALU_0/mem_reg[0][31]_i_426_n_0
    SLICE_X58Y51         CARRY4 (Prop_carry4_CI_CO[3])
                                                      0.114    84.904 r  CPU_U/ALU_0/mem_reg[0][31]_i_421/CO[3]
                         net (fo=1, routed)           0.000    84.904    CPU_U/ALU_0/mem_reg[0][31]_i_421_n_0
    SLICE_X58Y52         CARRY4 (Prop_carry4_CI_CO[3])
                                                      0.114    85.018 r  CPU_U/ALU_0/mem_reg[0][31]_i_416/CO[3]
                         net (fo=1, routed)           0.000    85.018    CPU_U/ALU_0/mem_reg[0][31]_i_416_n_0
    SLICE_X58Y53         CARRY4 (Prop_carry4_CI_CO[3])
                                                      0.114    85.132 r  CPU_U/ALU_0/mem_reg[0][31]_i_411/CO[3]
                         net (fo=1, routed)           0.000    85.132    CPU_U/ALU_0/mem_reg[0][31]_i_411_n_0
    SLICE_X58Y54         CARRY4 (Prop_carry4_CI_CO[3])
                                                      0.114    85.245 r  CPU_U/ALU_0/mem_reg[0][31]_i_406/CO[3]
                         net (fo=1, routed)           0.000    85.245    CPU_U/ALU_0/mem_reg[0][31]_i_406_n_0
    SLICE_X58Y55         CARRY4 (Prop_carry4_CI_CO[3])
                                                      0.114    85.359 r  CPU_U/ALU_0/mem_reg[0][31]_i_401/CO[3]
                         net (fo=1, routed)           0.000    85.359    CPU_U/ALU_0/mem_reg[0][31]_i_401_n_0
    SLICE_X58Y56         CARRY4 (Prop_carry4_CI_CO[3])
                                                      0.114    85.473 r  CPU_U/ALU_0/mem_reg[0][31]_i_396/CO[3]
                         net (fo=1, routed)           0.000    85.473    CPU_U/ALU_0/mem_reg[0][31]_i_396_n_0
    SLICE_X58Y57         CARRY4 (Prop_carry4_CI_CO[3])
                                                      0.114    85.587 r  CPU_U/ALU_0/mem_reg[0][31]_i_393/CO[3]
                         net (fo=1, routed)           0.000    85.587    CPU_U/ALU_0/mem_reg[0][31]_i_393_n_0
    SLICE_X58Y58         CARRY4 (Prop_carry4_CI_CO[1])
                                                      0.157    85.744 r  CPU_U/ALU_0/mem_reg[0][31]_i_392/CO[1]
                         net (fo=35, routed)          2.322    88.066    CPU_U/ALU_0/mem_reg[0][31]_i_392_n_2
    SLICE_X62Y48         LUT3 (Prop_lut3_I0_O)        0.329    88.395 r  CPU_U/ALU_0/mem[0][31]_i_432/O
                         net (fo=1, routed)           0.000    88.395    CPU_U/ALU_0/mem[0][31]_i_432_n_0
    SLICE_X62Y48         CARRY4 (Prop_carry4_S[2]_CO[3])
                                                      0.398    88.793 r  CPU_U/ALU_0/mem_reg[0][31]_i_384/CO[3]
                         net (fo=1, routed)           0.000    88.793    CPU_U/ALU_0/mem_reg[0][31]_i_384_n_0
    SLICE_X62Y49         CARRY4 (Prop_carry4_CI_CO[3])
                                                      0.114    88.907 r  CPU_U/ALU_0/mem_reg[0][31]_i_379/CO[3]
                         net (fo=1, routed)           0.001    88.908    CPU_U/ALU_0/mem_reg[0][31]_i_379_n_0
    SLICE_X62Y50         CARRY4 (Prop_carry4_CI_CO[3])
                                                      0.114    89.022 r  CPU_U/ALU_0/mem_reg[0][31]_i_374/CO[3]
                         net (fo=1, routed)           0.000    89.022    CPU_U/ALU_0/mem_reg[0][31]_i_374_n_0
    SLICE_X62Y51         CARRY4 (Prop_carry4_CI_CO[3])
                                                      0.114    89.136 r  CPU_U/ALU_0/mem_reg[0][31]_i_369/CO[3]
                         net (fo=1, routed)           0.000    89.136    CPU_U/ALU_0/mem_reg[0][31]_i_369_n_0
    SLICE_X62Y52         CARRY4 (Prop_carry4_CI_CO[3])
                                                      0.114    89.250 r  CPU_U/ALU_0/mem_reg[0][31]_i_364/CO[3]
                         net (fo=1, routed)           0.000    89.250    CPU_U/ALU_0/mem_reg[0][31]_i_364_n_0
    SLICE_X62Y53         CARRY4 (Prop_carry4_CI_CO[3])
                                                      0.114    89.364 r  CPU_U/ALU_0/mem_reg[0][31]_i_359/CO[3]
                         net (fo=1, routed)           0.000    89.364    CPU_U/ALU_0/mem_reg[0][31]_i_359_n_0
    SLICE_X62Y54         CARRY4 (Prop_carry4_CI_CO[3])
                                                      0.114    89.478 r  CPU_U/ALU_0/mem_reg[0][31]_i_354/CO[3]
                         net (fo=1, routed)           0.000    89.478    CPU_U/ALU_0/mem_reg[0][31]_i_354_n_0
    SLICE_X62Y55         CARRY4 (Prop_carry4_CI_CO[3])
                                                      0.114    89.592 r  CPU_U/ALU_0/mem_reg[0][31]_i_351/CO[3]
                         net (fo=1, routed)           0.000    89.592    CPU_U/ALU_0/mem_reg[0][31]_i_351_n_0
    SLICE_X62Y56         CARRY4 (Prop_carry4_CI_CO[1])
                                                      0.157    89.749 r  CPU_U/ALU_0/mem_reg[0][31]_i_350/CO[1]
                         net (fo=35, routed)          2.219    91.967    CPU_U/ALU_0/mem_reg[0][31]_i_350_n_2
    SLICE_X59Y48         LUT3 (Prop_lut3_I0_O)        0.329    92.296 r  CPU_U/ALU_0/mem[0][31]_i_389/O
                         net (fo=1, routed)           0.000    92.296    CPU_U/ALU_0/mem[0][31]_i_389_n_0
    SLICE_X59Y48         CARRY4 (Prop_carry4_S[3]_CO[3])
                                                      0.401    92.697 r  CPU_U/ALU_0/mem_reg[0][31]_i_342/CO[3]
                         net (fo=1, routed)           0.000    92.697    CPU_U/ALU_0/mem_reg[0][31]_i_342_n_0
    SLICE_X59Y49         CARRY4 (Prop_carry4_CI_CO[3])
                                                      0.114    92.811 r  CPU_U/ALU_0/mem_reg[0][31]_i_337/CO[3]
                         net (fo=1, routed)           0.001    92.812    CPU_U/ALU_0/mem_reg[0][31]_i_337_n_0
    SLICE_X59Y50         CARRY4 (Prop_carry4_CI_CO[3])
                                                      0.114    92.926 r  CPU_U/ALU_0/mem_reg[0][31]_i_332/CO[3]
                         net (fo=1, routed)           0.000    92.926    CPU_U/ALU_0/mem_reg[0][31]_i_332_n_0
    SLICE_X59Y51         CARRY4 (Prop_carry4_CI_CO[3])
                                                      0.114    93.040 r  CPU_U/ALU_0/mem_reg[0][31]_i_327/CO[3]
                         net (fo=1, routed)           0.000    93.040    CPU_U/ALU_0/mem_reg[0][31]_i_327_n_0
    SLICE_X59Y52         CARRY4 (Prop_carry4_CI_CO[3])
                                                      0.114    93.154 r  CPU_U/ALU_0/mem_reg[0][31]_i_322/CO[3]
                         net (fo=1, routed)           0.000    93.154    CPU_U/ALU_0/mem_reg[0][31]_i_322_n_0
    SLICE_X59Y53         CARRY4 (Prop_carry4_CI_CO[3])
                                                      0.114    93.268 r  CPU_U/ALU_0/mem_reg[0][31]_i_317/CO[3]
                         net (fo=1, routed)           0.000    93.268    CPU_U/ALU_0/mem_reg[0][31]_i_317_n_0
    SLICE_X59Y54         CARRY4 (Prop_carry4_CI_CO[3])
                                                      0.114    93.382 r  CPU_U/ALU_0/mem_reg[0][31]_i_312/CO[3]
                         net (fo=1, routed)           0.000    93.382    CPU_U/ALU_0/mem_reg[0][31]_i_312_n_0
    SLICE_X59Y55         CARRY4 (Prop_carry4_CI_CO[3])
                                                      0.114    93.496 r  CPU_U/ALU_0/mem_reg[0][31]_i_309/CO[3]
                         net (fo=1, routed)           0.000    93.496    CPU_U/ALU_0/mem_reg[0][31]_i_309_n_0
    SLICE_X59Y56         CARRY4 (Prop_carry4_CI_CO[1])
                                                      0.157    93.653 r  CPU_U/ALU_0/mem_reg[0][31]_i_308/CO[1]
                         net (fo=35, routed)          2.466    96.120    CPU_U/ALU_0/mem_reg[0][31]_i_308_n_2
    SLICE_X61Y48         LUT3 (Prop_lut3_I0_O)        0.329    96.449 r  CPU_U/ALU_0/mem[0][31]_i_345/O
                         net (fo=1, routed)           0.000    96.449    CPU_U/ALU_0/mem[0][31]_i_345_n_0
    SLICE_X61Y48         CARRY4 (Prop_carry4_S[1]_CO[3])
                                                      0.550    96.999 r  CPU_U/ALU_0/mem_reg[0][31]_i_294/CO[3]
                         net (fo=1, routed)           0.000    96.999    CPU_U/ALU_0/mem_reg[0][31]_i_294_n_0
    SLICE_X61Y49         CARRY4 (Prop_carry4_CI_CO[3])
                                                      0.114    97.113 r  CPU_U/ALU_0/mem_reg[0][31]_i_289/CO[3]
                         net (fo=1, routed)           0.001    97.113    CPU_U/ALU_0/mem_reg[0][31]_i_289_n_0
    SLICE_X61Y50         CARRY4 (Prop_carry4_CI_CO[3])
                                                      0.114    97.227 r  CPU_U/ALU_0/mem_reg[0][31]_i_284/CO[3]
                         net (fo=1, routed)           0.000    97.227    CPU_U/ALU_0/mem_reg[0][31]_i_284_n_0
    SLICE_X61Y51         CARRY4 (Prop_carry4_CI_CO[3])
                                                      0.114    97.341 r  CPU_U/ALU_0/mem_reg[0][31]_i_279/CO[3]
                         net (fo=1, routed)           0.000    97.341    CPU_U/ALU_0/mem_reg[0][31]_i_279_n_0
    SLICE_X61Y52         CARRY4 (Prop_carry4_CI_CO[3])
                                                      0.114    97.455 r  CPU_U/ALU_0/mem_reg[0][31]_i_274/CO[3]
                         net (fo=1, routed)           0.000    97.455    CPU_U/ALU_0/mem_reg[0][31]_i_274_n_0
    SLICE_X61Y53         CARRY4 (Prop_carry4_CI_CO[3])
                                                      0.114    97.569 r  CPU_U/ALU_0/mem_reg[0][31]_i_269/CO[3]
                         net (fo=1, routed)           0.000    97.569    CPU_U/ALU_0/mem_reg[0][31]_i_269_n_0
    SLICE_X61Y54         CARRY4 (Prop_carry4_CI_CO[3])
                                                      0.114    97.683 r  CPU_U/ALU_0/mem_reg[0][31]_i_266/CO[3]
                         net (fo=1, routed)           0.000    97.683    CPU_U/ALU_0/mem_reg[0][31]_i_266_n_0
    SLICE_X61Y55         CARRY4 (Prop_carry4_CI_CO[1])
                                                      0.157    97.840 r  CPU_U/ALU_0/mem_reg[0][31]_i_265/CO[1]
                         net (fo=35, routed)          2.070    99.910    CPU_U/IDEX_0/CO[0]
    SLICE_X63Y46         LUT3 (Prop_lut3_I0_O)        0.329   100.239 r  CPU_U/IDEX_0/mem[0][31]_i_307/O
                         net (fo=1, routed)           0.000   100.239    CPU_U/ALU_0/mem_reg[0][31]_i_215_1[0]
    SLICE_X63Y46         CARRY4 (Prop_carry4_S[1]_CO[3])
                                                      0.550   100.789 r  CPU_U/ALU_0/mem_reg[0][31]_i_257/CO[3]
                         net (fo=1, routed)           0.000   100.789    CPU_U/ALU_0/mem_reg[0][31]_i_257_n_0
    SLICE_X63Y47         CARRY4 (Prop_carry4_CI_CO[3])
                                                      0.114   100.903 r  CPU_U/ALU_0/mem_reg[0][31]_i_252/CO[3]
                         net (fo=1, routed)           0.000   100.903    CPU_U/ALU_0/mem_reg[0][31]_i_252_n_0
    SLICE_X63Y48         CARRY4 (Prop_carry4_CI_CO[3])
                                                      0.114   101.017 r  CPU_U/ALU_0/mem_reg[0][31]_i_247/CO[3]
                         net (fo=1, routed)           0.000   101.017    CPU_U/ALU_0/mem_reg[0][31]_i_247_n_0
    SLICE_X63Y49         CARRY4 (Prop_carry4_CI_CO[3])
                                                      0.114   101.131 r  CPU_U/ALU_0/mem_reg[0][31]_i_242/CO[3]
                         net (fo=1, routed)           0.001   101.132    CPU_U/ALU_0/mem_reg[0][31]_i_242_n_0
    SLICE_X63Y50         CARRY4 (Prop_carry4_CI_CO[3])
                                                      0.114   101.246 r  CPU_U/ALU_0/mem_reg[0][31]_i_237/CO[3]
                         net (fo=1, routed)           0.000   101.246    CPU_U/ALU_0/mem_reg[0][31]_i_237_n_0
    SLICE_X63Y51         CARRY4 (Prop_carry4_CI_CO[3])
                                                      0.114   101.360 r  CPU_U/ALU_0/mem_reg[0][31]_i_232/CO[3]
                         net (fo=1, routed)           0.000   101.360    CPU_U/ALU_0/mem_reg[0][31]_i_232_n_0
    SLICE_X63Y52         CARRY4 (Prop_carry4_CI_CO[3])
                                                      0.114   101.474 r  CPU_U/ALU_0/mem_reg[0][31]_i_227/CO[3]
                         net (fo=1, routed)           0.000   101.474    CPU_U/ALU_0/mem_reg[0][31]_i_227_n_0
    SLICE_X63Y53         CARRY4 (Prop_carry4_CI_CO[3])
                                                      0.114   101.588 r  CPU_U/ALU_0/mem_reg[0][31]_i_224/CO[3]
                         net (fo=1, routed)           0.000   101.588    CPU_U/ALU_0/mem_reg[0][31]_i_224_n_0
    SLICE_X63Y54         CARRY4 (Prop_carry4_CI_CO[1])
                                                      0.157   101.745 r  CPU_U/ALU_0/mem_reg[0][31]_i_223/CO[1]
                         net (fo=35, routed)          2.448   104.193    CPU_U/ALU_0/mem_reg[0][31]_i_223_n_2
    SLICE_X52Y45         LUT3 (Prop_lut3_I0_O)        0.329   104.522 r  CPU_U/ALU_0/mem[0][31]_i_264/O
                         net (fo=1, routed)           0.000   104.522    CPU_U/ALU_0/mem[0][31]_i_264_n_0
    SLICE_X52Y45         CARRY4 (Prop_carry4_S[1]_CO[3])
                                                      0.533   105.055 r  CPU_U/ALU_0/mem_reg[0][31]_i_215/CO[3]
                         net (fo=1, routed)           0.000   105.055    CPU_U/ALU_0/mem_reg[0][31]_i_215_n_0
    SLICE_X52Y46         CARRY4 (Prop_carry4_CI_CO[3])
                                                      0.117   105.172 r  CPU_U/ALU_0/mem_reg[0][31]_i_210/CO[3]
                         net (fo=1, routed)           0.000   105.172    CPU_U/ALU_0/mem_reg[0][31]_i_210_n_0
    SLICE_X52Y47         CARRY4 (Prop_carry4_CI_CO[3])
                                                      0.117   105.289 r  CPU_U/ALU_0/mem_reg[0][31]_i_205/CO[3]
                         net (fo=1, routed)           0.000   105.289    CPU_U/ALU_0/mem_reg[0][31]_i_205_n_0
    SLICE_X52Y48         CARRY4 (Prop_carry4_CI_CO[3])
                                                      0.117   105.406 r  CPU_U/ALU_0/mem_reg[0][31]_i_200/CO[3]
                         net (fo=1, routed)           0.000   105.406    CPU_U/ALU_0/mem_reg[0][31]_i_200_n_0
    SLICE_X52Y49         CARRY4 (Prop_carry4_CI_CO[3])
                                                      0.117   105.523 r  CPU_U/ALU_0/mem_reg[0][31]_i_195/CO[3]
                         net (fo=1, routed)           0.001   105.524    CPU_U/ALU_0/mem_reg[0][31]_i_195_n_0
    SLICE_X52Y50         CARRY4 (Prop_carry4_CI_CO[3])
                                                      0.117   105.641 r  CPU_U/ALU_0/mem_reg[0][31]_i_190/CO[3]
                         net (fo=1, routed)           0.000   105.641    CPU_U/ALU_0/mem_reg[0][31]_i_190_n_0
    SLICE_X52Y51         CARRY4 (Prop_carry4_CI_CO[3])
                                                      0.117   105.758 r  CPU_U/ALU_0/mem_reg[0][31]_i_185/CO[3]
                         net (fo=1, routed)           0.000   105.758    CPU_U/ALU_0/mem_reg[0][31]_i_185_n_0
    SLICE_X52Y52         CARRY4 (Prop_carry4_CI_CO[3])
                                                      0.117   105.875 r  CPU_U/ALU_0/mem_reg[0][31]_i_182/CO[3]
                         net (fo=1, routed)           0.000   105.875    CPU_U/ALU_0/mem_reg[0][31]_i_182_n_0
    SLICE_X52Y53         CARRY4 (Prop_carry4_CI_CO[1])
                                                      0.157   106.032 r  CPU_U/ALU_0/mem_reg[0][31]_i_181/CO[1]
                         net (fo=35, routed)          2.570   108.602    CPU_U/ALU_0/mem_reg[0][31]_i_181_n_2
    SLICE_X53Y42         LUT3 (Prop_lut3_I0_O)        0.332   108.934 r  CPU_U/ALU_0/mem[0][31]_i_222/O
                         net (fo=1, routed)           0.000   108.934    CPU_U/ALU_0/mem[0][31]_i_222_n_0
    SLICE_X53Y42         CARRY4 (Prop_carry4_S[1]_CO[3])
                                                      0.550   109.484 r  CPU_U/ALU_0/mem_reg[0][31]_i_176/CO[3]
                         net (fo=1, routed)           0.000   109.484    CPU_U/ALU_0/mem_reg[0][31]_i_176_n_0
    SLICE_X53Y43         CARRY4 (Prop_carry4_CI_CO[3])
                                                      0.114   109.598 r  CPU_U/ALU_0/mem_reg[0][31]_i_171/CO[3]
                         net (fo=1, routed)           0.000   109.598    CPU_U/ALU_0/mem_reg[0][31]_i_171_n_0
    SLICE_X53Y44         CARRY4 (Prop_carry4_CI_CO[3])
                                                      0.114   109.712 r  CPU_U/ALU_0/mem_reg[0][31]_i_166/CO[3]
                         net (fo=1, routed)           0.000   109.712    CPU_U/ALU_0/mem_reg[0][31]_i_166_n_0
    SLICE_X53Y45         CARRY4 (Prop_carry4_CI_CO[3])
                                                      0.114   109.826 r  CPU_U/ALU_0/mem_reg[0][31]_i_161/CO[3]
                         net (fo=1, routed)           0.000   109.826    CPU_U/ALU_0/mem_reg[0][31]_i_161_n_0
    SLICE_X53Y46         CARRY4 (Prop_carry4_CI_CO[3])
                                                      0.114   109.940 r  CPU_U/ALU_0/mem_reg[0][31]_i_156/CO[3]
                         net (fo=1, routed)           0.000   109.940    CPU_U/ALU_0/mem_reg[0][31]_i_156_n_0
    SLICE_X53Y47         CARRY4 (Prop_carry4_CI_CO[3])
                                                      0.114   110.054 r  CPU_U/ALU_0/mem_reg[0][31]_i_151/CO[3]
                         net (fo=1, routed)           0.000   110.054    CPU_U/ALU_0/mem_reg[0][31]_i_151_n_0
    SLICE_X53Y48         CARRY4 (Prop_carry4_CI_CO[3])
                                                      0.114   110.168 r  CPU_U/ALU_0/mem_reg[0][31]_i_146/CO[3]
                         net (fo=1, routed)           0.000   110.168    CPU_U/ALU_0/mem_reg[0][31]_i_146_n_0
    SLICE_X53Y49         CARRY4 (Prop_carry4_CI_CO[3])
                                                      0.114   110.282 r  CPU_U/ALU_0/mem_reg[0][31]_i_143/CO[3]
                         net (fo=1, routed)           0.001   110.283    CPU_U/ALU_0/mem_reg[0][31]_i_143_n_0
    SLICE_X53Y50         CARRY4 (Prop_carry4_CI_CO[1])
                                                      0.157   110.440 r  CPU_U/ALU_0/mem_reg[0][31]_i_142/CO[1]
                         net (fo=35, routed)          2.550   112.990    CPU_U/ALU_0/mem_reg[0][31]_i_142_n_2
    SLICE_X56Y41         LUT3 (Prop_lut3_I0_O)        0.329   113.319 r  CPU_U/ALU_0/mem[0][27]_i_48/O
                         net (fo=1, routed)           0.000   113.319    CPU_U/ALU_0/mem[0][27]_i_48_n_0
    SLICE_X56Y41         CARRY4 (Prop_carry4_S[1]_CO[3])
                                                      0.533   113.852 r  CPU_U/ALU_0/mem_reg[0][27]_i_41/CO[3]
                         net (fo=1, routed)           0.000   113.852    CPU_U/ALU_0/mem_reg[0][27]_i_41_n_0
    SLICE_X56Y42         CARRY4 (Prop_carry4_CI_CO[3])
                                                      0.117   113.969 r  CPU_U/ALU_0/mem_reg[0][31]_i_137/CO[3]
                         net (fo=1, routed)           0.000   113.969    CPU_U/ALU_0/mem_reg[0][31]_i_137_n_0
    SLICE_X56Y43         CARRY4 (Prop_carry4_CI_CO[3])
                                                      0.117   114.086 r  CPU_U/ALU_0/mem_reg[0][31]_i_132/CO[3]
                         net (fo=1, routed)           0.000   114.086    CPU_U/ALU_0/mem_reg[0][31]_i_132_n_0
    SLICE_X56Y44         CARRY4 (Prop_carry4_CI_CO[3])
                                                      0.117   114.203 r  CPU_U/ALU_0/mem_reg[0][31]_i_127/CO[3]
                         net (fo=1, routed)           0.000   114.203    CPU_U/ALU_0/mem_reg[0][31]_i_127_n_0
    SLICE_X56Y45         CARRY4 (Prop_carry4_CI_CO[3])
                                                      0.117   114.320 r  CPU_U/ALU_0/mem_reg[0][31]_i_122/CO[3]
                         net (fo=1, routed)           0.000   114.320    CPU_U/ALU_0/mem_reg[0][31]_i_122_n_0
    SLICE_X56Y46         CARRY4 (Prop_carry4_CI_CO[3])
                                                      0.117   114.437 r  CPU_U/ALU_0/mem_reg[0][31]_i_117/CO[3]
                         net (fo=1, routed)           0.000   114.437    CPU_U/ALU_0/mem_reg[0][31]_i_117_n_0
    SLICE_X56Y47         CARRY4 (Prop_carry4_CI_CO[3])
                                                      0.117   114.554 r  CPU_U/ALU_0/mem_reg[0][31]_i_112/CO[3]
                         net (fo=1, routed)           0.000   114.554    CPU_U/ALU_0/mem_reg[0][31]_i_112_n_0
    SLICE_X56Y48         CARRY4 (Prop_carry4_CI_CO[3])
                                                      0.117   114.671 r  CPU_U/ALU_0/mem_reg[0][31]_i_109/CO[3]
                         net (fo=1, routed)           0.000   114.671    CPU_U/ALU_0/mem_reg[0][31]_i_109_n_0
    SLICE_X56Y49         CARRY4 (Prop_carry4_CI_CO[1])
                                                      0.157   114.828 r  CPU_U/ALU_0/mem_reg[0][31]_i_108/CO[1]
                         net (fo=35, routed)          2.074   116.902    CPU_U/ALU_0/mem[0][31]_i_145_0[0]
    SLICE_X57Y41         LUT3 (Prop_lut3_I0_O)        0.332   117.234 r  CPU_U/ALU_0/mem[0][23]_i_43/O
                         net (fo=1, routed)           0.000   117.234    CPU_U/ALU_0/mem[0][23]_i_43_n_0
    SLICE_X57Y41         CARRY4 (Prop_carry4_S[2]_CO[3])
                                                      0.398   117.632 r  CPU_U/ALU_0/mem_reg[0][23]_i_36/CO[3]
                         net (fo=1, routed)           0.000   117.632    CPU_U/ALU_0/mem_reg[0][23]_i_36_n_0
    SLICE_X57Y42         CARRY4 (Prop_carry4_CI_CO[3])
                                                      0.114   117.746 r  CPU_U/ALU_0/mem_reg[0][27]_i_36/CO[3]
                         net (fo=1, routed)           0.000   117.746    CPU_U/ALU_0/mem_reg[0][27]_i_36_n_0
    SLICE_X57Y43         CARRY4 (Prop_carry4_CI_CO[3])
                                                      0.114   117.860 r  CPU_U/ALU_0/mem_reg[0][31]_i_103/CO[3]
                         net (fo=1, routed)           0.000   117.860    CPU_U/ALU_0/mem_reg[0][31]_i_103_n_0
    SLICE_X57Y44         CARRY4 (Prop_carry4_CI_CO[3])
                                                      0.114   117.974 r  CPU_U/ALU_0/mem_reg[0][31]_i_98/CO[3]
                         net (fo=1, routed)           0.000   117.974    CPU_U/ALU_0/mem_reg[0][31]_i_98_n_0
    SLICE_X57Y45         CARRY4 (Prop_carry4_CI_CO[3])
                                                      0.114   118.088 r  CPU_U/ALU_0/mem_reg[0][31]_i_93/CO[3]
                         net (fo=1, routed)           0.000   118.088    CPU_U/ALU_0/mem_reg[0][31]_i_93_n_0
    SLICE_X57Y46         CARRY4 (Prop_carry4_CI_CO[3])
                                                      0.114   118.202 r  CPU_U/ALU_0/mem_reg[0][31]_i_88/CO[3]
                         net (fo=1, routed)           0.000   118.202    CPU_U/ALU_0/mem_reg[0][31]_i_88_n_0
    SLICE_X57Y47         CARRY4 (Prop_carry4_CI_CO[3])
                                                      0.114   118.316 r  CPU_U/ALU_0/mem_reg[0][31]_i_83/CO[3]
                         net (fo=1, routed)           0.000   118.316    CPU_U/ALU_0/mem_reg[0][31]_i_83_n_0
    SLICE_X57Y48         CARRY4 (Prop_carry4_CI_CO[3])
                                                      0.114   118.430 r  CPU_U/ALU_0/mem_reg[0][31]_i_80/CO[3]
                         net (fo=1, routed)           0.000   118.430    CPU_U/ALU_0/mem_reg[0][31]_i_80_n_0
    SLICE_X57Y49         CARRY4 (Prop_carry4_CI_CO[1])
                                                      0.157   118.587 r  CPU_U/ALU_0/mem_reg[0][31]_i_79/CO[1]
                         net (fo=35, routed)          2.140   120.727    CPU_U/ALU_0/mem_reg[0][31]_i_79_n_2
    SLICE_X58Y41         LUT3 (Prop_lut3_I0_O)        0.329   121.056 r  CPU_U/ALU_0/mem[0][23]_i_39/O
                         net (fo=1, routed)           0.000   121.056    CPU_U/ALU_0/mem[0][23]_i_39_n_0
    SLICE_X58Y41         CARRY4 (Prop_carry4_S[1]_CO[3])
                                                      0.550   121.606 r  CPU_U/ALU_0/mem_reg[0][23]_i_31/CO[3]
                         net (fo=1, routed)           0.000   121.606    CPU_U/ALU_0/mem_reg[0][23]_i_31_n_0
    SLICE_X58Y42         CARRY4 (Prop_carry4_CI_CO[3])
                                                      0.114   121.720 r  CPU_U/ALU_0/mem_reg[0][27]_i_31/CO[3]
                         net (fo=1, routed)           0.000   121.720    CPU_U/ALU_0/mem_reg[0][27]_i_31_n_0
    SLICE_X58Y43         CARRY4 (Prop_carry4_CI_CO[3])
                                                      0.114   121.834 r  CPU_U/ALU_0/mem_reg[0][31]_i_74/CO[3]
                         net (fo=1, routed)           0.000   121.834    CPU_U/ALU_0/mem_reg[0][31]_i_74_n_0
    SLICE_X58Y44         CARRY4 (Prop_carry4_CI_CO[3])
                                                      0.114   121.948 r  CPU_U/ALU_0/mem_reg[0][31]_i_69/CO[3]
                         net (fo=1, routed)           0.000   121.948    CPU_U/ALU_0/mem_reg[0][31]_i_69_n_0
    SLICE_X58Y45         CARRY4 (Prop_carry4_CI_CO[3])
                                                      0.114   122.062 r  CPU_U/ALU_0/mem_reg[0][31]_i_64/CO[3]
                         net (fo=1, routed)           0.000   122.062    CPU_U/ALU_0/mem_reg[0][31]_i_64_n_0
    SLICE_X58Y46         CARRY4 (Prop_carry4_CI_CO[3])
                                                      0.114   122.176 r  CPU_U/ALU_0/mem_reg[0][31]_i_59/CO[3]
                         net (fo=1, routed)           0.000   122.176    CPU_U/ALU_0/mem_reg[0][31]_i_59_n_0
    SLICE_X58Y47         CARRY4 (Prop_carry4_CI_CO[3])
                                                      0.114   122.290 r  CPU_U/ALU_0/mem_reg[0][31]_i_56/CO[3]
                         net (fo=1, routed)           0.000   122.290    CPU_U/ALU_0/mem_reg[0][31]_i_56_n_0
    SLICE_X58Y48         CARRY4 (Prop_carry4_CI_CO[1])
                                                      0.157   122.447 r  CPU_U/ALU_0/mem_reg[0][31]_i_55/CO[1]
                         net (fo=35, routed)          2.246   124.693    CPU_U/ALU_0/mem_reg[0][31]_i_55_n_2
    SLICE_X62Y39         CARRY4 (Prop_carry4_CYINIT_CO[3])
                                                      0.785   125.478 r  CPU_U/ALU_0/mem_reg[0][15]_i_26/CO[3]
                         net (fo=1, routed)           0.000   125.478    CPU_U/ALU_0/mem_reg[0][15]_i_26_n_0
    SLICE_X62Y40         CARRY4 (Prop_carry4_CI_CO[3])
                                                      0.114   125.592 r  CPU_U/ALU_0/mem_reg[0][18]_i_15/CO[3]
                         net (fo=1, routed)           0.000   125.592    CPU_U/ALU_0/mem_reg[0][18]_i_15_n_0
    SLICE_X62Y41         CARRY4 (Prop_carry4_CI_CO[3])
                                                      0.114   125.706 r  CPU_U/ALU_0/mem_reg[0][23]_i_26/CO[3]
                         net (fo=1, routed)           0.000   125.706    CPU_U/ALU_0/mem_reg[0][23]_i_26_n_0
    SLICE_X62Y42         CARRY4 (Prop_carry4_CI_CO[3])
                                                      0.114   125.820 r  CPU_U/ALU_0/mem_reg[0][27]_i_26/CO[3]
                         net (fo=1, routed)           0.000   125.820    CPU_U/ALU_0/mem_reg[0][27]_i_26_n_0
    SLICE_X62Y43         CARRY4 (Prop_carry4_CI_CO[3])
                                                      0.114   125.934 r  CPU_U/ALU_0/mem_reg[0][31]_i_50/CO[3]
                         net (fo=1, routed)           0.000   125.934    CPU_U/ALU_0/mem_reg[0][31]_i_50_n_0
    SLICE_X62Y44         CARRY4 (Prop_carry4_CI_CO[3])
                                                      0.114   126.048 r  CPU_U/ALU_0/mem_reg[0][31]_i_45/CO[3]
                         net (fo=1, routed)           0.000   126.048    CPU_U/ALU_0/mem_reg[0][31]_i_45_n_0
    SLICE_X62Y45         CARRY4 (Prop_carry4_CI_CO[3])
                                                      0.114   126.162 r  CPU_U/ALU_0/mem_reg[0][31]_i_40/CO[3]
                         net (fo=1, routed)           0.000   126.162    CPU_U/ALU_0/mem_reg[0][31]_i_40_n_0
    SLICE_X62Y46         CARRY4 (Prop_carry4_CI_CO[3])
                                                      0.114   126.276 r  CPU_U/ALU_0/mem_reg[0][31]_i_37/CO[3]
                         net (fo=1, routed)           0.000   126.276    CPU_U/ALU_0/mem_reg[0][31]_i_37_n_0
    SLICE_X62Y47         CARRY4 (Prop_carry4_CI_CO[1])
                                                      0.157   126.433 r  CPU_U/ALU_0/mem_reg[0][31]_i_36/CO[1]
                         net (fo=35, routed)          2.373   128.806    CPU_U/ALU_0/mem_reg[0][31]_i_36_n_2
    SLICE_X59Y38         LUT3 (Prop_lut3_I0_O)        0.329   129.135 r  CPU_U/ALU_0/mem[0][11]_i_28/O
                         net (fo=1, routed)           0.000   129.135    CPU_U/ALU_0/mem[0][11]_i_28_n_0
    SLICE_X59Y38         CARRY4 (Prop_carry4_S[1]_CO[3])
                                                      0.550   129.685 r  CPU_U/ALU_0/mem_reg[0][11]_i_21/CO[3]
                         net (fo=1, routed)           0.000   129.685    CPU_U/ALU_0/mem_reg[0][11]_i_21_n_0
    SLICE_X59Y39         CARRY4 (Prop_carry4_CI_CO[3])
                                                      0.114   129.799 r  CPU_U/ALU_0/mem_reg[0][15]_i_21/CO[3]
                         net (fo=1, routed)           0.000   129.799    CPU_U/ALU_0/mem_reg[0][15]_i_21_n_0
    SLICE_X59Y40         CARRY4 (Prop_carry4_CI_CO[3])
                                                      0.114   129.913 r  CPU_U/ALU_0/mem_reg[0][18]_i_10/CO[3]
                         net (fo=1, routed)           0.000   129.913    CPU_U/ALU_0/mem_reg[0][18]_i_10_n_0
    SLICE_X59Y41         CARRY4 (Prop_carry4_CI_CO[3])
                                                      0.114   130.027 r  CPU_U/ALU_0/mem_reg[0][23]_i_21/CO[3]
                         net (fo=1, routed)           0.000   130.027    CPU_U/ALU_0/mem_reg[0][23]_i_21_n_0
    SLICE_X59Y42         CARRY4 (Prop_carry4_CI_CO[3])
                                                      0.114   130.141 r  CPU_U/ALU_0/mem_reg[0][27]_i_21/CO[3]
                         net (fo=1, routed)           0.000   130.141    CPU_U/ALU_0/mem_reg[0][27]_i_21_n_0
    SLICE_X59Y43         CARRY4 (Prop_carry4_CI_CO[3])
                                                      0.114   130.255 r  CPU_U/ALU_0/mem_reg[0][31]_i_31/CO[3]
                         net (fo=1, routed)           0.000   130.255    CPU_U/ALU_0/mem_reg[0][31]_i_31_n_0
    SLICE_X59Y44         CARRY4 (Prop_carry4_CI_CO[3])
                                                      0.114   130.369 r  CPU_U/ALU_0/mem_reg[0][31]_i_26/CO[3]
                         net (fo=1, routed)           0.000   130.369    CPU_U/ALU_0/mem_reg[0][31]_i_26_n_0
    SLICE_X59Y45         CARRY4 (Prop_carry4_CI_CO[3])
                                                      0.114   130.483 r  CPU_U/ALU_0/mem_reg[0][31]_i_23/CO[3]
                         net (fo=1, routed)           0.000   130.483    CPU_U/ALU_0/mem_reg[0][31]_i_23_n_0
    SLICE_X59Y46         CARRY4 (Prop_carry4_CI_CO[1])
                                                      0.157   130.640 r  CPU_U/ALU_0/mem_reg[0][31]_i_22/CO[1]
                         net (fo=35, routed)          2.070   132.710    CPU_U/IDEX_0/mem_reg[0][7]_i_16[0]
    SLICE_X60Y37         LUT3 (Prop_lut3_I0_O)        0.329   133.039 r  CPU_U/IDEX_0/mem[0][7]_i_24/O
                         net (fo=1, routed)           0.000   133.039    CPU_U/ALU_0/mem_reg[0][3]_i_14_1[0]
    SLICE_X60Y37         CARRY4 (Prop_carry4_S[1]_CO[3])
                                                      0.533   133.572 r  CPU_U/ALU_0/mem_reg[0][7]_i_16/CO[3]
                         net (fo=1, routed)           0.000   133.572    CPU_U/ALU_0/mem_reg[0][7]_i_16_n_0
    SLICE_X60Y38         CARRY4 (Prop_carry4_CI_CO[3])
                                                      0.117   133.689 r  CPU_U/ALU_0/mem_reg[0][11]_i_16/CO[3]
                         net (fo=1, routed)           0.000   133.689    CPU_U/ALU_0/mem_reg[0][11]_i_16_n_0
    SLICE_X60Y39         CARRY4 (Prop_carry4_CI_CO[3])
                                                      0.117   133.806 r  CPU_U/ALU_0/mem_reg[0][15]_i_16/CO[3]
                         net (fo=1, routed)           0.000   133.806    CPU_U/ALU_0/mem_reg[0][15]_i_16_n_0
    SLICE_X60Y40         CARRY4 (Prop_carry4_CI_CO[3])
                                                      0.117   133.923 r  CPU_U/ALU_0/mem_reg[0][18]_i_5/CO[3]
                         net (fo=1, routed)           0.000   133.923    CPU_U/ALU_0/mem_reg[0][18]_i_5_n_0
    SLICE_X60Y41         CARRY4 (Prop_carry4_CI_CO[3])
                                                      0.117   134.040 r  CPU_U/ALU_0/mem_reg[0][23]_i_16/CO[3]
                         net (fo=1, routed)           0.000   134.040    CPU_U/ALU_0/mem_reg[0][23]_i_16_n_0
    SLICE_X60Y42         CARRY4 (Prop_carry4_CI_CO[3])
                                                      0.117   134.157 r  CPU_U/ALU_0/mem_reg[0][27]_i_16/CO[3]
                         net (fo=1, routed)           0.000   134.157    CPU_U/ALU_0/mem_reg[0][27]_i_16_n_0
    SLICE_X60Y43         CARRY4 (Prop_carry4_CI_CO[3])
                                                      0.117   134.274 r  CPU_U/ALU_0/mem_reg[0][31]_i_17/CO[3]
                         net (fo=1, routed)           0.000   134.274    CPU_U/ALU_0/mem_reg[0][31]_i_17_n_0
    SLICE_X60Y44         CARRY4 (Prop_carry4_CI_CO[3])
                                                      0.117   134.391 r  CPU_U/ALU_0/mem_reg[0][31]_i_14/CO[3]
                         net (fo=1, routed)           0.000   134.391    CPU_U/ALU_0/mem_reg[0][31]_i_14_n_0
    SLICE_X60Y45         CARRY4 (Prop_carry4_CI_CO[1])
                                                      0.157   134.548 r  CPU_U/ALU_0/mem_reg[0][31]_i_13/CO[1]
                         net (fo=35, routed)          2.193   136.741    CPU_U/ALU_0/mem_reg[0][31]_i_13_n_2
    SLICE_X61Y36         LUT3 (Prop_lut3_I0_O)        0.332   137.073 r  CPU_U/ALU_0/mem[0][3]_i_18/O
                         net (fo=1, routed)           0.000   137.073    CPU_U/ALU_0/mem[0][3]_i_18_n_0
    SLICE_X61Y36         CARRY4 (Prop_carry4_S[1]_CO[3])
                                                      0.550   137.623 r  CPU_U/ALU_0/mem_reg[0][3]_i_14/CO[3]
                         net (fo=1, routed)           0.000   137.623    CPU_U/ALU_0/mem_reg[0][3]_i_14_n_0
    SLICE_X61Y37         CARRY4 (Prop_carry4_CI_CO[3])
                                                      0.114   137.737 r  CPU_U/ALU_0/mem_reg[0][7]_i_14/CO[3]
                         net (fo=1, routed)           0.000   137.737    CPU_U/ALU_0/mem_reg[0][7]_i_14_n_0
    SLICE_X61Y38         CARRY4 (Prop_carry4_CI_O[3])
                                                      0.313   138.050 r  CPU_U/ALU_0/mem_reg[0][11]_i_14/O[3]
                         net (fo=4, routed)           1.392   139.442    CPU_U/ALU_0/mem[0][11]_i_20_0[3]
    SLICE_X60Y34         LUT6 (Prop_lut6_I5_O)        0.306   139.748 f  CPU_U/ALU_0/mem[0][13]_i_5/O
                         net (fo=2, routed)           1.058   140.806    CPU_U/ALU_0/mem[0][13]_i_5_n_0
    SLICE_X60Y34         LUT3 (Prop_lut3_I2_O)        0.124   140.930 f  CPU_U/ALU_0/mem[0][17]_i_5/O
                         net (fo=1, routed)           0.810   141.741    CPU_U/ALU_0/mem[0][17]_i_5_n_0
    SLICE_X60Y34         LUT5 (Prop_lut5_I1_O)        0.124   141.865 r  CPU_U/ALU_0/mem[0][17]_i_4/O
                         net (fo=4, routed)           0.700   142.565    CPU_U/ALU_0/mem[0][17]_i_4_n_0
    SLICE_X60Y36         LUT6 (Prop_lut6_I2_O)        0.124   142.689 r  CPU_U/ALU_0/mem[0][20]_i_5/O
                         net (fo=3, routed)           1.103   143.792    CPU_U/ALU_0/mem[0][20]_i_5_n_0
    SLICE_X65Y38         LUT4 (Prop_lut4_I3_O)        0.124   143.916 f  CPU_U/ALU_0/mem[0][24]_i_6/O
                         net (fo=3, routed)           0.650   144.566    CPU_U/ALU_0/mem[0][24]_i_6_n_0
    SLICE_X65Y39         LUT4 (Prop_lut4_I1_O)        0.124   144.690 r  CPU_U/ALU_0/mem[0][25]_i_4/O
                         net (fo=2, routed)           0.566   145.256    CPU_U/ALU_0/mem[0][25]_i_4_n_0
    SLICE_X63Y39         LUT3 (Prop_lut3_I2_O)        0.150   145.406 r  CPU_U/ALU_0/mem[0][27]_i_15/O
                         net (fo=2, routed)           0.823   146.229    CPU_U/ALU_0/mem[0][27]_i_15_n_0
    SLICE_X58Y39         LUT5 (Prop_lut5_I3_O)        0.326   146.555 r  CPU_U/ALU_0/mem[0][26]_i_3/O
                         net (fo=1, routed)           0.730   147.285    CPU_U/ALU_0/mem[0][26]_i_3_n_0
    SLICE_X57Y39         LUT6 (Prop_lut6_I0_O)        0.124   147.409 r  CPU_U/ALU_0/mem[0][26]_i_2__0/O
                         net (fo=1, routed)           0.976   148.386    CPU_U/IDEX_0/mem_reg[0][26]
    SLICE_X55Y42         LUT6 (Prop_lut6_I5_O)        0.124   148.510 r  CPU_U/IDEX_0/mem[0][26]_i_1/O
                         net (fo=1, routed)           0.000   148.510    CPU_U/Hi_reg_0/D[26]
    SLICE_X55Y42         FDCE                                         r  CPU_U/Hi_reg_0/mem_reg[0][26]/D
  -------------------------------------------------------------------    -------------------

Slack:                    inf
  Source:                 CPU_U/MEMWB_0/JAL_WB_reg/C
                            (rising edge-triggered cell FDCE)
  Destination:            CPU_U/Hi_reg_0/mem_reg[0][27]/D
  Path Group:             (none)
  Path Type:              Max at Slow Process Corner
  Data Path Delay:        148.302ns  (logic 58.646ns (39.545%)  route 89.656ns (60.455%))
  Logic Levels:           321  (CARRY4=275 FDCE=1 LUT1=1 LUT3=33 LUT4=2 LUT5=2 LUT6=7)

    Location             Delay type                Incr(ns)  Path(ns)    Netlist Resource(s)
  -------------------------------------------------------------------    -------------------
    SLICE_X39Y48         FDCE                         0.000     0.000 r  CPU_U/MEMWB_0/JAL_WB_reg/C
    SLICE_X39Y48         FDCE (Prop_fdce_C_Q)         0.456     0.456 r  CPU_U/MEMWB_0/JAL_WB_reg/Q
                         net (fo=34, routed)          3.220     3.676    CPU_U/MEMWB_0/sel0[4]
    SLICE_X65Y46         LUT3 (Prop_lut3_I0_O)        0.124     3.800 r  CPU_U/MEMWB_0/MEM_reg_r1_0_31_0_5_i_24/O
                         net (fo=30, routed)          4.737     8.536    CPU_U/MEMWB_0/MEM_reg_r1_0_31_0_5_i_24_n_0
    SLICE_X51Y48         LUT6 (Prop_lut6_I5_O)        0.124     8.660 f  CPU_U/MEMWB_0/MEM_reg_r1_0_31_12_17_i_19/O
                         net (fo=1, routed)           0.151     8.812    CPU_U/MEMWB_0/MEM_reg_r1_0_31_12_17_i_19_n_0
    SLICE_X51Y48         LUT6 (Prop_lut6_I5_O)        0.124     8.936 r  CPU_U/MEMWB_0/MEM_reg_r1_0_31_12_17_i_12/O
                         net (fo=3, routed)           0.166     9.102    CPU_U/IDEX_0/mult_result_u__1_23
    SLICE_X51Y48         LUT5 (Prop_lut5_I0_O)        0.124     9.226 f  CPU_U/IDEX_0/LedData[16]_i_1/O
                         net (fo=3, routed)           2.021    11.247    CPU_U/IDEX_0/R2_EX_reg[31]_0[16]
    SLICE_X65Y56         LUT3 (Prop_lut3_I2_O)        0.124    11.371 f  CPU_U/IDEX_0/mult_result_u_i_16/O
                         net (fo=96, routed)          4.021    15.392    CPU_U/IDEX_0/imm_EX_reg[17]_5
    SLICE_X37Y68         LUT1 (Prop_lut1_I0_O)        0.124    15.516 r  CPU_U/IDEX_0/mem[0][31]_i_1221/O
                         net (fo=1, routed)           0.000    15.516    CPU_U/ALU_0/mem_reg[0][31]_i_1120_1[0]
    SLICE_X37Y68         CARRY4 (Prop_carry4_S[0]_CO[3])
                                                      0.532    16.048 r  CPU_U/ALU_0/mem_reg[0][31]_i_1162/CO[3]
                         net (fo=1, routed)           0.000    16.048    CPU_U/ALU_0/mem_reg[0][31]_i_1162_n_0
    SLICE_X37Y69         CARRY4 (Prop_carry4_CI_CO[3])
                                                      0.114    16.162 r  CPU_U/ALU_0/mem_reg[0][31]_i_1157/CO[3]
                         net (fo=1, routed)           0.000    16.162    CPU_U/ALU_0/mem_reg[0][31]_i_1157_n_0
    SLICE_X37Y70         CARRY4 (Prop_carry4_CI_CO[3])
                                                      0.114    16.276 r  CPU_U/ALU_0/mem_reg[0][31]_i_1152/CO[3]
                         net (fo=1, routed)           0.000    16.276    CPU_U/ALU_0/mem_reg[0][31]_i_1152_n_0
    SLICE_X37Y71         CARRY4 (Prop_carry4_CI_CO[3])
                                                      0.114    16.390 r  CPU_U/ALU_0/mem_reg[0][31]_i_1149/CO[3]
                         net (fo=1, routed)           0.000    16.390    CPU_U/ALU_0/mem_reg[0][31]_i_1149_n_0
    SLICE_X37Y72         CARRY4 (Prop_carry4_CI_CO[0])
                                                      0.271    16.661 r  CPU_U/ALU_0/mem_reg[0][31]_i_1148/CO[0]
                         net (fo=35, routed)          1.559    18.220    CPU_U/ALU_0/mem_reg[0][31]_i_1148_n_3
    SLICE_X36Y63         LUT3 (Prop_lut3_I0_O)        0.373    18.593 r  CPU_U/ALU_0/mem[0][31]_i_1189/O
                         net (fo=1, routed)           0.000    18.593    CPU_U/ALU_0/mem[0][31]_i_1189_n_0
    SLICE_X36Y63         CARRY4 (Prop_carry4_S[1]_CO[3])
                                                      0.550    19.143 r  CPU_U/ALU_0/mem_reg[0][31]_i_1140/CO[3]
                         net (fo=1, routed)           0.000    19.143    CPU_U/ALU_0/mem_reg[0][31]_i_1140_n_0
    SLICE_X36Y64         CARRY4 (Prop_carry4_CI_CO[3])
                                                      0.114    19.257 r  CPU_U/ALU_0/mem_reg[0][31]_i_1135/CO[3]
                         net (fo=1, routed)           0.000    19.257    CPU_U/ALU_0/mem_reg[0][31]_i_1135_n_0
    SLICE_X36Y65         CARRY4 (Prop_carry4_CI_CO[3])
                                                      0.114    19.371 r  CPU_U/ALU_0/mem_reg[0][31]_i_1130/CO[3]
                         net (fo=1, routed)           0.000    19.371    CPU_U/ALU_0/mem_reg[0][31]_i_1130_n_0
    SLICE_X36Y66         CARRY4 (Prop_carry4_CI_CO[3])
                                                      0.114    19.485 r  CPU_U/ALU_0/mem_reg[0][31]_i_1125/CO[3]
                         net (fo=1, routed)           0.000    19.485    CPU_U/ALU_0/mem_reg[0][31]_i_1125_n_0
    SLICE_X36Y67         CARRY4 (Prop_carry4_CI_CO[3])
                                                      0.114    19.599 r  CPU_U/ALU_0/mem_reg[0][31]_i_1120/CO[3]
                         net (fo=1, routed)           0.000    19.599    CPU_U/ALU_0/mem_reg[0][31]_i_1120_n_0
    SLICE_X36Y68         CARRY4 (Prop_carry4_CI_CO[3])
                                                      0.114    19.713 r  CPU_U/ALU_0/mem_reg[0][31]_i_1115/CO[3]
                         net (fo=1, routed)           0.000    19.713    CPU_U/ALU_0/mem_reg[0][31]_i_1115_n_0
    SLICE_X36Y69         CARRY4 (Prop_carry4_CI_CO[3])
                                                      0.114    19.827 r  CPU_U/ALU_0/mem_reg[0][31]_i_1110/CO[3]
                         net (fo=1, routed)           0.000    19.827    CPU_U/ALU_0/mem_reg[0][31]_i_1110_n_0
    SLICE_X36Y70         CARRY4 (Prop_carry4_CI_CO[3])
                                                      0.114    19.941 r  CPU_U/ALU_0/mem_reg[0][31]_i_1107/CO[3]
                         net (fo=1, routed)           0.000    19.941    CPU_U/ALU_0/mem_reg[0][31]_i_1107_n_0
    SLICE_X36Y71         CARRY4 (Prop_carry4_CI_CO[1])
                                                      0.157    20.098 r  CPU_U/ALU_0/mem_reg[0][31]_i_1106/CO[1]
                         net (fo=35, routed)          2.050    22.148    CPU_U/ALU_0/mem_reg[0][31]_i_1106_n_2
    SLICE_X39Y63         LUT3 (Prop_lut3_I0_O)        0.329    22.477 r  CPU_U/ALU_0/mem[0][31]_i_1145/O
                         net (fo=1, routed)           0.000    22.477    CPU_U/ALU_0/mem[0][31]_i_1145_n_0
    SLICE_X39Y63         CARRY4 (Prop_carry4_S[3]_CO[3])
                                                      0.401    22.878 r  CPU_U/ALU_0/mem_reg[0][31]_i_1098/CO[3]
                         net (fo=1, routed)           0.000    22.878    CPU_U/ALU_0/mem_reg[0][31]_i_1098_n_0
    SLICE_X39Y64         CARRY4 (Prop_carry4_CI_CO[3])
                                                      0.114    22.992 r  CPU_U/ALU_0/mem_reg[0][31]_i_1093/CO[3]
                         net (fo=1, routed)           0.000    22.992    CPU_U/ALU_0/mem_reg[0][31]_i_1093_n_0
    SLICE_X39Y65         CARRY4 (Prop_carry4_CI_CO[3])
                                                      0.114    23.106 r  CPU_U/ALU_0/mem_reg[0][31]_i_1088/CO[3]
                         net (fo=1, routed)           0.000    23.106    CPU_U/ALU_0/mem_reg[0][31]_i_1088_n_0
    SLICE_X39Y66         CARRY4 (Prop_carry4_CI_CO[3])
                                                      0.114    23.220 r  CPU_U/ALU_0/mem_reg[0][31]_i_1083/CO[3]
                         net (fo=1, routed)           0.000    23.220    CPU_U/ALU_0/mem_reg[0][31]_i_1083_n_0
    SLICE_X39Y67         CARRY4 (Prop_carry4_CI_CO[3])
                                                      0.114    23.334 r  CPU_U/ALU_0/mem_reg[0][31]_i_1078/CO[3]
                         net (fo=1, routed)           0.000    23.334    CPU_U/ALU_0/mem_reg[0][31]_i_1078_n_0
    SLICE_X39Y68         CARRY4 (Prop_carry4_CI_CO[3])
                                                      0.114    23.448 r  CPU_U/ALU_0/mem_reg[0][31]_i_1073/CO[3]
                         net (fo=1, routed)           0.000    23.448    CPU_U/ALU_0/mem_reg[0][31]_i_1073_n_0
    SLICE_X39Y69         CARRY4 (Prop_carry4_CI_CO[3])
                                                      0.114    23.562 r  CPU_U/ALU_0/mem_reg[0][31]_i_1068/CO[3]
                         net (fo=1, routed)           0.000    23.562    CPU_U/ALU_0/mem_reg[0][31]_i_1068_n_0
    SLICE_X39Y70         CARRY4 (Prop_carry4_CI_CO[3])
                                                      0.114    23.676 r  CPU_U/ALU_0/mem_reg[0][31]_i_1065/CO[3]
                         net (fo=1, routed)           0.000    23.676    CPU_U/ALU_0/mem_reg[0][31]_i_1065_n_0
    SLICE_X39Y71         CARRY4 (Prop_carry4_CI_CO[1])
                                                      0.157    23.833 r  CPU_U/ALU_0/mem_reg[0][31]_i_1064/CO[1]
                         net (fo=35, routed)          2.237    26.070    CPU_U/ALU_0/mem_reg[0][31]_i_1064_n_2
    SLICE_X40Y63         LUT3 (Prop_lut3_I0_O)        0.329    26.399 r  CPU_U/ALU_0/mem[0][31]_i_1105/O
                         net (fo=1, routed)           0.000    26.399    CPU_U/ALU_0/mem[0][31]_i_1105_n_0
    SLICE_X40Y63         CARRY4 (Prop_carry4_S[1]_CO[3])
                                                      0.550    26.949 r  CPU_U/ALU_0/mem_reg[0][31]_i_1056/CO[3]
                         net (fo=1, routed)           0.000    26.949    CPU_U/ALU_0/mem_reg[0][31]_i_1056_n_0
    SLICE_X40Y64         CARRY4 (Prop_carry4_CI_CO[3])
                                                      0.114    27.063 r  CPU_U/ALU_0/mem_reg[0][31]_i_1051/CO[3]
                         net (fo=1, routed)           0.000    27.063    CPU_U/ALU_0/mem_reg[0][31]_i_1051_n_0
    SLICE_X40Y65         CARRY4 (Prop_carry4_CI_CO[3])
                                                      0.114    27.177 r  CPU_U/ALU_0/mem_reg[0][31]_i_1046/CO[3]
                         net (fo=1, routed)           0.000    27.177    CPU_U/ALU_0/mem_reg[0][31]_i_1046_n_0
    SLICE_X40Y66         CARRY4 (Prop_carry4_CI_CO[3])
                                                      0.114    27.291 r  CPU_U/ALU_0/mem_reg[0][31]_i_1041/CO[3]
                         net (fo=1, routed)           0.000    27.291    CPU_U/ALU_0/mem_reg[0][31]_i_1041_n_0
    SLICE_X40Y67         CARRY4 (Prop_carry4_CI_CO[3])
                                                      0.114    27.405 r  CPU_U/ALU_0/mem_reg[0][31]_i_1036/CO[3]
                         net (fo=1, routed)           0.000    27.405    CPU_U/ALU_0/mem_reg[0][31]_i_1036_n_0
    SLICE_X40Y68         CARRY4 (Prop_carry4_CI_CO[3])
                                                      0.114    27.519 r  CPU_U/ALU_0/mem_reg[0][31]_i_1031/CO[3]
                         net (fo=1, routed)           0.000    27.519    CPU_U/ALU_0/mem_reg[0][31]_i_1031_n_0
    SLICE_X40Y69         CARRY4 (Prop_carry4_CI_CO[3])
                                                      0.114    27.633 r  CPU_U/ALU_0/mem_reg[0][31]_i_1026/CO[3]
                         net (fo=1, routed)           0.000    27.633    CPU_U/ALU_0/mem_reg[0][31]_i_1026_n_0
    SLICE_X40Y70         CARRY4 (Prop_carry4_CI_CO[3])
                                                      0.114    27.747 r  CPU_U/ALU_0/mem_reg[0][31]_i_1023/CO[3]
                         net (fo=1, routed)           0.000    27.747    CPU_U/ALU_0/mem_reg[0][31]_i_1023_n_0
    SLICE_X40Y71         CARRY4 (Prop_carry4_CI_CO[1])
                                                      0.157    27.904 r  CPU_U/ALU_0/mem_reg[0][31]_i_1022/CO[1]
                         net (fo=35, routed)          1.914    29.818    CPU_U/ALU_0/mem_reg[0][31]_i_1022_n_2
    SLICE_X41Y62         LUT3 (Prop_lut3_I0_O)        0.329    30.147 r  CPU_U/ALU_0/mem[0][31]_i_1062/O
                         net (fo=1, routed)           0.000    30.147    CPU_U/ALU_0/mem[0][31]_i_1062_n_0
    SLICE_X41Y62         CARRY4 (Prop_carry4_S[2]_CO[3])
                                                      0.398    30.545 r  CPU_U/ALU_0/mem_reg[0][31]_i_1014/CO[3]
                         net (fo=1, routed)           0.000    30.545    CPU_U/ALU_0/mem_reg[0][31]_i_1014_n_0
    SLICE_X41Y63         CARRY4 (Prop_carry4_CI_CO[3])
                                                      0.114    30.659 r  CPU_U/ALU_0/mem_reg[0][31]_i_1009/CO[3]
                         net (fo=1, routed)           0.000    30.659    CPU_U/ALU_0/mem_reg[0][31]_i_1009_n_0
    SLICE_X41Y64         CARRY4 (Prop_carry4_CI_CO[3])
                                                      0.114    30.773 r  CPU_U/ALU_0/mem_reg[0][31]_i_1004/CO[3]
                         net (fo=1, routed)           0.000    30.773    CPU_U/ALU_0/mem_reg[0][31]_i_1004_n_0
    SLICE_X41Y65         CARRY4 (Prop_carry4_CI_CO[3])
                                                      0.114    30.887 r  CPU_U/ALU_0/mem_reg[0][31]_i_999/CO[3]
                         net (fo=1, routed)           0.000    30.887    CPU_U/ALU_0/mem_reg[0][31]_i_999_n_0
    SLICE_X41Y66         CARRY4 (Prop_carry4_CI_CO[3])
                                                      0.114    31.001 r  CPU_U/ALU_0/mem_reg[0][31]_i_994/CO[3]
                         net (fo=1, routed)           0.000    31.001    CPU_U/ALU_0/mem_reg[0][31]_i_994_n_0
    SLICE_X41Y67         CARRY4 (Prop_carry4_CI_CO[3])
                                                      0.114    31.115 r  CPU_U/ALU_0/mem_reg[0][31]_i_989/CO[3]
                         net (fo=1, routed)           0.000    31.115    CPU_U/ALU_0/mem_reg[0][31]_i_989_n_0
    SLICE_X41Y68         CARRY4 (Prop_carry4_CI_CO[3])
                                                      0.114    31.229 r  CPU_U/ALU_0/mem_reg[0][31]_i_984/CO[3]
                         net (fo=1, routed)           0.000    31.229    CPU_U/ALU_0/mem_reg[0][31]_i_984_n_0
    SLICE_X41Y69         CARRY4 (Prop_carry4_CI_CO[3])
                                                      0.114    31.343 r  CPU_U/ALU_0/mem_reg[0][31]_i_981/CO[3]
                         net (fo=1, routed)           0.000    31.343    CPU_U/ALU_0/mem_reg[0][31]_i_981_n_0
    SLICE_X41Y70         CARRY4 (Prop_carry4_CI_CO[1])
                                                      0.157    31.500 r  CPU_U/ALU_0/mem_reg[0][31]_i_980/CO[1]
                         net (fo=35, routed)          2.299    33.799    CPU_U/ALU_0/mem_reg[0][31]_i_980_n_2
    SLICE_X38Y58         LUT3 (Prop_lut3_I0_O)        0.329    34.128 r  CPU_U/ALU_0/mem[0][31]_i_1021/O
                         net (fo=1, routed)           0.000    34.128    CPU_U/ALU_0/mem[0][31]_i_1021_n_0
    SLICE_X38Y58         CARRY4 (Prop_carry4_S[1]_CO[3])
                                                      0.533    34.661 r  CPU_U/ALU_0/mem_reg[0][31]_i_972/CO[3]
                         net (fo=1, routed)           0.000    34.661    CPU_U/ALU_0/mem_reg[0][31]_i_972_n_0
    SLICE_X38Y59         CARRY4 (Prop_carry4_CI_CO[3])
                                                      0.117    34.778 r  CPU_U/ALU_0/mem_reg[0][31]_i_967/CO[3]
                         net (fo=1, routed)           0.000    34.778    CPU_U/ALU_0/mem_reg[0][31]_i_967_n_0
    SLICE_X38Y60         CARRY4 (Prop_carry4_CI_CO[3])
                                                      0.117    34.895 r  CPU_U/ALU_0/mem_reg[0][31]_i_962/CO[3]
                         net (fo=1, routed)           0.000    34.895    CPU_U/ALU_0/mem_reg[0][31]_i_962_n_0
    SLICE_X38Y61         CARRY4 (Prop_carry4_CI_CO[3])
                                                      0.117    35.012 r  CPU_U/ALU_0/mem_reg[0][31]_i_957/CO[3]
                         net (fo=1, routed)           0.000    35.012    CPU_U/ALU_0/mem_reg[0][31]_i_957_n_0
    SLICE_X38Y62         CARRY4 (Prop_carry4_CI_CO[3])
                                                      0.117    35.129 r  CPU_U/ALU_0/mem_reg[0][31]_i_952/CO[3]
                         net (fo=1, routed)           0.000    35.129    CPU_U/ALU_0/mem_reg[0][31]_i_952_n_0
    SLICE_X38Y63         CARRY4 (Prop_carry4_CI_CO[3])
                                                      0.117    35.246 r  CPU_U/ALU_0/mem_reg[0][31]_i_947/CO[3]
                         net (fo=1, routed)           0.000    35.246    CPU_U/ALU_0/mem_reg[0][31]_i_947_n_0
    SLICE_X38Y64         CARRY4 (Prop_carry4_CI_CO[3])
                                                      0.117    35.363 r  CPU_U/ALU_0/mem_reg[0][31]_i_942/CO[3]
                         net (fo=1, routed)           0.000    35.363    CPU_U/ALU_0/mem_reg[0][31]_i_942_n_0
    SLICE_X38Y65         CARRY4 (Prop_carry4_CI_CO[3])
                                                      0.117    35.480 r  CPU_U/ALU_0/mem_reg[0][31]_i_939/CO[3]
                         net (fo=1, routed)           0.000    35.480    CPU_U/ALU_0/mem_reg[0][31]_i_939_n_0
    SLICE_X38Y66         CARRY4 (Prop_carry4_CI_CO[1])
                                                      0.157    35.637 r  CPU_U/ALU_0/mem_reg[0][31]_i_938/CO[1]
                         net (fo=35, routed)          2.233    37.870    CPU_U/ALU_0/mem_reg[0][31]_i_938_n_2
    SLICE_X37Y54         LUT3 (Prop_lut3_I0_O)        0.332    38.202 r  CPU_U/ALU_0/mem[0][31]_i_979/O
                         net (fo=1, routed)           0.000    38.202    CPU_U/ALU_0/mem[0][31]_i_979_n_0
    SLICE_X37Y54         CARRY4 (Prop_carry4_S[1]_CO[3])
                                                      0.550    38.752 r  CPU_U/ALU_0/mem_reg[0][31]_i_930/CO[3]
                         net (fo=1, routed)           0.000    38.752    CPU_U/ALU_0/mem_reg[0][31]_i_930_n_0
    SLICE_X37Y55         CARRY4 (Prop_carry4_CI_CO[3])
                                                      0.114    38.866 r  CPU_U/ALU_0/mem_reg[0][31]_i_925/CO[3]
                         net (fo=1, routed)           0.000    38.866    CPU_U/ALU_0/mem_reg[0][31]_i_925_n_0
    SLICE_X37Y56         CARRY4 (Prop_carry4_CI_CO[3])
                                                      0.114    38.980 r  CPU_U/ALU_0/mem_reg[0][31]_i_920/CO[3]
                         net (fo=1, routed)           0.000    38.980    CPU_U/ALU_0/mem_reg[0][31]_i_920_n_0
    SLICE_X37Y57         CARRY4 (Prop_carry4_CI_CO[3])
                                                      0.114    39.094 r  CPU_U/ALU_0/mem_reg[0][31]_i_915/CO[3]
                         net (fo=1, routed)           0.000    39.094    CPU_U/ALU_0/mem_reg[0][31]_i_915_n_0
    SLICE_X37Y58         CARRY4 (Prop_carry4_CI_CO[3])
                                                      0.114    39.208 r  CPU_U/ALU_0/mem_reg[0][31]_i_910/CO[3]
                         net (fo=1, routed)           0.000    39.208    CPU_U/ALU_0/mem_reg[0][31]_i_910_n_0
    SLICE_X37Y59         CARRY4 (Prop_carry4_CI_CO[3])
                                                      0.114    39.322 r  CPU_U/ALU_0/mem_reg[0][31]_i_905/CO[3]
                         net (fo=1, routed)           0.000    39.322    CPU_U/ALU_0/mem_reg[0][31]_i_905_n_0
    SLICE_X37Y60         CARRY4 (Prop_carry4_CI_CO[3])
                                                      0.114    39.436 r  CPU_U/ALU_0/mem_reg[0][31]_i_900/CO[3]
                         net (fo=1, routed)           0.000    39.436    CPU_U/ALU_0/mem_reg[0][31]_i_900_n_0
    SLICE_X37Y61         CARRY4 (Prop_carry4_CI_CO[3])
                                                      0.114    39.550 r  CPU_U/ALU_0/mem_reg[0][31]_i_897/CO[3]
                         net (fo=1, routed)           0.000    39.550    CPU_U/ALU_0/mem_reg[0][31]_i_897_n_0
    SLICE_X37Y62         CARRY4 (Prop_carry4_CI_CO[1])
                                                      0.157    39.707 r  CPU_U/ALU_0/mem_reg[0][31]_i_896/CO[1]
                         net (fo=35, routed)          2.162    41.869    CPU_U/ALU_0/mem_reg[0][31]_i_896_n_2
    SLICE_X40Y53         LUT3 (Prop_lut3_I0_O)        0.329    42.198 r  CPU_U/ALU_0/mem[0][31]_i_937/O
                         net (fo=1, routed)           0.000    42.198    CPU_U/ALU_0/mem[0][31]_i_937_n_0
    SLICE_X40Y53         CARRY4 (Prop_carry4_S[1]_CO[3])
                                                      0.550    42.748 r  CPU_U/ALU_0/mem_reg[0][31]_i_888/CO[3]
                         net (fo=1, routed)           0.000    42.748    CPU_U/ALU_0/mem_reg[0][31]_i_888_n_0
    SLICE_X40Y54         CARRY4 (Prop_carry4_CI_CO[3])
                                                      0.114    42.862 r  CPU_U/ALU_0/mem_reg[0][31]_i_883/CO[3]
                         net (fo=1, routed)           0.000    42.862    CPU_U/ALU_0/mem_reg[0][31]_i_883_n_0
    SLICE_X40Y55         CARRY4 (Prop_carry4_CI_CO[3])
                                                      0.114    42.976 r  CPU_U/ALU_0/mem_reg[0][31]_i_878/CO[3]
                         net (fo=1, routed)           0.000    42.976    CPU_U/ALU_0/mem_reg[0][31]_i_878_n_0
    SLICE_X40Y56         CARRY4 (Prop_carry4_CI_CO[3])
                                                      0.114    43.090 r  CPU_U/ALU_0/mem_reg[0][31]_i_873/CO[3]
                         net (fo=1, routed)           0.000    43.090    CPU_U/ALU_0/mem_reg[0][31]_i_873_n_0
    SLICE_X40Y57         CARRY4 (Prop_carry4_CI_CO[3])
                                                      0.114    43.204 r  CPU_U/ALU_0/mem_reg[0][31]_i_868/CO[3]
                         net (fo=1, routed)           0.000    43.204    CPU_U/ALU_0/mem_reg[0][31]_i_868_n_0
    SLICE_X40Y58         CARRY4 (Prop_carry4_CI_CO[3])
                                                      0.114    43.318 r  CPU_U/ALU_0/mem_reg[0][31]_i_863/CO[3]
                         net (fo=1, routed)           0.000    43.318    CPU_U/ALU_0/mem_reg[0][31]_i_863_n_0
    SLICE_X40Y59         CARRY4 (Prop_carry4_CI_CO[3])
                                                      0.114    43.432 r  CPU_U/ALU_0/mem_reg[0][31]_i_858/CO[3]
                         net (fo=1, routed)           0.000    43.432    CPU_U/ALU_0/mem_reg[0][31]_i_858_n_0
    SLICE_X40Y60         CARRY4 (Prop_carry4_CI_CO[3])
                                                      0.114    43.546 r  CPU_U/ALU_0/mem_reg[0][31]_i_855/CO[3]
                         net (fo=1, routed)           0.000    43.546    CPU_U/ALU_0/mem_reg[0][31]_i_855_n_0
    SLICE_X40Y61         CARRY4 (Prop_carry4_CI_CO[1])
                                                      0.157    43.703 r  CPU_U/ALU_0/mem_reg[0][31]_i_854/CO[1]
                         net (fo=35, routed)          2.230    45.933    CPU_U/ALU_0/mem_reg[0][31]_i_854_n_2
    SLICE_X41Y52         LUT3 (Prop_lut3_I0_O)        0.329    46.262 r  CPU_U/ALU_0/mem[0][31]_i_895/O
                         net (fo=1, routed)           0.000    46.262    CPU_U/ALU_0/mem[0][31]_i_895_n_0
    SLICE_X41Y52         CARRY4 (Prop_carry4_S[1]_CO[3])
                                                      0.550    46.812 r  CPU_U/ALU_0/mem_reg[0][31]_i_846/CO[3]
                         net (fo=1, routed)           0.000    46.812    CPU_U/ALU_0/mem_reg[0][31]_i_846_n_0
    SLICE_X41Y53         CARRY4 (Prop_carry4_CI_CO[3])
                                                      0.114    46.926 r  CPU_U/ALU_0/mem_reg[0][31]_i_841/CO[3]
                         net (fo=1, routed)           0.000    46.926    CPU_U/ALU_0/mem_reg[0][31]_i_841_n_0
    SLICE_X41Y54         CARRY4 (Prop_carry4_CI_CO[3])
                                                      0.114    47.040 r  CPU_U/ALU_0/mem_reg[0][31]_i_836/CO[3]
                         net (fo=1, routed)           0.000    47.040    CPU_U/ALU_0/mem_reg[0][31]_i_836_n_0
    SLICE_X41Y55         CARRY4 (Prop_carry4_CI_CO[3])
                                                      0.114    47.154 r  CPU_U/ALU_0/mem_reg[0][31]_i_831/CO[3]
                         net (fo=1, routed)           0.000    47.154    CPU_U/ALU_0/mem_reg[0][31]_i_831_n_0
    SLICE_X41Y56         CARRY4 (Prop_carry4_CI_CO[3])
                                                      0.114    47.268 r  CPU_U/ALU_0/mem_reg[0][31]_i_826/CO[3]
                         net (fo=1, routed)           0.000    47.268    CPU_U/ALU_0/mem_reg[0][31]_i_826_n_0
    SLICE_X41Y57         CARRY4 (Prop_carry4_CI_CO[3])
                                                      0.114    47.382 r  CPU_U/ALU_0/mem_reg[0][31]_i_821/CO[3]
                         net (fo=1, routed)           0.000    47.382    CPU_U/ALU_0/mem_reg[0][31]_i_821_n_0
    SLICE_X41Y58         CARRY4 (Prop_carry4_CI_CO[3])
                                                      0.114    47.496 r  CPU_U/ALU_0/mem_reg[0][31]_i_816/CO[3]
                         net (fo=1, routed)           0.000    47.496    CPU_U/ALU_0/mem_reg[0][31]_i_816_n_0
    SLICE_X41Y59         CARRY4 (Prop_carry4_CI_CO[3])
                                                      0.114    47.610 r  CPU_U/ALU_0/mem_reg[0][31]_i_813/CO[3]
                         net (fo=1, routed)           0.000    47.610    CPU_U/ALU_0/mem_reg[0][31]_i_813_n_0
    SLICE_X41Y60         CARRY4 (Prop_carry4_CI_CO[1])
                                                      0.157    47.767 r  CPU_U/ALU_0/mem_reg[0][31]_i_812/CO[1]
                         net (fo=35, routed)          2.210    49.976    CPU_U/ALU_0/mem_reg[0][31]_i_812_n_2
    SLICE_X43Y51         LUT3 (Prop_lut3_I0_O)        0.329    50.305 r  CPU_U/ALU_0/mem[0][31]_i_853/O
                         net (fo=1, routed)           0.000    50.305    CPU_U/ALU_0/mem[0][31]_i_853_n_0
    SLICE_X43Y51         CARRY4 (Prop_carry4_S[1]_CO[3])
                                                      0.550    50.855 r  CPU_U/ALU_0/mem_reg[0][31]_i_804/CO[3]
                         net (fo=1, routed)           0.000    50.855    CPU_U/ALU_0/mem_reg[0][31]_i_804_n_0
    SLICE_X43Y52         CARRY4 (Prop_carry4_CI_CO[3])
                                                      0.114    50.969 r  CPU_U/ALU_0/mem_reg[0][31]_i_799/CO[3]
                         net (fo=1, routed)           0.000    50.969    CPU_U/ALU_0/mem_reg[0][31]_i_799_n_0
    SLICE_X43Y53         CARRY4 (Prop_carry4_CI_CO[3])
                                                      0.114    51.083 r  CPU_U/ALU_0/mem_reg[0][31]_i_794/CO[3]
                         net (fo=1, routed)           0.000    51.083    CPU_U/ALU_0/mem_reg[0][31]_i_794_n_0
    SLICE_X43Y54         CARRY4 (Prop_carry4_CI_CO[3])
                                                      0.114    51.197 r  CPU_U/ALU_0/mem_reg[0][31]_i_789/CO[3]
                         net (fo=1, routed)           0.000    51.197    CPU_U/ALU_0/mem_reg[0][31]_i_789_n_0
    SLICE_X43Y55         CARRY4 (Prop_carry4_CI_CO[3])
                                                      0.114    51.311 r  CPU_U/ALU_0/mem_reg[0][31]_i_784/CO[3]
                         net (fo=1, routed)           0.000    51.311    CPU_U/ALU_0/mem_reg[0][31]_i_784_n_0
    SLICE_X43Y56         CARRY4 (Prop_carry4_CI_CO[3])
                                                      0.114    51.425 r  CPU_U/ALU_0/mem_reg[0][31]_i_779/CO[3]
                         net (fo=1, routed)           0.000    51.425    CPU_U/ALU_0/mem_reg[0][31]_i_779_n_0
    SLICE_X43Y57         CARRY4 (Prop_carry4_CI_CO[3])
                                                      0.114    51.539 r  CPU_U/ALU_0/mem_reg[0][31]_i_774/CO[3]
                         net (fo=1, routed)           0.000    51.539    CPU_U/ALU_0/mem_reg[0][31]_i_774_n_0
    SLICE_X43Y58         CARRY4 (Prop_carry4_CI_CO[3])
                                                      0.114    51.653 r  CPU_U/ALU_0/mem_reg[0][31]_i_771/CO[3]
                         net (fo=1, routed)           0.000    51.653    CPU_U/ALU_0/mem_reg[0][31]_i_771_n_0
    SLICE_X43Y59         CARRY4 (Prop_carry4_CI_CO[1])
                                                      0.157    51.810 r  CPU_U/ALU_0/mem_reg[0][31]_i_770/CO[1]
                         net (fo=35, routed)          1.815    53.626    CPU_U/ALU_0/mem_reg[0][31]_i_770_n_2
    SLICE_X45Y51         CARRY4 (Prop_carry4_CYINIT_CO[3])
                                                      0.785    54.411 r  CPU_U/ALU_0/mem_reg[0][31]_i_762/CO[3]
                         net (fo=1, routed)           0.000    54.411    CPU_U/ALU_0/mem_reg[0][31]_i_762_n_0
    SLICE_X45Y52         CARRY4 (Prop_carry4_CI_CO[3])
                                                      0.114    54.525 r  CPU_U/ALU_0/mem_reg[0][31]_i_757/CO[3]
                         net (fo=1, routed)           0.000    54.525    CPU_U/ALU_0/mem_reg[0][31]_i_757_n_0
    SLICE_X45Y53         CARRY4 (Prop_carry4_CI_CO[3])
                                                      0.114    54.639 r  CPU_U/ALU_0/mem_reg[0][31]_i_752/CO[3]
                         net (fo=1, routed)           0.000    54.639    CPU_U/ALU_0/mem_reg[0][31]_i_752_n_0
    SLICE_X45Y54         CARRY4 (Prop_carry4_CI_CO[3])
                                                      0.114    54.753 r  CPU_U/ALU_0/mem_reg[0][31]_i_747/CO[3]
                         net (fo=1, routed)           0.000    54.753    CPU_U/ALU_0/mem_reg[0][31]_i_747_n_0
    SLICE_X45Y55         CARRY4 (Prop_carry4_CI_CO[3])
                                                      0.114    54.867 r  CPU_U/ALU_0/mem_reg[0][31]_i_742/CO[3]
                         net (fo=1, routed)           0.000    54.867    CPU_U/ALU_0/mem_reg[0][31]_i_742_n_0
    SLICE_X45Y56         CARRY4 (Prop_carry4_CI_CO[3])
                                                      0.114    54.981 r  CPU_U/ALU_0/mem_reg[0][31]_i_737/CO[3]
                         net (fo=1, routed)           0.000    54.981    CPU_U/ALU_0/mem_reg[0][31]_i_737_n_0
    SLICE_X45Y57         CARRY4 (Prop_carry4_CI_CO[3])
                                                      0.114    55.095 r  CPU_U/ALU_0/mem_reg[0][31]_i_732/CO[3]
                         net (fo=1, routed)           0.000    55.095    CPU_U/ALU_0/mem_reg[0][31]_i_732_n_0
    SLICE_X45Y58         CARRY4 (Prop_carry4_CI_CO[3])
                                                      0.114    55.209 r  CPU_U/ALU_0/mem_reg[0][31]_i_729/CO[3]
                         net (fo=1, routed)           0.000    55.209    CPU_U/ALU_0/mem_reg[0][31]_i_729_n_0
    SLICE_X45Y59         CARRY4 (Prop_carry4_CI_CO[1])
                                                      0.157    55.366 r  CPU_U/ALU_0/mem_reg[0][31]_i_728/CO[1]
                         net (fo=35, routed)          2.297    57.663    CPU_U/ALU_0/mem_reg[0][31]_i_728_n_2
    SLICE_X49Y51         LUT3 (Prop_lut3_I0_O)        0.329    57.992 r  CPU_U/ALU_0/mem[0][31]_i_769/O
                         net (fo=1, routed)           0.000    57.992    CPU_U/ALU_0/mem[0][31]_i_769_n_0
    SLICE_X49Y51         CARRY4 (Prop_carry4_S[1]_CO[3])
                                                      0.550    58.542 r  CPU_U/ALU_0/mem_reg[0][31]_i_720/CO[3]
                         net (fo=1, routed)           0.000    58.542    CPU_U/ALU_0/mem_reg[0][31]_i_720_n_0
    SLICE_X49Y52         CARRY4 (Prop_carry4_CI_CO[3])
                                                      0.114    58.656 r  CPU_U/ALU_0/mem_reg[0][31]_i_715/CO[3]
                         net (fo=1, routed)           0.000    58.656    CPU_U/ALU_0/mem_reg[0][31]_i_715_n_0
    SLICE_X49Y53         CARRY4 (Prop_carry4_CI_CO[3])
                                                      0.114    58.770 r  CPU_U/ALU_0/mem_reg[0][31]_i_710/CO[3]
                         net (fo=1, routed)           0.000    58.770    CPU_U/ALU_0/mem_reg[0][31]_i_710_n_0
    SLICE_X49Y54         CARRY4 (Prop_carry4_CI_CO[3])
                                                      0.114    58.884 r  CPU_U/ALU_0/mem_reg[0][31]_i_705/CO[3]
                         net (fo=1, routed)           0.000    58.884    CPU_U/ALU_0/mem_reg[0][31]_i_705_n_0
    SLICE_X49Y55         CARRY4 (Prop_carry4_CI_CO[3])
                                                      0.114    58.998 r  CPU_U/ALU_0/mem_reg[0][31]_i_700/CO[3]
                         net (fo=1, routed)           0.000    58.998    CPU_U/ALU_0/mem_reg[0][31]_i_700_n_0
    SLICE_X49Y56         CARRY4 (Prop_carry4_CI_CO[3])
                                                      0.114    59.112 r  CPU_U/ALU_0/mem_reg[0][31]_i_695/CO[3]
                         net (fo=1, routed)           0.000    59.112    CPU_U/ALU_0/mem_reg[0][31]_i_695_n_0
    SLICE_X49Y57         CARRY4 (Prop_carry4_CI_CO[3])
                                                      0.114    59.226 r  CPU_U/ALU_0/mem_reg[0][31]_i_690/CO[3]
                         net (fo=1, routed)           0.000    59.226    CPU_U/ALU_0/mem_reg[0][31]_i_690_n_0
    SLICE_X49Y58         CARRY4 (Prop_carry4_CI_CO[3])
                                                      0.114    59.340 r  CPU_U/ALU_0/mem_reg[0][31]_i_687/CO[3]
                         net (fo=1, routed)           0.000    59.340    CPU_U/ALU_0/mem_reg[0][31]_i_687_n_0
    SLICE_X49Y59         CARRY4 (Prop_carry4_CI_CO[1])
                                                      0.157    59.497 r  CPU_U/ALU_0/mem_reg[0][31]_i_686/CO[1]
                         net (fo=35, routed)          2.043    61.540    CPU_U/ALU_0/mem_reg[0][31]_i_686_n_2
    SLICE_X53Y51         LUT3 (Prop_lut3_I0_O)        0.329    61.869 r  CPU_U/ALU_0/mem[0][31]_i_725/O
                         net (fo=1, routed)           0.000    61.869    CPU_U/ALU_0/mem[0][31]_i_725_n_0
    SLICE_X53Y51         CARRY4 (Prop_carry4_S[3]_CO[3])
                                                      0.401    62.270 r  CPU_U/ALU_0/mem_reg[0][31]_i_678/CO[3]
                         net (fo=1, routed)           0.000    62.270    CPU_U/ALU_0/mem_reg[0][31]_i_678_n_0
    SLICE_X53Y52         CARRY4 (Prop_carry4_CI_CO[3])
                                                      0.114    62.384 r  CPU_U/ALU_0/mem_reg[0][31]_i_673/CO[3]
                         net (fo=1, routed)           0.000    62.384    CPU_U/ALU_0/mem_reg[0][31]_i_673_n_0
    SLICE_X53Y53         CARRY4 (Prop_carry4_CI_CO[3])
                                                      0.114    62.498 r  CPU_U/ALU_0/mem_reg[0][31]_i_668/CO[3]
                         net (fo=1, routed)           0.000    62.498    CPU_U/ALU_0/mem_reg[0][31]_i_668_n_0
    SLICE_X53Y54         CARRY4 (Prop_carry4_CI_CO[3])
                                                      0.114    62.612 r  CPU_U/ALU_0/mem_reg[0][31]_i_663/CO[3]
                         net (fo=1, routed)           0.000    62.612    CPU_U/ALU_0/mem_reg[0][31]_i_663_n_0
    SLICE_X53Y55         CARRY4 (Prop_carry4_CI_CO[3])
                                                      0.114    62.726 r  CPU_U/ALU_0/mem_reg[0][31]_i_658/CO[3]
                         net (fo=1, routed)           0.000    62.726    CPU_U/ALU_0/mem_reg[0][31]_i_658_n_0
    SLICE_X53Y56         CARRY4 (Prop_carry4_CI_CO[3])
                                                      0.114    62.840 r  CPU_U/ALU_0/mem_reg[0][31]_i_653/CO[3]
                         net (fo=1, routed)           0.000    62.840    CPU_U/ALU_0/mem_reg[0][31]_i_653_n_0
    SLICE_X53Y57         CARRY4 (Prop_carry4_CI_CO[3])
                                                      0.114    62.954 r  CPU_U/ALU_0/mem_reg[0][31]_i_648/CO[3]
                         net (fo=1, routed)           0.000    62.954    CPU_U/ALU_0/mem_reg[0][31]_i_648_n_0
    SLICE_X53Y58         CARRY4 (Prop_carry4_CI_CO[3])
                                                      0.114    63.068 r  CPU_U/ALU_0/mem_reg[0][31]_i_645/CO[3]
                         net (fo=1, routed)           0.000    63.068    CPU_U/ALU_0/mem_reg[0][31]_i_645_n_0
    SLICE_X53Y59         CARRY4 (Prop_carry4_CI_CO[1])
                                                      0.157    63.225 r  CPU_U/ALU_0/mem_reg[0][31]_i_644/CO[1]
                         net (fo=35, routed)          2.056    65.281    CPU_U/ALU_0/mem_reg[0][31]_i_644_n_2
    SLICE_X54Y51         LUT3 (Prop_lut3_I0_O)        0.329    65.610 r  CPU_U/ALU_0/mem[0][31]_i_682/O
                         net (fo=1, routed)           0.000    65.610    CPU_U/ALU_0/mem[0][31]_i_682_n_0
    SLICE_X54Y51         CARRY4 (Prop_carry4_S[0]_CO[3])
                                                      0.513    66.123 r  CPU_U/ALU_0/mem_reg[0][31]_i_631/CO[3]
                         net (fo=1, routed)           0.000    66.123    CPU_U/ALU_0/mem_reg[0][31]_i_631_n_0
    SLICE_X54Y52         CARRY4 (Prop_carry4_CI_CO[3])
                                                      0.117    66.240 r  CPU_U/ALU_0/mem_reg[0][31]_i_626/CO[3]
                         net (fo=1, routed)           0.000    66.240    CPU_U/ALU_0/mem_reg[0][31]_i_626_n_0
    SLICE_X54Y53         CARRY4 (Prop_carry4_CI_CO[3])
                                                      0.117    66.357 r  CPU_U/ALU_0/mem_reg[0][31]_i_621/CO[3]
                         net (fo=1, routed)           0.000    66.357    CPU_U/ALU_0/mem_reg[0][31]_i_621_n_0
    SLICE_X54Y54         CARRY4 (Prop_carry4_CI_CO[3])
                                                      0.117    66.474 r  CPU_U/ALU_0/mem_reg[0][31]_i_616/CO[3]
                         net (fo=1, routed)           0.000    66.474    CPU_U/ALU_0/mem_reg[0][31]_i_616_n_0
    SLICE_X54Y55         CARRY4 (Prop_carry4_CI_CO[3])
                                                      0.117    66.591 r  CPU_U/ALU_0/mem_reg[0][31]_i_611/CO[3]
                         net (fo=1, routed)           0.000    66.591    CPU_U/ALU_0/mem_reg[0][31]_i_611_n_0
    SLICE_X54Y56         CARRY4 (Prop_carry4_CI_CO[3])
                                                      0.117    66.708 r  CPU_U/ALU_0/mem_reg[0][31]_i_606/CO[3]
                         net (fo=1, routed)           0.000    66.708    CPU_U/ALU_0/mem_reg[0][31]_i_606_n_0
    SLICE_X54Y57         CARRY4 (Prop_carry4_CI_CO[3])
                                                      0.117    66.825 r  CPU_U/ALU_0/mem_reg[0][31]_i_603/CO[3]
                         net (fo=1, routed)           0.000    66.825    CPU_U/ALU_0/mem_reg[0][31]_i_603_n_0
    SLICE_X54Y58         CARRY4 (Prop_carry4_CI_CO[1])
                                                      0.157    66.982 r  CPU_U/ALU_0/mem_reg[0][31]_i_602/CO[1]
                         net (fo=35, routed)          1.961    68.944    CPU_U/ALU_0/mem_reg[0][31]_i_602_n_2
    SLICE_X55Y49         LUT3 (Prop_lut3_I0_O)        0.332    69.276 r  CPU_U/ALU_0/mem[0][31]_i_641/O
                         net (fo=1, routed)           0.000    69.276    CPU_U/ALU_0/mem[0][31]_i_641_n_0
    SLICE_X55Y49         CARRY4 (Prop_carry4_S[3]_CO[3])
                                                      0.401    69.677 r  CPU_U/ALU_0/mem_reg[0][31]_i_594/CO[3]
                         net (fo=1, routed)           0.001    69.677    CPU_U/ALU_0/mem_reg[0][31]_i_594_n_0
    SLICE_X55Y50         CARRY4 (Prop_carry4_CI_CO[3])
                                                      0.114    69.791 r  CPU_U/ALU_0/mem_reg[0][31]_i_589/CO[3]
                         net (fo=1, routed)           0.000    69.791    CPU_U/ALU_0/mem_reg[0][31]_i_589_n_0
    SLICE_X55Y51         CARRY4 (Prop_carry4_CI_CO[3])
                                                      0.114    69.905 r  CPU_U/ALU_0/mem_reg[0][31]_i_584/CO[3]
                         net (fo=1, routed)           0.000    69.905    CPU_U/ALU_0/mem_reg[0][31]_i_584_n_0
    SLICE_X55Y52         CARRY4 (Prop_carry4_CI_CO[3])
                                                      0.114    70.019 r  CPU_U/ALU_0/mem_reg[0][31]_i_579/CO[3]
                         net (fo=1, routed)           0.000    70.019    CPU_U/ALU_0/mem_reg[0][31]_i_579_n_0
    SLICE_X55Y53         CARRY4 (Prop_carry4_CI_CO[3])
                                                      0.114    70.133 r  CPU_U/ALU_0/mem_reg[0][31]_i_574/CO[3]
                         net (fo=1, routed)           0.000    70.133    CPU_U/ALU_0/mem_reg[0][31]_i_574_n_0
    SLICE_X55Y54         CARRY4 (Prop_carry4_CI_CO[3])
                                                      0.114    70.247 r  CPU_U/ALU_0/mem_reg[0][31]_i_569/CO[3]
                         net (fo=1, routed)           0.000    70.247    CPU_U/ALU_0/mem_reg[0][31]_i_569_n_0
    SLICE_X55Y55         CARRY4 (Prop_carry4_CI_CO[3])
                                                      0.114    70.361 r  CPU_U/ALU_0/mem_reg[0][31]_i_564/CO[3]
                         net (fo=1, routed)           0.000    70.361    CPU_U/ALU_0/mem_reg[0][31]_i_564_n_0
    SLICE_X55Y56         CARRY4 (Prop_carry4_CI_CO[3])
                                                      0.114    70.475 r  CPU_U/ALU_0/mem_reg[0][31]_i_561/CO[3]
                         net (fo=1, routed)           0.000    70.475    CPU_U/ALU_0/mem_reg[0][31]_i_561_n_0
    SLICE_X55Y57         CARRY4 (Prop_carry4_CI_CO[1])
                                                      0.157    70.632 r  CPU_U/ALU_0/mem_reg[0][31]_i_560/CO[1]
                         net (fo=35, routed)          2.116    72.748    CPU_U/ALU_0/mem_reg[0][31]_i_560_n_2
    SLICE_X48Y48         LUT3 (Prop_lut3_I0_O)        0.329    73.077 r  CPU_U/ALU_0/mem[0][31]_i_601/O
                         net (fo=1, routed)           0.000    73.077    CPU_U/ALU_0/mem[0][31]_i_601_n_0
    SLICE_X48Y48         CARRY4 (Prop_carry4_S[1]_CO[3])
                                                      0.550    73.627 r  CPU_U/ALU_0/mem_reg[0][31]_i_552/CO[3]
                         net (fo=1, routed)           0.000    73.627    CPU_U/ALU_0/mem_reg[0][31]_i_552_n_0
    SLICE_X48Y49         CARRY4 (Prop_carry4_CI_CO[3])
                                                      0.114    73.741 r  CPU_U/ALU_0/mem_reg[0][31]_i_547/CO[3]
                         net (fo=1, routed)           0.001    73.742    CPU_U/ALU_0/mem_reg[0][31]_i_547_n_0
    SLICE_X48Y50         CARRY4 (Prop_carry4_CI_CO[3])
                                                      0.114    73.856 r  CPU_U/ALU_0/mem_reg[0][31]_i_542/CO[3]
                         net (fo=1, routed)           0.000    73.856    CPU_U/ALU_0/mem_reg[0][31]_i_542_n_0
    SLICE_X48Y51         CARRY4 (Prop_carry4_CI_CO[3])
                                                      0.114    73.970 r  CPU_U/ALU_0/mem_reg[0][31]_i_537/CO[3]
                         net (fo=1, routed)           0.000    73.970    CPU_U/ALU_0/mem_reg[0][31]_i_537_n_0
    SLICE_X48Y52         CARRY4 (Prop_carry4_CI_CO[3])
                                                      0.114    74.084 r  CPU_U/ALU_0/mem_reg[0][31]_i_532/CO[3]
                         net (fo=1, routed)           0.000    74.084    CPU_U/ALU_0/mem_reg[0][31]_i_532_n_0
    SLICE_X48Y53         CARRY4 (Prop_carry4_CI_CO[3])
                                                      0.114    74.198 r  CPU_U/ALU_0/mem_reg[0][31]_i_527/CO[3]
                         net (fo=1, routed)           0.000    74.198    CPU_U/ALU_0/mem_reg[0][31]_i_527_n_0
    SLICE_X48Y54         CARRY4 (Prop_carry4_CI_CO[3])
                                                      0.114    74.312 r  CPU_U/ALU_0/mem_reg[0][31]_i_522/CO[3]
                         net (fo=1, routed)           0.000    74.312    CPU_U/ALU_0/mem_reg[0][31]_i_522_n_0
    SLICE_X48Y55         CARRY4 (Prop_carry4_CI_CO[3])
                                                      0.114    74.426 r  CPU_U/ALU_0/mem_reg[0][31]_i_519/CO[3]
                         net (fo=1, routed)           0.000    74.426    CPU_U/ALU_0/mem_reg[0][31]_i_519_n_0
    SLICE_X48Y56         CARRY4 (Prop_carry4_CI_CO[1])
                                                      0.157    74.583 r  CPU_U/ALU_0/mem_reg[0][31]_i_518/CO[1]
                         net (fo=35, routed)          1.640    76.223    CPU_U/ALU_0/mem_reg[0][31]_i_518_n_2
    SLICE_X51Y50         LUT3 (Prop_lut3_I0_O)        0.329    76.552 r  CPU_U/ALU_0/mem[0][31]_i_557/O
                         net (fo=1, routed)           0.000    76.552    CPU_U/ALU_0/mem[0][31]_i_557_n_0
    SLICE_X51Y50         CARRY4 (Prop_carry4_S[3]_CO[3])
                                                      0.401    76.953 r  CPU_U/ALU_0/mem_reg[0][31]_i_510/CO[3]
                         net (fo=1, routed)           0.000    76.953    CPU_U/ALU_0/mem_reg[0][31]_i_510_n_0
    SLICE_X51Y51         CARRY4 (Prop_carry4_CI_CO[3])
                                                      0.114    77.067 r  CPU_U/ALU_0/mem_reg[0][31]_i_505/CO[3]
                         net (fo=1, routed)           0.000    77.067    CPU_U/ALU_0/mem_reg[0][31]_i_505_n_0
    SLICE_X51Y52         CARRY4 (Prop_carry4_CI_CO[3])
                                                      0.114    77.181 r  CPU_U/ALU_0/mem_reg[0][31]_i_500/CO[3]
                         net (fo=1, routed)           0.000    77.181    CPU_U/ALU_0/mem_reg[0][31]_i_500_n_0
    SLICE_X51Y53         CARRY4 (Prop_carry4_CI_CO[3])
                                                      0.114    77.295 r  CPU_U/ALU_0/mem_reg[0][31]_i_495/CO[3]
                         net (fo=1, routed)           0.000    77.295    CPU_U/ALU_0/mem_reg[0][31]_i_495_n_0
    SLICE_X51Y54         CARRY4 (Prop_carry4_CI_CO[3])
                                                      0.114    77.409 r  CPU_U/ALU_0/mem_reg[0][31]_i_490/CO[3]
                         net (fo=1, routed)           0.000    77.409    CPU_U/ALU_0/mem_reg[0][31]_i_490_n_0
    SLICE_X51Y55         CARRY4 (Prop_carry4_CI_CO[3])
                                                      0.114    77.523 r  CPU_U/ALU_0/mem_reg[0][31]_i_485/CO[3]
                         net (fo=1, routed)           0.000    77.523    CPU_U/ALU_0/mem_reg[0][31]_i_485_n_0
    SLICE_X51Y56         CARRY4 (Prop_carry4_CI_CO[3])
                                                      0.114    77.637 r  CPU_U/ALU_0/mem_reg[0][31]_i_480/CO[3]
                         net (fo=1, routed)           0.000    77.637    CPU_U/ALU_0/mem_reg[0][31]_i_480_n_0
    SLICE_X51Y57         CARRY4 (Prop_carry4_CI_CO[3])
                                                      0.114    77.751 r  CPU_U/ALU_0/mem_reg[0][31]_i_477/CO[3]
                         net (fo=1, routed)           0.000    77.751    CPU_U/ALU_0/mem_reg[0][31]_i_477_n_0
    SLICE_X51Y58         CARRY4 (Prop_carry4_CI_CO[1])
                                                      0.157    77.908 r  CPU_U/ALU_0/mem_reg[0][31]_i_476/CO[1]
                         net (fo=35, routed)          2.184    80.092    CPU_U/ALU_0/mem_reg[0][31]_i_476_n_2
    SLICE_X57Y50         LUT3 (Prop_lut3_I0_O)        0.329    80.421 r  CPU_U/ALU_0/mem[0][31]_i_517/O
                         net (fo=1, routed)           0.000    80.421    CPU_U/ALU_0/mem[0][31]_i_517_n_0
    SLICE_X57Y50         CARRY4 (Prop_carry4_S[1]_CO[3])
                                                      0.550    80.971 r  CPU_U/ALU_0/mem_reg[0][31]_i_468/CO[3]
                         net (fo=1, routed)           0.000    80.971    CPU_U/ALU_0/mem_reg[0][31]_i_468_n_0
    SLICE_X57Y51         CARRY4 (Prop_carry4_CI_CO[3])
                                                      0.114    81.085 r  CPU_U/ALU_0/mem_reg[0][31]_i_463/CO[3]
                         net (fo=1, routed)           0.000    81.085    CPU_U/ALU_0/mem_reg[0][31]_i_463_n_0
    SLICE_X57Y52         CARRY4 (Prop_carry4_CI_CO[3])
                                                      0.114    81.199 r  CPU_U/ALU_0/mem_reg[0][31]_i_458/CO[3]
                         net (fo=1, routed)           0.000    81.199    CPU_U/ALU_0/mem_reg[0][31]_i_458_n_0
    SLICE_X57Y53         CARRY4 (Prop_carry4_CI_CO[3])
                                                      0.114    81.313 r  CPU_U/ALU_0/mem_reg[0][31]_i_453/CO[3]
                         net (fo=1, routed)           0.000    81.313    CPU_U/ALU_0/mem_reg[0][31]_i_453_n_0
    SLICE_X57Y54         CARRY4 (Prop_carry4_CI_CO[3])
                                                      0.114    81.427 r  CPU_U/ALU_0/mem_reg[0][31]_i_448/CO[3]
                         net (fo=1, routed)           0.000    81.427    CPU_U/ALU_0/mem_reg[0][31]_i_448_n_0
    SLICE_X57Y55         CARRY4 (Prop_carry4_CI_CO[3])
                                                      0.114    81.541 r  CPU_U/ALU_0/mem_reg[0][31]_i_443/CO[3]
                         net (fo=1, routed)           0.000    81.541    CPU_U/ALU_0/mem_reg[0][31]_i_443_n_0
    SLICE_X57Y56         CARRY4 (Prop_carry4_CI_CO[3])
                                                      0.114    81.655 r  CPU_U/ALU_0/mem_reg[0][31]_i_438/CO[3]
                         net (fo=1, routed)           0.000    81.655    CPU_U/ALU_0/mem_reg[0][31]_i_438_n_0
    SLICE_X57Y57         CARRY4 (Prop_carry4_CI_CO[3])
                                                      0.114    81.769 r  CPU_U/ALU_0/mem_reg[0][31]_i_435/CO[3]
                         net (fo=1, routed)           0.000    81.769    CPU_U/ALU_0/mem_reg[0][31]_i_435_n_0
    SLICE_X57Y58         CARRY4 (Prop_carry4_CI_CO[1])
                                                      0.157    81.926 r  CPU_U/ALU_0/mem_reg[0][31]_i_434/CO[1]
                         net (fo=35, routed)          1.984    83.910    CPU_U/ALU_0/mem_reg[0][31]_i_434_n_2
    SLICE_X58Y50         LUT3 (Prop_lut3_I0_O)        0.329    84.240 r  CPU_U/ALU_0/mem[0][31]_i_475/O
                         net (fo=1, routed)           0.000    84.240    CPU_U/ALU_0/mem[0][31]_i_475_n_0
    SLICE_X58Y50         CARRY4 (Prop_carry4_S[1]_CO[3])
                                                      0.550    84.790 r  CPU_U/ALU_0/mem_reg[0][31]_i_426/CO[3]
                         net (fo=1, routed)           0.000    84.790    CPU_U/ALU_0/mem_reg[0][31]_i_426_n_0
    SLICE_X58Y51         CARRY4 (Prop_carry4_CI_CO[3])
                                                      0.114    84.904 r  CPU_U/ALU_0/mem_reg[0][31]_i_421/CO[3]
                         net (fo=1, routed)           0.000    84.904    CPU_U/ALU_0/mem_reg[0][31]_i_421_n_0
    SLICE_X58Y52         CARRY4 (Prop_carry4_CI_CO[3])
                                                      0.114    85.018 r  CPU_U/ALU_0/mem_reg[0][31]_i_416/CO[3]
                         net (fo=1, routed)           0.000    85.018    CPU_U/ALU_0/mem_reg[0][31]_i_416_n_0
    SLICE_X58Y53         CARRY4 (Prop_carry4_CI_CO[3])
                                                      0.114    85.132 r  CPU_U/ALU_0/mem_reg[0][31]_i_411/CO[3]
                         net (fo=1, routed)           0.000    85.132    CPU_U/ALU_0/mem_reg[0][31]_i_411_n_0
    SLICE_X58Y54         CARRY4 (Prop_carry4_CI_CO[3])
                                                      0.114    85.245 r  CPU_U/ALU_0/mem_reg[0][31]_i_406/CO[3]
                         net (fo=1, routed)           0.000    85.245    CPU_U/ALU_0/mem_reg[0][31]_i_406_n_0
    SLICE_X58Y55         CARRY4 (Prop_carry4_CI_CO[3])
                                                      0.114    85.359 r  CPU_U/ALU_0/mem_reg[0][31]_i_401/CO[3]
                         net (fo=1, routed)           0.000    85.359    CPU_U/ALU_0/mem_reg[0][31]_i_401_n_0
    SLICE_X58Y56         CARRY4 (Prop_carry4_CI_CO[3])
                                                      0.114    85.473 r  CPU_U/ALU_0/mem_reg[0][31]_i_396/CO[3]
                         net (fo=1, routed)           0.000    85.473    CPU_U/ALU_0/mem_reg[0][31]_i_396_n_0
    SLICE_X58Y57         CARRY4 (Prop_carry4_CI_CO[3])
                                                      0.114    85.587 r  CPU_U/ALU_0/mem_reg[0][31]_i_393/CO[3]
                         net (fo=1, routed)           0.000    85.587    CPU_U/ALU_0/mem_reg[0][31]_i_393_n_0
    SLICE_X58Y58         CARRY4 (Prop_carry4_CI_CO[1])
                                                      0.157    85.744 r  CPU_U/ALU_0/mem_reg[0][31]_i_392/CO[1]
                         net (fo=35, routed)          2.322    88.066    CPU_U/ALU_0/mem_reg[0][31]_i_392_n_2
    SLICE_X62Y48         LUT3 (Prop_lut3_I0_O)        0.329    88.395 r  CPU_U/ALU_0/mem[0][31]_i_432/O
                         net (fo=1, routed)           0.000    88.395    CPU_U/ALU_0/mem[0][31]_i_432_n_0
    SLICE_X62Y48         CARRY4 (Prop_carry4_S[2]_CO[3])
                                                      0.398    88.793 r  CPU_U/ALU_0/mem_reg[0][31]_i_384/CO[3]
                         net (fo=1, routed)           0.000    88.793    CPU_U/ALU_0/mem_reg[0][31]_i_384_n_0
    SLICE_X62Y49         CARRY4 (Prop_carry4_CI_CO[3])
                                                      0.114    88.907 r  CPU_U/ALU_0/mem_reg[0][31]_i_379/CO[3]
                         net (fo=1, routed)           0.001    88.908    CPU_U/ALU_0/mem_reg[0][31]_i_379_n_0
    SLICE_X62Y50         CARRY4 (Prop_carry4_CI_CO[3])
                                                      0.114    89.022 r  CPU_U/ALU_0/mem_reg[0][31]_i_374/CO[3]
                         net (fo=1, routed)           0.000    89.022    CPU_U/ALU_0/mem_reg[0][31]_i_374_n_0
    SLICE_X62Y51         CARRY4 (Prop_carry4_CI_CO[3])
                                                      0.114    89.136 r  CPU_U/ALU_0/mem_reg[0][31]_i_369/CO[3]
                         net (fo=1, routed)           0.000    89.136    CPU_U/ALU_0/mem_reg[0][31]_i_369_n_0
    SLICE_X62Y52         CARRY4 (Prop_carry4_CI_CO[3])
                                                      0.114    89.250 r  CPU_U/ALU_0/mem_reg[0][31]_i_364/CO[3]
                         net (fo=1, routed)           0.000    89.250    CPU_U/ALU_0/mem_reg[0][31]_i_364_n_0
    SLICE_X62Y53         CARRY4 (Prop_carry4_CI_CO[3])
                                                      0.114    89.364 r  CPU_U/ALU_0/mem_reg[0][31]_i_359/CO[3]
                         net (fo=1, routed)           0.000    89.364    CPU_U/ALU_0/mem_reg[0][31]_i_359_n_0
    SLICE_X62Y54         CARRY4 (Prop_carry4_CI_CO[3])
                                                      0.114    89.478 r  CPU_U/ALU_0/mem_reg[0][31]_i_354/CO[3]
                         net (fo=1, routed)           0.000    89.478    CPU_U/ALU_0/mem_reg[0][31]_i_354_n_0
    SLICE_X62Y55         CARRY4 (Prop_carry4_CI_CO[3])
                                                      0.114    89.592 r  CPU_U/ALU_0/mem_reg[0][31]_i_351/CO[3]
                         net (fo=1, routed)           0.000    89.592    CPU_U/ALU_0/mem_reg[0][31]_i_351_n_0
    SLICE_X62Y56         CARRY4 (Prop_carry4_CI_CO[1])
                                                      0.157    89.749 r  CPU_U/ALU_0/mem_reg[0][31]_i_350/CO[1]
                         net (fo=35, routed)          2.219    91.967    CPU_U/ALU_0/mem_reg[0][31]_i_350_n_2
    SLICE_X59Y48         LUT3 (Prop_lut3_I0_O)        0.329    92.296 r  CPU_U/ALU_0/mem[0][31]_i_389/O
                         net (fo=1, routed)           0.000    92.296    CPU_U/ALU_0/mem[0][31]_i_389_n_0
    SLICE_X59Y48         CARRY4 (Prop_carry4_S[3]_CO[3])
                                                      0.401    92.697 r  CPU_U/ALU_0/mem_reg[0][31]_i_342/CO[3]
                         net (fo=1, routed)           0.000    92.697    CPU_U/ALU_0/mem_reg[0][31]_i_342_n_0
    SLICE_X59Y49         CARRY4 (Prop_carry4_CI_CO[3])
                                                      0.114    92.811 r  CPU_U/ALU_0/mem_reg[0][31]_i_337/CO[3]
                         net (fo=1, routed)           0.001    92.812    CPU_U/ALU_0/mem_reg[0][31]_i_337_n_0
    SLICE_X59Y50         CARRY4 (Prop_carry4_CI_CO[3])
                                                      0.114    92.926 r  CPU_U/ALU_0/mem_reg[0][31]_i_332/CO[3]
                         net (fo=1, routed)           0.000    92.926    CPU_U/ALU_0/mem_reg[0][31]_i_332_n_0
    SLICE_X59Y51         CARRY4 (Prop_carry4_CI_CO[3])
                                                      0.114    93.040 r  CPU_U/ALU_0/mem_reg[0][31]_i_327/CO[3]
                         net (fo=1, routed)           0.000    93.040    CPU_U/ALU_0/mem_reg[0][31]_i_327_n_0
    SLICE_X59Y52         CARRY4 (Prop_carry4_CI_CO[3])
                                                      0.114    93.154 r  CPU_U/ALU_0/mem_reg[0][31]_i_322/CO[3]
                         net (fo=1, routed)           0.000    93.154    CPU_U/ALU_0/mem_reg[0][31]_i_322_n_0
    SLICE_X59Y53         CARRY4 (Prop_carry4_CI_CO[3])
                                                      0.114    93.268 r  CPU_U/ALU_0/mem_reg[0][31]_i_317/CO[3]
                         net (fo=1, routed)           0.000    93.268    CPU_U/ALU_0/mem_reg[0][31]_i_317_n_0
    SLICE_X59Y54         CARRY4 (Prop_carry4_CI_CO[3])
                                                      0.114    93.382 r  CPU_U/ALU_0/mem_reg[0][31]_i_312/CO[3]
                         net (fo=1, routed)           0.000    93.382    CPU_U/ALU_0/mem_reg[0][31]_i_312_n_0
    SLICE_X59Y55         CARRY4 (Prop_carry4_CI_CO[3])
                                                      0.114    93.496 r  CPU_U/ALU_0/mem_reg[0][31]_i_309/CO[3]
                         net (fo=1, routed)           0.000    93.496    CPU_U/ALU_0/mem_reg[0][31]_i_309_n_0
    SLICE_X59Y56         CARRY4 (Prop_carry4_CI_CO[1])
                                                      0.157    93.653 r  CPU_U/ALU_0/mem_reg[0][31]_i_308/CO[1]
                         net (fo=35, routed)          2.466    96.120    CPU_U/ALU_0/mem_reg[0][31]_i_308_n_2
    SLICE_X61Y48         LUT3 (Prop_lut3_I0_O)        0.329    96.449 r  CPU_U/ALU_0/mem[0][31]_i_345/O
                         net (fo=1, routed)           0.000    96.449    CPU_U/ALU_0/mem[0][31]_i_345_n_0
    SLICE_X61Y48         CARRY4 (Prop_carry4_S[1]_CO[3])
                                                      0.550    96.999 r  CPU_U/ALU_0/mem_reg[0][31]_i_294/CO[3]
                         net (fo=1, routed)           0.000    96.999    CPU_U/ALU_0/mem_reg[0][31]_i_294_n_0
    SLICE_X61Y49         CARRY4 (Prop_carry4_CI_CO[3])
                                                      0.114    97.113 r  CPU_U/ALU_0/mem_reg[0][31]_i_289/CO[3]
                         net (fo=1, routed)           0.001    97.113    CPU_U/ALU_0/mem_reg[0][31]_i_289_n_0
    SLICE_X61Y50         CARRY4 (Prop_carry4_CI_CO[3])
                                                      0.114    97.227 r  CPU_U/ALU_0/mem_reg[0][31]_i_284/CO[3]
                         net (fo=1, routed)           0.000    97.227    CPU_U/ALU_0/mem_reg[0][31]_i_284_n_0
    SLICE_X61Y51         CARRY4 (Prop_carry4_CI_CO[3])
                                                      0.114    97.341 r  CPU_U/ALU_0/mem_reg[0][31]_i_279/CO[3]
                         net (fo=1, routed)           0.000    97.341    CPU_U/ALU_0/mem_reg[0][31]_i_279_n_0
    SLICE_X61Y52         CARRY4 (Prop_carry4_CI_CO[3])
                                                      0.114    97.455 r  CPU_U/ALU_0/mem_reg[0][31]_i_274/CO[3]
                         net (fo=1, routed)           0.000    97.455    CPU_U/ALU_0/mem_reg[0][31]_i_274_n_0
    SLICE_X61Y53         CARRY4 (Prop_carry4_CI_CO[3])
                                                      0.114    97.569 r  CPU_U/ALU_0/mem_reg[0][31]_i_269/CO[3]
                         net (fo=1, routed)           0.000    97.569    CPU_U/ALU_0/mem_reg[0][31]_i_269_n_0
    SLICE_X61Y54         CARRY4 (Prop_carry4_CI_CO[3])
                                                      0.114    97.683 r  CPU_U/ALU_0/mem_reg[0][31]_i_266/CO[3]
                         net (fo=1, routed)           0.000    97.683    CPU_U/ALU_0/mem_reg[0][31]_i_266_n_0
    SLICE_X61Y55         CARRY4 (Prop_carry4_CI_CO[1])
                                                      0.157    97.840 r  CPU_U/ALU_0/mem_reg[0][31]_i_265/CO[1]
                         net (fo=35, routed)          2.070    99.910    CPU_U/IDEX_0/CO[0]
    SLICE_X63Y46         LUT3 (Prop_lut3_I0_O)        0.329   100.239 r  CPU_U/IDEX_0/mem[0][31]_i_307/O
                         net (fo=1, routed)           0.000   100.239    CPU_U/ALU_0/mem_reg[0][31]_i_215_1[0]
    SLICE_X63Y46         CARRY4 (Prop_carry4_S[1]_CO[3])
                                                      0.550   100.789 r  CPU_U/ALU_0/mem_reg[0][31]_i_257/CO[3]
                         net (fo=1, routed)           0.000   100.789    CPU_U/ALU_0/mem_reg[0][31]_i_257_n_0
    SLICE_X63Y47         CARRY4 (Prop_carry4_CI_CO[3])
                                                      0.114   100.903 r  CPU_U/ALU_0/mem_reg[0][31]_i_252/CO[3]
                         net (fo=1, routed)           0.000   100.903    CPU_U/ALU_0/mem_reg[0][31]_i_252_n_0
    SLICE_X63Y48         CARRY4 (Prop_carry4_CI_CO[3])
                                                      0.114   101.017 r  CPU_U/ALU_0/mem_reg[0][31]_i_247/CO[3]
                         net (fo=1, routed)           0.000   101.017    CPU_U/ALU_0/mem_reg[0][31]_i_247_n_0
    SLICE_X63Y49         CARRY4 (Prop_carry4_CI_CO[3])
                                                      0.114   101.131 r  CPU_U/ALU_0/mem_reg[0][31]_i_242/CO[3]
                         net (fo=1, routed)           0.001   101.132    CPU_U/ALU_0/mem_reg[0][31]_i_242_n_0
    SLICE_X63Y50         CARRY4 (Prop_carry4_CI_CO[3])
                                                      0.114   101.246 r  CPU_U/ALU_0/mem_reg[0][31]_i_237/CO[3]
                         net (fo=1, routed)           0.000   101.246    CPU_U/ALU_0/mem_reg[0][31]_i_237_n_0
    SLICE_X63Y51         CARRY4 (Prop_carry4_CI_CO[3])
                                                      0.114   101.360 r  CPU_U/ALU_0/mem_reg[0][31]_i_232/CO[3]
                         net (fo=1, routed)           0.000   101.360    CPU_U/ALU_0/mem_reg[0][31]_i_232_n_0
    SLICE_X63Y52         CARRY4 (Prop_carry4_CI_CO[3])
                                                      0.114   101.474 r  CPU_U/ALU_0/mem_reg[0][31]_i_227/CO[3]
                         net (fo=1, routed)           0.000   101.474    CPU_U/ALU_0/mem_reg[0][31]_i_227_n_0
    SLICE_X63Y53         CARRY4 (Prop_carry4_CI_CO[3])
                                                      0.114   101.588 r  CPU_U/ALU_0/mem_reg[0][31]_i_224/CO[3]
                         net (fo=1, routed)           0.000   101.588    CPU_U/ALU_0/mem_reg[0][31]_i_224_n_0
    SLICE_X63Y54         CARRY4 (Prop_carry4_CI_CO[1])
                                                      0.157   101.745 r  CPU_U/ALU_0/mem_reg[0][31]_i_223/CO[1]
                         net (fo=35, routed)          2.448   104.193    CPU_U/ALU_0/mem_reg[0][31]_i_223_n_2
    SLICE_X52Y45         LUT3 (Prop_lut3_I0_O)        0.329   104.522 r  CPU_U/ALU_0/mem[0][31]_i_264/O
                         net (fo=1, routed)           0.000   104.522    CPU_U/ALU_0/mem[0][31]_i_264_n_0
    SLICE_X52Y45         CARRY4 (Prop_carry4_S[1]_CO[3])
                                                      0.533   105.055 r  CPU_U/ALU_0/mem_reg[0][31]_i_215/CO[3]
                         net (fo=1, routed)           0.000   105.055    CPU_U/ALU_0/mem_reg[0][31]_i_215_n_0
    SLICE_X52Y46         CARRY4 (Prop_carry4_CI_CO[3])
                                                      0.117   105.172 r  CPU_U/ALU_0/mem_reg[0][31]_i_210/CO[3]
                         net (fo=1, routed)           0.000   105.172    CPU_U/ALU_0/mem_reg[0][31]_i_210_n_0
    SLICE_X52Y47         CARRY4 (Prop_carry4_CI_CO[3])
                                                      0.117   105.289 r  CPU_U/ALU_0/mem_reg[0][31]_i_205/CO[3]
                         net (fo=1, routed)           0.000   105.289    CPU_U/ALU_0/mem_reg[0][31]_i_205_n_0
    SLICE_X52Y48         CARRY4 (Prop_carry4_CI_CO[3])
                                                      0.117   105.406 r  CPU_U/ALU_0/mem_reg[0][31]_i_200/CO[3]
                         net (fo=1, routed)           0.000   105.406    CPU_U/ALU_0/mem_reg[0][31]_i_200_n_0
    SLICE_X52Y49         CARRY4 (Prop_carry4_CI_CO[3])
                                                      0.117   105.523 r  CPU_U/ALU_0/mem_reg[0][31]_i_195/CO[3]
                         net (fo=1, routed)           0.001   105.524    CPU_U/ALU_0/mem_reg[0][31]_i_195_n_0
    SLICE_X52Y50         CARRY4 (Prop_carry4_CI_CO[3])
                                                      0.117   105.641 r  CPU_U/ALU_0/mem_reg[0][31]_i_190/CO[3]
                         net (fo=1, routed)           0.000   105.641    CPU_U/ALU_0/mem_reg[0][31]_i_190_n_0
    SLICE_X52Y51         CARRY4 (Prop_carry4_CI_CO[3])
                                                      0.117   105.758 r  CPU_U/ALU_0/mem_reg[0][31]_i_185/CO[3]
                         net (fo=1, routed)           0.000   105.758    CPU_U/ALU_0/mem_reg[0][31]_i_185_n_0
    SLICE_X52Y52         CARRY4 (Prop_carry4_CI_CO[3])
                                                      0.117   105.875 r  CPU_U/ALU_0/mem_reg[0][31]_i_182/CO[3]
                         net (fo=1, routed)           0.000   105.875    CPU_U/ALU_0/mem_reg[0][31]_i_182_n_0
    SLICE_X52Y53         CARRY4 (Prop_carry4_CI_CO[1])
                                                      0.157   106.032 r  CPU_U/ALU_0/mem_reg[0][31]_i_181/CO[1]
                         net (fo=35, routed)          2.570   108.602    CPU_U/ALU_0/mem_reg[0][31]_i_181_n_2
    SLICE_X53Y42         LUT3 (Prop_lut3_I0_O)        0.332   108.934 r  CPU_U/ALU_0/mem[0][31]_i_222/O
                         net (fo=1, routed)           0.000   108.934    CPU_U/ALU_0/mem[0][31]_i_222_n_0
    SLICE_X53Y42         CARRY4 (Prop_carry4_S[1]_CO[3])
                                                      0.550   109.484 r  CPU_U/ALU_0/mem_reg[0][31]_i_176/CO[3]
                         net (fo=1, routed)           0.000   109.484    CPU_U/ALU_0/mem_reg[0][31]_i_176_n_0
    SLICE_X53Y43         CARRY4 (Prop_carry4_CI_CO[3])
                                                      0.114   109.598 r  CPU_U/ALU_0/mem_reg[0][31]_i_171/CO[3]
                         net (fo=1, routed)           0.000   109.598    CPU_U/ALU_0/mem_reg[0][31]_i_171_n_0
    SLICE_X53Y44         CARRY4 (Prop_carry4_CI_CO[3])
                                                      0.114   109.712 r  CPU_U/ALU_0/mem_reg[0][31]_i_166/CO[3]
                         net (fo=1, routed)           0.000   109.712    CPU_U/ALU_0/mem_reg[0][31]_i_166_n_0
    SLICE_X53Y45         CARRY4 (Prop_carry4_CI_CO[3])
                                                      0.114   109.826 r  CPU_U/ALU_0/mem_reg[0][31]_i_161/CO[3]
                         net (fo=1, routed)           0.000   109.826    CPU_U/ALU_0/mem_reg[0][31]_i_161_n_0
    SLICE_X53Y46         CARRY4 (Prop_carry4_CI_CO[3])
                                                      0.114   109.940 r  CPU_U/ALU_0/mem_reg[0][31]_i_156/CO[3]
                         net (fo=1, routed)           0.000   109.940    CPU_U/ALU_0/mem_reg[0][31]_i_156_n_0
    SLICE_X53Y47         CARRY4 (Prop_carry4_CI_CO[3])
                                                      0.114   110.054 r  CPU_U/ALU_0/mem_reg[0][31]_i_151/CO[3]
                         net (fo=1, routed)           0.000   110.054    CPU_U/ALU_0/mem_reg[0][31]_i_151_n_0
    SLICE_X53Y48         CARRY4 (Prop_carry4_CI_CO[3])
                                                      0.114   110.168 r  CPU_U/ALU_0/mem_reg[0][31]_i_146/CO[3]
                         net (fo=1, routed)           0.000   110.168    CPU_U/ALU_0/mem_reg[0][31]_i_146_n_0
    SLICE_X53Y49         CARRY4 (Prop_carry4_CI_CO[3])
                                                      0.114   110.282 r  CPU_U/ALU_0/mem_reg[0][31]_i_143/CO[3]
                         net (fo=1, routed)           0.001   110.283    CPU_U/ALU_0/mem_reg[0][31]_i_143_n_0
    SLICE_X53Y50         CARRY4 (Prop_carry4_CI_CO[1])
                                                      0.157   110.440 r  CPU_U/ALU_0/mem_reg[0][31]_i_142/CO[1]
                         net (fo=35, routed)          2.550   112.990    CPU_U/ALU_0/mem_reg[0][31]_i_142_n_2
    SLICE_X56Y41         LUT3 (Prop_lut3_I0_O)        0.329   113.319 r  CPU_U/ALU_0/mem[0][27]_i_48/O
                         net (fo=1, routed)           0.000   113.319    CPU_U/ALU_0/mem[0][27]_i_48_n_0
    SLICE_X56Y41         CARRY4 (Prop_carry4_S[1]_CO[3])
                                                      0.533   113.852 r  CPU_U/ALU_0/mem_reg[0][27]_i_41/CO[3]
                         net (fo=1, routed)           0.000   113.852    CPU_U/ALU_0/mem_reg[0][27]_i_41_n_0
    SLICE_X56Y42         CARRY4 (Prop_carry4_CI_CO[3])
                                                      0.117   113.969 r  CPU_U/ALU_0/mem_reg[0][31]_i_137/CO[3]
                         net (fo=1, routed)           0.000   113.969    CPU_U/ALU_0/mem_reg[0][31]_i_137_n_0
    SLICE_X56Y43         CARRY4 (Prop_carry4_CI_CO[3])
                                                      0.117   114.086 r  CPU_U/ALU_0/mem_reg[0][31]_i_132/CO[3]
                         net (fo=1, routed)           0.000   114.086    CPU_U/ALU_0/mem_reg[0][31]_i_132_n_0
    SLICE_X56Y44         CARRY4 (Prop_carry4_CI_CO[3])
                                                      0.117   114.203 r  CPU_U/ALU_0/mem_reg[0][31]_i_127/CO[3]
                         net (fo=1, routed)           0.000   114.203    CPU_U/ALU_0/mem_reg[0][31]_i_127_n_0
    SLICE_X56Y45         CARRY4 (Prop_carry4_CI_CO[3])
                                                      0.117   114.320 r  CPU_U/ALU_0/mem_reg[0][31]_i_122/CO[3]
                         net (fo=1, routed)           0.000   114.320    CPU_U/ALU_0/mem_reg[0][31]_i_122_n_0
    SLICE_X56Y46         CARRY4 (Prop_carry4_CI_CO[3])
                                                      0.117   114.437 r  CPU_U/ALU_0/mem_reg[0][31]_i_117/CO[3]
                         net (fo=1, routed)           0.000   114.437    CPU_U/ALU_0/mem_reg[0][31]_i_117_n_0
    SLICE_X56Y47         CARRY4 (Prop_carry4_CI_CO[3])
                                                      0.117   114.554 r  CPU_U/ALU_0/mem_reg[0][31]_i_112/CO[3]
                         net (fo=1, routed)           0.000   114.554    CPU_U/ALU_0/mem_reg[0][31]_i_112_n_0
    SLICE_X56Y48         CARRY4 (Prop_carry4_CI_CO[3])
                                                      0.117   114.671 r  CPU_U/ALU_0/mem_reg[0][31]_i_109/CO[3]
                         net (fo=1, routed)           0.000   114.671    CPU_U/ALU_0/mem_reg[0][31]_i_109_n_0
    SLICE_X56Y49         CARRY4 (Prop_carry4_CI_CO[1])
                                                      0.157   114.828 r  CPU_U/ALU_0/mem_reg[0][31]_i_108/CO[1]
                         net (fo=35, routed)          2.074   116.902    CPU_U/ALU_0/mem[0][31]_i_145_0[0]
    SLICE_X57Y41         LUT3 (Prop_lut3_I0_O)        0.332   117.234 r  CPU_U/ALU_0/mem[0][23]_i_43/O
                         net (fo=1, routed)           0.000   117.234    CPU_U/ALU_0/mem[0][23]_i_43_n_0
    SLICE_X57Y41         CARRY4 (Prop_carry4_S[2]_CO[3])
                                                      0.398   117.632 r  CPU_U/ALU_0/mem_reg[0][23]_i_36/CO[3]
                         net (fo=1, routed)           0.000   117.632    CPU_U/ALU_0/mem_reg[0][23]_i_36_n_0
    SLICE_X57Y42         CARRY4 (Prop_carry4_CI_CO[3])
                                                      0.114   117.746 r  CPU_U/ALU_0/mem_reg[0][27]_i_36/CO[3]
                         net (fo=1, routed)           0.000   117.746    CPU_U/ALU_0/mem_reg[0][27]_i_36_n_0
    SLICE_X57Y43         CARRY4 (Prop_carry4_CI_CO[3])
                                                      0.114   117.860 r  CPU_U/ALU_0/mem_reg[0][31]_i_103/CO[3]
                         net (fo=1, routed)           0.000   117.860    CPU_U/ALU_0/mem_reg[0][31]_i_103_n_0
    SLICE_X57Y44         CARRY4 (Prop_carry4_CI_CO[3])
                                                      0.114   117.974 r  CPU_U/ALU_0/mem_reg[0][31]_i_98/CO[3]
                         net (fo=1, routed)           0.000   117.974    CPU_U/ALU_0/mem_reg[0][31]_i_98_n_0
    SLICE_X57Y45         CARRY4 (Prop_carry4_CI_CO[3])
                                                      0.114   118.088 r  CPU_U/ALU_0/mem_reg[0][31]_i_93/CO[3]
                         net (fo=1, routed)           0.000   118.088    CPU_U/ALU_0/mem_reg[0][31]_i_93_n_0
    SLICE_X57Y46         CARRY4 (Prop_carry4_CI_CO[3])
                                                      0.114   118.202 r  CPU_U/ALU_0/mem_reg[0][31]_i_88/CO[3]
                         net (fo=1, routed)           0.000   118.202    CPU_U/ALU_0/mem_reg[0][31]_i_88_n_0
    SLICE_X57Y47         CARRY4 (Prop_carry4_CI_CO[3])
                                                      0.114   118.316 r  CPU_U/ALU_0/mem_reg[0][31]_i_83/CO[3]
                         net (fo=1, routed)           0.000   118.316    CPU_U/ALU_0/mem_reg[0][31]_i_83_n_0
    SLICE_X57Y48         CARRY4 (Prop_carry4_CI_CO[3])
                                                      0.114   118.430 r  CPU_U/ALU_0/mem_reg[0][31]_i_80/CO[3]
                         net (fo=1, routed)           0.000   118.430    CPU_U/ALU_0/mem_reg[0][31]_i_80_n_0
    SLICE_X57Y49         CARRY4 (Prop_carry4_CI_CO[1])
                                                      0.157   118.587 r  CPU_U/ALU_0/mem_reg[0][31]_i_79/CO[1]
                         net (fo=35, routed)          2.140   120.727    CPU_U/ALU_0/mem_reg[0][31]_i_79_n_2
    SLICE_X58Y41         LUT3 (Prop_lut3_I0_O)        0.329   121.056 r  CPU_U/ALU_0/mem[0][23]_i_39/O
                         net (fo=1, routed)           0.000   121.056    CPU_U/ALU_0/mem[0][23]_i_39_n_0
    SLICE_X58Y41         CARRY4 (Prop_carry4_S[1]_CO[3])
                                                      0.550   121.606 r  CPU_U/ALU_0/mem_reg[0][23]_i_31/CO[3]
                         net (fo=1, routed)           0.000   121.606    CPU_U/ALU_0/mem_reg[0][23]_i_31_n_0
    SLICE_X58Y42         CARRY4 (Prop_carry4_CI_CO[3])
                                                      0.114   121.720 r  CPU_U/ALU_0/mem_reg[0][27]_i_31/CO[3]
                         net (fo=1, routed)           0.000   121.720    CPU_U/ALU_0/mem_reg[0][27]_i_31_n_0
    SLICE_X58Y43         CARRY4 (Prop_carry4_CI_CO[3])
                                                      0.114   121.834 r  CPU_U/ALU_0/mem_reg[0][31]_i_74/CO[3]
                         net (fo=1, routed)           0.000   121.834    CPU_U/ALU_0/mem_reg[0][31]_i_74_n_0
    SLICE_X58Y44         CARRY4 (Prop_carry4_CI_CO[3])
                                                      0.114   121.948 r  CPU_U/ALU_0/mem_reg[0][31]_i_69/CO[3]
                         net (fo=1, routed)           0.000   121.948    CPU_U/ALU_0/mem_reg[0][31]_i_69_n_0
    SLICE_X58Y45         CARRY4 (Prop_carry4_CI_CO[3])
                                                      0.114   122.062 r  CPU_U/ALU_0/mem_reg[0][31]_i_64/CO[3]
                         net (fo=1, routed)           0.000   122.062    CPU_U/ALU_0/mem_reg[0][31]_i_64_n_0
    SLICE_X58Y46         CARRY4 (Prop_carry4_CI_CO[3])
                                                      0.114   122.176 r  CPU_U/ALU_0/mem_reg[0][31]_i_59/CO[3]
                         net (fo=1, routed)           0.000   122.176    CPU_U/ALU_0/mem_reg[0][31]_i_59_n_0
    SLICE_X58Y47         CARRY4 (Prop_carry4_CI_CO[3])
                                                      0.114   122.290 r  CPU_U/ALU_0/mem_reg[0][31]_i_56/CO[3]
                         net (fo=1, routed)           0.000   122.290    CPU_U/ALU_0/mem_reg[0][31]_i_56_n_0
    SLICE_X58Y48         CARRY4 (Prop_carry4_CI_CO[1])
                                                      0.157   122.447 r  CPU_U/ALU_0/mem_reg[0][31]_i_55/CO[1]
                         net (fo=35, routed)          2.246   124.693    CPU_U/ALU_0/mem_reg[0][31]_i_55_n_2
    SLICE_X62Y39         CARRY4 (Prop_carry4_CYINIT_CO[3])
                                                      0.785   125.478 r  CPU_U/ALU_0/mem_reg[0][15]_i_26/CO[3]
                         net (fo=1, routed)           0.000   125.478    CPU_U/ALU_0/mem_reg[0][15]_i_26_n_0
    SLICE_X62Y40         CARRY4 (Prop_carry4_CI_CO[3])
                                                      0.114   125.592 r  CPU_U/ALU_0/mem_reg[0][18]_i_15/CO[3]
                         net (fo=1, routed)           0.000   125.592    CPU_U/ALU_0/mem_reg[0][18]_i_15_n_0
    SLICE_X62Y41         CARRY4 (Prop_carry4_CI_CO[3])
                                                      0.114   125.706 r  CPU_U/ALU_0/mem_reg[0][23]_i_26/CO[3]
                         net (fo=1, routed)           0.000   125.706    CPU_U/ALU_0/mem_reg[0][23]_i_26_n_0
    SLICE_X62Y42         CARRY4 (Prop_carry4_CI_CO[3])
                                                      0.114   125.820 r  CPU_U/ALU_0/mem_reg[0][27]_i_26/CO[3]
                         net (fo=1, routed)           0.000   125.820    CPU_U/ALU_0/mem_reg[0][27]_i_26_n_0
    SLICE_X62Y43         CARRY4 (Prop_carry4_CI_CO[3])
                                                      0.114   125.934 r  CPU_U/ALU_0/mem_reg[0][31]_i_50/CO[3]
                         net (fo=1, routed)           0.000   125.934    CPU_U/ALU_0/mem_reg[0][31]_i_50_n_0
    SLICE_X62Y44         CARRY4 (Prop_carry4_CI_CO[3])
                                                      0.114   126.048 r  CPU_U/ALU_0/mem_reg[0][31]_i_45/CO[3]
                         net (fo=1, routed)           0.000   126.048    CPU_U/ALU_0/mem_reg[0][31]_i_45_n_0
    SLICE_X62Y45         CARRY4 (Prop_carry4_CI_CO[3])
                                                      0.114   126.162 r  CPU_U/ALU_0/mem_reg[0][31]_i_40/CO[3]
                         net (fo=1, routed)           0.000   126.162    CPU_U/ALU_0/mem_reg[0][31]_i_40_n_0
    SLICE_X62Y46         CARRY4 (Prop_carry4_CI_CO[3])
                                                      0.114   126.276 r  CPU_U/ALU_0/mem_reg[0][31]_i_37/CO[3]
                         net (fo=1, routed)           0.000   126.276    CPU_U/ALU_0/mem_reg[0][31]_i_37_n_0
    SLICE_X62Y47         CARRY4 (Prop_carry4_CI_CO[1])
                                                      0.157   126.433 r  CPU_U/ALU_0/mem_reg[0][31]_i_36/CO[1]
                         net (fo=35, routed)          2.373   128.806    CPU_U/ALU_0/mem_reg[0][31]_i_36_n_2
    SLICE_X59Y38         LUT3 (Prop_lut3_I0_O)        0.329   129.135 r  CPU_U/ALU_0/mem[0][11]_i_28/O
                         net (fo=1, routed)           0.000   129.135    CPU_U/ALU_0/mem[0][11]_i_28_n_0
    SLICE_X59Y38         CARRY4 (Prop_carry4_S[1]_CO[3])
                                                      0.550   129.685 r  CPU_U/ALU_0/mem_reg[0][11]_i_21/CO[3]
                         net (fo=1, routed)           0.000   129.685    CPU_U/ALU_0/mem_reg[0][11]_i_21_n_0
    SLICE_X59Y39         CARRY4 (Prop_carry4_CI_CO[3])
                                                      0.114   129.799 r  CPU_U/ALU_0/mem_reg[0][15]_i_21/CO[3]
                         net (fo=1, routed)           0.000   129.799    CPU_U/ALU_0/mem_reg[0][15]_i_21_n_0
    SLICE_X59Y40         CARRY4 (Prop_carry4_CI_CO[3])
                                                      0.114   129.913 r  CPU_U/ALU_0/mem_reg[0][18]_i_10/CO[3]
                         net (fo=1, routed)           0.000   129.913    CPU_U/ALU_0/mem_reg[0][18]_i_10_n_0
    SLICE_X59Y41         CARRY4 (Prop_carry4_CI_CO[3])
                                                      0.114   130.027 r  CPU_U/ALU_0/mem_reg[0][23]_i_21/CO[3]
                         net (fo=1, routed)           0.000   130.027    CPU_U/ALU_0/mem_reg[0][23]_i_21_n_0
    SLICE_X59Y42         CARRY4 (Prop_carry4_CI_CO[3])
                                                      0.114   130.141 r  CPU_U/ALU_0/mem_reg[0][27]_i_21/CO[3]
                         net (fo=1, routed)           0.000   130.141    CPU_U/ALU_0/mem_reg[0][27]_i_21_n_0
    SLICE_X59Y43         CARRY4 (Prop_carry4_CI_CO[3])
                                                      0.114   130.255 r  CPU_U/ALU_0/mem_reg[0][31]_i_31/CO[3]
                         net (fo=1, routed)           0.000   130.255    CPU_U/ALU_0/mem_reg[0][31]_i_31_n_0
    SLICE_X59Y44         CARRY4 (Prop_carry4_CI_CO[3])
                                                      0.114   130.369 r  CPU_U/ALU_0/mem_reg[0][31]_i_26/CO[3]
                         net (fo=1, routed)           0.000   130.369    CPU_U/ALU_0/mem_reg[0][31]_i_26_n_0
    SLICE_X59Y45         CARRY4 (Prop_carry4_CI_CO[3])
                                                      0.114   130.483 r  CPU_U/ALU_0/mem_reg[0][31]_i_23/CO[3]
                         net (fo=1, routed)           0.000   130.483    CPU_U/ALU_0/mem_reg[0][31]_i_23_n_0
    SLICE_X59Y46         CARRY4 (Prop_carry4_CI_CO[1])
                                                      0.157   130.640 r  CPU_U/ALU_0/mem_reg[0][31]_i_22/CO[1]
                         net (fo=35, routed)          2.070   132.710    CPU_U/IDEX_0/mem_reg[0][7]_i_16[0]
    SLICE_X60Y37         LUT3 (Prop_lut3_I0_O)        0.329   133.039 r  CPU_U/IDEX_0/mem[0][7]_i_24/O
                         net (fo=1, routed)           0.000   133.039    CPU_U/ALU_0/mem_reg[0][3]_i_14_1[0]
    SLICE_X60Y37         CARRY4 (Prop_carry4_S[1]_CO[3])
                                                      0.533   133.572 r  CPU_U/ALU_0/mem_reg[0][7]_i_16/CO[3]
                         net (fo=1, routed)           0.000   133.572    CPU_U/ALU_0/mem_reg[0][7]_i_16_n_0
    SLICE_X60Y38         CARRY4 (Prop_carry4_CI_CO[3])
                                                      0.117   133.689 r  CPU_U/ALU_0/mem_reg[0][11]_i_16/CO[3]
                         net (fo=1, routed)           0.000   133.689    CPU_U/ALU_0/mem_reg[0][11]_i_16_n_0
    SLICE_X60Y39         CARRY4 (Prop_carry4_CI_CO[3])
                                                      0.117   133.806 r  CPU_U/ALU_0/mem_reg[0][15]_i_16/CO[3]
                         net (fo=1, routed)           0.000   133.806    CPU_U/ALU_0/mem_reg[0][15]_i_16_n_0
    SLICE_X60Y40         CARRY4 (Prop_carry4_CI_CO[3])
                                                      0.117   133.923 r  CPU_U/ALU_0/mem_reg[0][18]_i_5/CO[3]
                         net (fo=1, routed)           0.000   133.923    CPU_U/ALU_0/mem_reg[0][18]_i_5_n_0
    SLICE_X60Y41         CARRY4 (Prop_carry4_CI_CO[3])
                                                      0.117   134.040 r  CPU_U/ALU_0/mem_reg[0][23]_i_16/CO[3]
                         net (fo=1, routed)           0.000   134.040    CPU_U/ALU_0/mem_reg[0][23]_i_16_n_0
    SLICE_X60Y42         CARRY4 (Prop_carry4_CI_CO[3])
                                                      0.117   134.157 r  CPU_U/ALU_0/mem_reg[0][27]_i_16/CO[3]
                         net (fo=1, routed)           0.000   134.157    CPU_U/ALU_0/mem_reg[0][27]_i_16_n_0
    SLICE_X60Y43         CARRY4 (Prop_carry4_CI_CO[3])
                                                      0.117   134.274 r  CPU_U/ALU_0/mem_reg[0][31]_i_17/CO[3]
                         net (fo=1, routed)           0.000   134.274    CPU_U/ALU_0/mem_reg[0][31]_i_17_n_0
    SLICE_X60Y44         CARRY4 (Prop_carry4_CI_CO[3])
                                                      0.117   134.391 r  CPU_U/ALU_0/mem_reg[0][31]_i_14/CO[3]
                         net (fo=1, routed)           0.000   134.391    CPU_U/ALU_0/mem_reg[0][31]_i_14_n_0
    SLICE_X60Y45         CARRY4 (Prop_carry4_CI_CO[1])
                                                      0.157   134.548 r  CPU_U/ALU_0/mem_reg[0][31]_i_13/CO[1]
                         net (fo=35, routed)          2.193   136.741    CPU_U/ALU_0/mem_reg[0][31]_i_13_n_2
    SLICE_X61Y36         LUT3 (Prop_lut3_I0_O)        0.332   137.073 r  CPU_U/ALU_0/mem[0][3]_i_18/O
                         net (fo=1, routed)           0.000   137.073    CPU_U/ALU_0/mem[0][3]_i_18_n_0
    SLICE_X61Y36         CARRY4 (Prop_carry4_S[1]_CO[3])
                                                      0.550   137.623 r  CPU_U/ALU_0/mem_reg[0][3]_i_14/CO[3]
                         net (fo=1, routed)           0.000   137.623    CPU_U/ALU_0/mem_reg[0][3]_i_14_n_0
    SLICE_X61Y37         CARRY4 (Prop_carry4_CI_CO[3])
                                                      0.114   137.737 r  CPU_U/ALU_0/mem_reg[0][7]_i_14/CO[3]
                         net (fo=1, routed)           0.000   137.737    CPU_U/ALU_0/mem_reg[0][7]_i_14_n_0
    SLICE_X61Y38         CARRY4 (Prop_carry4_CI_O[3])
                                                      0.313   138.050 r  CPU_U/ALU_0/mem_reg[0][11]_i_14/O[3]
                         net (fo=4, routed)           1.392   139.442    CPU_U/ALU_0/mem[0][11]_i_20_0[3]
    SLICE_X60Y34         LUT6 (Prop_lut6_I5_O)        0.306   139.748 f  CPU_U/ALU_0/mem[0][13]_i_5/O
                         net (fo=2, routed)           1.058   140.806    CPU_U/ALU_0/mem[0][13]_i_5_n_0
    SLICE_X60Y34         LUT3 (Prop_lut3_I2_O)        0.124   140.930 f  CPU_U/ALU_0/mem[0][17]_i_5/O
                         net (fo=1, routed)           0.810   141.741    CPU_U/ALU_0/mem[0][17]_i_5_n_0
    SLICE_X60Y34         LUT5 (Prop_lut5_I1_O)        0.124   141.865 r  CPU_U/ALU_0/mem[0][17]_i_4/O
                         net (fo=4, routed)           0.700   142.565    CPU_U/ALU_0/mem[0][17]_i_4_n_0
    SLICE_X60Y36         LUT6 (Prop_lut6_I2_O)        0.124   142.689 r  CPU_U/ALU_0/mem[0][20]_i_5/O
                         net (fo=3, routed)           1.103   143.792    CPU_U/ALU_0/mem[0][20]_i_5_n_0
    SLICE_X65Y38         LUT4 (Prop_lut4_I3_O)        0.124   143.916 f  CPU_U/ALU_0/mem[0][24]_i_6/O
                         net (fo=3, routed)           0.650   144.566    CPU_U/ALU_0/mem[0][24]_i_6_n_0
    SLICE_X65Y39         LUT4 (Prop_lut4_I1_O)        0.124   144.690 r  CPU_U/ALU_0/mem[0][25]_i_4/O
                         net (fo=2, routed)           0.566   145.256    CPU_U/ALU_0/mem[0][25]_i_4_n_0
    SLICE_X63Y39         LUT3 (Prop_lut3_I2_O)        0.150   145.406 r  CPU_U/ALU_0/mem[0][27]_i_15/O
                         net (fo=2, routed)           0.667   146.073    CPU_U/ALU_0/mem[0][27]_i_15_n_0
    SLICE_X58Y39         LUT6 (Prop_lut6_I3_O)        0.326   146.399 r  CPU_U/ALU_0/mem[0][27]_i_9/O
                         net (fo=1, routed)           0.425   146.824    CPU_U/ALU_0/ALU_Hi0[27]
    SLICE_X58Y38         LUT6 (Prop_lut6_I5_O)        0.124   146.948 r  CPU_U/ALU_0/mem[0][27]_i_3/O
                         net (fo=1, routed)           1.230   148.178    CPU_U/IDEX_0/mem_reg[0][27]
    SLICE_X53Y40         LUT6 (Prop_lut6_I5_O)        0.124   148.302 r  CPU_U/IDEX_0/mem[0][27]_i_1/O
                         net (fo=1, routed)           0.000   148.302    CPU_U/Hi_reg_0/D[27]
    SLICE_X53Y40         FDCE                                         r  CPU_U/Hi_reg_0/mem_reg[0][27]/D
  -------------------------------------------------------------------    -------------------

Slack:                    inf
  Source:                 CPU_U/MEMWB_0/JAL_WB_reg/C
                            (rising edge-triggered cell FDCE)
  Destination:            CPU_U/Hi_reg_0/mem_reg[0][30]/D
  Path Group:             (none)
  Path Type:              Max at Slow Process Corner
  Data Path Delay:        148.126ns  (logic 58.648ns (39.593%)  route 89.478ns (60.407%))
  Logic Levels:           321  (CARRY4=275 FDCE=1 LUT1=1 LUT3=33 LUT4=1 LUT5=2 LUT6=8)

    Location             Delay type                Incr(ns)  Path(ns)    Netlist Resource(s)
  -------------------------------------------------------------------    -------------------
    SLICE_X39Y48         FDCE                         0.000     0.000 r  CPU_U/MEMWB_0/JAL_WB_reg/C
    SLICE_X39Y48         FDCE (Prop_fdce_C_Q)         0.456     0.456 r  CPU_U/MEMWB_0/JAL_WB_reg/Q
                         net (fo=34, routed)          3.220     3.676    CPU_U/MEMWB_0/sel0[4]
    SLICE_X65Y46         LUT3 (Prop_lut3_I0_O)        0.124     3.800 r  CPU_U/MEMWB_0/MEM_reg_r1_0_31_0_5_i_24/O
                         net (fo=30, routed)          4.737     8.536    CPU_U/MEMWB_0/MEM_reg_r1_0_31_0_5_i_24_n_0
    SLICE_X51Y48         LUT6 (Prop_lut6_I5_O)        0.124     8.660 f  CPU_U/MEMWB_0/MEM_reg_r1_0_31_12_17_i_19/O
                         net (fo=1, routed)           0.151     8.812    CPU_U/MEMWB_0/MEM_reg_r1_0_31_12_17_i_19_n_0
    SLICE_X51Y48         LUT6 (Prop_lut6_I5_O)        0.124     8.936 r  CPU_U/MEMWB_0/MEM_reg_r1_0_31_12_17_i_12/O
                         net (fo=3, routed)           0.166     9.102    CPU_U/IDEX_0/mult_result_u__1_23
    SLICE_X51Y48         LUT5 (Prop_lut5_I0_O)        0.124     9.226 f  CPU_U/IDEX_0/LedData[16]_i_1/O
                         net (fo=3, routed)           2.021    11.247    CPU_U/IDEX_0/R2_EX_reg[31]_0[16]
    SLICE_X65Y56         LUT3 (Prop_lut3_I2_O)        0.124    11.371 f  CPU_U/IDEX_0/mult_result_u_i_16/O
                         net (fo=96, routed)          4.021    15.392    CPU_U/IDEX_0/imm_EX_reg[17]_5
    SLICE_X37Y68         LUT1 (Prop_lut1_I0_O)        0.124    15.516 r  CPU_U/IDEX_0/mem[0][31]_i_1221/O
                         net (fo=1, routed)           0.000    15.516    CPU_U/ALU_0/mem_reg[0][31]_i_1120_1[0]
    SLICE_X37Y68         CARRY4 (Prop_carry4_S[0]_CO[3])
                                                      0.532    16.048 r  CPU_U/ALU_0/mem_reg[0][31]_i_1162/CO[3]
                         net (fo=1, routed)           0.000    16.048    CPU_U/ALU_0/mem_reg[0][31]_i_1162_n_0
    SLICE_X37Y69         CARRY4 (Prop_carry4_CI_CO[3])
                                                      0.114    16.162 r  CPU_U/ALU_0/mem_reg[0][31]_i_1157/CO[3]
                         net (fo=1, routed)           0.000    16.162    CPU_U/ALU_0/mem_reg[0][31]_i_1157_n_0
    SLICE_X37Y70         CARRY4 (Prop_carry4_CI_CO[3])
                                                      0.114    16.276 r  CPU_U/ALU_0/mem_reg[0][31]_i_1152/CO[3]
                         net (fo=1, routed)           0.000    16.276    CPU_U/ALU_0/mem_reg[0][31]_i_1152_n_0
    SLICE_X37Y71         CARRY4 (Prop_carry4_CI_CO[3])
                                                      0.114    16.390 r  CPU_U/ALU_0/mem_reg[0][31]_i_1149/CO[3]
                         net (fo=1, routed)           0.000    16.390    CPU_U/ALU_0/mem_reg[0][31]_i_1149_n_0
    SLICE_X37Y72         CARRY4 (Prop_carry4_CI_CO[0])
                                                      0.271    16.661 r  CPU_U/ALU_0/mem_reg[0][31]_i_1148/CO[0]
                         net (fo=35, routed)          1.559    18.220    CPU_U/ALU_0/mem_reg[0][31]_i_1148_n_3
    SLICE_X36Y63         LUT3 (Prop_lut3_I0_O)        0.373    18.593 r  CPU_U/ALU_0/mem[0][31]_i_1189/O
                         net (fo=1, routed)           0.000    18.593    CPU_U/ALU_0/mem[0][31]_i_1189_n_0
    SLICE_X36Y63         CARRY4 (Prop_carry4_S[1]_CO[3])
                                                      0.550    19.143 r  CPU_U/ALU_0/mem_reg[0][31]_i_1140/CO[3]
                         net (fo=1, routed)           0.000    19.143    CPU_U/ALU_0/mem_reg[0][31]_i_1140_n_0
    SLICE_X36Y64         CARRY4 (Prop_carry4_CI_CO[3])
                                                      0.114    19.257 r  CPU_U/ALU_0/mem_reg[0][31]_i_1135/CO[3]
                         net (fo=1, routed)           0.000    19.257    CPU_U/ALU_0/mem_reg[0][31]_i_1135_n_0
    SLICE_X36Y65         CARRY4 (Prop_carry4_CI_CO[3])
                                                      0.114    19.371 r  CPU_U/ALU_0/mem_reg[0][31]_i_1130/CO[3]
                         net (fo=1, routed)           0.000    19.371    CPU_U/ALU_0/mem_reg[0][31]_i_1130_n_0
    SLICE_X36Y66         CARRY4 (Prop_carry4_CI_CO[3])
                                                      0.114    19.485 r  CPU_U/ALU_0/mem_reg[0][31]_i_1125/CO[3]
                         net (fo=1, routed)           0.000    19.485    CPU_U/ALU_0/mem_reg[0][31]_i_1125_n_0
    SLICE_X36Y67         CARRY4 (Prop_carry4_CI_CO[3])
                                                      0.114    19.599 r  CPU_U/ALU_0/mem_reg[0][31]_i_1120/CO[3]
                         net (fo=1, routed)           0.000    19.599    CPU_U/ALU_0/mem_reg[0][31]_i_1120_n_0
    SLICE_X36Y68         CARRY4 (Prop_carry4_CI_CO[3])
                                                      0.114    19.713 r  CPU_U/ALU_0/mem_reg[0][31]_i_1115/CO[3]
                         net (fo=1, routed)           0.000    19.713    CPU_U/ALU_0/mem_reg[0][31]_i_1115_n_0
    SLICE_X36Y69         CARRY4 (Prop_carry4_CI_CO[3])
                                                      0.114    19.827 r  CPU_U/ALU_0/mem_reg[0][31]_i_1110/CO[3]
                         net (fo=1, routed)           0.000    19.827    CPU_U/ALU_0/mem_reg[0][31]_i_1110_n_0
    SLICE_X36Y70         CARRY4 (Prop_carry4_CI_CO[3])
                                                      0.114    19.941 r  CPU_U/ALU_0/mem_reg[0][31]_i_1107/CO[3]
                         net (fo=1, routed)           0.000    19.941    CPU_U/ALU_0/mem_reg[0][31]_i_1107_n_0
    SLICE_X36Y71         CARRY4 (Prop_carry4_CI_CO[1])
                                                      0.157    20.098 r  CPU_U/ALU_0/mem_reg[0][31]_i_1106/CO[1]
                         net (fo=35, routed)          2.050    22.148    CPU_U/ALU_0/mem_reg[0][31]_i_1106_n_2
    SLICE_X39Y63         LUT3 (Prop_lut3_I0_O)        0.329    22.477 r  CPU_U/ALU_0/mem[0][31]_i_1145/O
                         net (fo=1, routed)           0.000    22.477    CPU_U/ALU_0/mem[0][31]_i_1145_n_0
    SLICE_X39Y63         CARRY4 (Prop_carry4_S[3]_CO[3])
                                                      0.401    22.878 r  CPU_U/ALU_0/mem_reg[0][31]_i_1098/CO[3]
                         net (fo=1, routed)           0.000    22.878    CPU_U/ALU_0/mem_reg[0][31]_i_1098_n_0
    SLICE_X39Y64         CARRY4 (Prop_carry4_CI_CO[3])
                                                      0.114    22.992 r  CPU_U/ALU_0/mem_reg[0][31]_i_1093/CO[3]
                         net (fo=1, routed)           0.000    22.992    CPU_U/ALU_0/mem_reg[0][31]_i_1093_n_0
    SLICE_X39Y65         CARRY4 (Prop_carry4_CI_CO[3])
                                                      0.114    23.106 r  CPU_U/ALU_0/mem_reg[0][31]_i_1088/CO[3]
                         net (fo=1, routed)           0.000    23.106    CPU_U/ALU_0/mem_reg[0][31]_i_1088_n_0
    SLICE_X39Y66         CARRY4 (Prop_carry4_CI_CO[3])
                                                      0.114    23.220 r  CPU_U/ALU_0/mem_reg[0][31]_i_1083/CO[3]
                         net (fo=1, routed)           0.000    23.220    CPU_U/ALU_0/mem_reg[0][31]_i_1083_n_0
    SLICE_X39Y67         CARRY4 (Prop_carry4_CI_CO[3])
                                                      0.114    23.334 r  CPU_U/ALU_0/mem_reg[0][31]_i_1078/CO[3]
                         net (fo=1, routed)           0.000    23.334    CPU_U/ALU_0/mem_reg[0][31]_i_1078_n_0
    SLICE_X39Y68         CARRY4 (Prop_carry4_CI_CO[3])
                                                      0.114    23.448 r  CPU_U/ALU_0/mem_reg[0][31]_i_1073/CO[3]
                         net (fo=1, routed)           0.000    23.448    CPU_U/ALU_0/mem_reg[0][31]_i_1073_n_0
    SLICE_X39Y69         CARRY4 (Prop_carry4_CI_CO[3])
                                                      0.114    23.562 r  CPU_U/ALU_0/mem_reg[0][31]_i_1068/CO[3]
                         net (fo=1, routed)           0.000    23.562    CPU_U/ALU_0/mem_reg[0][31]_i_1068_n_0
    SLICE_X39Y70         CARRY4 (Prop_carry4_CI_CO[3])
                                                      0.114    23.676 r  CPU_U/ALU_0/mem_reg[0][31]_i_1065/CO[3]
                         net (fo=1, routed)           0.000    23.676    CPU_U/ALU_0/mem_reg[0][31]_i_1065_n_0
    SLICE_X39Y71         CARRY4 (Prop_carry4_CI_CO[1])
                                                      0.157    23.833 r  CPU_U/ALU_0/mem_reg[0][31]_i_1064/CO[1]
                         net (fo=35, routed)          2.237    26.070    CPU_U/ALU_0/mem_reg[0][31]_i_1064_n_2
    SLICE_X40Y63         LUT3 (Prop_lut3_I0_O)        0.329    26.399 r  CPU_U/ALU_0/mem[0][31]_i_1105/O
                         net (fo=1, routed)           0.000    26.399    CPU_U/ALU_0/mem[0][31]_i_1105_n_0
    SLICE_X40Y63         CARRY4 (Prop_carry4_S[1]_CO[3])
                                                      0.550    26.949 r  CPU_U/ALU_0/mem_reg[0][31]_i_1056/CO[3]
                         net (fo=1, routed)           0.000    26.949    CPU_U/ALU_0/mem_reg[0][31]_i_1056_n_0
    SLICE_X40Y64         CARRY4 (Prop_carry4_CI_CO[3])
                                                      0.114    27.063 r  CPU_U/ALU_0/mem_reg[0][31]_i_1051/CO[3]
                         net (fo=1, routed)           0.000    27.063    CPU_U/ALU_0/mem_reg[0][31]_i_1051_n_0
    SLICE_X40Y65         CARRY4 (Prop_carry4_CI_CO[3])
                                                      0.114    27.177 r  CPU_U/ALU_0/mem_reg[0][31]_i_1046/CO[3]
                         net (fo=1, routed)           0.000    27.177    CPU_U/ALU_0/mem_reg[0][31]_i_1046_n_0
    SLICE_X40Y66         CARRY4 (Prop_carry4_CI_CO[3])
                                                      0.114    27.291 r  CPU_U/ALU_0/mem_reg[0][31]_i_1041/CO[3]
                         net (fo=1, routed)           0.000    27.291    CPU_U/ALU_0/mem_reg[0][31]_i_1041_n_0
    SLICE_X40Y67         CARRY4 (Prop_carry4_CI_CO[3])
                                                      0.114    27.405 r  CPU_U/ALU_0/mem_reg[0][31]_i_1036/CO[3]
                         net (fo=1, routed)           0.000    27.405    CPU_U/ALU_0/mem_reg[0][31]_i_1036_n_0
    SLICE_X40Y68         CARRY4 (Prop_carry4_CI_CO[3])
                                                      0.114    27.519 r  CPU_U/ALU_0/mem_reg[0][31]_i_1031/CO[3]
                         net (fo=1, routed)           0.000    27.519    CPU_U/ALU_0/mem_reg[0][31]_i_1031_n_0
    SLICE_X40Y69         CARRY4 (Prop_carry4_CI_CO[3])
                                                      0.114    27.633 r  CPU_U/ALU_0/mem_reg[0][31]_i_1026/CO[3]
                         net (fo=1, routed)           0.000    27.633    CPU_U/ALU_0/mem_reg[0][31]_i_1026_n_0
    SLICE_X40Y70         CARRY4 (Prop_carry4_CI_CO[3])
                                                      0.114    27.747 r  CPU_U/ALU_0/mem_reg[0][31]_i_1023/CO[3]
                         net (fo=1, routed)           0.000    27.747    CPU_U/ALU_0/mem_reg[0][31]_i_1023_n_0
    SLICE_X40Y71         CARRY4 (Prop_carry4_CI_CO[1])
                                                      0.157    27.904 r  CPU_U/ALU_0/mem_reg[0][31]_i_1022/CO[1]
                         net (fo=35, routed)          1.914    29.818    CPU_U/ALU_0/mem_reg[0][31]_i_1022_n_2
    SLICE_X41Y62         LUT3 (Prop_lut3_I0_O)        0.329    30.147 r  CPU_U/ALU_0/mem[0][31]_i_1062/O
                         net (fo=1, routed)           0.000    30.147    CPU_U/ALU_0/mem[0][31]_i_1062_n_0
    SLICE_X41Y62         CARRY4 (Prop_carry4_S[2]_CO[3])
                                                      0.398    30.545 r  CPU_U/ALU_0/mem_reg[0][31]_i_1014/CO[3]
                         net (fo=1, routed)           0.000    30.545    CPU_U/ALU_0/mem_reg[0][31]_i_1014_n_0
    SLICE_X41Y63         CARRY4 (Prop_carry4_CI_CO[3])
                                                      0.114    30.659 r  CPU_U/ALU_0/mem_reg[0][31]_i_1009/CO[3]
                         net (fo=1, routed)           0.000    30.659    CPU_U/ALU_0/mem_reg[0][31]_i_1009_n_0
    SLICE_X41Y64         CARRY4 (Prop_carry4_CI_CO[3])
                                                      0.114    30.773 r  CPU_U/ALU_0/mem_reg[0][31]_i_1004/CO[3]
                         net (fo=1, routed)           0.000    30.773    CPU_U/ALU_0/mem_reg[0][31]_i_1004_n_0
    SLICE_X41Y65         CARRY4 (Prop_carry4_CI_CO[3])
                                                      0.114    30.887 r  CPU_U/ALU_0/mem_reg[0][31]_i_999/CO[3]
                         net (fo=1, routed)           0.000    30.887    CPU_U/ALU_0/mem_reg[0][31]_i_999_n_0
    SLICE_X41Y66         CARRY4 (Prop_carry4_CI_CO[3])
                                                      0.114    31.001 r  CPU_U/ALU_0/mem_reg[0][31]_i_994/CO[3]
                         net (fo=1, routed)           0.000    31.001    CPU_U/ALU_0/mem_reg[0][31]_i_994_n_0
    SLICE_X41Y67         CARRY4 (Prop_carry4_CI_CO[3])
                                                      0.114    31.115 r  CPU_U/ALU_0/mem_reg[0][31]_i_989/CO[3]
                         net (fo=1, routed)           0.000    31.115    CPU_U/ALU_0/mem_reg[0][31]_i_989_n_0
    SLICE_X41Y68         CARRY4 (Prop_carry4_CI_CO[3])
                                                      0.114    31.229 r  CPU_U/ALU_0/mem_reg[0][31]_i_984/CO[3]
                         net (fo=1, routed)           0.000    31.229    CPU_U/ALU_0/mem_reg[0][31]_i_984_n_0
    SLICE_X41Y69         CARRY4 (Prop_carry4_CI_CO[3])
                                                      0.114    31.343 r  CPU_U/ALU_0/mem_reg[0][31]_i_981/CO[3]
                         net (fo=1, routed)           0.000    31.343    CPU_U/ALU_0/mem_reg[0][31]_i_981_n_0
    SLICE_X41Y70         CARRY4 (Prop_carry4_CI_CO[1])
                                                      0.157    31.500 r  CPU_U/ALU_0/mem_reg[0][31]_i_980/CO[1]
                         net (fo=35, routed)          2.299    33.799    CPU_U/ALU_0/mem_reg[0][31]_i_980_n_2
    SLICE_X38Y58         LUT3 (Prop_lut3_I0_O)        0.329    34.128 r  CPU_U/ALU_0/mem[0][31]_i_1021/O
                         net (fo=1, routed)           0.000    34.128    CPU_U/ALU_0/mem[0][31]_i_1021_n_0
    SLICE_X38Y58         CARRY4 (Prop_carry4_S[1]_CO[3])
                                                      0.533    34.661 r  CPU_U/ALU_0/mem_reg[0][31]_i_972/CO[3]
                         net (fo=1, routed)           0.000    34.661    CPU_U/ALU_0/mem_reg[0][31]_i_972_n_0
    SLICE_X38Y59         CARRY4 (Prop_carry4_CI_CO[3])
                                                      0.117    34.778 r  CPU_U/ALU_0/mem_reg[0][31]_i_967/CO[3]
                         net (fo=1, routed)           0.000    34.778    CPU_U/ALU_0/mem_reg[0][31]_i_967_n_0
    SLICE_X38Y60         CARRY4 (Prop_carry4_CI_CO[3])
                                                      0.117    34.895 r  CPU_U/ALU_0/mem_reg[0][31]_i_962/CO[3]
                         net (fo=1, routed)           0.000    34.895    CPU_U/ALU_0/mem_reg[0][31]_i_962_n_0
    SLICE_X38Y61         CARRY4 (Prop_carry4_CI_CO[3])
                                                      0.117    35.012 r  CPU_U/ALU_0/mem_reg[0][31]_i_957/CO[3]
                         net (fo=1, routed)           0.000    35.012    CPU_U/ALU_0/mem_reg[0][31]_i_957_n_0
    SLICE_X38Y62         CARRY4 (Prop_carry4_CI_CO[3])
                                                      0.117    35.129 r  CPU_U/ALU_0/mem_reg[0][31]_i_952/CO[3]
                         net (fo=1, routed)           0.000    35.129    CPU_U/ALU_0/mem_reg[0][31]_i_952_n_0
    SLICE_X38Y63         CARRY4 (Prop_carry4_CI_CO[3])
                                                      0.117    35.246 r  CPU_U/ALU_0/mem_reg[0][31]_i_947/CO[3]
                         net (fo=1, routed)           0.000    35.246    CPU_U/ALU_0/mem_reg[0][31]_i_947_n_0
    SLICE_X38Y64         CARRY4 (Prop_carry4_CI_CO[3])
                                                      0.117    35.363 r  CPU_U/ALU_0/mem_reg[0][31]_i_942/CO[3]
                         net (fo=1, routed)           0.000    35.363    CPU_U/ALU_0/mem_reg[0][31]_i_942_n_0
    SLICE_X38Y65         CARRY4 (Prop_carry4_CI_CO[3])
                                                      0.117    35.480 r  CPU_U/ALU_0/mem_reg[0][31]_i_939/CO[3]
                         net (fo=1, routed)           0.000    35.480    CPU_U/ALU_0/mem_reg[0][31]_i_939_n_0
    SLICE_X38Y66         CARRY4 (Prop_carry4_CI_CO[1])
                                                      0.157    35.637 r  CPU_U/ALU_0/mem_reg[0][31]_i_938/CO[1]
                         net (fo=35, routed)          2.233    37.870    CPU_U/ALU_0/mem_reg[0][31]_i_938_n_2
    SLICE_X37Y54         LUT3 (Prop_lut3_I0_O)        0.332    38.202 r  CPU_U/ALU_0/mem[0][31]_i_979/O
                         net (fo=1, routed)           0.000    38.202    CPU_U/ALU_0/mem[0][31]_i_979_n_0
    SLICE_X37Y54         CARRY4 (Prop_carry4_S[1]_CO[3])
                                                      0.550    38.752 r  CPU_U/ALU_0/mem_reg[0][31]_i_930/CO[3]
                         net (fo=1, routed)           0.000    38.752    CPU_U/ALU_0/mem_reg[0][31]_i_930_n_0
    SLICE_X37Y55         CARRY4 (Prop_carry4_CI_CO[3])
                                                      0.114    38.866 r  CPU_U/ALU_0/mem_reg[0][31]_i_925/CO[3]
                         net (fo=1, routed)           0.000    38.866    CPU_U/ALU_0/mem_reg[0][31]_i_925_n_0
    SLICE_X37Y56         CARRY4 (Prop_carry4_CI_CO[3])
                                                      0.114    38.980 r  CPU_U/ALU_0/mem_reg[0][31]_i_920/CO[3]
                         net (fo=1, routed)           0.000    38.980    CPU_U/ALU_0/mem_reg[0][31]_i_920_n_0
    SLICE_X37Y57         CARRY4 (Prop_carry4_CI_CO[3])
                                                      0.114    39.094 r  CPU_U/ALU_0/mem_reg[0][31]_i_915/CO[3]
                         net (fo=1, routed)           0.000    39.094    CPU_U/ALU_0/mem_reg[0][31]_i_915_n_0
    SLICE_X37Y58         CARRY4 (Prop_carry4_CI_CO[3])
                                                      0.114    39.208 r  CPU_U/ALU_0/mem_reg[0][31]_i_910/CO[3]
                         net (fo=1, routed)           0.000    39.208    CPU_U/ALU_0/mem_reg[0][31]_i_910_n_0
    SLICE_X37Y59         CARRY4 (Prop_carry4_CI_CO[3])
                                                      0.114    39.322 r  CPU_U/ALU_0/mem_reg[0][31]_i_905/CO[3]
                         net (fo=1, routed)           0.000    39.322    CPU_U/ALU_0/mem_reg[0][31]_i_905_n_0
    SLICE_X37Y60         CARRY4 (Prop_carry4_CI_CO[3])
                                                      0.114    39.436 r  CPU_U/ALU_0/mem_reg[0][31]_i_900/CO[3]
                         net (fo=1, routed)           0.000    39.436    CPU_U/ALU_0/mem_reg[0][31]_i_900_n_0
    SLICE_X37Y61         CARRY4 (Prop_carry4_CI_CO[3])
                                                      0.114    39.550 r  CPU_U/ALU_0/mem_reg[0][31]_i_897/CO[3]
                         net (fo=1, routed)           0.000    39.550    CPU_U/ALU_0/mem_reg[0][31]_i_897_n_0
    SLICE_X37Y62         CARRY4 (Prop_carry4_CI_CO[1])
                                                      0.157    39.707 r  CPU_U/ALU_0/mem_reg[0][31]_i_896/CO[1]
                         net (fo=35, routed)          2.162    41.869    CPU_U/ALU_0/mem_reg[0][31]_i_896_n_2
    SLICE_X40Y53         LUT3 (Prop_lut3_I0_O)        0.329    42.198 r  CPU_U/ALU_0/mem[0][31]_i_937/O
                         net (fo=1, routed)           0.000    42.198    CPU_U/ALU_0/mem[0][31]_i_937_n_0
    SLICE_X40Y53         CARRY4 (Prop_carry4_S[1]_CO[3])
                                                      0.550    42.748 r  CPU_U/ALU_0/mem_reg[0][31]_i_888/CO[3]
                         net (fo=1, routed)           0.000    42.748    CPU_U/ALU_0/mem_reg[0][31]_i_888_n_0
    SLICE_X40Y54         CARRY4 (Prop_carry4_CI_CO[3])
                                                      0.114    42.862 r  CPU_U/ALU_0/mem_reg[0][31]_i_883/CO[3]
                         net (fo=1, routed)           0.000    42.862    CPU_U/ALU_0/mem_reg[0][31]_i_883_n_0
    SLICE_X40Y55         CARRY4 (Prop_carry4_CI_CO[3])
                                                      0.114    42.976 r  CPU_U/ALU_0/mem_reg[0][31]_i_878/CO[3]
                         net (fo=1, routed)           0.000    42.976    CPU_U/ALU_0/mem_reg[0][31]_i_878_n_0
    SLICE_X40Y56         CARRY4 (Prop_carry4_CI_CO[3])
                                                      0.114    43.090 r  CPU_U/ALU_0/mem_reg[0][31]_i_873/CO[3]
                         net (fo=1, routed)           0.000    43.090    CPU_U/ALU_0/mem_reg[0][31]_i_873_n_0
    SLICE_X40Y57         CARRY4 (Prop_carry4_CI_CO[3])
                                                      0.114    43.204 r  CPU_U/ALU_0/mem_reg[0][31]_i_868/CO[3]
                         net (fo=1, routed)           0.000    43.204    CPU_U/ALU_0/mem_reg[0][31]_i_868_n_0
    SLICE_X40Y58         CARRY4 (Prop_carry4_CI_CO[3])
                                                      0.114    43.318 r  CPU_U/ALU_0/mem_reg[0][31]_i_863/CO[3]
                         net (fo=1, routed)           0.000    43.318    CPU_U/ALU_0/mem_reg[0][31]_i_863_n_0
    SLICE_X40Y59         CARRY4 (Prop_carry4_CI_CO[3])
                                                      0.114    43.432 r  CPU_U/ALU_0/mem_reg[0][31]_i_858/CO[3]
                         net (fo=1, routed)           0.000    43.432    CPU_U/ALU_0/mem_reg[0][31]_i_858_n_0
    SLICE_X40Y60         CARRY4 (Prop_carry4_CI_CO[3])
                                                      0.114    43.546 r  CPU_U/ALU_0/mem_reg[0][31]_i_855/CO[3]
                         net (fo=1, routed)           0.000    43.546    CPU_U/ALU_0/mem_reg[0][31]_i_855_n_0
    SLICE_X40Y61         CARRY4 (Prop_carry4_CI_CO[1])
                                                      0.157    43.703 r  CPU_U/ALU_0/mem_reg[0][31]_i_854/CO[1]
                         net (fo=35, routed)          2.230    45.933    CPU_U/ALU_0/mem_reg[0][31]_i_854_n_2
    SLICE_X41Y52         LUT3 (Prop_lut3_I0_O)        0.329    46.262 r  CPU_U/ALU_0/mem[0][31]_i_895/O
                         net (fo=1, routed)           0.000    46.262    CPU_U/ALU_0/mem[0][31]_i_895_n_0
    SLICE_X41Y52         CARRY4 (Prop_carry4_S[1]_CO[3])
                                                      0.550    46.812 r  CPU_U/ALU_0/mem_reg[0][31]_i_846/CO[3]
                         net (fo=1, routed)           0.000    46.812    CPU_U/ALU_0/mem_reg[0][31]_i_846_n_0
    SLICE_X41Y53         CARRY4 (Prop_carry4_CI_CO[3])
                                                      0.114    46.926 r  CPU_U/ALU_0/mem_reg[0][31]_i_841/CO[3]
                         net (fo=1, routed)           0.000    46.926    CPU_U/ALU_0/mem_reg[0][31]_i_841_n_0
    SLICE_X41Y54         CARRY4 (Prop_carry4_CI_CO[3])
                                                      0.114    47.040 r  CPU_U/ALU_0/mem_reg[0][31]_i_836/CO[3]
                         net (fo=1, routed)           0.000    47.040    CPU_U/ALU_0/mem_reg[0][31]_i_836_n_0
    SLICE_X41Y55         CARRY4 (Prop_carry4_CI_CO[3])
                                                      0.114    47.154 r  CPU_U/ALU_0/mem_reg[0][31]_i_831/CO[3]
                         net (fo=1, routed)           0.000    47.154    CPU_U/ALU_0/mem_reg[0][31]_i_831_n_0
    SLICE_X41Y56         CARRY4 (Prop_carry4_CI_CO[3])
                                                      0.114    47.268 r  CPU_U/ALU_0/mem_reg[0][31]_i_826/CO[3]
                         net (fo=1, routed)           0.000    47.268    CPU_U/ALU_0/mem_reg[0][31]_i_826_n_0
    SLICE_X41Y57         CARRY4 (Prop_carry4_CI_CO[3])
                                                      0.114    47.382 r  CPU_U/ALU_0/mem_reg[0][31]_i_821/CO[3]
                         net (fo=1, routed)           0.000    47.382    CPU_U/ALU_0/mem_reg[0][31]_i_821_n_0
    SLICE_X41Y58         CARRY4 (Prop_carry4_CI_CO[3])
                                                      0.114    47.496 r  CPU_U/ALU_0/mem_reg[0][31]_i_816/CO[3]
                         net (fo=1, routed)           0.000    47.496    CPU_U/ALU_0/mem_reg[0][31]_i_816_n_0
    SLICE_X41Y59         CARRY4 (Prop_carry4_CI_CO[3])
                                                      0.114    47.610 r  CPU_U/ALU_0/mem_reg[0][31]_i_813/CO[3]
                         net (fo=1, routed)           0.000    47.610    CPU_U/ALU_0/mem_reg[0][31]_i_813_n_0
    SLICE_X41Y60         CARRY4 (Prop_carry4_CI_CO[1])
                                                      0.157    47.767 r  CPU_U/ALU_0/mem_reg[0][31]_i_812/CO[1]
                         net (fo=35, routed)          2.210    49.976    CPU_U/ALU_0/mem_reg[0][31]_i_812_n_2
    SLICE_X43Y51         LUT3 (Prop_lut3_I0_O)        0.329    50.305 r  CPU_U/ALU_0/mem[0][31]_i_853/O
                         net (fo=1, routed)           0.000    50.305    CPU_U/ALU_0/mem[0][31]_i_853_n_0
    SLICE_X43Y51         CARRY4 (Prop_carry4_S[1]_CO[3])
                                                      0.550    50.855 r  CPU_U/ALU_0/mem_reg[0][31]_i_804/CO[3]
                         net (fo=1, routed)           0.000    50.855    CPU_U/ALU_0/mem_reg[0][31]_i_804_n_0
    SLICE_X43Y52         CARRY4 (Prop_carry4_CI_CO[3])
                                                      0.114    50.969 r  CPU_U/ALU_0/mem_reg[0][31]_i_799/CO[3]
                         net (fo=1, routed)           0.000    50.969    CPU_U/ALU_0/mem_reg[0][31]_i_799_n_0
    SLICE_X43Y53         CARRY4 (Prop_carry4_CI_CO[3])
                                                      0.114    51.083 r  CPU_U/ALU_0/mem_reg[0][31]_i_794/CO[3]
                         net (fo=1, routed)           0.000    51.083    CPU_U/ALU_0/mem_reg[0][31]_i_794_n_0
    SLICE_X43Y54         CARRY4 (Prop_carry4_CI_CO[3])
                                                      0.114    51.197 r  CPU_U/ALU_0/mem_reg[0][31]_i_789/CO[3]
                         net (fo=1, routed)           0.000    51.197    CPU_U/ALU_0/mem_reg[0][31]_i_789_n_0
    SLICE_X43Y55         CARRY4 (Prop_carry4_CI_CO[3])
                                                      0.114    51.311 r  CPU_U/ALU_0/mem_reg[0][31]_i_784/CO[3]
                         net (fo=1, routed)           0.000    51.311    CPU_U/ALU_0/mem_reg[0][31]_i_784_n_0
    SLICE_X43Y56         CARRY4 (Prop_carry4_CI_CO[3])
                                                      0.114    51.425 r  CPU_U/ALU_0/mem_reg[0][31]_i_779/CO[3]
                         net (fo=1, routed)           0.000    51.425    CPU_U/ALU_0/mem_reg[0][31]_i_779_n_0
    SLICE_X43Y57         CARRY4 (Prop_carry4_CI_CO[3])
                                                      0.114    51.539 r  CPU_U/ALU_0/mem_reg[0][31]_i_774/CO[3]
                         net (fo=1, routed)           0.000    51.539    CPU_U/ALU_0/mem_reg[0][31]_i_774_n_0
    SLICE_X43Y58         CARRY4 (Prop_carry4_CI_CO[3])
                                                      0.114    51.653 r  CPU_U/ALU_0/mem_reg[0][31]_i_771/CO[3]
                         net (fo=1, routed)           0.000    51.653    CPU_U/ALU_0/mem_reg[0][31]_i_771_n_0
    SLICE_X43Y59         CARRY4 (Prop_carry4_CI_CO[1])
                                                      0.157    51.810 r  CPU_U/ALU_0/mem_reg[0][31]_i_770/CO[1]
                         net (fo=35, routed)          1.815    53.626    CPU_U/ALU_0/mem_reg[0][31]_i_770_n_2
    SLICE_X45Y51         CARRY4 (Prop_carry4_CYINIT_CO[3])
                                                      0.785    54.411 r  CPU_U/ALU_0/mem_reg[0][31]_i_762/CO[3]
                         net (fo=1, routed)           0.000    54.411    CPU_U/ALU_0/mem_reg[0][31]_i_762_n_0
    SLICE_X45Y52         CARRY4 (Prop_carry4_CI_CO[3])
                                                      0.114    54.525 r  CPU_U/ALU_0/mem_reg[0][31]_i_757/CO[3]
                         net (fo=1, routed)           0.000    54.525    CPU_U/ALU_0/mem_reg[0][31]_i_757_n_0
    SLICE_X45Y53         CARRY4 (Prop_carry4_CI_CO[3])
                                                      0.114    54.639 r  CPU_U/ALU_0/mem_reg[0][31]_i_752/CO[3]
                         net (fo=1, routed)           0.000    54.639    CPU_U/ALU_0/mem_reg[0][31]_i_752_n_0
    SLICE_X45Y54         CARRY4 (Prop_carry4_CI_CO[3])
                                                      0.114    54.753 r  CPU_U/ALU_0/mem_reg[0][31]_i_747/CO[3]
                         net (fo=1, routed)           0.000    54.753    CPU_U/ALU_0/mem_reg[0][31]_i_747_n_0
    SLICE_X45Y55         CARRY4 (Prop_carry4_CI_CO[3])
                                                      0.114    54.867 r  CPU_U/ALU_0/mem_reg[0][31]_i_742/CO[3]
                         net (fo=1, routed)           0.000    54.867    CPU_U/ALU_0/mem_reg[0][31]_i_742_n_0
    SLICE_X45Y56         CARRY4 (Prop_carry4_CI_CO[3])
                                                      0.114    54.981 r  CPU_U/ALU_0/mem_reg[0][31]_i_737/CO[3]
                         net (fo=1, routed)           0.000    54.981    CPU_U/ALU_0/mem_reg[0][31]_i_737_n_0
    SLICE_X45Y57         CARRY4 (Prop_carry4_CI_CO[3])
                                                      0.114    55.095 r  CPU_U/ALU_0/mem_reg[0][31]_i_732/CO[3]
                         net (fo=1, routed)           0.000    55.095    CPU_U/ALU_0/mem_reg[0][31]_i_732_n_0
    SLICE_X45Y58         CARRY4 (Prop_carry4_CI_CO[3])
                                                      0.114    55.209 r  CPU_U/ALU_0/mem_reg[0][31]_i_729/CO[3]
                         net (fo=1, routed)           0.000    55.209    CPU_U/ALU_0/mem_reg[0][31]_i_729_n_0
    SLICE_X45Y59         CARRY4 (Prop_carry4_CI_CO[1])
                                                      0.157    55.366 r  CPU_U/ALU_0/mem_reg[0][31]_i_728/CO[1]
                         net (fo=35, routed)          2.297    57.663    CPU_U/ALU_0/mem_reg[0][31]_i_728_n_2
    SLICE_X49Y51         LUT3 (Prop_lut3_I0_O)        0.329    57.992 r  CPU_U/ALU_0/mem[0][31]_i_769/O
                         net (fo=1, routed)           0.000    57.992    CPU_U/ALU_0/mem[0][31]_i_769_n_0
    SLICE_X49Y51         CARRY4 (Prop_carry4_S[1]_CO[3])
                                                      0.550    58.542 r  CPU_U/ALU_0/mem_reg[0][31]_i_720/CO[3]
                         net (fo=1, routed)           0.000    58.542    CPU_U/ALU_0/mem_reg[0][31]_i_720_n_0
    SLICE_X49Y52         CARRY4 (Prop_carry4_CI_CO[3])
                                                      0.114    58.656 r  CPU_U/ALU_0/mem_reg[0][31]_i_715/CO[3]
                         net (fo=1, routed)           0.000    58.656    CPU_U/ALU_0/mem_reg[0][31]_i_715_n_0
    SLICE_X49Y53         CARRY4 (Prop_carry4_CI_CO[3])
                                                      0.114    58.770 r  CPU_U/ALU_0/mem_reg[0][31]_i_710/CO[3]
                         net (fo=1, routed)           0.000    58.770    CPU_U/ALU_0/mem_reg[0][31]_i_710_n_0
    SLICE_X49Y54         CARRY4 (Prop_carry4_CI_CO[3])
                                                      0.114    58.884 r  CPU_U/ALU_0/mem_reg[0][31]_i_705/CO[3]
                         net (fo=1, routed)           0.000    58.884    CPU_U/ALU_0/mem_reg[0][31]_i_705_n_0
    SLICE_X49Y55         CARRY4 (Prop_carry4_CI_CO[3])
                                                      0.114    58.998 r  CPU_U/ALU_0/mem_reg[0][31]_i_700/CO[3]
                         net (fo=1, routed)           0.000    58.998    CPU_U/ALU_0/mem_reg[0][31]_i_700_n_0
    SLICE_X49Y56         CARRY4 (Prop_carry4_CI_CO[3])
                                                      0.114    59.112 r  CPU_U/ALU_0/mem_reg[0][31]_i_695/CO[3]
                         net (fo=1, routed)           0.000    59.112    CPU_U/ALU_0/mem_reg[0][31]_i_695_n_0
    SLICE_X49Y57         CARRY4 (Prop_carry4_CI_CO[3])
                                                      0.114    59.226 r  CPU_U/ALU_0/mem_reg[0][31]_i_690/CO[3]
                         net (fo=1, routed)           0.000    59.226    CPU_U/ALU_0/mem_reg[0][31]_i_690_n_0
    SLICE_X49Y58         CARRY4 (Prop_carry4_CI_CO[3])
                                                      0.114    59.340 r  CPU_U/ALU_0/mem_reg[0][31]_i_687/CO[3]
                         net (fo=1, routed)           0.000    59.340    CPU_U/ALU_0/mem_reg[0][31]_i_687_n_0
    SLICE_X49Y59         CARRY4 (Prop_carry4_CI_CO[1])
                                                      0.157    59.497 r  CPU_U/ALU_0/mem_reg[0][31]_i_686/CO[1]
                         net (fo=35, routed)          2.043    61.540    CPU_U/ALU_0/mem_reg[0][31]_i_686_n_2
    SLICE_X53Y51         LUT3 (Prop_lut3_I0_O)        0.329    61.869 r  CPU_U/ALU_0/mem[0][31]_i_725/O
                         net (fo=1, routed)           0.000    61.869    CPU_U/ALU_0/mem[0][31]_i_725_n_0
    SLICE_X53Y51         CARRY4 (Prop_carry4_S[3]_CO[3])
                                                      0.401    62.270 r  CPU_U/ALU_0/mem_reg[0][31]_i_678/CO[3]
                         net (fo=1, routed)           0.000    62.270    CPU_U/ALU_0/mem_reg[0][31]_i_678_n_0
    SLICE_X53Y52         CARRY4 (Prop_carry4_CI_CO[3])
                                                      0.114    62.384 r  CPU_U/ALU_0/mem_reg[0][31]_i_673/CO[3]
                         net (fo=1, routed)           0.000    62.384    CPU_U/ALU_0/mem_reg[0][31]_i_673_n_0
    SLICE_X53Y53         CARRY4 (Prop_carry4_CI_CO[3])
                                                      0.114    62.498 r  CPU_U/ALU_0/mem_reg[0][31]_i_668/CO[3]
                         net (fo=1, routed)           0.000    62.498    CPU_U/ALU_0/mem_reg[0][31]_i_668_n_0
    SLICE_X53Y54         CARRY4 (Prop_carry4_CI_CO[3])
                                                      0.114    62.612 r  CPU_U/ALU_0/mem_reg[0][31]_i_663/CO[3]
                         net (fo=1, routed)           0.000    62.612    CPU_U/ALU_0/mem_reg[0][31]_i_663_n_0
    SLICE_X53Y55         CARRY4 (Prop_carry4_CI_CO[3])
                                                      0.114    62.726 r  CPU_U/ALU_0/mem_reg[0][31]_i_658/CO[3]
                         net (fo=1, routed)           0.000    62.726    CPU_U/ALU_0/mem_reg[0][31]_i_658_n_0
    SLICE_X53Y56         CARRY4 (Prop_carry4_CI_CO[3])
                                                      0.114    62.840 r  CPU_U/ALU_0/mem_reg[0][31]_i_653/CO[3]
                         net (fo=1, routed)           0.000    62.840    CPU_U/ALU_0/mem_reg[0][31]_i_653_n_0
    SLICE_X53Y57         CARRY4 (Prop_carry4_CI_CO[3])
                                                      0.114    62.954 r  CPU_U/ALU_0/mem_reg[0][31]_i_648/CO[3]
                         net (fo=1, routed)           0.000    62.954    CPU_U/ALU_0/mem_reg[0][31]_i_648_n_0
    SLICE_X53Y58         CARRY4 (Prop_carry4_CI_CO[3])
                                                      0.114    63.068 r  CPU_U/ALU_0/mem_reg[0][31]_i_645/CO[3]
                         net (fo=1, routed)           0.000    63.068    CPU_U/ALU_0/mem_reg[0][31]_i_645_n_0
    SLICE_X53Y59         CARRY4 (Prop_carry4_CI_CO[1])
                                                      0.157    63.225 r  CPU_U/ALU_0/mem_reg[0][31]_i_644/CO[1]
                         net (fo=35, routed)          2.056    65.281    CPU_U/ALU_0/mem_reg[0][31]_i_644_n_2
    SLICE_X54Y51         LUT3 (Prop_lut3_I0_O)        0.329    65.610 r  CPU_U/ALU_0/mem[0][31]_i_682/O
                         net (fo=1, routed)           0.000    65.610    CPU_U/ALU_0/mem[0][31]_i_682_n_0
    SLICE_X54Y51         CARRY4 (Prop_carry4_S[0]_CO[3])
                                                      0.513    66.123 r  CPU_U/ALU_0/mem_reg[0][31]_i_631/CO[3]
                         net (fo=1, routed)           0.000    66.123    CPU_U/ALU_0/mem_reg[0][31]_i_631_n_0
    SLICE_X54Y52         CARRY4 (Prop_carry4_CI_CO[3])
                                                      0.117    66.240 r  CPU_U/ALU_0/mem_reg[0][31]_i_626/CO[3]
                         net (fo=1, routed)           0.000    66.240    CPU_U/ALU_0/mem_reg[0][31]_i_626_n_0
    SLICE_X54Y53         CARRY4 (Prop_carry4_CI_CO[3])
                                                      0.117    66.357 r  CPU_U/ALU_0/mem_reg[0][31]_i_621/CO[3]
                         net (fo=1, routed)           0.000    66.357    CPU_U/ALU_0/mem_reg[0][31]_i_621_n_0
    SLICE_X54Y54         CARRY4 (Prop_carry4_CI_CO[3])
                                                      0.117    66.474 r  CPU_U/ALU_0/mem_reg[0][31]_i_616/CO[3]
                         net (fo=1, routed)           0.000    66.474    CPU_U/ALU_0/mem_reg[0][31]_i_616_n_0
    SLICE_X54Y55         CARRY4 (Prop_carry4_CI_CO[3])
                                                      0.117    66.591 r  CPU_U/ALU_0/mem_reg[0][31]_i_611/CO[3]
                         net (fo=1, routed)           0.000    66.591    CPU_U/ALU_0/mem_reg[0][31]_i_611_n_0
    SLICE_X54Y56         CARRY4 (Prop_carry4_CI_CO[3])
                                                      0.117    66.708 r  CPU_U/ALU_0/mem_reg[0][31]_i_606/CO[3]
                         net (fo=1, routed)           0.000    66.708    CPU_U/ALU_0/mem_reg[0][31]_i_606_n_0
    SLICE_X54Y57         CARRY4 (Prop_carry4_CI_CO[3])
                                                      0.117    66.825 r  CPU_U/ALU_0/mem_reg[0][31]_i_603/CO[3]
                         net (fo=1, routed)           0.000    66.825    CPU_U/ALU_0/mem_reg[0][31]_i_603_n_0
    SLICE_X54Y58         CARRY4 (Prop_carry4_CI_CO[1])
                                                      0.157    66.982 r  CPU_U/ALU_0/mem_reg[0][31]_i_602/CO[1]
                         net (fo=35, routed)          1.961    68.944    CPU_U/ALU_0/mem_reg[0][31]_i_602_n_2
    SLICE_X55Y49         LUT3 (Prop_lut3_I0_O)        0.332    69.276 r  CPU_U/ALU_0/mem[0][31]_i_641/O
                         net (fo=1, routed)           0.000    69.276    CPU_U/ALU_0/mem[0][31]_i_641_n_0
    SLICE_X55Y49         CARRY4 (Prop_carry4_S[3]_CO[3])
                                                      0.401    69.677 r  CPU_U/ALU_0/mem_reg[0][31]_i_594/CO[3]
                         net (fo=1, routed)           0.001    69.677    CPU_U/ALU_0/mem_reg[0][31]_i_594_n_0
    SLICE_X55Y50         CARRY4 (Prop_carry4_CI_CO[3])
                                                      0.114    69.791 r  CPU_U/ALU_0/mem_reg[0][31]_i_589/CO[3]
                         net (fo=1, routed)           0.000    69.791    CPU_U/ALU_0/mem_reg[0][31]_i_589_n_0
    SLICE_X55Y51         CARRY4 (Prop_carry4_CI_CO[3])
                                                      0.114    69.905 r  CPU_U/ALU_0/mem_reg[0][31]_i_584/CO[3]
                         net (fo=1, routed)           0.000    69.905    CPU_U/ALU_0/mem_reg[0][31]_i_584_n_0
    SLICE_X55Y52         CARRY4 (Prop_carry4_CI_CO[3])
                                                      0.114    70.019 r  CPU_U/ALU_0/mem_reg[0][31]_i_579/CO[3]
                         net (fo=1, routed)           0.000    70.019    CPU_U/ALU_0/mem_reg[0][31]_i_579_n_0
    SLICE_X55Y53         CARRY4 (Prop_carry4_CI_CO[3])
                                                      0.114    70.133 r  CPU_U/ALU_0/mem_reg[0][31]_i_574/CO[3]
                         net (fo=1, routed)           0.000    70.133    CPU_U/ALU_0/mem_reg[0][31]_i_574_n_0
    SLICE_X55Y54         CARRY4 (Prop_carry4_CI_CO[3])
                                                      0.114    70.247 r  CPU_U/ALU_0/mem_reg[0][31]_i_569/CO[3]
                         net (fo=1, routed)           0.000    70.247    CPU_U/ALU_0/mem_reg[0][31]_i_569_n_0
    SLICE_X55Y55         CARRY4 (Prop_carry4_CI_CO[3])
                                                      0.114    70.361 r  CPU_U/ALU_0/mem_reg[0][31]_i_564/CO[3]
                         net (fo=1, routed)           0.000    70.361    CPU_U/ALU_0/mem_reg[0][31]_i_564_n_0
    SLICE_X55Y56         CARRY4 (Prop_carry4_CI_CO[3])
                                                      0.114    70.475 r  CPU_U/ALU_0/mem_reg[0][31]_i_561/CO[3]
                         net (fo=1, routed)           0.000    70.475    CPU_U/ALU_0/mem_reg[0][31]_i_561_n_0
    SLICE_X55Y57         CARRY4 (Prop_carry4_CI_CO[1])
                                                      0.157    70.632 r  CPU_U/ALU_0/mem_reg[0][31]_i_560/CO[1]
                         net (fo=35, routed)          2.116    72.748    CPU_U/ALU_0/mem_reg[0][31]_i_560_n_2
    SLICE_X48Y48         LUT3 (Prop_lut3_I0_O)        0.329    73.077 r  CPU_U/ALU_0/mem[0][31]_i_601/O
                         net (fo=1, routed)           0.000    73.077    CPU_U/ALU_0/mem[0][31]_i_601_n_0
    SLICE_X48Y48         CARRY4 (Prop_carry4_S[1]_CO[3])
                                                      0.550    73.627 r  CPU_U/ALU_0/mem_reg[0][31]_i_552/CO[3]
                         net (fo=1, routed)           0.000    73.627    CPU_U/ALU_0/mem_reg[0][31]_i_552_n_0
    SLICE_X48Y49         CARRY4 (Prop_carry4_CI_CO[3])
                                                      0.114    73.741 r  CPU_U/ALU_0/mem_reg[0][31]_i_547/CO[3]
                         net (fo=1, routed)           0.001    73.742    CPU_U/ALU_0/mem_reg[0][31]_i_547_n_0
    SLICE_X48Y50         CARRY4 (Prop_carry4_CI_CO[3])
                                                      0.114    73.856 r  CPU_U/ALU_0/mem_reg[0][31]_i_542/CO[3]
                         net (fo=1, routed)           0.000    73.856    CPU_U/ALU_0/mem_reg[0][31]_i_542_n_0
    SLICE_X48Y51         CARRY4 (Prop_carry4_CI_CO[3])
                                                      0.114    73.970 r  CPU_U/ALU_0/mem_reg[0][31]_i_537/CO[3]
                         net (fo=1, routed)           0.000    73.970    CPU_U/ALU_0/mem_reg[0][31]_i_537_n_0
    SLICE_X48Y52         CARRY4 (Prop_carry4_CI_CO[3])
                                                      0.114    74.084 r  CPU_U/ALU_0/mem_reg[0][31]_i_532/CO[3]
                         net (fo=1, routed)           0.000    74.084    CPU_U/ALU_0/mem_reg[0][31]_i_532_n_0
    SLICE_X48Y53         CARRY4 (Prop_carry4_CI_CO[3])
                                                      0.114    74.198 r  CPU_U/ALU_0/mem_reg[0][31]_i_527/CO[3]
                         net (fo=1, routed)           0.000    74.198    CPU_U/ALU_0/mem_reg[0][31]_i_527_n_0
    SLICE_X48Y54         CARRY4 (Prop_carry4_CI_CO[3])
                                                      0.114    74.312 r  CPU_U/ALU_0/mem_reg[0][31]_i_522/CO[3]
                         net (fo=1, routed)           0.000    74.312    CPU_U/ALU_0/mem_reg[0][31]_i_522_n_0
    SLICE_X48Y55         CARRY4 (Prop_carry4_CI_CO[3])
                                                      0.114    74.426 r  CPU_U/ALU_0/mem_reg[0][31]_i_519/CO[3]
                         net (fo=1, routed)           0.000    74.426    CPU_U/ALU_0/mem_reg[0][31]_i_519_n_0
    SLICE_X48Y56         CARRY4 (Prop_carry4_CI_CO[1])
                                                      0.157    74.583 r  CPU_U/ALU_0/mem_reg[0][31]_i_518/CO[1]
                         net (fo=35, routed)          1.640    76.223    CPU_U/ALU_0/mem_reg[0][31]_i_518_n_2
    SLICE_X51Y50         LUT3 (Prop_lut3_I0_O)        0.329    76.552 r  CPU_U/ALU_0/mem[0][31]_i_557/O
                         net (fo=1, routed)           0.000    76.552    CPU_U/ALU_0/mem[0][31]_i_557_n_0
    SLICE_X51Y50         CARRY4 (Prop_carry4_S[3]_CO[3])
                                                      0.401    76.953 r  CPU_U/ALU_0/mem_reg[0][31]_i_510/CO[3]
                         net (fo=1, routed)           0.000    76.953    CPU_U/ALU_0/mem_reg[0][31]_i_510_n_0
    SLICE_X51Y51         CARRY4 (Prop_carry4_CI_CO[3])
                                                      0.114    77.067 r  CPU_U/ALU_0/mem_reg[0][31]_i_505/CO[3]
                         net (fo=1, routed)           0.000    77.067    CPU_U/ALU_0/mem_reg[0][31]_i_505_n_0
    SLICE_X51Y52         CARRY4 (Prop_carry4_CI_CO[3])
                                                      0.114    77.181 r  CPU_U/ALU_0/mem_reg[0][31]_i_500/CO[3]
                         net (fo=1, routed)           0.000    77.181    CPU_U/ALU_0/mem_reg[0][31]_i_500_n_0
    SLICE_X51Y53         CARRY4 (Prop_carry4_CI_CO[3])
                                                      0.114    77.295 r  CPU_U/ALU_0/mem_reg[0][31]_i_495/CO[3]
                         net (fo=1, routed)           0.000    77.295    CPU_U/ALU_0/mem_reg[0][31]_i_495_n_0
    SLICE_X51Y54         CARRY4 (Prop_carry4_CI_CO[3])
                                                      0.114    77.409 r  CPU_U/ALU_0/mem_reg[0][31]_i_490/CO[3]
                         net (fo=1, routed)           0.000    77.409    CPU_U/ALU_0/mem_reg[0][31]_i_490_n_0
    SLICE_X51Y55         CARRY4 (Prop_carry4_CI_CO[3])
                                                      0.114    77.523 r  CPU_U/ALU_0/mem_reg[0][31]_i_485/CO[3]
                         net (fo=1, routed)           0.000    77.523    CPU_U/ALU_0/mem_reg[0][31]_i_485_n_0
    SLICE_X51Y56         CARRY4 (Prop_carry4_CI_CO[3])
                                                      0.114    77.637 r  CPU_U/ALU_0/mem_reg[0][31]_i_480/CO[3]
                         net (fo=1, routed)           0.000    77.637    CPU_U/ALU_0/mem_reg[0][31]_i_480_n_0
    SLICE_X51Y57         CARRY4 (Prop_carry4_CI_CO[3])
                                                      0.114    77.751 r  CPU_U/ALU_0/mem_reg[0][31]_i_477/CO[3]
                         net (fo=1, routed)           0.000    77.751    CPU_U/ALU_0/mem_reg[0][31]_i_477_n_0
    SLICE_X51Y58         CARRY4 (Prop_carry4_CI_CO[1])
                                                      0.157    77.908 r  CPU_U/ALU_0/mem_reg[0][31]_i_476/CO[1]
                         net (fo=35, routed)          2.184    80.092    CPU_U/ALU_0/mem_reg[0][31]_i_476_n_2
    SLICE_X57Y50         LUT3 (Prop_lut3_I0_O)        0.329    80.421 r  CPU_U/ALU_0/mem[0][31]_i_517/O
                         net (fo=1, routed)           0.000    80.421    CPU_U/ALU_0/mem[0][31]_i_517_n_0
    SLICE_X57Y50         CARRY4 (Prop_carry4_S[1]_CO[3])
                                                      0.550    80.971 r  CPU_U/ALU_0/mem_reg[0][31]_i_468/CO[3]
                         net (fo=1, routed)           0.000    80.971    CPU_U/ALU_0/mem_reg[0][31]_i_468_n_0
    SLICE_X57Y51         CARRY4 (Prop_carry4_CI_CO[3])
                                                      0.114    81.085 r  CPU_U/ALU_0/mem_reg[0][31]_i_463/CO[3]
                         net (fo=1, routed)           0.000    81.085    CPU_U/ALU_0/mem_reg[0][31]_i_463_n_0
    SLICE_X57Y52         CARRY4 (Prop_carry4_CI_CO[3])
                                                      0.114    81.199 r  CPU_U/ALU_0/mem_reg[0][31]_i_458/CO[3]
                         net (fo=1, routed)           0.000    81.199    CPU_U/ALU_0/mem_reg[0][31]_i_458_n_0
    SLICE_X57Y53         CARRY4 (Prop_carry4_CI_CO[3])
                                                      0.114    81.313 r  CPU_U/ALU_0/mem_reg[0][31]_i_453/CO[3]
                         net (fo=1, routed)           0.000    81.313    CPU_U/ALU_0/mem_reg[0][31]_i_453_n_0
    SLICE_X57Y54         CARRY4 (Prop_carry4_CI_CO[3])
                                                      0.114    81.427 r  CPU_U/ALU_0/mem_reg[0][31]_i_448/CO[3]
                         net (fo=1, routed)           0.000    81.427    CPU_U/ALU_0/mem_reg[0][31]_i_448_n_0
    SLICE_X57Y55         CARRY4 (Prop_carry4_CI_CO[3])
                                                      0.114    81.541 r  CPU_U/ALU_0/mem_reg[0][31]_i_443/CO[3]
                         net (fo=1, routed)           0.000    81.541    CPU_U/ALU_0/mem_reg[0][31]_i_443_n_0
    SLICE_X57Y56         CARRY4 (Prop_carry4_CI_CO[3])
                                                      0.114    81.655 r  CPU_U/ALU_0/mem_reg[0][31]_i_438/CO[3]
                         net (fo=1, routed)           0.000    81.655    CPU_U/ALU_0/mem_reg[0][31]_i_438_n_0
    SLICE_X57Y57         CARRY4 (Prop_carry4_CI_CO[3])
                                                      0.114    81.769 r  CPU_U/ALU_0/mem_reg[0][31]_i_435/CO[3]
                         net (fo=1, routed)           0.000    81.769    CPU_U/ALU_0/mem_reg[0][31]_i_435_n_0
    SLICE_X57Y58         CARRY4 (Prop_carry4_CI_CO[1])
                                                      0.157    81.926 r  CPU_U/ALU_0/mem_reg[0][31]_i_434/CO[1]
                         net (fo=35, routed)          1.984    83.910    CPU_U/ALU_0/mem_reg[0][31]_i_434_n_2
    SLICE_X58Y50         LUT3 (Prop_lut3_I0_O)        0.329    84.240 r  CPU_U/ALU_0/mem[0][31]_i_475/O
                         net (fo=1, routed)           0.000    84.240    CPU_U/ALU_0/mem[0][31]_i_475_n_0
    SLICE_X58Y50         CARRY4 (Prop_carry4_S[1]_CO[3])
                                                      0.550    84.790 r  CPU_U/ALU_0/mem_reg[0][31]_i_426/CO[3]
                         net (fo=1, routed)           0.000    84.790    CPU_U/ALU_0/mem_reg[0][31]_i_426_n_0
    SLICE_X58Y51         CARRY4 (Prop_carry4_CI_CO[3])
                                                      0.114    84.904 r  CPU_U/ALU_0/mem_reg[0][31]_i_421/CO[3]
                         net (fo=1, routed)           0.000    84.904    CPU_U/ALU_0/mem_reg[0][31]_i_421_n_0
    SLICE_X58Y52         CARRY4 (Prop_carry4_CI_CO[3])
                                                      0.114    85.018 r  CPU_U/ALU_0/mem_reg[0][31]_i_416/CO[3]
                         net (fo=1, routed)           0.000    85.018    CPU_U/ALU_0/mem_reg[0][31]_i_416_n_0
    SLICE_X58Y53         CARRY4 (Prop_carry4_CI_CO[3])
                                                      0.114    85.132 r  CPU_U/ALU_0/mem_reg[0][31]_i_411/CO[3]
                         net (fo=1, routed)           0.000    85.132    CPU_U/ALU_0/mem_reg[0][31]_i_411_n_0
    SLICE_X58Y54         CARRY4 (Prop_carry4_CI_CO[3])
                                                      0.114    85.245 r  CPU_U/ALU_0/mem_reg[0][31]_i_406/CO[3]
                         net (fo=1, routed)           0.000    85.245    CPU_U/ALU_0/mem_reg[0][31]_i_406_n_0
    SLICE_X58Y55         CARRY4 (Prop_carry4_CI_CO[3])
                                                      0.114    85.359 r  CPU_U/ALU_0/mem_reg[0][31]_i_401/CO[3]
                         net (fo=1, routed)           0.000    85.359    CPU_U/ALU_0/mem_reg[0][31]_i_401_n_0
    SLICE_X58Y56         CARRY4 (Prop_carry4_CI_CO[3])
                                                      0.114    85.473 r  CPU_U/ALU_0/mem_reg[0][31]_i_396/CO[3]
                         net (fo=1, routed)           0.000    85.473    CPU_U/ALU_0/mem_reg[0][31]_i_396_n_0
    SLICE_X58Y57         CARRY4 (Prop_carry4_CI_CO[3])
                                                      0.114    85.587 r  CPU_U/ALU_0/mem_reg[0][31]_i_393/CO[3]
                         net (fo=1, routed)           0.000    85.587    CPU_U/ALU_0/mem_reg[0][31]_i_393_n_0
    SLICE_X58Y58         CARRY4 (Prop_carry4_CI_CO[1])
                                                      0.157    85.744 r  CPU_U/ALU_0/mem_reg[0][31]_i_392/CO[1]
                         net (fo=35, routed)          2.322    88.066    CPU_U/ALU_0/mem_reg[0][31]_i_392_n_2
    SLICE_X62Y48         LUT3 (Prop_lut3_I0_O)        0.329    88.395 r  CPU_U/ALU_0/mem[0][31]_i_432/O
                         net (fo=1, routed)           0.000    88.395    CPU_U/ALU_0/mem[0][31]_i_432_n_0
    SLICE_X62Y48         CARRY4 (Prop_carry4_S[2]_CO[3])
                                                      0.398    88.793 r  CPU_U/ALU_0/mem_reg[0][31]_i_384/CO[3]
                         net (fo=1, routed)           0.000    88.793    CPU_U/ALU_0/mem_reg[0][31]_i_384_n_0
    SLICE_X62Y49         CARRY4 (Prop_carry4_CI_CO[3])
                                                      0.114    88.907 r  CPU_U/ALU_0/mem_reg[0][31]_i_379/CO[3]
                         net (fo=1, routed)           0.001    88.908    CPU_U/ALU_0/mem_reg[0][31]_i_379_n_0
    SLICE_X62Y50         CARRY4 (Prop_carry4_CI_CO[3])
                                                      0.114    89.022 r  CPU_U/ALU_0/mem_reg[0][31]_i_374/CO[3]
                         net (fo=1, routed)           0.000    89.022    CPU_U/ALU_0/mem_reg[0][31]_i_374_n_0
    SLICE_X62Y51         CARRY4 (Prop_carry4_CI_CO[3])
                                                      0.114    89.136 r  CPU_U/ALU_0/mem_reg[0][31]_i_369/CO[3]
                         net (fo=1, routed)           0.000    89.136    CPU_U/ALU_0/mem_reg[0][31]_i_369_n_0
    SLICE_X62Y52         CARRY4 (Prop_carry4_CI_CO[3])
                                                      0.114    89.250 r  CPU_U/ALU_0/mem_reg[0][31]_i_364/CO[3]
                         net (fo=1, routed)           0.000    89.250    CPU_U/ALU_0/mem_reg[0][31]_i_364_n_0
    SLICE_X62Y53         CARRY4 (Prop_carry4_CI_CO[3])
                                                      0.114    89.364 r  CPU_U/ALU_0/mem_reg[0][31]_i_359/CO[3]
                         net (fo=1, routed)           0.000    89.364    CPU_U/ALU_0/mem_reg[0][31]_i_359_n_0
    SLICE_X62Y54         CARRY4 (Prop_carry4_CI_CO[3])
                                                      0.114    89.478 r  CPU_U/ALU_0/mem_reg[0][31]_i_354/CO[3]
                         net (fo=1, routed)           0.000    89.478    CPU_U/ALU_0/mem_reg[0][31]_i_354_n_0
    SLICE_X62Y55         CARRY4 (Prop_carry4_CI_CO[3])
                                                      0.114    89.592 r  CPU_U/ALU_0/mem_reg[0][31]_i_351/CO[3]
                         net (fo=1, routed)           0.000    89.592    CPU_U/ALU_0/mem_reg[0][31]_i_351_n_0
    SLICE_X62Y56         CARRY4 (Prop_carry4_CI_CO[1])
                                                      0.157    89.749 r  CPU_U/ALU_0/mem_reg[0][31]_i_350/CO[1]
                         net (fo=35, routed)          2.219    91.967    CPU_U/ALU_0/mem_reg[0][31]_i_350_n_2
    SLICE_X59Y48         LUT3 (Prop_lut3_I0_O)        0.329    92.296 r  CPU_U/ALU_0/mem[0][31]_i_389/O
                         net (fo=1, routed)           0.000    92.296    CPU_U/ALU_0/mem[0][31]_i_389_n_0
    SLICE_X59Y48         CARRY4 (Prop_carry4_S[3]_CO[3])
                                                      0.401    92.697 r  CPU_U/ALU_0/mem_reg[0][31]_i_342/CO[3]
                         net (fo=1, routed)           0.000    92.697    CPU_U/ALU_0/mem_reg[0][31]_i_342_n_0
    SLICE_X59Y49         CARRY4 (Prop_carry4_CI_CO[3])
                                                      0.114    92.811 r  CPU_U/ALU_0/mem_reg[0][31]_i_337/CO[3]
                         net (fo=1, routed)           0.001    92.812    CPU_U/ALU_0/mem_reg[0][31]_i_337_n_0
    SLICE_X59Y50         CARRY4 (Prop_carry4_CI_CO[3])
                                                      0.114    92.926 r  CPU_U/ALU_0/mem_reg[0][31]_i_332/CO[3]
                         net (fo=1, routed)           0.000    92.926    CPU_U/ALU_0/mem_reg[0][31]_i_332_n_0
    SLICE_X59Y51         CARRY4 (Prop_carry4_CI_CO[3])
                                                      0.114    93.040 r  CPU_U/ALU_0/mem_reg[0][31]_i_327/CO[3]
                         net (fo=1, routed)           0.000    93.040    CPU_U/ALU_0/mem_reg[0][31]_i_327_n_0
    SLICE_X59Y52         CARRY4 (Prop_carry4_CI_CO[3])
                                                      0.114    93.154 r  CPU_U/ALU_0/mem_reg[0][31]_i_322/CO[3]
                         net (fo=1, routed)           0.000    93.154    CPU_U/ALU_0/mem_reg[0][31]_i_322_n_0
    SLICE_X59Y53         CARRY4 (Prop_carry4_CI_CO[3])
                                                      0.114    93.268 r  CPU_U/ALU_0/mem_reg[0][31]_i_317/CO[3]
                         net (fo=1, routed)           0.000    93.268    CPU_U/ALU_0/mem_reg[0][31]_i_317_n_0
    SLICE_X59Y54         CARRY4 (Prop_carry4_CI_CO[3])
                                                      0.114    93.382 r  CPU_U/ALU_0/mem_reg[0][31]_i_312/CO[3]
                         net (fo=1, routed)           0.000    93.382    CPU_U/ALU_0/mem_reg[0][31]_i_312_n_0
    SLICE_X59Y55         CARRY4 (Prop_carry4_CI_CO[3])
                                                      0.114    93.496 r  CPU_U/ALU_0/mem_reg[0][31]_i_309/CO[3]
                         net (fo=1, routed)           0.000    93.496    CPU_U/ALU_0/mem_reg[0][31]_i_309_n_0
    SLICE_X59Y56         CARRY4 (Prop_carry4_CI_CO[1])
                                                      0.157    93.653 r  CPU_U/ALU_0/mem_reg[0][31]_i_308/CO[1]
                         net (fo=35, routed)          2.466    96.120    CPU_U/ALU_0/mem_reg[0][31]_i_308_n_2
    SLICE_X61Y48         LUT3 (Prop_lut3_I0_O)        0.329    96.449 r  CPU_U/ALU_0/mem[0][31]_i_345/O
                         net (fo=1, routed)           0.000    96.449    CPU_U/ALU_0/mem[0][31]_i_345_n_0
    SLICE_X61Y48         CARRY4 (Prop_carry4_S[1]_CO[3])
                                                      0.550    96.999 r  CPU_U/ALU_0/mem_reg[0][31]_i_294/CO[3]
                         net (fo=1, routed)           0.000    96.999    CPU_U/ALU_0/mem_reg[0][31]_i_294_n_0
    SLICE_X61Y49         CARRY4 (Prop_carry4_CI_CO[3])
                                                      0.114    97.113 r  CPU_U/ALU_0/mem_reg[0][31]_i_289/CO[3]
                         net (fo=1, routed)           0.001    97.113    CPU_U/ALU_0/mem_reg[0][31]_i_289_n_0
    SLICE_X61Y50         CARRY4 (Prop_carry4_CI_CO[3])
                                                      0.114    97.227 r  CPU_U/ALU_0/mem_reg[0][31]_i_284/CO[3]
                         net (fo=1, routed)           0.000    97.227    CPU_U/ALU_0/mem_reg[0][31]_i_284_n_0
    SLICE_X61Y51         CARRY4 (Prop_carry4_CI_CO[3])
                                                      0.114    97.341 r  CPU_U/ALU_0/mem_reg[0][31]_i_279/CO[3]
                         net (fo=1, routed)           0.000    97.341    CPU_U/ALU_0/mem_reg[0][31]_i_279_n_0
    SLICE_X61Y52         CARRY4 (Prop_carry4_CI_CO[3])
                                                      0.114    97.455 r  CPU_U/ALU_0/mem_reg[0][31]_i_274/CO[3]
                         net (fo=1, routed)           0.000    97.455    CPU_U/ALU_0/mem_reg[0][31]_i_274_n_0
    SLICE_X61Y53         CARRY4 (Prop_carry4_CI_CO[3])
                                                      0.114    97.569 r  CPU_U/ALU_0/mem_reg[0][31]_i_269/CO[3]
                         net (fo=1, routed)           0.000    97.569    CPU_U/ALU_0/mem_reg[0][31]_i_269_n_0
    SLICE_X61Y54         CARRY4 (Prop_carry4_CI_CO[3])
                                                      0.114    97.683 r  CPU_U/ALU_0/mem_reg[0][31]_i_266/CO[3]
                         net (fo=1, routed)           0.000    97.683    CPU_U/ALU_0/mem_reg[0][31]_i_266_n_0
    SLICE_X61Y55         CARRY4 (Prop_carry4_CI_CO[1])
                                                      0.157    97.840 r  CPU_U/ALU_0/mem_reg[0][31]_i_265/CO[1]
                         net (fo=35, routed)          2.070    99.910    CPU_U/IDEX_0/CO[0]
    SLICE_X63Y46         LUT3 (Prop_lut3_I0_O)        0.329   100.239 r  CPU_U/IDEX_0/mem[0][31]_i_307/O
                         net (fo=1, routed)           0.000   100.239    CPU_U/ALU_0/mem_reg[0][31]_i_215_1[0]
    SLICE_X63Y46         CARRY4 (Prop_carry4_S[1]_CO[3])
                                                      0.550   100.789 r  CPU_U/ALU_0/mem_reg[0][31]_i_257/CO[3]
                         net (fo=1, routed)           0.000   100.789    CPU_U/ALU_0/mem_reg[0][31]_i_257_n_0
    SLICE_X63Y47         CARRY4 (Prop_carry4_CI_CO[3])
                                                      0.114   100.903 r  CPU_U/ALU_0/mem_reg[0][31]_i_252/CO[3]
                         net (fo=1, routed)           0.000   100.903    CPU_U/ALU_0/mem_reg[0][31]_i_252_n_0
    SLICE_X63Y48         CARRY4 (Prop_carry4_CI_CO[3])
                                                      0.114   101.017 r  CPU_U/ALU_0/mem_reg[0][31]_i_247/CO[3]
                         net (fo=1, routed)           0.000   101.017    CPU_U/ALU_0/mem_reg[0][31]_i_247_n_0
    SLICE_X63Y49         CARRY4 (Prop_carry4_CI_CO[3])
                                                      0.114   101.131 r  CPU_U/ALU_0/mem_reg[0][31]_i_242/CO[3]
                         net (fo=1, routed)           0.001   101.132    CPU_U/ALU_0/mem_reg[0][31]_i_242_n_0
    SLICE_X63Y50         CARRY4 (Prop_carry4_CI_CO[3])
                                                      0.114   101.246 r  CPU_U/ALU_0/mem_reg[0][31]_i_237/CO[3]
                         net (fo=1, routed)           0.000   101.246    CPU_U/ALU_0/mem_reg[0][31]_i_237_n_0
    SLICE_X63Y51         CARRY4 (Prop_carry4_CI_CO[3])
                                                      0.114   101.360 r  CPU_U/ALU_0/mem_reg[0][31]_i_232/CO[3]
                         net (fo=1, routed)           0.000   101.360    CPU_U/ALU_0/mem_reg[0][31]_i_232_n_0
    SLICE_X63Y52         CARRY4 (Prop_carry4_CI_CO[3])
                                                      0.114   101.474 r  CPU_U/ALU_0/mem_reg[0][31]_i_227/CO[3]
                         net (fo=1, routed)           0.000   101.474    CPU_U/ALU_0/mem_reg[0][31]_i_227_n_0
    SLICE_X63Y53         CARRY4 (Prop_carry4_CI_CO[3])
                                                      0.114   101.588 r  CPU_U/ALU_0/mem_reg[0][31]_i_224/CO[3]
                         net (fo=1, routed)           0.000   101.588    CPU_U/ALU_0/mem_reg[0][31]_i_224_n_0
    SLICE_X63Y54         CARRY4 (Prop_carry4_CI_CO[1])
                                                      0.157   101.745 r  CPU_U/ALU_0/mem_reg[0][31]_i_223/CO[1]
                         net (fo=35, routed)          2.448   104.193    CPU_U/ALU_0/mem_reg[0][31]_i_223_n_2
    SLICE_X52Y45         LUT3 (Prop_lut3_I0_O)        0.329   104.522 r  CPU_U/ALU_0/mem[0][31]_i_264/O
                         net (fo=1, routed)           0.000   104.522    CPU_U/ALU_0/mem[0][31]_i_264_n_0
    SLICE_X52Y45         CARRY4 (Prop_carry4_S[1]_CO[3])
                                                      0.533   105.055 r  CPU_U/ALU_0/mem_reg[0][31]_i_215/CO[3]
                         net (fo=1, routed)           0.000   105.055    CPU_U/ALU_0/mem_reg[0][31]_i_215_n_0
    SLICE_X52Y46         CARRY4 (Prop_carry4_CI_CO[3])
                                                      0.117   105.172 r  CPU_U/ALU_0/mem_reg[0][31]_i_210/CO[3]
                         net (fo=1, routed)           0.000   105.172    CPU_U/ALU_0/mem_reg[0][31]_i_210_n_0
    SLICE_X52Y47         CARRY4 (Prop_carry4_CI_CO[3])
                                                      0.117   105.289 r  CPU_U/ALU_0/mem_reg[0][31]_i_205/CO[3]
                         net (fo=1, routed)           0.000   105.289    CPU_U/ALU_0/mem_reg[0][31]_i_205_n_0
    SLICE_X52Y48         CARRY4 (Prop_carry4_CI_CO[3])
                                                      0.117   105.406 r  CPU_U/ALU_0/mem_reg[0][31]_i_200/CO[3]
                         net (fo=1, routed)           0.000   105.406    CPU_U/ALU_0/mem_reg[0][31]_i_200_n_0
    SLICE_X52Y49         CARRY4 (Prop_carry4_CI_CO[3])
                                                      0.117   105.523 r  CPU_U/ALU_0/mem_reg[0][31]_i_195/CO[3]
                         net (fo=1, routed)           0.001   105.524    CPU_U/ALU_0/mem_reg[0][31]_i_195_n_0
    SLICE_X52Y50         CARRY4 (Prop_carry4_CI_CO[3])
                                                      0.117   105.641 r  CPU_U/ALU_0/mem_reg[0][31]_i_190/CO[3]
                         net (fo=1, routed)           0.000   105.641    CPU_U/ALU_0/mem_reg[0][31]_i_190_n_0
    SLICE_X52Y51         CARRY4 (Prop_carry4_CI_CO[3])
                                                      0.117   105.758 r  CPU_U/ALU_0/mem_reg[0][31]_i_185/CO[3]
                         net (fo=1, routed)           0.000   105.758    CPU_U/ALU_0/mem_reg[0][31]_i_185_n_0
    SLICE_X52Y52         CARRY4 (Prop_carry4_CI_CO[3])
                                                      0.117   105.875 r  CPU_U/ALU_0/mem_reg[0][31]_i_182/CO[3]
                         net (fo=1, routed)           0.000   105.875    CPU_U/ALU_0/mem_reg[0][31]_i_182_n_0
    SLICE_X52Y53         CARRY4 (Prop_carry4_CI_CO[1])
                                                      0.157   106.032 r  CPU_U/ALU_0/mem_reg[0][31]_i_181/CO[1]
                         net (fo=35, routed)          2.570   108.602    CPU_U/ALU_0/mem_reg[0][31]_i_181_n_2
    SLICE_X53Y42         LUT3 (Prop_lut3_I0_O)        0.332   108.934 r  CPU_U/ALU_0/mem[0][31]_i_222/O
                         net (fo=1, routed)           0.000   108.934    CPU_U/ALU_0/mem[0][31]_i_222_n_0
    SLICE_X53Y42         CARRY4 (Prop_carry4_S[1]_CO[3])
                                                      0.550   109.484 r  CPU_U/ALU_0/mem_reg[0][31]_i_176/CO[3]
                         net (fo=1, routed)           0.000   109.484    CPU_U/ALU_0/mem_reg[0][31]_i_176_n_0
    SLICE_X53Y43         CARRY4 (Prop_carry4_CI_CO[3])
                                                      0.114   109.598 r  CPU_U/ALU_0/mem_reg[0][31]_i_171/CO[3]
                         net (fo=1, routed)           0.000   109.598    CPU_U/ALU_0/mem_reg[0][31]_i_171_n_0
    SLICE_X53Y44         CARRY4 (Prop_carry4_CI_CO[3])
                                                      0.114   109.712 r  CPU_U/ALU_0/mem_reg[0][31]_i_166/CO[3]
                         net (fo=1, routed)           0.000   109.712    CPU_U/ALU_0/mem_reg[0][31]_i_166_n_0
    SLICE_X53Y45         CARRY4 (Prop_carry4_CI_CO[3])
                                                      0.114   109.826 r  CPU_U/ALU_0/mem_reg[0][31]_i_161/CO[3]
                         net (fo=1, routed)           0.000   109.826    CPU_U/ALU_0/mem_reg[0][31]_i_161_n_0
    SLICE_X53Y46         CARRY4 (Prop_carry4_CI_CO[3])
                                                      0.114   109.940 r  CPU_U/ALU_0/mem_reg[0][31]_i_156/CO[3]
                         net (fo=1, routed)           0.000   109.940    CPU_U/ALU_0/mem_reg[0][31]_i_156_n_0
    SLICE_X53Y47         CARRY4 (Prop_carry4_CI_CO[3])
                                                      0.114   110.054 r  CPU_U/ALU_0/mem_reg[0][31]_i_151/CO[3]
                         net (fo=1, routed)           0.000   110.054    CPU_U/ALU_0/mem_reg[0][31]_i_151_n_0
    SLICE_X53Y48         CARRY4 (Prop_carry4_CI_CO[3])
                                                      0.114   110.168 r  CPU_U/ALU_0/mem_reg[0][31]_i_146/CO[3]
                         net (fo=1, routed)           0.000   110.168    CPU_U/ALU_0/mem_reg[0][31]_i_146_n_0
    SLICE_X53Y49         CARRY4 (Prop_carry4_CI_CO[3])
                                                      0.114   110.282 r  CPU_U/ALU_0/mem_reg[0][31]_i_143/CO[3]
                         net (fo=1, routed)           0.001   110.283    CPU_U/ALU_0/mem_reg[0][31]_i_143_n_0
    SLICE_X53Y50         CARRY4 (Prop_carry4_CI_CO[1])
                                                      0.157   110.440 r  CPU_U/ALU_0/mem_reg[0][31]_i_142/CO[1]
                         net (fo=35, routed)          2.550   112.990    CPU_U/ALU_0/mem_reg[0][31]_i_142_n_2
    SLICE_X56Y41         LUT3 (Prop_lut3_I0_O)        0.329   113.319 r  CPU_U/ALU_0/mem[0][27]_i_48/O
                         net (fo=1, routed)           0.000   113.319    CPU_U/ALU_0/mem[0][27]_i_48_n_0
    SLICE_X56Y41         CARRY4 (Prop_carry4_S[1]_CO[3])
                                                      0.533   113.852 r  CPU_U/ALU_0/mem_reg[0][27]_i_41/CO[3]
                         net (fo=1, routed)           0.000   113.852    CPU_U/ALU_0/mem_reg[0][27]_i_41_n_0
    SLICE_X56Y42         CARRY4 (Prop_carry4_CI_CO[3])
                                                      0.117   113.969 r  CPU_U/ALU_0/mem_reg[0][31]_i_137/CO[3]
                         net (fo=1, routed)           0.000   113.969    CPU_U/ALU_0/mem_reg[0][31]_i_137_n_0
    SLICE_X56Y43         CARRY4 (Prop_carry4_CI_CO[3])
                                                      0.117   114.086 r  CPU_U/ALU_0/mem_reg[0][31]_i_132/CO[3]
                         net (fo=1, routed)           0.000   114.086    CPU_U/ALU_0/mem_reg[0][31]_i_132_n_0
    SLICE_X56Y44         CARRY4 (Prop_carry4_CI_CO[3])
                                                      0.117   114.203 r  CPU_U/ALU_0/mem_reg[0][31]_i_127/CO[3]
                         net (fo=1, routed)           0.000   114.203    CPU_U/ALU_0/mem_reg[0][31]_i_127_n_0
    SLICE_X56Y45         CARRY4 (Prop_carry4_CI_CO[3])
                                                      0.117   114.320 r  CPU_U/ALU_0/mem_reg[0][31]_i_122/CO[3]
                         net (fo=1, routed)           0.000   114.320    CPU_U/ALU_0/mem_reg[0][31]_i_122_n_0
    SLICE_X56Y46         CARRY4 (Prop_carry4_CI_CO[3])
                                                      0.117   114.437 r  CPU_U/ALU_0/mem_reg[0][31]_i_117/CO[3]
                         net (fo=1, routed)           0.000   114.437    CPU_U/ALU_0/mem_reg[0][31]_i_117_n_0
    SLICE_X56Y47         CARRY4 (Prop_carry4_CI_CO[3])
                                                      0.117   114.554 r  CPU_U/ALU_0/mem_reg[0][31]_i_112/CO[3]
                         net (fo=1, routed)           0.000   114.554    CPU_U/ALU_0/mem_reg[0][31]_i_112_n_0
    SLICE_X56Y48         CARRY4 (Prop_carry4_CI_CO[3])
                                                      0.117   114.671 r  CPU_U/ALU_0/mem_reg[0][31]_i_109/CO[3]
                         net (fo=1, routed)           0.000   114.671    CPU_U/ALU_0/mem_reg[0][31]_i_109_n_0
    SLICE_X56Y49         CARRY4 (Prop_carry4_CI_CO[1])
                                                      0.157   114.828 r  CPU_U/ALU_0/mem_reg[0][31]_i_108/CO[1]
                         net (fo=35, routed)          2.074   116.902    CPU_U/ALU_0/mem[0][31]_i_145_0[0]
    SLICE_X57Y41         LUT3 (Prop_lut3_I0_O)        0.332   117.234 r  CPU_U/ALU_0/mem[0][23]_i_43/O
                         net (fo=1, routed)           0.000   117.234    CPU_U/ALU_0/mem[0][23]_i_43_n_0
    SLICE_X57Y41         CARRY4 (Prop_carry4_S[2]_CO[3])
                                                      0.398   117.632 r  CPU_U/ALU_0/mem_reg[0][23]_i_36/CO[3]
                         net (fo=1, routed)           0.000   117.632    CPU_U/ALU_0/mem_reg[0][23]_i_36_n_0
    SLICE_X57Y42         CARRY4 (Prop_carry4_CI_CO[3])
                                                      0.114   117.746 r  CPU_U/ALU_0/mem_reg[0][27]_i_36/CO[3]
                         net (fo=1, routed)           0.000   117.746    CPU_U/ALU_0/mem_reg[0][27]_i_36_n_0
    SLICE_X57Y43         CARRY4 (Prop_carry4_CI_CO[3])
                                                      0.114   117.860 r  CPU_U/ALU_0/mem_reg[0][31]_i_103/CO[3]
                         net (fo=1, routed)           0.000   117.860    CPU_U/ALU_0/mem_reg[0][31]_i_103_n_0
    SLICE_X57Y44         CARRY4 (Prop_carry4_CI_CO[3])
                                                      0.114   117.974 r  CPU_U/ALU_0/mem_reg[0][31]_i_98/CO[3]
                         net (fo=1, routed)           0.000   117.974    CPU_U/ALU_0/mem_reg[0][31]_i_98_n_0
    SLICE_X57Y45         CARRY4 (Prop_carry4_CI_CO[3])
                                                      0.114   118.088 r  CPU_U/ALU_0/mem_reg[0][31]_i_93/CO[3]
                         net (fo=1, routed)           0.000   118.088    CPU_U/ALU_0/mem_reg[0][31]_i_93_n_0
    SLICE_X57Y46         CARRY4 (Prop_carry4_CI_CO[3])
                                                      0.114   118.202 r  CPU_U/ALU_0/mem_reg[0][31]_i_88/CO[3]
                         net (fo=1, routed)           0.000   118.202    CPU_U/ALU_0/mem_reg[0][31]_i_88_n_0
    SLICE_X57Y47         CARRY4 (Prop_carry4_CI_CO[3])
                                                      0.114   118.316 r  CPU_U/ALU_0/mem_reg[0][31]_i_83/CO[3]
                         net (fo=1, routed)           0.000   118.316    CPU_U/ALU_0/mem_reg[0][31]_i_83_n_0
    SLICE_X57Y48         CARRY4 (Prop_carry4_CI_CO[3])
                                                      0.114   118.430 r  CPU_U/ALU_0/mem_reg[0][31]_i_80/CO[3]
                         net (fo=1, routed)           0.000   118.430    CPU_U/ALU_0/mem_reg[0][31]_i_80_n_0
    SLICE_X57Y49         CARRY4 (Prop_carry4_CI_CO[1])
                                                      0.157   118.587 r  CPU_U/ALU_0/mem_reg[0][31]_i_79/CO[1]
                         net (fo=35, routed)          2.140   120.727    CPU_U/ALU_0/mem_reg[0][31]_i_79_n_2
    SLICE_X58Y41         LUT3 (Prop_lut3_I0_O)        0.329   121.056 r  CPU_U/ALU_0/mem[0][23]_i_39/O
                         net (fo=1, routed)           0.000   121.056    CPU_U/ALU_0/mem[0][23]_i_39_n_0
    SLICE_X58Y41         CARRY4 (Prop_carry4_S[1]_CO[3])
                                                      0.550   121.606 r  CPU_U/ALU_0/mem_reg[0][23]_i_31/CO[3]
                         net (fo=1, routed)           0.000   121.606    CPU_U/ALU_0/mem_reg[0][23]_i_31_n_0
    SLICE_X58Y42         CARRY4 (Prop_carry4_CI_CO[3])
                                                      0.114   121.720 r  CPU_U/ALU_0/mem_reg[0][27]_i_31/CO[3]
                         net (fo=1, routed)           0.000   121.720    CPU_U/ALU_0/mem_reg[0][27]_i_31_n_0
    SLICE_X58Y43         CARRY4 (Prop_carry4_CI_CO[3])
                                                      0.114   121.834 r  CPU_U/ALU_0/mem_reg[0][31]_i_74/CO[3]
                         net (fo=1, routed)           0.000   121.834    CPU_U/ALU_0/mem_reg[0][31]_i_74_n_0
    SLICE_X58Y44         CARRY4 (Prop_carry4_CI_CO[3])
                                                      0.114   121.948 r  CPU_U/ALU_0/mem_reg[0][31]_i_69/CO[3]
                         net (fo=1, routed)           0.000   121.948    CPU_U/ALU_0/mem_reg[0][31]_i_69_n_0
    SLICE_X58Y45         CARRY4 (Prop_carry4_CI_CO[3])
                                                      0.114   122.062 r  CPU_U/ALU_0/mem_reg[0][31]_i_64/CO[3]
                         net (fo=1, routed)           0.000   122.062    CPU_U/ALU_0/mem_reg[0][31]_i_64_n_0
    SLICE_X58Y46         CARRY4 (Prop_carry4_CI_CO[3])
                                                      0.114   122.176 r  CPU_U/ALU_0/mem_reg[0][31]_i_59/CO[3]
                         net (fo=1, routed)           0.000   122.176    CPU_U/ALU_0/mem_reg[0][31]_i_59_n_0
    SLICE_X58Y47         CARRY4 (Prop_carry4_CI_CO[3])
                                                      0.114   122.290 r  CPU_U/ALU_0/mem_reg[0][31]_i_56/CO[3]
                         net (fo=1, routed)           0.000   122.290    CPU_U/ALU_0/mem_reg[0][31]_i_56_n_0
    SLICE_X58Y48         CARRY4 (Prop_carry4_CI_CO[1])
                                                      0.157   122.447 r  CPU_U/ALU_0/mem_reg[0][31]_i_55/CO[1]
                         net (fo=35, routed)          2.246   124.693    CPU_U/ALU_0/mem_reg[0][31]_i_55_n_2
    SLICE_X62Y39         CARRY4 (Prop_carry4_CYINIT_CO[3])
                                                      0.785   125.478 r  CPU_U/ALU_0/mem_reg[0][15]_i_26/CO[3]
                         net (fo=1, routed)           0.000   125.478    CPU_U/ALU_0/mem_reg[0][15]_i_26_n_0
    SLICE_X62Y40         CARRY4 (Prop_carry4_CI_CO[3])
                                                      0.114   125.592 r  CPU_U/ALU_0/mem_reg[0][18]_i_15/CO[3]
                         net (fo=1, routed)           0.000   125.592    CPU_U/ALU_0/mem_reg[0][18]_i_15_n_0
    SLICE_X62Y41         CARRY4 (Prop_carry4_CI_CO[3])
                                                      0.114   125.706 r  CPU_U/ALU_0/mem_reg[0][23]_i_26/CO[3]
                         net (fo=1, routed)           0.000   125.706    CPU_U/ALU_0/mem_reg[0][23]_i_26_n_0
    SLICE_X62Y42         CARRY4 (Prop_carry4_CI_CO[3])
                                                      0.114   125.820 r  CPU_U/ALU_0/mem_reg[0][27]_i_26/CO[3]
                         net (fo=1, routed)           0.000   125.820    CPU_U/ALU_0/mem_reg[0][27]_i_26_n_0
    SLICE_X62Y43         CARRY4 (Prop_carry4_CI_CO[3])
                                                      0.114   125.934 r  CPU_U/ALU_0/mem_reg[0][31]_i_50/CO[3]
                         net (fo=1, routed)           0.000   125.934    CPU_U/ALU_0/mem_reg[0][31]_i_50_n_0
    SLICE_X62Y44         CARRY4 (Prop_carry4_CI_CO[3])
                                                      0.114   126.048 r  CPU_U/ALU_0/mem_reg[0][31]_i_45/CO[3]
                         net (fo=1, routed)           0.000   126.048    CPU_U/ALU_0/mem_reg[0][31]_i_45_n_0
    SLICE_X62Y45         CARRY4 (Prop_carry4_CI_CO[3])
                                                      0.114   126.162 r  CPU_U/ALU_0/mem_reg[0][31]_i_40/CO[3]
                         net (fo=1, routed)           0.000   126.162    CPU_U/ALU_0/mem_reg[0][31]_i_40_n_0
    SLICE_X62Y46         CARRY4 (Prop_carry4_CI_CO[3])
                                                      0.114   126.276 r  CPU_U/ALU_0/mem_reg[0][31]_i_37/CO[3]
                         net (fo=1, routed)           0.000   126.276    CPU_U/ALU_0/mem_reg[0][31]_i_37_n_0
    SLICE_X62Y47         CARRY4 (Prop_carry4_CI_CO[1])
                                                      0.157   126.433 r  CPU_U/ALU_0/mem_reg[0][31]_i_36/CO[1]
                         net (fo=35, routed)          2.373   128.806    CPU_U/ALU_0/mem_reg[0][31]_i_36_n_2
    SLICE_X59Y38         LUT3 (Prop_lut3_I0_O)        0.329   129.135 r  CPU_U/ALU_0/mem[0][11]_i_28/O
                         net (fo=1, routed)           0.000   129.135    CPU_U/ALU_0/mem[0][11]_i_28_n_0
    SLICE_X59Y38         CARRY4 (Prop_carry4_S[1]_CO[3])
                                                      0.550   129.685 r  CPU_U/ALU_0/mem_reg[0][11]_i_21/CO[3]
                         net (fo=1, routed)           0.000   129.685    CPU_U/ALU_0/mem_reg[0][11]_i_21_n_0
    SLICE_X59Y39         CARRY4 (Prop_carry4_CI_CO[3])
                                                      0.114   129.799 r  CPU_U/ALU_0/mem_reg[0][15]_i_21/CO[3]
                         net (fo=1, routed)           0.000   129.799    CPU_U/ALU_0/mem_reg[0][15]_i_21_n_0
    SLICE_X59Y40         CARRY4 (Prop_carry4_CI_CO[3])
                                                      0.114   129.913 r  CPU_U/ALU_0/mem_reg[0][18]_i_10/CO[3]
                         net (fo=1, routed)           0.000   129.913    CPU_U/ALU_0/mem_reg[0][18]_i_10_n_0
    SLICE_X59Y41         CARRY4 (Prop_carry4_CI_CO[3])
                                                      0.114   130.027 r  CPU_U/ALU_0/mem_reg[0][23]_i_21/CO[3]
                         net (fo=1, routed)           0.000   130.027    CPU_U/ALU_0/mem_reg[0][23]_i_21_n_0
    SLICE_X59Y42         CARRY4 (Prop_carry4_CI_CO[3])
                                                      0.114   130.141 r  CPU_U/ALU_0/mem_reg[0][27]_i_21/CO[3]
                         net (fo=1, routed)           0.000   130.141    CPU_U/ALU_0/mem_reg[0][27]_i_21_n_0
    SLICE_X59Y43         CARRY4 (Prop_carry4_CI_CO[3])
                                                      0.114   130.255 r  CPU_U/ALU_0/mem_reg[0][31]_i_31/CO[3]
                         net (fo=1, routed)           0.000   130.255    CPU_U/ALU_0/mem_reg[0][31]_i_31_n_0
    SLICE_X59Y44         CARRY4 (Prop_carry4_CI_CO[3])
                                                      0.114   130.369 r  CPU_U/ALU_0/mem_reg[0][31]_i_26/CO[3]
                         net (fo=1, routed)           0.000   130.369    CPU_U/ALU_0/mem_reg[0][31]_i_26_n_0
    SLICE_X59Y45         CARRY4 (Prop_carry4_CI_CO[3])
                                                      0.114   130.483 r  CPU_U/ALU_0/mem_reg[0][31]_i_23/CO[3]
                         net (fo=1, routed)           0.000   130.483    CPU_U/ALU_0/mem_reg[0][31]_i_23_n_0
    SLICE_X59Y46         CARRY4 (Prop_carry4_CI_CO[1])
                                                      0.157   130.640 r  CPU_U/ALU_0/mem_reg[0][31]_i_22/CO[1]
                         net (fo=35, routed)          2.070   132.710    CPU_U/IDEX_0/mem_reg[0][7]_i_16[0]
    SLICE_X60Y37         LUT3 (Prop_lut3_I0_O)        0.329   133.039 r  CPU_U/IDEX_0/mem[0][7]_i_24/O
                         net (fo=1, routed)           0.000   133.039    CPU_U/ALU_0/mem_reg[0][3]_i_14_1[0]
    SLICE_X60Y37         CARRY4 (Prop_carry4_S[1]_CO[3])
                                                      0.533   133.572 r  CPU_U/ALU_0/mem_reg[0][7]_i_16/CO[3]
                         net (fo=1, routed)           0.000   133.572    CPU_U/ALU_0/mem_reg[0][7]_i_16_n_0
    SLICE_X60Y38         CARRY4 (Prop_carry4_CI_CO[3])
                                                      0.117   133.689 r  CPU_U/ALU_0/mem_reg[0][11]_i_16/CO[3]
                         net (fo=1, routed)           0.000   133.689    CPU_U/ALU_0/mem_reg[0][11]_i_16_n_0
    SLICE_X60Y39         CARRY4 (Prop_carry4_CI_CO[3])
                                                      0.117   133.806 r  CPU_U/ALU_0/mem_reg[0][15]_i_16/CO[3]
                         net (fo=1, routed)           0.000   133.806    CPU_U/ALU_0/mem_reg[0][15]_i_16_n_0
    SLICE_X60Y40         CARRY4 (Prop_carry4_CI_CO[3])
                                                      0.117   133.923 r  CPU_U/ALU_0/mem_reg[0][18]_i_5/CO[3]
                         net (fo=1, routed)           0.000   133.923    CPU_U/ALU_0/mem_reg[0][18]_i_5_n_0
    SLICE_X60Y41         CARRY4 (Prop_carry4_CI_CO[3])
                                                      0.117   134.040 r  CPU_U/ALU_0/mem_reg[0][23]_i_16/CO[3]
                         net (fo=1, routed)           0.000   134.040    CPU_U/ALU_0/mem_reg[0][23]_i_16_n_0
    SLICE_X60Y42         CARRY4 (Prop_carry4_CI_CO[3])
                                                      0.117   134.157 r  CPU_U/ALU_0/mem_reg[0][27]_i_16/CO[3]
                         net (fo=1, routed)           0.000   134.157    CPU_U/ALU_0/mem_reg[0][27]_i_16_n_0
    SLICE_X60Y43         CARRY4 (Prop_carry4_CI_CO[3])
                                                      0.117   134.274 r  CPU_U/ALU_0/mem_reg[0][31]_i_17/CO[3]
                         net (fo=1, routed)           0.000   134.274    CPU_U/ALU_0/mem_reg[0][31]_i_17_n_0
    SLICE_X60Y44         CARRY4 (Prop_carry4_CI_CO[3])
                                                      0.117   134.391 r  CPU_U/ALU_0/mem_reg[0][31]_i_14/CO[3]
                         net (fo=1, routed)           0.000   134.391    CPU_U/ALU_0/mem_reg[0][31]_i_14_n_0
    SLICE_X60Y45         CARRY4 (Prop_carry4_CI_CO[1])
                                                      0.157   134.548 r  CPU_U/ALU_0/mem_reg[0][31]_i_13/CO[1]
                         net (fo=35, routed)          2.193   136.741    CPU_U/ALU_0/mem_reg[0][31]_i_13_n_2
    SLICE_X61Y36         LUT3 (Prop_lut3_I0_O)        0.332   137.073 r  CPU_U/ALU_0/mem[0][3]_i_18/O
                         net (fo=1, routed)           0.000   137.073    CPU_U/ALU_0/mem[0][3]_i_18_n_0
    SLICE_X61Y36         CARRY4 (Prop_carry4_S[1]_CO[3])
                                                      0.550   137.623 r  CPU_U/ALU_0/mem_reg[0][3]_i_14/CO[3]
                         net (fo=1, routed)           0.000   137.623    CPU_U/ALU_0/mem_reg[0][3]_i_14_n_0
    SLICE_X61Y37         CARRY4 (Prop_carry4_CI_CO[3])
                                                      0.114   137.737 r  CPU_U/ALU_0/mem_reg[0][7]_i_14/CO[3]
                         net (fo=1, routed)           0.000   137.737    CPU_U/ALU_0/mem_reg[0][7]_i_14_n_0
    SLICE_X61Y38         CARRY4 (Prop_carry4_CI_O[3])
                                                      0.313   138.050 f  CPU_U/ALU_0/mem_reg[0][11]_i_14/O[3]
                         net (fo=4, routed)           1.392   139.442    CPU_U/ALU_0/mem[0][11]_i_20_0[3]
    SLICE_X60Y34         LUT6 (Prop_lut6_I5_O)        0.306   139.748 r  CPU_U/ALU_0/mem[0][13]_i_5/O
                         net (fo=2, routed)           1.058   140.806    CPU_U/ALU_0/mem[0][13]_i_5_n_0
    SLICE_X60Y34         LUT3 (Prop_lut3_I2_O)        0.124   140.930 r  CPU_U/ALU_0/mem[0][17]_i_5/O
                         net (fo=1, routed)           0.810   141.741    CPU_U/ALU_0/mem[0][17]_i_5_n_0
    SLICE_X60Y34         LUT5 (Prop_lut5_I1_O)        0.124   141.865 f  CPU_U/ALU_0/mem[0][17]_i_4/O
                         net (fo=4, routed)           0.700   142.565    CPU_U/ALU_0/mem[0][17]_i_4_n_0
    SLICE_X60Y36         LUT6 (Prop_lut6_I2_O)        0.124   142.689 f  CPU_U/ALU_0/mem[0][20]_i_5/O
                         net (fo=3, routed)           1.103   143.792    CPU_U/ALU_0/mem[0][20]_i_5_n_0
    SLICE_X65Y38         LUT4 (Prop_lut4_I3_O)        0.124   143.916 r  CPU_U/ALU_0/mem[0][24]_i_6/O
                         net (fo=3, routed)           0.806   144.722    CPU_U/ALU_0/mem[0][24]_i_6_n_0
    SLICE_X63Y40         LUT6 (Prop_lut6_I0_O)        0.124   144.846 f  CPU_U/ALU_0/mem[0][28]_i_5/O
                         net (fo=2, routed)           1.098   145.944    CPU_U/ALU_0/mem[0][28]_i_5_n_0
    SLICE_X57Y40         LUT3 (Prop_lut3_I0_O)        0.152   146.096 r  CPU_U/ALU_0/mem[0][31]_i_12/O
                         net (fo=3, routed)           0.468   146.564    CPU_U/ALU_0/imm_EX_reg[17]
    SLICE_X57Y40         LUT6 (Prop_lut6_I3_O)        0.326   146.890 r  CPU_U/ALU_0/mem[0][30]_i_5/O
                         net (fo=1, routed)           0.263   147.153    CPU_U/ALU_0/ALU_Hi0[30]
    SLICE_X57Y40         LUT6 (Prop_lut6_I5_O)        0.124   147.277 r  CPU_U/ALU_0/mem[0][30]_i_2/O
                         net (fo=1, routed)           0.725   148.002    CPU_U/IDEX_0/mem_reg[0][30]
    SLICE_X55Y42         LUT6 (Prop_lut6_I5_O)        0.124   148.126 r  CPU_U/IDEX_0/mem[0][30]_i_1/O
                         net (fo=1, routed)           0.000   148.126    CPU_U/Hi_reg_0/D[30]
    SLICE_X55Y42         FDCE                                         r  CPU_U/Hi_reg_0/mem_reg[0][30]/D
  -------------------------------------------------------------------    -------------------

Slack:                    inf
  Source:                 CPU_U/MEMWB_0/JAL_WB_reg/C
                            (rising edge-triggered cell FDCE)
  Destination:            CPU_U/Hi_reg_0/mem_reg[0][23]/D
  Path Group:             (none)
  Path Type:              Max at Slow Process Corner
  Data Path Delay:        148.047ns  (logic 58.725ns (39.667%)  route 89.322ns (60.333%))
  Logic Levels:           320  (CARRY4=275 FDCE=1 LUT1=1 LUT3=34 LUT5=2 LUT6=7)

    Location             Delay type                Incr(ns)  Path(ns)    Netlist Resource(s)
  -------------------------------------------------------------------    -------------------
    SLICE_X39Y48         FDCE                         0.000     0.000 r  CPU_U/MEMWB_0/JAL_WB_reg/C
    SLICE_X39Y48         FDCE (Prop_fdce_C_Q)         0.456     0.456 r  CPU_U/MEMWB_0/JAL_WB_reg/Q
                         net (fo=34, routed)          3.220     3.676    CPU_U/MEMWB_0/sel0[4]
    SLICE_X65Y46         LUT3 (Prop_lut3_I0_O)        0.124     3.800 r  CPU_U/MEMWB_0/MEM_reg_r1_0_31_0_5_i_24/O
                         net (fo=30, routed)          4.737     8.536    CPU_U/MEMWB_0/MEM_reg_r1_0_31_0_5_i_24_n_0
    SLICE_X51Y48         LUT6 (Prop_lut6_I5_O)        0.124     8.660 f  CPU_U/MEMWB_0/MEM_reg_r1_0_31_12_17_i_19/O
                         net (fo=1, routed)           0.151     8.812    CPU_U/MEMWB_0/MEM_reg_r1_0_31_12_17_i_19_n_0
    SLICE_X51Y48         LUT6 (Prop_lut6_I5_O)        0.124     8.936 r  CPU_U/MEMWB_0/MEM_reg_r1_0_31_12_17_i_12/O
                         net (fo=3, routed)           0.166     9.102    CPU_U/IDEX_0/mult_result_u__1_23
    SLICE_X51Y48         LUT5 (Prop_lut5_I0_O)        0.124     9.226 f  CPU_U/IDEX_0/LedData[16]_i_1/O
                         net (fo=3, routed)           2.021    11.247    CPU_U/IDEX_0/R2_EX_reg[31]_0[16]
    SLICE_X65Y56         LUT3 (Prop_lut3_I2_O)        0.124    11.371 f  CPU_U/IDEX_0/mult_result_u_i_16/O
                         net (fo=96, routed)          4.021    15.392    CPU_U/IDEX_0/imm_EX_reg[17]_5
    SLICE_X37Y68         LUT1 (Prop_lut1_I0_O)        0.124    15.516 r  CPU_U/IDEX_0/mem[0][31]_i_1221/O
                         net (fo=1, routed)           0.000    15.516    CPU_U/ALU_0/mem_reg[0][31]_i_1120_1[0]
    SLICE_X37Y68         CARRY4 (Prop_carry4_S[0]_CO[3])
                                                      0.532    16.048 r  CPU_U/ALU_0/mem_reg[0][31]_i_1162/CO[3]
                         net (fo=1, routed)           0.000    16.048    CPU_U/ALU_0/mem_reg[0][31]_i_1162_n_0
    SLICE_X37Y69         CARRY4 (Prop_carry4_CI_CO[3])
                                                      0.114    16.162 r  CPU_U/ALU_0/mem_reg[0][31]_i_1157/CO[3]
                         net (fo=1, routed)           0.000    16.162    CPU_U/ALU_0/mem_reg[0][31]_i_1157_n_0
    SLICE_X37Y70         CARRY4 (Prop_carry4_CI_CO[3])
                                                      0.114    16.276 r  CPU_U/ALU_0/mem_reg[0][31]_i_1152/CO[3]
                         net (fo=1, routed)           0.000    16.276    CPU_U/ALU_0/mem_reg[0][31]_i_1152_n_0
    SLICE_X37Y71         CARRY4 (Prop_carry4_CI_CO[3])
                                                      0.114    16.390 r  CPU_U/ALU_0/mem_reg[0][31]_i_1149/CO[3]
                         net (fo=1, routed)           0.000    16.390    CPU_U/ALU_0/mem_reg[0][31]_i_1149_n_0
    SLICE_X37Y72         CARRY4 (Prop_carry4_CI_CO[0])
                                                      0.271    16.661 r  CPU_U/ALU_0/mem_reg[0][31]_i_1148/CO[0]
                         net (fo=35, routed)          1.559    18.220    CPU_U/ALU_0/mem_reg[0][31]_i_1148_n_3
    SLICE_X36Y63         LUT3 (Prop_lut3_I0_O)        0.373    18.593 r  CPU_U/ALU_0/mem[0][31]_i_1189/O
                         net (fo=1, routed)           0.000    18.593    CPU_U/ALU_0/mem[0][31]_i_1189_n_0
    SLICE_X36Y63         CARRY4 (Prop_carry4_S[1]_CO[3])
                                                      0.550    19.143 r  CPU_U/ALU_0/mem_reg[0][31]_i_1140/CO[3]
                         net (fo=1, routed)           0.000    19.143    CPU_U/ALU_0/mem_reg[0][31]_i_1140_n_0
    SLICE_X36Y64         CARRY4 (Prop_carry4_CI_CO[3])
                                                      0.114    19.257 r  CPU_U/ALU_0/mem_reg[0][31]_i_1135/CO[3]
                         net (fo=1, routed)           0.000    19.257    CPU_U/ALU_0/mem_reg[0][31]_i_1135_n_0
    SLICE_X36Y65         CARRY4 (Prop_carry4_CI_CO[3])
                                                      0.114    19.371 r  CPU_U/ALU_0/mem_reg[0][31]_i_1130/CO[3]
                         net (fo=1, routed)           0.000    19.371    CPU_U/ALU_0/mem_reg[0][31]_i_1130_n_0
    SLICE_X36Y66         CARRY4 (Prop_carry4_CI_CO[3])
                                                      0.114    19.485 r  CPU_U/ALU_0/mem_reg[0][31]_i_1125/CO[3]
                         net (fo=1, routed)           0.000    19.485    CPU_U/ALU_0/mem_reg[0][31]_i_1125_n_0
    SLICE_X36Y67         CARRY4 (Prop_carry4_CI_CO[3])
                                                      0.114    19.599 r  CPU_U/ALU_0/mem_reg[0][31]_i_1120/CO[3]
                         net (fo=1, routed)           0.000    19.599    CPU_U/ALU_0/mem_reg[0][31]_i_1120_n_0
    SLICE_X36Y68         CARRY4 (Prop_carry4_CI_CO[3])
                                                      0.114    19.713 r  CPU_U/ALU_0/mem_reg[0][31]_i_1115/CO[3]
                         net (fo=1, routed)           0.000    19.713    CPU_U/ALU_0/mem_reg[0][31]_i_1115_n_0
    SLICE_X36Y69         CARRY4 (Prop_carry4_CI_CO[3])
                                                      0.114    19.827 r  CPU_U/ALU_0/mem_reg[0][31]_i_1110/CO[3]
                         net (fo=1, routed)           0.000    19.827    CPU_U/ALU_0/mem_reg[0][31]_i_1110_n_0
    SLICE_X36Y70         CARRY4 (Prop_carry4_CI_CO[3])
                                                      0.114    19.941 r  CPU_U/ALU_0/mem_reg[0][31]_i_1107/CO[3]
                         net (fo=1, routed)           0.000    19.941    CPU_U/ALU_0/mem_reg[0][31]_i_1107_n_0
    SLICE_X36Y71         CARRY4 (Prop_carry4_CI_CO[1])
                                                      0.157    20.098 r  CPU_U/ALU_0/mem_reg[0][31]_i_1106/CO[1]
                         net (fo=35, routed)          2.050    22.148    CPU_U/ALU_0/mem_reg[0][31]_i_1106_n_2
    SLICE_X39Y63         LUT3 (Prop_lut3_I0_O)        0.329    22.477 r  CPU_U/ALU_0/mem[0][31]_i_1145/O
                         net (fo=1, routed)           0.000    22.477    CPU_U/ALU_0/mem[0][31]_i_1145_n_0
    SLICE_X39Y63         CARRY4 (Prop_carry4_S[3]_CO[3])
                                                      0.401    22.878 r  CPU_U/ALU_0/mem_reg[0][31]_i_1098/CO[3]
                         net (fo=1, routed)           0.000    22.878    CPU_U/ALU_0/mem_reg[0][31]_i_1098_n_0
    SLICE_X39Y64         CARRY4 (Prop_carry4_CI_CO[3])
                                                      0.114    22.992 r  CPU_U/ALU_0/mem_reg[0][31]_i_1093/CO[3]
                         net (fo=1, routed)           0.000    22.992    CPU_U/ALU_0/mem_reg[0][31]_i_1093_n_0
    SLICE_X39Y65         CARRY4 (Prop_carry4_CI_CO[3])
                                                      0.114    23.106 r  CPU_U/ALU_0/mem_reg[0][31]_i_1088/CO[3]
                         net (fo=1, routed)           0.000    23.106    CPU_U/ALU_0/mem_reg[0][31]_i_1088_n_0
    SLICE_X39Y66         CARRY4 (Prop_carry4_CI_CO[3])
                                                      0.114    23.220 r  CPU_U/ALU_0/mem_reg[0][31]_i_1083/CO[3]
                         net (fo=1, routed)           0.000    23.220    CPU_U/ALU_0/mem_reg[0][31]_i_1083_n_0
    SLICE_X39Y67         CARRY4 (Prop_carry4_CI_CO[3])
                                                      0.114    23.334 r  CPU_U/ALU_0/mem_reg[0][31]_i_1078/CO[3]
                         net (fo=1, routed)           0.000    23.334    CPU_U/ALU_0/mem_reg[0][31]_i_1078_n_0
    SLICE_X39Y68         CARRY4 (Prop_carry4_CI_CO[3])
                                                      0.114    23.448 r  CPU_U/ALU_0/mem_reg[0][31]_i_1073/CO[3]
                         net (fo=1, routed)           0.000    23.448    CPU_U/ALU_0/mem_reg[0][31]_i_1073_n_0
    SLICE_X39Y69         CARRY4 (Prop_carry4_CI_CO[3])
                                                      0.114    23.562 r  CPU_U/ALU_0/mem_reg[0][31]_i_1068/CO[3]
                         net (fo=1, routed)           0.000    23.562    CPU_U/ALU_0/mem_reg[0][31]_i_1068_n_0
    SLICE_X39Y70         CARRY4 (Prop_carry4_CI_CO[3])
                                                      0.114    23.676 r  CPU_U/ALU_0/mem_reg[0][31]_i_1065/CO[3]
                         net (fo=1, routed)           0.000    23.676    CPU_U/ALU_0/mem_reg[0][31]_i_1065_n_0
    SLICE_X39Y71         CARRY4 (Prop_carry4_CI_CO[1])
                                                      0.157    23.833 r  CPU_U/ALU_0/mem_reg[0][31]_i_1064/CO[1]
                         net (fo=35, routed)          2.237    26.070    CPU_U/ALU_0/mem_reg[0][31]_i_1064_n_2
    SLICE_X40Y63         LUT3 (Prop_lut3_I0_O)        0.329    26.399 r  CPU_U/ALU_0/mem[0][31]_i_1105/O
                         net (fo=1, routed)           0.000    26.399    CPU_U/ALU_0/mem[0][31]_i_1105_n_0
    SLICE_X40Y63         CARRY4 (Prop_carry4_S[1]_CO[3])
                                                      0.550    26.949 r  CPU_U/ALU_0/mem_reg[0][31]_i_1056/CO[3]
                         net (fo=1, routed)           0.000    26.949    CPU_U/ALU_0/mem_reg[0][31]_i_1056_n_0
    SLICE_X40Y64         CARRY4 (Prop_carry4_CI_CO[3])
                                                      0.114    27.063 r  CPU_U/ALU_0/mem_reg[0][31]_i_1051/CO[3]
                         net (fo=1, routed)           0.000    27.063    CPU_U/ALU_0/mem_reg[0][31]_i_1051_n_0
    SLICE_X40Y65         CARRY4 (Prop_carry4_CI_CO[3])
                                                      0.114    27.177 r  CPU_U/ALU_0/mem_reg[0][31]_i_1046/CO[3]
                         net (fo=1, routed)           0.000    27.177    CPU_U/ALU_0/mem_reg[0][31]_i_1046_n_0
    SLICE_X40Y66         CARRY4 (Prop_carry4_CI_CO[3])
                                                      0.114    27.291 r  CPU_U/ALU_0/mem_reg[0][31]_i_1041/CO[3]
                         net (fo=1, routed)           0.000    27.291    CPU_U/ALU_0/mem_reg[0][31]_i_1041_n_0
    SLICE_X40Y67         CARRY4 (Prop_carry4_CI_CO[3])
                                                      0.114    27.405 r  CPU_U/ALU_0/mem_reg[0][31]_i_1036/CO[3]
                         net (fo=1, routed)           0.000    27.405    CPU_U/ALU_0/mem_reg[0][31]_i_1036_n_0
    SLICE_X40Y68         CARRY4 (Prop_carry4_CI_CO[3])
                                                      0.114    27.519 r  CPU_U/ALU_0/mem_reg[0][31]_i_1031/CO[3]
                         net (fo=1, routed)           0.000    27.519    CPU_U/ALU_0/mem_reg[0][31]_i_1031_n_0
    SLICE_X40Y69         CARRY4 (Prop_carry4_CI_CO[3])
                                                      0.114    27.633 r  CPU_U/ALU_0/mem_reg[0][31]_i_1026/CO[3]
                         net (fo=1, routed)           0.000    27.633    CPU_U/ALU_0/mem_reg[0][31]_i_1026_n_0
    SLICE_X40Y70         CARRY4 (Prop_carry4_CI_CO[3])
                                                      0.114    27.747 r  CPU_U/ALU_0/mem_reg[0][31]_i_1023/CO[3]
                         net (fo=1, routed)           0.000    27.747    CPU_U/ALU_0/mem_reg[0][31]_i_1023_n_0
    SLICE_X40Y71         CARRY4 (Prop_carry4_CI_CO[1])
                                                      0.157    27.904 r  CPU_U/ALU_0/mem_reg[0][31]_i_1022/CO[1]
                         net (fo=35, routed)          1.914    29.818    CPU_U/ALU_0/mem_reg[0][31]_i_1022_n_2
    SLICE_X41Y62         LUT3 (Prop_lut3_I0_O)        0.329    30.147 r  CPU_U/ALU_0/mem[0][31]_i_1062/O
                         net (fo=1, routed)           0.000    30.147    CPU_U/ALU_0/mem[0][31]_i_1062_n_0
    SLICE_X41Y62         CARRY4 (Prop_carry4_S[2]_CO[3])
                                                      0.398    30.545 r  CPU_U/ALU_0/mem_reg[0][31]_i_1014/CO[3]
                         net (fo=1, routed)           0.000    30.545    CPU_U/ALU_0/mem_reg[0][31]_i_1014_n_0
    SLICE_X41Y63         CARRY4 (Prop_carry4_CI_CO[3])
                                                      0.114    30.659 r  CPU_U/ALU_0/mem_reg[0][31]_i_1009/CO[3]
                         net (fo=1, routed)           0.000    30.659    CPU_U/ALU_0/mem_reg[0][31]_i_1009_n_0
    SLICE_X41Y64         CARRY4 (Prop_carry4_CI_CO[3])
                                                      0.114    30.773 r  CPU_U/ALU_0/mem_reg[0][31]_i_1004/CO[3]
                         net (fo=1, routed)           0.000    30.773    CPU_U/ALU_0/mem_reg[0][31]_i_1004_n_0
    SLICE_X41Y65         CARRY4 (Prop_carry4_CI_CO[3])
                                                      0.114    30.887 r  CPU_U/ALU_0/mem_reg[0][31]_i_999/CO[3]
                         net (fo=1, routed)           0.000    30.887    CPU_U/ALU_0/mem_reg[0][31]_i_999_n_0
    SLICE_X41Y66         CARRY4 (Prop_carry4_CI_CO[3])
                                                      0.114    31.001 r  CPU_U/ALU_0/mem_reg[0][31]_i_994/CO[3]
                         net (fo=1, routed)           0.000    31.001    CPU_U/ALU_0/mem_reg[0][31]_i_994_n_0
    SLICE_X41Y67         CARRY4 (Prop_carry4_CI_CO[3])
                                                      0.114    31.115 r  CPU_U/ALU_0/mem_reg[0][31]_i_989/CO[3]
                         net (fo=1, routed)           0.000    31.115    CPU_U/ALU_0/mem_reg[0][31]_i_989_n_0
    SLICE_X41Y68         CARRY4 (Prop_carry4_CI_CO[3])
                                                      0.114    31.229 r  CPU_U/ALU_0/mem_reg[0][31]_i_984/CO[3]
                         net (fo=1, routed)           0.000    31.229    CPU_U/ALU_0/mem_reg[0][31]_i_984_n_0
    SLICE_X41Y69         CARRY4 (Prop_carry4_CI_CO[3])
                                                      0.114    31.343 r  CPU_U/ALU_0/mem_reg[0][31]_i_981/CO[3]
                         net (fo=1, routed)           0.000    31.343    CPU_U/ALU_0/mem_reg[0][31]_i_981_n_0
    SLICE_X41Y70         CARRY4 (Prop_carry4_CI_CO[1])
                                                      0.157    31.500 r  CPU_U/ALU_0/mem_reg[0][31]_i_980/CO[1]
                         net (fo=35, routed)          2.299    33.799    CPU_U/ALU_0/mem_reg[0][31]_i_980_n_2
    SLICE_X38Y58         LUT3 (Prop_lut3_I0_O)        0.329    34.128 r  CPU_U/ALU_0/mem[0][31]_i_1021/O
                         net (fo=1, routed)           0.000    34.128    CPU_U/ALU_0/mem[0][31]_i_1021_n_0
    SLICE_X38Y58         CARRY4 (Prop_carry4_S[1]_CO[3])
                                                      0.533    34.661 r  CPU_U/ALU_0/mem_reg[0][31]_i_972/CO[3]
                         net (fo=1, routed)           0.000    34.661    CPU_U/ALU_0/mem_reg[0][31]_i_972_n_0
    SLICE_X38Y59         CARRY4 (Prop_carry4_CI_CO[3])
                                                      0.117    34.778 r  CPU_U/ALU_0/mem_reg[0][31]_i_967/CO[3]
                         net (fo=1, routed)           0.000    34.778    CPU_U/ALU_0/mem_reg[0][31]_i_967_n_0
    SLICE_X38Y60         CARRY4 (Prop_carry4_CI_CO[3])
                                                      0.117    34.895 r  CPU_U/ALU_0/mem_reg[0][31]_i_962/CO[3]
                         net (fo=1, routed)           0.000    34.895    CPU_U/ALU_0/mem_reg[0][31]_i_962_n_0
    SLICE_X38Y61         CARRY4 (Prop_carry4_CI_CO[3])
                                                      0.117    35.012 r  CPU_U/ALU_0/mem_reg[0][31]_i_957/CO[3]
                         net (fo=1, routed)           0.000    35.012    CPU_U/ALU_0/mem_reg[0][31]_i_957_n_0
    SLICE_X38Y62         CARRY4 (Prop_carry4_CI_CO[3])
                                                      0.117    35.129 r  CPU_U/ALU_0/mem_reg[0][31]_i_952/CO[3]
                         net (fo=1, routed)           0.000    35.129    CPU_U/ALU_0/mem_reg[0][31]_i_952_n_0
    SLICE_X38Y63         CARRY4 (Prop_carry4_CI_CO[3])
                                                      0.117    35.246 r  CPU_U/ALU_0/mem_reg[0][31]_i_947/CO[3]
                         net (fo=1, routed)           0.000    35.246    CPU_U/ALU_0/mem_reg[0][31]_i_947_n_0
    SLICE_X38Y64         CARRY4 (Prop_carry4_CI_CO[3])
                                                      0.117    35.363 r  CPU_U/ALU_0/mem_reg[0][31]_i_942/CO[3]
                         net (fo=1, routed)           0.000    35.363    CPU_U/ALU_0/mem_reg[0][31]_i_942_n_0
    SLICE_X38Y65         CARRY4 (Prop_carry4_CI_CO[3])
                                                      0.117    35.480 r  CPU_U/ALU_0/mem_reg[0][31]_i_939/CO[3]
                         net (fo=1, routed)           0.000    35.480    CPU_U/ALU_0/mem_reg[0][31]_i_939_n_0
    SLICE_X38Y66         CARRY4 (Prop_carry4_CI_CO[1])
                                                      0.157    35.637 r  CPU_U/ALU_0/mem_reg[0][31]_i_938/CO[1]
                         net (fo=35, routed)          2.233    37.870    CPU_U/ALU_0/mem_reg[0][31]_i_938_n_2
    SLICE_X37Y54         LUT3 (Prop_lut3_I0_O)        0.332    38.202 r  CPU_U/ALU_0/mem[0][31]_i_979/O
                         net (fo=1, routed)           0.000    38.202    CPU_U/ALU_0/mem[0][31]_i_979_n_0
    SLICE_X37Y54         CARRY4 (Prop_carry4_S[1]_CO[3])
                                                      0.550    38.752 r  CPU_U/ALU_0/mem_reg[0][31]_i_930/CO[3]
                         net (fo=1, routed)           0.000    38.752    CPU_U/ALU_0/mem_reg[0][31]_i_930_n_0
    SLICE_X37Y55         CARRY4 (Prop_carry4_CI_CO[3])
                                                      0.114    38.866 r  CPU_U/ALU_0/mem_reg[0][31]_i_925/CO[3]
                         net (fo=1, routed)           0.000    38.866    CPU_U/ALU_0/mem_reg[0][31]_i_925_n_0
    SLICE_X37Y56         CARRY4 (Prop_carry4_CI_CO[3])
                                                      0.114    38.980 r  CPU_U/ALU_0/mem_reg[0][31]_i_920/CO[3]
                         net (fo=1, routed)           0.000    38.980    CPU_U/ALU_0/mem_reg[0][31]_i_920_n_0
    SLICE_X37Y57         CARRY4 (Prop_carry4_CI_CO[3])
                                                      0.114    39.094 r  CPU_U/ALU_0/mem_reg[0][31]_i_915/CO[3]
                         net (fo=1, routed)           0.000    39.094    CPU_U/ALU_0/mem_reg[0][31]_i_915_n_0
    SLICE_X37Y58         CARRY4 (Prop_carry4_CI_CO[3])
                                                      0.114    39.208 r  CPU_U/ALU_0/mem_reg[0][31]_i_910/CO[3]
                         net (fo=1, routed)           0.000    39.208    CPU_U/ALU_0/mem_reg[0][31]_i_910_n_0
    SLICE_X37Y59         CARRY4 (Prop_carry4_CI_CO[3])
                                                      0.114    39.322 r  CPU_U/ALU_0/mem_reg[0][31]_i_905/CO[3]
                         net (fo=1, routed)           0.000    39.322    CPU_U/ALU_0/mem_reg[0][31]_i_905_n_0
    SLICE_X37Y60         CARRY4 (Prop_carry4_CI_CO[3])
                                                      0.114    39.436 r  CPU_U/ALU_0/mem_reg[0][31]_i_900/CO[3]
                         net (fo=1, routed)           0.000    39.436    CPU_U/ALU_0/mem_reg[0][31]_i_900_n_0
    SLICE_X37Y61         CARRY4 (Prop_carry4_CI_CO[3])
                                                      0.114    39.550 r  CPU_U/ALU_0/mem_reg[0][31]_i_897/CO[3]
                         net (fo=1, routed)           0.000    39.550    CPU_U/ALU_0/mem_reg[0][31]_i_897_n_0
    SLICE_X37Y62         CARRY4 (Prop_carry4_CI_CO[1])
                                                      0.157    39.707 r  CPU_U/ALU_0/mem_reg[0][31]_i_896/CO[1]
                         net (fo=35, routed)          2.162    41.869    CPU_U/ALU_0/mem_reg[0][31]_i_896_n_2
    SLICE_X40Y53         LUT3 (Prop_lut3_I0_O)        0.329    42.198 r  CPU_U/ALU_0/mem[0][31]_i_937/O
                         net (fo=1, routed)           0.000    42.198    CPU_U/ALU_0/mem[0][31]_i_937_n_0
    SLICE_X40Y53         CARRY4 (Prop_carry4_S[1]_CO[3])
                                                      0.550    42.748 r  CPU_U/ALU_0/mem_reg[0][31]_i_888/CO[3]
                         net (fo=1, routed)           0.000    42.748    CPU_U/ALU_0/mem_reg[0][31]_i_888_n_0
    SLICE_X40Y54         CARRY4 (Prop_carry4_CI_CO[3])
                                                      0.114    42.862 r  CPU_U/ALU_0/mem_reg[0][31]_i_883/CO[3]
                         net (fo=1, routed)           0.000    42.862    CPU_U/ALU_0/mem_reg[0][31]_i_883_n_0
    SLICE_X40Y55         CARRY4 (Prop_carry4_CI_CO[3])
                                                      0.114    42.976 r  CPU_U/ALU_0/mem_reg[0][31]_i_878/CO[3]
                         net (fo=1, routed)           0.000    42.976    CPU_U/ALU_0/mem_reg[0][31]_i_878_n_0
    SLICE_X40Y56         CARRY4 (Prop_carry4_CI_CO[3])
                                                      0.114    43.090 r  CPU_U/ALU_0/mem_reg[0][31]_i_873/CO[3]
                         net (fo=1, routed)           0.000    43.090    CPU_U/ALU_0/mem_reg[0][31]_i_873_n_0
    SLICE_X40Y57         CARRY4 (Prop_carry4_CI_CO[3])
                                                      0.114    43.204 r  CPU_U/ALU_0/mem_reg[0][31]_i_868/CO[3]
                         net (fo=1, routed)           0.000    43.204    CPU_U/ALU_0/mem_reg[0][31]_i_868_n_0
    SLICE_X40Y58         CARRY4 (Prop_carry4_CI_CO[3])
                                                      0.114    43.318 r  CPU_U/ALU_0/mem_reg[0][31]_i_863/CO[3]
                         net (fo=1, routed)           0.000    43.318    CPU_U/ALU_0/mem_reg[0][31]_i_863_n_0
    SLICE_X40Y59         CARRY4 (Prop_carry4_CI_CO[3])
                                                      0.114    43.432 r  CPU_U/ALU_0/mem_reg[0][31]_i_858/CO[3]
                         net (fo=1, routed)           0.000    43.432    CPU_U/ALU_0/mem_reg[0][31]_i_858_n_0
    SLICE_X40Y60         CARRY4 (Prop_carry4_CI_CO[3])
                                                      0.114    43.546 r  CPU_U/ALU_0/mem_reg[0][31]_i_855/CO[3]
                         net (fo=1, routed)           0.000    43.546    CPU_U/ALU_0/mem_reg[0][31]_i_855_n_0
    SLICE_X40Y61         CARRY4 (Prop_carry4_CI_CO[1])
                                                      0.157    43.703 r  CPU_U/ALU_0/mem_reg[0][31]_i_854/CO[1]
                         net (fo=35, routed)          2.230    45.933    CPU_U/ALU_0/mem_reg[0][31]_i_854_n_2
    SLICE_X41Y52         LUT3 (Prop_lut3_I0_O)        0.329    46.262 r  CPU_U/ALU_0/mem[0][31]_i_895/O
                         net (fo=1, routed)           0.000    46.262    CPU_U/ALU_0/mem[0][31]_i_895_n_0
    SLICE_X41Y52         CARRY4 (Prop_carry4_S[1]_CO[3])
                                                      0.550    46.812 r  CPU_U/ALU_0/mem_reg[0][31]_i_846/CO[3]
                         net (fo=1, routed)           0.000    46.812    CPU_U/ALU_0/mem_reg[0][31]_i_846_n_0
    SLICE_X41Y53         CARRY4 (Prop_carry4_CI_CO[3])
                                                      0.114    46.926 r  CPU_U/ALU_0/mem_reg[0][31]_i_841/CO[3]
                         net (fo=1, routed)           0.000    46.926    CPU_U/ALU_0/mem_reg[0][31]_i_841_n_0
    SLICE_X41Y54         CARRY4 (Prop_carry4_CI_CO[3])
                                                      0.114    47.040 r  CPU_U/ALU_0/mem_reg[0][31]_i_836/CO[3]
                         net (fo=1, routed)           0.000    47.040    CPU_U/ALU_0/mem_reg[0][31]_i_836_n_0
    SLICE_X41Y55         CARRY4 (Prop_carry4_CI_CO[3])
                                                      0.114    47.154 r  CPU_U/ALU_0/mem_reg[0][31]_i_831/CO[3]
                         net (fo=1, routed)           0.000    47.154    CPU_U/ALU_0/mem_reg[0][31]_i_831_n_0
    SLICE_X41Y56         CARRY4 (Prop_carry4_CI_CO[3])
                                                      0.114    47.268 r  CPU_U/ALU_0/mem_reg[0][31]_i_826/CO[3]
                         net (fo=1, routed)           0.000    47.268    CPU_U/ALU_0/mem_reg[0][31]_i_826_n_0
    SLICE_X41Y57         CARRY4 (Prop_carry4_CI_CO[3])
                                                      0.114    47.382 r  CPU_U/ALU_0/mem_reg[0][31]_i_821/CO[3]
                         net (fo=1, routed)           0.000    47.382    CPU_U/ALU_0/mem_reg[0][31]_i_821_n_0
    SLICE_X41Y58         CARRY4 (Prop_carry4_CI_CO[3])
                                                      0.114    47.496 r  CPU_U/ALU_0/mem_reg[0][31]_i_816/CO[3]
                         net (fo=1, routed)           0.000    47.496    CPU_U/ALU_0/mem_reg[0][31]_i_816_n_0
    SLICE_X41Y59         CARRY4 (Prop_carry4_CI_CO[3])
                                                      0.114    47.610 r  CPU_U/ALU_0/mem_reg[0][31]_i_813/CO[3]
                         net (fo=1, routed)           0.000    47.610    CPU_U/ALU_0/mem_reg[0][31]_i_813_n_0
    SLICE_X41Y60         CARRY4 (Prop_carry4_CI_CO[1])
                                                      0.157    47.767 r  CPU_U/ALU_0/mem_reg[0][31]_i_812/CO[1]
                         net (fo=35, routed)          2.210    49.976    CPU_U/ALU_0/mem_reg[0][31]_i_812_n_2
    SLICE_X43Y51         LUT3 (Prop_lut3_I0_O)        0.329    50.305 r  CPU_U/ALU_0/mem[0][31]_i_853/O
                         net (fo=1, routed)           0.000    50.305    CPU_U/ALU_0/mem[0][31]_i_853_n_0
    SLICE_X43Y51         CARRY4 (Prop_carry4_S[1]_CO[3])
                                                      0.550    50.855 r  CPU_U/ALU_0/mem_reg[0][31]_i_804/CO[3]
                         net (fo=1, routed)           0.000    50.855    CPU_U/ALU_0/mem_reg[0][31]_i_804_n_0
    SLICE_X43Y52         CARRY4 (Prop_carry4_CI_CO[3])
                                                      0.114    50.969 r  CPU_U/ALU_0/mem_reg[0][31]_i_799/CO[3]
                         net (fo=1, routed)           0.000    50.969    CPU_U/ALU_0/mem_reg[0][31]_i_799_n_0
    SLICE_X43Y53         CARRY4 (Prop_carry4_CI_CO[3])
                                                      0.114    51.083 r  CPU_U/ALU_0/mem_reg[0][31]_i_794/CO[3]
                         net (fo=1, routed)           0.000    51.083    CPU_U/ALU_0/mem_reg[0][31]_i_794_n_0
    SLICE_X43Y54         CARRY4 (Prop_carry4_CI_CO[3])
                                                      0.114    51.197 r  CPU_U/ALU_0/mem_reg[0][31]_i_789/CO[3]
                         net (fo=1, routed)           0.000    51.197    CPU_U/ALU_0/mem_reg[0][31]_i_789_n_0
    SLICE_X43Y55         CARRY4 (Prop_carry4_CI_CO[3])
                                                      0.114    51.311 r  CPU_U/ALU_0/mem_reg[0][31]_i_784/CO[3]
                         net (fo=1, routed)           0.000    51.311    CPU_U/ALU_0/mem_reg[0][31]_i_784_n_0
    SLICE_X43Y56         CARRY4 (Prop_carry4_CI_CO[3])
                                                      0.114    51.425 r  CPU_U/ALU_0/mem_reg[0][31]_i_779/CO[3]
                         net (fo=1, routed)           0.000    51.425    CPU_U/ALU_0/mem_reg[0][31]_i_779_n_0
    SLICE_X43Y57         CARRY4 (Prop_carry4_CI_CO[3])
                                                      0.114    51.539 r  CPU_U/ALU_0/mem_reg[0][31]_i_774/CO[3]
                         net (fo=1, routed)           0.000    51.539    CPU_U/ALU_0/mem_reg[0][31]_i_774_n_0
    SLICE_X43Y58         CARRY4 (Prop_carry4_CI_CO[3])
                                                      0.114    51.653 r  CPU_U/ALU_0/mem_reg[0][31]_i_771/CO[3]
                         net (fo=1, routed)           0.000    51.653    CPU_U/ALU_0/mem_reg[0][31]_i_771_n_0
    SLICE_X43Y59         CARRY4 (Prop_carry4_CI_CO[1])
                                                      0.157    51.810 r  CPU_U/ALU_0/mem_reg[0][31]_i_770/CO[1]
                         net (fo=35, routed)          1.815    53.626    CPU_U/ALU_0/mem_reg[0][31]_i_770_n_2
    SLICE_X45Y51         CARRY4 (Prop_carry4_CYINIT_CO[3])
                                                      0.785    54.411 r  CPU_U/ALU_0/mem_reg[0][31]_i_762/CO[3]
                         net (fo=1, routed)           0.000    54.411    CPU_U/ALU_0/mem_reg[0][31]_i_762_n_0
    SLICE_X45Y52         CARRY4 (Prop_carry4_CI_CO[3])
                                                      0.114    54.525 r  CPU_U/ALU_0/mem_reg[0][31]_i_757/CO[3]
                         net (fo=1, routed)           0.000    54.525    CPU_U/ALU_0/mem_reg[0][31]_i_757_n_0
    SLICE_X45Y53         CARRY4 (Prop_carry4_CI_CO[3])
                                                      0.114    54.639 r  CPU_U/ALU_0/mem_reg[0][31]_i_752/CO[3]
                         net (fo=1, routed)           0.000    54.639    CPU_U/ALU_0/mem_reg[0][31]_i_752_n_0
    SLICE_X45Y54         CARRY4 (Prop_carry4_CI_CO[3])
                                                      0.114    54.753 r  CPU_U/ALU_0/mem_reg[0][31]_i_747/CO[3]
                         net (fo=1, routed)           0.000    54.753    CPU_U/ALU_0/mem_reg[0][31]_i_747_n_0
    SLICE_X45Y55         CARRY4 (Prop_carry4_CI_CO[3])
                                                      0.114    54.867 r  CPU_U/ALU_0/mem_reg[0][31]_i_742/CO[3]
                         net (fo=1, routed)           0.000    54.867    CPU_U/ALU_0/mem_reg[0][31]_i_742_n_0
    SLICE_X45Y56         CARRY4 (Prop_carry4_CI_CO[3])
                                                      0.114    54.981 r  CPU_U/ALU_0/mem_reg[0][31]_i_737/CO[3]
                         net (fo=1, routed)           0.000    54.981    CPU_U/ALU_0/mem_reg[0][31]_i_737_n_0
    SLICE_X45Y57         CARRY4 (Prop_carry4_CI_CO[3])
                                                      0.114    55.095 r  CPU_U/ALU_0/mem_reg[0][31]_i_732/CO[3]
                         net (fo=1, routed)           0.000    55.095    CPU_U/ALU_0/mem_reg[0][31]_i_732_n_0
    SLICE_X45Y58         CARRY4 (Prop_carry4_CI_CO[3])
                                                      0.114    55.209 r  CPU_U/ALU_0/mem_reg[0][31]_i_729/CO[3]
                         net (fo=1, routed)           0.000    55.209    CPU_U/ALU_0/mem_reg[0][31]_i_729_n_0
    SLICE_X45Y59         CARRY4 (Prop_carry4_CI_CO[1])
                                                      0.157    55.366 r  CPU_U/ALU_0/mem_reg[0][31]_i_728/CO[1]
                         net (fo=35, routed)          2.297    57.663    CPU_U/ALU_0/mem_reg[0][31]_i_728_n_2
    SLICE_X49Y51         LUT3 (Prop_lut3_I0_O)        0.329    57.992 r  CPU_U/ALU_0/mem[0][31]_i_769/O
                         net (fo=1, routed)           0.000    57.992    CPU_U/ALU_0/mem[0][31]_i_769_n_0
    SLICE_X49Y51         CARRY4 (Prop_carry4_S[1]_CO[3])
                                                      0.550    58.542 r  CPU_U/ALU_0/mem_reg[0][31]_i_720/CO[3]
                         net (fo=1, routed)           0.000    58.542    CPU_U/ALU_0/mem_reg[0][31]_i_720_n_0
    SLICE_X49Y52         CARRY4 (Prop_carry4_CI_CO[3])
                                                      0.114    58.656 r  CPU_U/ALU_0/mem_reg[0][31]_i_715/CO[3]
                         net (fo=1, routed)           0.000    58.656    CPU_U/ALU_0/mem_reg[0][31]_i_715_n_0
    SLICE_X49Y53         CARRY4 (Prop_carry4_CI_CO[3])
                                                      0.114    58.770 r  CPU_U/ALU_0/mem_reg[0][31]_i_710/CO[3]
                         net (fo=1, routed)           0.000    58.770    CPU_U/ALU_0/mem_reg[0][31]_i_710_n_0
    SLICE_X49Y54         CARRY4 (Prop_carry4_CI_CO[3])
                                                      0.114    58.884 r  CPU_U/ALU_0/mem_reg[0][31]_i_705/CO[3]
                         net (fo=1, routed)           0.000    58.884    CPU_U/ALU_0/mem_reg[0][31]_i_705_n_0
    SLICE_X49Y55         CARRY4 (Prop_carry4_CI_CO[3])
                                                      0.114    58.998 r  CPU_U/ALU_0/mem_reg[0][31]_i_700/CO[3]
                         net (fo=1, routed)           0.000    58.998    CPU_U/ALU_0/mem_reg[0][31]_i_700_n_0
    SLICE_X49Y56         CARRY4 (Prop_carry4_CI_CO[3])
                                                      0.114    59.112 r  CPU_U/ALU_0/mem_reg[0][31]_i_695/CO[3]
                         net (fo=1, routed)           0.000    59.112    CPU_U/ALU_0/mem_reg[0][31]_i_695_n_0
    SLICE_X49Y57         CARRY4 (Prop_carry4_CI_CO[3])
                                                      0.114    59.226 r  CPU_U/ALU_0/mem_reg[0][31]_i_690/CO[3]
                         net (fo=1, routed)           0.000    59.226    CPU_U/ALU_0/mem_reg[0][31]_i_690_n_0
    SLICE_X49Y58         CARRY4 (Prop_carry4_CI_CO[3])
                                                      0.114    59.340 r  CPU_U/ALU_0/mem_reg[0][31]_i_687/CO[3]
                         net (fo=1, routed)           0.000    59.340    CPU_U/ALU_0/mem_reg[0][31]_i_687_n_0
    SLICE_X49Y59         CARRY4 (Prop_carry4_CI_CO[1])
                                                      0.157    59.497 r  CPU_U/ALU_0/mem_reg[0][31]_i_686/CO[1]
                         net (fo=35, routed)          2.043    61.540    CPU_U/ALU_0/mem_reg[0][31]_i_686_n_2
    SLICE_X53Y51         LUT3 (Prop_lut3_I0_O)        0.329    61.869 r  CPU_U/ALU_0/mem[0][31]_i_725/O
                         net (fo=1, routed)           0.000    61.869    CPU_U/ALU_0/mem[0][31]_i_725_n_0
    SLICE_X53Y51         CARRY4 (Prop_carry4_S[3]_CO[3])
                                                      0.401    62.270 r  CPU_U/ALU_0/mem_reg[0][31]_i_678/CO[3]
                         net (fo=1, routed)           0.000    62.270    CPU_U/ALU_0/mem_reg[0][31]_i_678_n_0
    SLICE_X53Y52         CARRY4 (Prop_carry4_CI_CO[3])
                                                      0.114    62.384 r  CPU_U/ALU_0/mem_reg[0][31]_i_673/CO[3]
                         net (fo=1, routed)           0.000    62.384    CPU_U/ALU_0/mem_reg[0][31]_i_673_n_0
    SLICE_X53Y53         CARRY4 (Prop_carry4_CI_CO[3])
                                                      0.114    62.498 r  CPU_U/ALU_0/mem_reg[0][31]_i_668/CO[3]
                         net (fo=1, routed)           0.000    62.498    CPU_U/ALU_0/mem_reg[0][31]_i_668_n_0
    SLICE_X53Y54         CARRY4 (Prop_carry4_CI_CO[3])
                                                      0.114    62.612 r  CPU_U/ALU_0/mem_reg[0][31]_i_663/CO[3]
                         net (fo=1, routed)           0.000    62.612    CPU_U/ALU_0/mem_reg[0][31]_i_663_n_0
    SLICE_X53Y55         CARRY4 (Prop_carry4_CI_CO[3])
                                                      0.114    62.726 r  CPU_U/ALU_0/mem_reg[0][31]_i_658/CO[3]
                         net (fo=1, routed)           0.000    62.726    CPU_U/ALU_0/mem_reg[0][31]_i_658_n_0
    SLICE_X53Y56         CARRY4 (Prop_carry4_CI_CO[3])
                                                      0.114    62.840 r  CPU_U/ALU_0/mem_reg[0][31]_i_653/CO[3]
                         net (fo=1, routed)           0.000    62.840    CPU_U/ALU_0/mem_reg[0][31]_i_653_n_0
    SLICE_X53Y57         CARRY4 (Prop_carry4_CI_CO[3])
                                                      0.114    62.954 r  CPU_U/ALU_0/mem_reg[0][31]_i_648/CO[3]
                         net (fo=1, routed)           0.000    62.954    CPU_U/ALU_0/mem_reg[0][31]_i_648_n_0
    SLICE_X53Y58         CARRY4 (Prop_carry4_CI_CO[3])
                                                      0.114    63.068 r  CPU_U/ALU_0/mem_reg[0][31]_i_645/CO[3]
                         net (fo=1, routed)           0.000    63.068    CPU_U/ALU_0/mem_reg[0][31]_i_645_n_0
    SLICE_X53Y59         CARRY4 (Prop_carry4_CI_CO[1])
                                                      0.157    63.225 r  CPU_U/ALU_0/mem_reg[0][31]_i_644/CO[1]
                         net (fo=35, routed)          2.056    65.281    CPU_U/ALU_0/mem_reg[0][31]_i_644_n_2
    SLICE_X54Y51         LUT3 (Prop_lut3_I0_O)        0.329    65.610 r  CPU_U/ALU_0/mem[0][31]_i_682/O
                         net (fo=1, routed)           0.000    65.610    CPU_U/ALU_0/mem[0][31]_i_682_n_0
    SLICE_X54Y51         CARRY4 (Prop_carry4_S[0]_CO[3])
                                                      0.513    66.123 r  CPU_U/ALU_0/mem_reg[0][31]_i_631/CO[3]
                         net (fo=1, routed)           0.000    66.123    CPU_U/ALU_0/mem_reg[0][31]_i_631_n_0
    SLICE_X54Y52         CARRY4 (Prop_carry4_CI_CO[3])
                                                      0.117    66.240 r  CPU_U/ALU_0/mem_reg[0][31]_i_626/CO[3]
                         net (fo=1, routed)           0.000    66.240    CPU_U/ALU_0/mem_reg[0][31]_i_626_n_0
    SLICE_X54Y53         CARRY4 (Prop_carry4_CI_CO[3])
                                                      0.117    66.357 r  CPU_U/ALU_0/mem_reg[0][31]_i_621/CO[3]
                         net (fo=1, routed)           0.000    66.357    CPU_U/ALU_0/mem_reg[0][31]_i_621_n_0
    SLICE_X54Y54         CARRY4 (Prop_carry4_CI_CO[3])
                                                      0.117    66.474 r  CPU_U/ALU_0/mem_reg[0][31]_i_616/CO[3]
                         net (fo=1, routed)           0.000    66.474    CPU_U/ALU_0/mem_reg[0][31]_i_616_n_0
    SLICE_X54Y55         CARRY4 (Prop_carry4_CI_CO[3])
                                                      0.117    66.591 r  CPU_U/ALU_0/mem_reg[0][31]_i_611/CO[3]
                         net (fo=1, routed)           0.000    66.591    CPU_U/ALU_0/mem_reg[0][31]_i_611_n_0
    SLICE_X54Y56         CARRY4 (Prop_carry4_CI_CO[3])
                                                      0.117    66.708 r  CPU_U/ALU_0/mem_reg[0][31]_i_606/CO[3]
                         net (fo=1, routed)           0.000    66.708    CPU_U/ALU_0/mem_reg[0][31]_i_606_n_0
    SLICE_X54Y57         CARRY4 (Prop_carry4_CI_CO[3])
                                                      0.117    66.825 r  CPU_U/ALU_0/mem_reg[0][31]_i_603/CO[3]
                         net (fo=1, routed)           0.000    66.825    CPU_U/ALU_0/mem_reg[0][31]_i_603_n_0
    SLICE_X54Y58         CARRY4 (Prop_carry4_CI_CO[1])
                                                      0.157    66.982 r  CPU_U/ALU_0/mem_reg[0][31]_i_602/CO[1]
                         net (fo=35, routed)          1.961    68.944    CPU_U/ALU_0/mem_reg[0][31]_i_602_n_2
    SLICE_X55Y49         LUT3 (Prop_lut3_I0_O)        0.332    69.276 r  CPU_U/ALU_0/mem[0][31]_i_641/O
                         net (fo=1, routed)           0.000    69.276    CPU_U/ALU_0/mem[0][31]_i_641_n_0
    SLICE_X55Y49         CARRY4 (Prop_carry4_S[3]_CO[3])
                                                      0.401    69.677 r  CPU_U/ALU_0/mem_reg[0][31]_i_594/CO[3]
                         net (fo=1, routed)           0.001    69.677    CPU_U/ALU_0/mem_reg[0][31]_i_594_n_0
    SLICE_X55Y50         CARRY4 (Prop_carry4_CI_CO[3])
                                                      0.114    69.791 r  CPU_U/ALU_0/mem_reg[0][31]_i_589/CO[3]
                         net (fo=1, routed)           0.000    69.791    CPU_U/ALU_0/mem_reg[0][31]_i_589_n_0
    SLICE_X55Y51         CARRY4 (Prop_carry4_CI_CO[3])
                                                      0.114    69.905 r  CPU_U/ALU_0/mem_reg[0][31]_i_584/CO[3]
                         net (fo=1, routed)           0.000    69.905    CPU_U/ALU_0/mem_reg[0][31]_i_584_n_0
    SLICE_X55Y52         CARRY4 (Prop_carry4_CI_CO[3])
                                                      0.114    70.019 r  CPU_U/ALU_0/mem_reg[0][31]_i_579/CO[3]
                         net (fo=1, routed)           0.000    70.019    CPU_U/ALU_0/mem_reg[0][31]_i_579_n_0
    SLICE_X55Y53         CARRY4 (Prop_carry4_CI_CO[3])
                                                      0.114    70.133 r  CPU_U/ALU_0/mem_reg[0][31]_i_574/CO[3]
                         net (fo=1, routed)           0.000    70.133    CPU_U/ALU_0/mem_reg[0][31]_i_574_n_0
    SLICE_X55Y54         CARRY4 (Prop_carry4_CI_CO[3])
                                                      0.114    70.247 r  CPU_U/ALU_0/mem_reg[0][31]_i_569/CO[3]
                         net (fo=1, routed)           0.000    70.247    CPU_U/ALU_0/mem_reg[0][31]_i_569_n_0
    SLICE_X55Y55         CARRY4 (Prop_carry4_CI_CO[3])
                                                      0.114    70.361 r  CPU_U/ALU_0/mem_reg[0][31]_i_564/CO[3]
                         net (fo=1, routed)           0.000    70.361    CPU_U/ALU_0/mem_reg[0][31]_i_564_n_0
    SLICE_X55Y56         CARRY4 (Prop_carry4_CI_CO[3])
                                                      0.114    70.475 r  CPU_U/ALU_0/mem_reg[0][31]_i_561/CO[3]
                         net (fo=1, routed)           0.000    70.475    CPU_U/ALU_0/mem_reg[0][31]_i_561_n_0
    SLICE_X55Y57         CARRY4 (Prop_carry4_CI_CO[1])
                                                      0.157    70.632 r  CPU_U/ALU_0/mem_reg[0][31]_i_560/CO[1]
                         net (fo=35, routed)          2.116    72.748    CPU_U/ALU_0/mem_reg[0][31]_i_560_n_2
    SLICE_X48Y48         LUT3 (Prop_lut3_I0_O)        0.329    73.077 r  CPU_U/ALU_0/mem[0][31]_i_601/O
                         net (fo=1, routed)           0.000    73.077    CPU_U/ALU_0/mem[0][31]_i_601_n_0
    SLICE_X48Y48         CARRY4 (Prop_carry4_S[1]_CO[3])
                                                      0.550    73.627 r  CPU_U/ALU_0/mem_reg[0][31]_i_552/CO[3]
                         net (fo=1, routed)           0.000    73.627    CPU_U/ALU_0/mem_reg[0][31]_i_552_n_0
    SLICE_X48Y49         CARRY4 (Prop_carry4_CI_CO[3])
                                                      0.114    73.741 r  CPU_U/ALU_0/mem_reg[0][31]_i_547/CO[3]
                         net (fo=1, routed)           0.001    73.742    CPU_U/ALU_0/mem_reg[0][31]_i_547_n_0
    SLICE_X48Y50         CARRY4 (Prop_carry4_CI_CO[3])
                                                      0.114    73.856 r  CPU_U/ALU_0/mem_reg[0][31]_i_542/CO[3]
                         net (fo=1, routed)           0.000    73.856    CPU_U/ALU_0/mem_reg[0][31]_i_542_n_0
    SLICE_X48Y51         CARRY4 (Prop_carry4_CI_CO[3])
                                                      0.114    73.970 r  CPU_U/ALU_0/mem_reg[0][31]_i_537/CO[3]
                         net (fo=1, routed)           0.000    73.970    CPU_U/ALU_0/mem_reg[0][31]_i_537_n_0
    SLICE_X48Y52         CARRY4 (Prop_carry4_CI_CO[3])
                                                      0.114    74.084 r  CPU_U/ALU_0/mem_reg[0][31]_i_532/CO[3]
                         net (fo=1, routed)           0.000    74.084    CPU_U/ALU_0/mem_reg[0][31]_i_532_n_0
    SLICE_X48Y53         CARRY4 (Prop_carry4_CI_CO[3])
                                                      0.114    74.198 r  CPU_U/ALU_0/mem_reg[0][31]_i_527/CO[3]
                         net (fo=1, routed)           0.000    74.198    CPU_U/ALU_0/mem_reg[0][31]_i_527_n_0
    SLICE_X48Y54         CARRY4 (Prop_carry4_CI_CO[3])
                                                      0.114    74.312 r  CPU_U/ALU_0/mem_reg[0][31]_i_522/CO[3]
                         net (fo=1, routed)           0.000    74.312    CPU_U/ALU_0/mem_reg[0][31]_i_522_n_0
    SLICE_X48Y55         CARRY4 (Prop_carry4_CI_CO[3])
                                                      0.114    74.426 r  CPU_U/ALU_0/mem_reg[0][31]_i_519/CO[3]
                         net (fo=1, routed)           0.000    74.426    CPU_U/ALU_0/mem_reg[0][31]_i_519_n_0
    SLICE_X48Y56         CARRY4 (Prop_carry4_CI_CO[1])
                                                      0.157    74.583 r  CPU_U/ALU_0/mem_reg[0][31]_i_518/CO[1]
                         net (fo=35, routed)          1.640    76.223    CPU_U/ALU_0/mem_reg[0][31]_i_518_n_2
    SLICE_X51Y50         LUT3 (Prop_lut3_I0_O)        0.329    76.552 r  CPU_U/ALU_0/mem[0][31]_i_557/O
                         net (fo=1, routed)           0.000    76.552    CPU_U/ALU_0/mem[0][31]_i_557_n_0
    SLICE_X51Y50         CARRY4 (Prop_carry4_S[3]_CO[3])
                                                      0.401    76.953 r  CPU_U/ALU_0/mem_reg[0][31]_i_510/CO[3]
                         net (fo=1, routed)           0.000    76.953    CPU_U/ALU_0/mem_reg[0][31]_i_510_n_0
    SLICE_X51Y51         CARRY4 (Prop_carry4_CI_CO[3])
                                                      0.114    77.067 r  CPU_U/ALU_0/mem_reg[0][31]_i_505/CO[3]
                         net (fo=1, routed)           0.000    77.067    CPU_U/ALU_0/mem_reg[0][31]_i_505_n_0
    SLICE_X51Y52         CARRY4 (Prop_carry4_CI_CO[3])
                                                      0.114    77.181 r  CPU_U/ALU_0/mem_reg[0][31]_i_500/CO[3]
                         net (fo=1, routed)           0.000    77.181    CPU_U/ALU_0/mem_reg[0][31]_i_500_n_0
    SLICE_X51Y53         CARRY4 (Prop_carry4_CI_CO[3])
                                                      0.114    77.295 r  CPU_U/ALU_0/mem_reg[0][31]_i_495/CO[3]
                         net (fo=1, routed)           0.000    77.295    CPU_U/ALU_0/mem_reg[0][31]_i_495_n_0
    SLICE_X51Y54         CARRY4 (Prop_carry4_CI_CO[3])
                                                      0.114    77.409 r  CPU_U/ALU_0/mem_reg[0][31]_i_490/CO[3]
                         net (fo=1, routed)           0.000    77.409    CPU_U/ALU_0/mem_reg[0][31]_i_490_n_0
    SLICE_X51Y55         CARRY4 (Prop_carry4_CI_CO[3])
                                                      0.114    77.523 r  CPU_U/ALU_0/mem_reg[0][31]_i_485/CO[3]
                         net (fo=1, routed)           0.000    77.523    CPU_U/ALU_0/mem_reg[0][31]_i_485_n_0
    SLICE_X51Y56         CARRY4 (Prop_carry4_CI_CO[3])
                                                      0.114    77.637 r  CPU_U/ALU_0/mem_reg[0][31]_i_480/CO[3]
                         net (fo=1, routed)           0.000    77.637    CPU_U/ALU_0/mem_reg[0][31]_i_480_n_0
    SLICE_X51Y57         CARRY4 (Prop_carry4_CI_CO[3])
                                                      0.114    77.751 r  CPU_U/ALU_0/mem_reg[0][31]_i_477/CO[3]
                         net (fo=1, routed)           0.000    77.751    CPU_U/ALU_0/mem_reg[0][31]_i_477_n_0
    SLICE_X51Y58         CARRY4 (Prop_carry4_CI_CO[1])
                                                      0.157    77.908 r  CPU_U/ALU_0/mem_reg[0][31]_i_476/CO[1]
                         net (fo=35, routed)          2.184    80.092    CPU_U/ALU_0/mem_reg[0][31]_i_476_n_2
    SLICE_X57Y50         LUT3 (Prop_lut3_I0_O)        0.329    80.421 r  CPU_U/ALU_0/mem[0][31]_i_517/O
                         net (fo=1, routed)           0.000    80.421    CPU_U/ALU_0/mem[0][31]_i_517_n_0
    SLICE_X57Y50         CARRY4 (Prop_carry4_S[1]_CO[3])
                                                      0.550    80.971 r  CPU_U/ALU_0/mem_reg[0][31]_i_468/CO[3]
                         net (fo=1, routed)           0.000    80.971    CPU_U/ALU_0/mem_reg[0][31]_i_468_n_0
    SLICE_X57Y51         CARRY4 (Prop_carry4_CI_CO[3])
                                                      0.114    81.085 r  CPU_U/ALU_0/mem_reg[0][31]_i_463/CO[3]
                         net (fo=1, routed)           0.000    81.085    CPU_U/ALU_0/mem_reg[0][31]_i_463_n_0
    SLICE_X57Y52         CARRY4 (Prop_carry4_CI_CO[3])
                                                      0.114    81.199 r  CPU_U/ALU_0/mem_reg[0][31]_i_458/CO[3]
                         net (fo=1, routed)           0.000    81.199    CPU_U/ALU_0/mem_reg[0][31]_i_458_n_0
    SLICE_X57Y53         CARRY4 (Prop_carry4_CI_CO[3])
                                                      0.114    81.313 r  CPU_U/ALU_0/mem_reg[0][31]_i_453/CO[3]
                         net (fo=1, routed)           0.000    81.313    CPU_U/ALU_0/mem_reg[0][31]_i_453_n_0
    SLICE_X57Y54         CARRY4 (Prop_carry4_CI_CO[3])
                                                      0.114    81.427 r  CPU_U/ALU_0/mem_reg[0][31]_i_448/CO[3]
                         net (fo=1, routed)           0.000    81.427    CPU_U/ALU_0/mem_reg[0][31]_i_448_n_0
    SLICE_X57Y55         CARRY4 (Prop_carry4_CI_CO[3])
                                                      0.114    81.541 r  CPU_U/ALU_0/mem_reg[0][31]_i_443/CO[3]
                         net (fo=1, routed)           0.000    81.541    CPU_U/ALU_0/mem_reg[0][31]_i_443_n_0
    SLICE_X57Y56         CARRY4 (Prop_carry4_CI_CO[3])
                                                      0.114    81.655 r  CPU_U/ALU_0/mem_reg[0][31]_i_438/CO[3]
                         net (fo=1, routed)           0.000    81.655    CPU_U/ALU_0/mem_reg[0][31]_i_438_n_0
    SLICE_X57Y57         CARRY4 (Prop_carry4_CI_CO[3])
                                                      0.114    81.769 r  CPU_U/ALU_0/mem_reg[0][31]_i_435/CO[3]
                         net (fo=1, routed)           0.000    81.769    CPU_U/ALU_0/mem_reg[0][31]_i_435_n_0
    SLICE_X57Y58         CARRY4 (Prop_carry4_CI_CO[1])
                                                      0.157    81.926 r  CPU_U/ALU_0/mem_reg[0][31]_i_434/CO[1]
                         net (fo=35, routed)          1.984    83.910    CPU_U/ALU_0/mem_reg[0][31]_i_434_n_2
    SLICE_X58Y50         LUT3 (Prop_lut3_I0_O)        0.329    84.240 r  CPU_U/ALU_0/mem[0][31]_i_475/O
                         net (fo=1, routed)           0.000    84.240    CPU_U/ALU_0/mem[0][31]_i_475_n_0
    SLICE_X58Y50         CARRY4 (Prop_carry4_S[1]_CO[3])
                                                      0.550    84.790 r  CPU_U/ALU_0/mem_reg[0][31]_i_426/CO[3]
                         net (fo=1, routed)           0.000    84.790    CPU_U/ALU_0/mem_reg[0][31]_i_426_n_0
    SLICE_X58Y51         CARRY4 (Prop_carry4_CI_CO[3])
                                                      0.114    84.904 r  CPU_U/ALU_0/mem_reg[0][31]_i_421/CO[3]
                         net (fo=1, routed)           0.000    84.904    CPU_U/ALU_0/mem_reg[0][31]_i_421_n_0
    SLICE_X58Y52         CARRY4 (Prop_carry4_CI_CO[3])
                                                      0.114    85.018 r  CPU_U/ALU_0/mem_reg[0][31]_i_416/CO[3]
                         net (fo=1, routed)           0.000    85.018    CPU_U/ALU_0/mem_reg[0][31]_i_416_n_0
    SLICE_X58Y53         CARRY4 (Prop_carry4_CI_CO[3])
                                                      0.114    85.132 r  CPU_U/ALU_0/mem_reg[0][31]_i_411/CO[3]
                         net (fo=1, routed)           0.000    85.132    CPU_U/ALU_0/mem_reg[0][31]_i_411_n_0
    SLICE_X58Y54         CARRY4 (Prop_carry4_CI_CO[3])
                                                      0.114    85.245 r  CPU_U/ALU_0/mem_reg[0][31]_i_406/CO[3]
                         net (fo=1, routed)           0.000    85.245    CPU_U/ALU_0/mem_reg[0][31]_i_406_n_0
    SLICE_X58Y55         CARRY4 (Prop_carry4_CI_CO[3])
                                                      0.114    85.359 r  CPU_U/ALU_0/mem_reg[0][31]_i_401/CO[3]
                         net (fo=1, routed)           0.000    85.359    CPU_U/ALU_0/mem_reg[0][31]_i_401_n_0
    SLICE_X58Y56         CARRY4 (Prop_carry4_CI_CO[3])
                                                      0.114    85.473 r  CPU_U/ALU_0/mem_reg[0][31]_i_396/CO[3]
                         net (fo=1, routed)           0.000    85.473    CPU_U/ALU_0/mem_reg[0][31]_i_396_n_0
    SLICE_X58Y57         CARRY4 (Prop_carry4_CI_CO[3])
                                                      0.114    85.587 r  CPU_U/ALU_0/mem_reg[0][31]_i_393/CO[3]
                         net (fo=1, routed)           0.000    85.587    CPU_U/ALU_0/mem_reg[0][31]_i_393_n_0
    SLICE_X58Y58         CARRY4 (Prop_carry4_CI_CO[1])
                                                      0.157    85.744 r  CPU_U/ALU_0/mem_reg[0][31]_i_392/CO[1]
                         net (fo=35, routed)          2.322    88.066    CPU_U/ALU_0/mem_reg[0][31]_i_392_n_2
    SLICE_X62Y48         LUT3 (Prop_lut3_I0_O)        0.329    88.395 r  CPU_U/ALU_0/mem[0][31]_i_432/O
                         net (fo=1, routed)           0.000    88.395    CPU_U/ALU_0/mem[0][31]_i_432_n_0
    SLICE_X62Y48         CARRY4 (Prop_carry4_S[2]_CO[3])
                                                      0.398    88.793 r  CPU_U/ALU_0/mem_reg[0][31]_i_384/CO[3]
                         net (fo=1, routed)           0.000    88.793    CPU_U/ALU_0/mem_reg[0][31]_i_384_n_0
    SLICE_X62Y49         CARRY4 (Prop_carry4_CI_CO[3])
                                                      0.114    88.907 r  CPU_U/ALU_0/mem_reg[0][31]_i_379/CO[3]
                         net (fo=1, routed)           0.001    88.908    CPU_U/ALU_0/mem_reg[0][31]_i_379_n_0
    SLICE_X62Y50         CARRY4 (Prop_carry4_CI_CO[3])
                                                      0.114    89.022 r  CPU_U/ALU_0/mem_reg[0][31]_i_374/CO[3]
                         net (fo=1, routed)           0.000    89.022    CPU_U/ALU_0/mem_reg[0][31]_i_374_n_0
    SLICE_X62Y51         CARRY4 (Prop_carry4_CI_CO[3])
                                                      0.114    89.136 r  CPU_U/ALU_0/mem_reg[0][31]_i_369/CO[3]
                         net (fo=1, routed)           0.000    89.136    CPU_U/ALU_0/mem_reg[0][31]_i_369_n_0
    SLICE_X62Y52         CARRY4 (Prop_carry4_CI_CO[3])
                                                      0.114    89.250 r  CPU_U/ALU_0/mem_reg[0][31]_i_364/CO[3]
                         net (fo=1, routed)           0.000    89.250    CPU_U/ALU_0/mem_reg[0][31]_i_364_n_0
    SLICE_X62Y53         CARRY4 (Prop_carry4_CI_CO[3])
                                                      0.114    89.364 r  CPU_U/ALU_0/mem_reg[0][31]_i_359/CO[3]
                         net (fo=1, routed)           0.000    89.364    CPU_U/ALU_0/mem_reg[0][31]_i_359_n_0
    SLICE_X62Y54         CARRY4 (Prop_carry4_CI_CO[3])
                                                      0.114    89.478 r  CPU_U/ALU_0/mem_reg[0][31]_i_354/CO[3]
                         net (fo=1, routed)           0.000    89.478    CPU_U/ALU_0/mem_reg[0][31]_i_354_n_0
    SLICE_X62Y55         CARRY4 (Prop_carry4_CI_CO[3])
                                                      0.114    89.592 r  CPU_U/ALU_0/mem_reg[0][31]_i_351/CO[3]
                         net (fo=1, routed)           0.000    89.592    CPU_U/ALU_0/mem_reg[0][31]_i_351_n_0
    SLICE_X62Y56         CARRY4 (Prop_carry4_CI_CO[1])
                                                      0.157    89.749 r  CPU_U/ALU_0/mem_reg[0][31]_i_350/CO[1]
                         net (fo=35, routed)          2.219    91.967    CPU_U/ALU_0/mem_reg[0][31]_i_350_n_2
    SLICE_X59Y48         LUT3 (Prop_lut3_I0_O)        0.329    92.296 r  CPU_U/ALU_0/mem[0][31]_i_389/O
                         net (fo=1, routed)           0.000    92.296    CPU_U/ALU_0/mem[0][31]_i_389_n_0
    SLICE_X59Y48         CARRY4 (Prop_carry4_S[3]_CO[3])
                                                      0.401    92.697 r  CPU_U/ALU_0/mem_reg[0][31]_i_342/CO[3]
                         net (fo=1, routed)           0.000    92.697    CPU_U/ALU_0/mem_reg[0][31]_i_342_n_0
    SLICE_X59Y49         CARRY4 (Prop_carry4_CI_CO[3])
                                                      0.114    92.811 r  CPU_U/ALU_0/mem_reg[0][31]_i_337/CO[3]
                         net (fo=1, routed)           0.001    92.812    CPU_U/ALU_0/mem_reg[0][31]_i_337_n_0
    SLICE_X59Y50         CARRY4 (Prop_carry4_CI_CO[3])
                                                      0.114    92.926 r  CPU_U/ALU_0/mem_reg[0][31]_i_332/CO[3]
                         net (fo=1, routed)           0.000    92.926    CPU_U/ALU_0/mem_reg[0][31]_i_332_n_0
    SLICE_X59Y51         CARRY4 (Prop_carry4_CI_CO[3])
                                                      0.114    93.040 r  CPU_U/ALU_0/mem_reg[0][31]_i_327/CO[3]
                         net (fo=1, routed)           0.000    93.040    CPU_U/ALU_0/mem_reg[0][31]_i_327_n_0
    SLICE_X59Y52         CARRY4 (Prop_carry4_CI_CO[3])
                                                      0.114    93.154 r  CPU_U/ALU_0/mem_reg[0][31]_i_322/CO[3]
                         net (fo=1, routed)           0.000    93.154    CPU_U/ALU_0/mem_reg[0][31]_i_322_n_0
    SLICE_X59Y53         CARRY4 (Prop_carry4_CI_CO[3])
                                                      0.114    93.268 r  CPU_U/ALU_0/mem_reg[0][31]_i_317/CO[3]
                         net (fo=1, routed)           0.000    93.268    CPU_U/ALU_0/mem_reg[0][31]_i_317_n_0
    SLICE_X59Y54         CARRY4 (Prop_carry4_CI_CO[3])
                                                      0.114    93.382 r  CPU_U/ALU_0/mem_reg[0][31]_i_312/CO[3]
                         net (fo=1, routed)           0.000    93.382    CPU_U/ALU_0/mem_reg[0][31]_i_312_n_0
    SLICE_X59Y55         CARRY4 (Prop_carry4_CI_CO[3])
                                                      0.114    93.496 r  CPU_U/ALU_0/mem_reg[0][31]_i_309/CO[3]
                         net (fo=1, routed)           0.000    93.496    CPU_U/ALU_0/mem_reg[0][31]_i_309_n_0
    SLICE_X59Y56         CARRY4 (Prop_carry4_CI_CO[1])
                                                      0.157    93.653 r  CPU_U/ALU_0/mem_reg[0][31]_i_308/CO[1]
                         net (fo=35, routed)          2.466    96.120    CPU_U/ALU_0/mem_reg[0][31]_i_308_n_2
    SLICE_X61Y48         LUT3 (Prop_lut3_I0_O)        0.329    96.449 r  CPU_U/ALU_0/mem[0][31]_i_345/O
                         net (fo=1, routed)           0.000    96.449    CPU_U/ALU_0/mem[0][31]_i_345_n_0
    SLICE_X61Y48         CARRY4 (Prop_carry4_S[1]_CO[3])
                                                      0.550    96.999 r  CPU_U/ALU_0/mem_reg[0][31]_i_294/CO[3]
                         net (fo=1, routed)           0.000    96.999    CPU_U/ALU_0/mem_reg[0][31]_i_294_n_0
    SLICE_X61Y49         CARRY4 (Prop_carry4_CI_CO[3])
                                                      0.114    97.113 r  CPU_U/ALU_0/mem_reg[0][31]_i_289/CO[3]
                         net (fo=1, routed)           0.001    97.113    CPU_U/ALU_0/mem_reg[0][31]_i_289_n_0
    SLICE_X61Y50         CARRY4 (Prop_carry4_CI_CO[3])
                                                      0.114    97.227 r  CPU_U/ALU_0/mem_reg[0][31]_i_284/CO[3]
                         net (fo=1, routed)           0.000    97.227    CPU_U/ALU_0/mem_reg[0][31]_i_284_n_0
    SLICE_X61Y51         CARRY4 (Prop_carry4_CI_CO[3])
                                                      0.114    97.341 r  CPU_U/ALU_0/mem_reg[0][31]_i_279/CO[3]
                         net (fo=1, routed)           0.000    97.341    CPU_U/ALU_0/mem_reg[0][31]_i_279_n_0
    SLICE_X61Y52         CARRY4 (Prop_carry4_CI_CO[3])
                                                      0.114    97.455 r  CPU_U/ALU_0/mem_reg[0][31]_i_274/CO[3]
                         net (fo=1, routed)           0.000    97.455    CPU_U/ALU_0/mem_reg[0][31]_i_274_n_0
    SLICE_X61Y53         CARRY4 (Prop_carry4_CI_CO[3])
                                                      0.114    97.569 r  CPU_U/ALU_0/mem_reg[0][31]_i_269/CO[3]
                         net (fo=1, routed)           0.000    97.569    CPU_U/ALU_0/mem_reg[0][31]_i_269_n_0
    SLICE_X61Y54         CARRY4 (Prop_carry4_CI_CO[3])
                                                      0.114    97.683 r  CPU_U/ALU_0/mem_reg[0][31]_i_266/CO[3]
                         net (fo=1, routed)           0.000    97.683    CPU_U/ALU_0/mem_reg[0][31]_i_266_n_0
    SLICE_X61Y55         CARRY4 (Prop_carry4_CI_CO[1])
                                                      0.157    97.840 r  CPU_U/ALU_0/mem_reg[0][31]_i_265/CO[1]
                         net (fo=35, routed)          2.070    99.910    CPU_U/IDEX_0/CO[0]
    SLICE_X63Y46         LUT3 (Prop_lut3_I0_O)        0.329   100.239 r  CPU_U/IDEX_0/mem[0][31]_i_307/O
                         net (fo=1, routed)           0.000   100.239    CPU_U/ALU_0/mem_reg[0][31]_i_215_1[0]
    SLICE_X63Y46         CARRY4 (Prop_carry4_S[1]_CO[3])
                                                      0.550   100.789 r  CPU_U/ALU_0/mem_reg[0][31]_i_257/CO[3]
                         net (fo=1, routed)           0.000   100.789    CPU_U/ALU_0/mem_reg[0][31]_i_257_n_0
    SLICE_X63Y47         CARRY4 (Prop_carry4_CI_CO[3])
                                                      0.114   100.903 r  CPU_U/ALU_0/mem_reg[0][31]_i_252/CO[3]
                         net (fo=1, routed)           0.000   100.903    CPU_U/ALU_0/mem_reg[0][31]_i_252_n_0
    SLICE_X63Y48         CARRY4 (Prop_carry4_CI_CO[3])
                                                      0.114   101.017 r  CPU_U/ALU_0/mem_reg[0][31]_i_247/CO[3]
                         net (fo=1, routed)           0.000   101.017    CPU_U/ALU_0/mem_reg[0][31]_i_247_n_0
    SLICE_X63Y49         CARRY4 (Prop_carry4_CI_CO[3])
                                                      0.114   101.131 r  CPU_U/ALU_0/mem_reg[0][31]_i_242/CO[3]
                         net (fo=1, routed)           0.001   101.132    CPU_U/ALU_0/mem_reg[0][31]_i_242_n_0
    SLICE_X63Y50         CARRY4 (Prop_carry4_CI_CO[3])
                                                      0.114   101.246 r  CPU_U/ALU_0/mem_reg[0][31]_i_237/CO[3]
                         net (fo=1, routed)           0.000   101.246    CPU_U/ALU_0/mem_reg[0][31]_i_237_n_0
    SLICE_X63Y51         CARRY4 (Prop_carry4_CI_CO[3])
                                                      0.114   101.360 r  CPU_U/ALU_0/mem_reg[0][31]_i_232/CO[3]
                         net (fo=1, routed)           0.000   101.360    CPU_U/ALU_0/mem_reg[0][31]_i_232_n_0
    SLICE_X63Y52         CARRY4 (Prop_carry4_CI_CO[3])
                                                      0.114   101.474 r  CPU_U/ALU_0/mem_reg[0][31]_i_227/CO[3]
                         net (fo=1, routed)           0.000   101.474    CPU_U/ALU_0/mem_reg[0][31]_i_227_n_0
    SLICE_X63Y53         CARRY4 (Prop_carry4_CI_CO[3])
                                                      0.114   101.588 r  CPU_U/ALU_0/mem_reg[0][31]_i_224/CO[3]
                         net (fo=1, routed)           0.000   101.588    CPU_U/ALU_0/mem_reg[0][31]_i_224_n_0
    SLICE_X63Y54         CARRY4 (Prop_carry4_CI_CO[1])
                                                      0.157   101.745 r  CPU_U/ALU_0/mem_reg[0][31]_i_223/CO[1]
                         net (fo=35, routed)          2.448   104.193    CPU_U/ALU_0/mem_reg[0][31]_i_223_n_2
    SLICE_X52Y45         LUT3 (Prop_lut3_I0_O)        0.329   104.522 r  CPU_U/ALU_0/mem[0][31]_i_264/O
                         net (fo=1, routed)           0.000   104.522    CPU_U/ALU_0/mem[0][31]_i_264_n_0
    SLICE_X52Y45         CARRY4 (Prop_carry4_S[1]_CO[3])
                                                      0.533   105.055 r  CPU_U/ALU_0/mem_reg[0][31]_i_215/CO[3]
                         net (fo=1, routed)           0.000   105.055    CPU_U/ALU_0/mem_reg[0][31]_i_215_n_0
    SLICE_X52Y46         CARRY4 (Prop_carry4_CI_CO[3])
                                                      0.117   105.172 r  CPU_U/ALU_0/mem_reg[0][31]_i_210/CO[3]
                         net (fo=1, routed)           0.000   105.172    CPU_U/ALU_0/mem_reg[0][31]_i_210_n_0
    SLICE_X52Y47         CARRY4 (Prop_carry4_CI_CO[3])
                                                      0.117   105.289 r  CPU_U/ALU_0/mem_reg[0][31]_i_205/CO[3]
                         net (fo=1, routed)           0.000   105.289    CPU_U/ALU_0/mem_reg[0][31]_i_205_n_0
    SLICE_X52Y48         CARRY4 (Prop_carry4_CI_CO[3])
                                                      0.117   105.406 r  CPU_U/ALU_0/mem_reg[0][31]_i_200/CO[3]
                         net (fo=1, routed)           0.000   105.406    CPU_U/ALU_0/mem_reg[0][31]_i_200_n_0
    SLICE_X52Y49         CARRY4 (Prop_carry4_CI_CO[3])
                                                      0.117   105.523 r  CPU_U/ALU_0/mem_reg[0][31]_i_195/CO[3]
                         net (fo=1, routed)           0.001   105.524    CPU_U/ALU_0/mem_reg[0][31]_i_195_n_0
    SLICE_X52Y50         CARRY4 (Prop_carry4_CI_CO[3])
                                                      0.117   105.641 r  CPU_U/ALU_0/mem_reg[0][31]_i_190/CO[3]
                         net (fo=1, routed)           0.000   105.641    CPU_U/ALU_0/mem_reg[0][31]_i_190_n_0
    SLICE_X52Y51         CARRY4 (Prop_carry4_CI_CO[3])
                                                      0.117   105.758 r  CPU_U/ALU_0/mem_reg[0][31]_i_185/CO[3]
                         net (fo=1, routed)           0.000   105.758    CPU_U/ALU_0/mem_reg[0][31]_i_185_n_0
    SLICE_X52Y52         CARRY4 (Prop_carry4_CI_CO[3])
                                                      0.117   105.875 r  CPU_U/ALU_0/mem_reg[0][31]_i_182/CO[3]
                         net (fo=1, routed)           0.000   105.875    CPU_U/ALU_0/mem_reg[0][31]_i_182_n_0
    SLICE_X52Y53         CARRY4 (Prop_carry4_CI_CO[1])
                                                      0.157   106.032 r  CPU_U/ALU_0/mem_reg[0][31]_i_181/CO[1]
                         net (fo=35, routed)          2.570   108.602    CPU_U/ALU_0/mem_reg[0][31]_i_181_n_2
    SLICE_X53Y42         LUT3 (Prop_lut3_I0_O)        0.332   108.934 r  CPU_U/ALU_0/mem[0][31]_i_222/O
                         net (fo=1, routed)           0.000   108.934    CPU_U/ALU_0/mem[0][31]_i_222_n_0
    SLICE_X53Y42         CARRY4 (Prop_carry4_S[1]_CO[3])
                                                      0.550   109.484 r  CPU_U/ALU_0/mem_reg[0][31]_i_176/CO[3]
                         net (fo=1, routed)           0.000   109.484    CPU_U/ALU_0/mem_reg[0][31]_i_176_n_0
    SLICE_X53Y43         CARRY4 (Prop_carry4_CI_CO[3])
                                                      0.114   109.598 r  CPU_U/ALU_0/mem_reg[0][31]_i_171/CO[3]
                         net (fo=1, routed)           0.000   109.598    CPU_U/ALU_0/mem_reg[0][31]_i_171_n_0
    SLICE_X53Y44         CARRY4 (Prop_carry4_CI_CO[3])
                                                      0.114   109.712 r  CPU_U/ALU_0/mem_reg[0][31]_i_166/CO[3]
                         net (fo=1, routed)           0.000   109.712    CPU_U/ALU_0/mem_reg[0][31]_i_166_n_0
    SLICE_X53Y45         CARRY4 (Prop_carry4_CI_CO[3])
                                                      0.114   109.826 r  CPU_U/ALU_0/mem_reg[0][31]_i_161/CO[3]
                         net (fo=1, routed)           0.000   109.826    CPU_U/ALU_0/mem_reg[0][31]_i_161_n_0
    SLICE_X53Y46         CARRY4 (Prop_carry4_CI_CO[3])
                                                      0.114   109.940 r  CPU_U/ALU_0/mem_reg[0][31]_i_156/CO[3]
                         net (fo=1, routed)           0.000   109.940    CPU_U/ALU_0/mem_reg[0][31]_i_156_n_0
    SLICE_X53Y47         CARRY4 (Prop_carry4_CI_CO[3])
                                                      0.114   110.054 r  CPU_U/ALU_0/mem_reg[0][31]_i_151/CO[3]
                         net (fo=1, routed)           0.000   110.054    CPU_U/ALU_0/mem_reg[0][31]_i_151_n_0
    SLICE_X53Y48         CARRY4 (Prop_carry4_CI_CO[3])
                                                      0.114   110.168 r  CPU_U/ALU_0/mem_reg[0][31]_i_146/CO[3]
                         net (fo=1, routed)           0.000   110.168    CPU_U/ALU_0/mem_reg[0][31]_i_146_n_0
    SLICE_X53Y49         CARRY4 (Prop_carry4_CI_CO[3])
                                                      0.114   110.282 r  CPU_U/ALU_0/mem_reg[0][31]_i_143/CO[3]
                         net (fo=1, routed)           0.001   110.283    CPU_U/ALU_0/mem_reg[0][31]_i_143_n_0
    SLICE_X53Y50         CARRY4 (Prop_carry4_CI_CO[1])
                                                      0.157   110.440 r  CPU_U/ALU_0/mem_reg[0][31]_i_142/CO[1]
                         net (fo=35, routed)          2.550   112.990    CPU_U/ALU_0/mem_reg[0][31]_i_142_n_2
    SLICE_X56Y41         LUT3 (Prop_lut3_I0_O)        0.329   113.319 r  CPU_U/ALU_0/mem[0][27]_i_48/O
                         net (fo=1, routed)           0.000   113.319    CPU_U/ALU_0/mem[0][27]_i_48_n_0
    SLICE_X56Y41         CARRY4 (Prop_carry4_S[1]_CO[3])
                                                      0.533   113.852 r  CPU_U/ALU_0/mem_reg[0][27]_i_41/CO[3]
                         net (fo=1, routed)           0.000   113.852    CPU_U/ALU_0/mem_reg[0][27]_i_41_n_0
    SLICE_X56Y42         CARRY4 (Prop_carry4_CI_CO[3])
                                                      0.117   113.969 r  CPU_U/ALU_0/mem_reg[0][31]_i_137/CO[3]
                         net (fo=1, routed)           0.000   113.969    CPU_U/ALU_0/mem_reg[0][31]_i_137_n_0
    SLICE_X56Y43         CARRY4 (Prop_carry4_CI_CO[3])
                                                      0.117   114.086 r  CPU_U/ALU_0/mem_reg[0][31]_i_132/CO[3]
                         net (fo=1, routed)           0.000   114.086    CPU_U/ALU_0/mem_reg[0][31]_i_132_n_0
    SLICE_X56Y44         CARRY4 (Prop_carry4_CI_CO[3])
                                                      0.117   114.203 r  CPU_U/ALU_0/mem_reg[0][31]_i_127/CO[3]
                         net (fo=1, routed)           0.000   114.203    CPU_U/ALU_0/mem_reg[0][31]_i_127_n_0
    SLICE_X56Y45         CARRY4 (Prop_carry4_CI_CO[3])
                                                      0.117   114.320 r  CPU_U/ALU_0/mem_reg[0][31]_i_122/CO[3]
                         net (fo=1, routed)           0.000   114.320    CPU_U/ALU_0/mem_reg[0][31]_i_122_n_0
    SLICE_X56Y46         CARRY4 (Prop_carry4_CI_CO[3])
                                                      0.117   114.437 r  CPU_U/ALU_0/mem_reg[0][31]_i_117/CO[3]
                         net (fo=1, routed)           0.000   114.437    CPU_U/ALU_0/mem_reg[0][31]_i_117_n_0
    SLICE_X56Y47         CARRY4 (Prop_carry4_CI_CO[3])
                                                      0.117   114.554 r  CPU_U/ALU_0/mem_reg[0][31]_i_112/CO[3]
                         net (fo=1, routed)           0.000   114.554    CPU_U/ALU_0/mem_reg[0][31]_i_112_n_0
    SLICE_X56Y48         CARRY4 (Prop_carry4_CI_CO[3])
                                                      0.117   114.671 r  CPU_U/ALU_0/mem_reg[0][31]_i_109/CO[3]
                         net (fo=1, routed)           0.000   114.671    CPU_U/ALU_0/mem_reg[0][31]_i_109_n_0
    SLICE_X56Y49         CARRY4 (Prop_carry4_CI_CO[1])
                                                      0.157   114.828 r  CPU_U/ALU_0/mem_reg[0][31]_i_108/CO[1]
                         net (fo=35, routed)          2.074   116.902    CPU_U/ALU_0/mem[0][31]_i_145_0[0]
    SLICE_X57Y41         LUT3 (Prop_lut3_I0_O)        0.332   117.234 r  CPU_U/ALU_0/mem[0][23]_i_43/O
                         net (fo=1, routed)           0.000   117.234    CPU_U/ALU_0/mem[0][23]_i_43_n_0
    SLICE_X57Y41         CARRY4 (Prop_carry4_S[2]_CO[3])
                                                      0.398   117.632 r  CPU_U/ALU_0/mem_reg[0][23]_i_36/CO[3]
                         net (fo=1, routed)           0.000   117.632    CPU_U/ALU_0/mem_reg[0][23]_i_36_n_0
    SLICE_X57Y42         CARRY4 (Prop_carry4_CI_CO[3])
                                                      0.114   117.746 r  CPU_U/ALU_0/mem_reg[0][27]_i_36/CO[3]
                         net (fo=1, routed)           0.000   117.746    CPU_U/ALU_0/mem_reg[0][27]_i_36_n_0
    SLICE_X57Y43         CARRY4 (Prop_carry4_CI_CO[3])
                                                      0.114   117.860 r  CPU_U/ALU_0/mem_reg[0][31]_i_103/CO[3]
                         net (fo=1, routed)           0.000   117.860    CPU_U/ALU_0/mem_reg[0][31]_i_103_n_0
    SLICE_X57Y44         CARRY4 (Prop_carry4_CI_CO[3])
                                                      0.114   117.974 r  CPU_U/ALU_0/mem_reg[0][31]_i_98/CO[3]
                         net (fo=1, routed)           0.000   117.974    CPU_U/ALU_0/mem_reg[0][31]_i_98_n_0
    SLICE_X57Y45         CARRY4 (Prop_carry4_CI_CO[3])
                                                      0.114   118.088 r  CPU_U/ALU_0/mem_reg[0][31]_i_93/CO[3]
                         net (fo=1, routed)           0.000   118.088    CPU_U/ALU_0/mem_reg[0][31]_i_93_n_0
    SLICE_X57Y46         CARRY4 (Prop_carry4_CI_CO[3])
                                                      0.114   118.202 r  CPU_U/ALU_0/mem_reg[0][31]_i_88/CO[3]
                         net (fo=1, routed)           0.000   118.202    CPU_U/ALU_0/mem_reg[0][31]_i_88_n_0
    SLICE_X57Y47         CARRY4 (Prop_carry4_CI_CO[3])
                                                      0.114   118.316 r  CPU_U/ALU_0/mem_reg[0][31]_i_83/CO[3]
                         net (fo=1, routed)           0.000   118.316    CPU_U/ALU_0/mem_reg[0][31]_i_83_n_0
    SLICE_X57Y48         CARRY4 (Prop_carry4_CI_CO[3])
                                                      0.114   118.430 r  CPU_U/ALU_0/mem_reg[0][31]_i_80/CO[3]
                         net (fo=1, routed)           0.000   118.430    CPU_U/ALU_0/mem_reg[0][31]_i_80_n_0
    SLICE_X57Y49         CARRY4 (Prop_carry4_CI_CO[1])
                                                      0.157   118.587 r  CPU_U/ALU_0/mem_reg[0][31]_i_79/CO[1]
                         net (fo=35, routed)          2.140   120.727    CPU_U/ALU_0/mem_reg[0][31]_i_79_n_2
    SLICE_X58Y41         LUT3 (Prop_lut3_I0_O)        0.329   121.056 r  CPU_U/ALU_0/mem[0][23]_i_39/O
                         net (fo=1, routed)           0.000   121.056    CPU_U/ALU_0/mem[0][23]_i_39_n_0
    SLICE_X58Y41         CARRY4 (Prop_carry4_S[1]_CO[3])
                                                      0.550   121.606 r  CPU_U/ALU_0/mem_reg[0][23]_i_31/CO[3]
                         net (fo=1, routed)           0.000   121.606    CPU_U/ALU_0/mem_reg[0][23]_i_31_n_0
    SLICE_X58Y42         CARRY4 (Prop_carry4_CI_CO[3])
                                                      0.114   121.720 r  CPU_U/ALU_0/mem_reg[0][27]_i_31/CO[3]
                         net (fo=1, routed)           0.000   121.720    CPU_U/ALU_0/mem_reg[0][27]_i_31_n_0
    SLICE_X58Y43         CARRY4 (Prop_carry4_CI_CO[3])
                                                      0.114   121.834 r  CPU_U/ALU_0/mem_reg[0][31]_i_74/CO[3]
                         net (fo=1, routed)           0.000   121.834    CPU_U/ALU_0/mem_reg[0][31]_i_74_n_0
    SLICE_X58Y44         CARRY4 (Prop_carry4_CI_CO[3])
                                                      0.114   121.948 r  CPU_U/ALU_0/mem_reg[0][31]_i_69/CO[3]
                         net (fo=1, routed)           0.000   121.948    CPU_U/ALU_0/mem_reg[0][31]_i_69_n_0
    SLICE_X58Y45         CARRY4 (Prop_carry4_CI_CO[3])
                                                      0.114   122.062 r  CPU_U/ALU_0/mem_reg[0][31]_i_64/CO[3]
                         net (fo=1, routed)           0.000   122.062    CPU_U/ALU_0/mem_reg[0][31]_i_64_n_0
    SLICE_X58Y46         CARRY4 (Prop_carry4_CI_CO[3])
                                                      0.114   122.176 r  CPU_U/ALU_0/mem_reg[0][31]_i_59/CO[3]
                         net (fo=1, routed)           0.000   122.176    CPU_U/ALU_0/mem_reg[0][31]_i_59_n_0
    SLICE_X58Y47         CARRY4 (Prop_carry4_CI_CO[3])
                                                      0.114   122.290 r  CPU_U/ALU_0/mem_reg[0][31]_i_56/CO[3]
                         net (fo=1, routed)           0.000   122.290    CPU_U/ALU_0/mem_reg[0][31]_i_56_n_0
    SLICE_X58Y48         CARRY4 (Prop_carry4_CI_CO[1])
                                                      0.157   122.447 r  CPU_U/ALU_0/mem_reg[0][31]_i_55/CO[1]
                         net (fo=35, routed)          2.246   124.693    CPU_U/ALU_0/mem_reg[0][31]_i_55_n_2
    SLICE_X62Y39         CARRY4 (Prop_carry4_CYINIT_CO[3])
                                                      0.785   125.478 r  CPU_U/ALU_0/mem_reg[0][15]_i_26/CO[3]
                         net (fo=1, routed)           0.000   125.478    CPU_U/ALU_0/mem_reg[0][15]_i_26_n_0
    SLICE_X62Y40         CARRY4 (Prop_carry4_CI_CO[3])
                                                      0.114   125.592 r  CPU_U/ALU_0/mem_reg[0][18]_i_15/CO[3]
                         net (fo=1, routed)           0.000   125.592    CPU_U/ALU_0/mem_reg[0][18]_i_15_n_0
    SLICE_X62Y41         CARRY4 (Prop_carry4_CI_CO[3])
                                                      0.114   125.706 r  CPU_U/ALU_0/mem_reg[0][23]_i_26/CO[3]
                         net (fo=1, routed)           0.000   125.706    CPU_U/ALU_0/mem_reg[0][23]_i_26_n_0
    SLICE_X62Y42         CARRY4 (Prop_carry4_CI_CO[3])
                                                      0.114   125.820 r  CPU_U/ALU_0/mem_reg[0][27]_i_26/CO[3]
                         net (fo=1, routed)           0.000   125.820    CPU_U/ALU_0/mem_reg[0][27]_i_26_n_0
    SLICE_X62Y43         CARRY4 (Prop_carry4_CI_CO[3])
                                                      0.114   125.934 r  CPU_U/ALU_0/mem_reg[0][31]_i_50/CO[3]
                         net (fo=1, routed)           0.000   125.934    CPU_U/ALU_0/mem_reg[0][31]_i_50_n_0
    SLICE_X62Y44         CARRY4 (Prop_carry4_CI_CO[3])
                                                      0.114   126.048 r  CPU_U/ALU_0/mem_reg[0][31]_i_45/CO[3]
                         net (fo=1, routed)           0.000   126.048    CPU_U/ALU_0/mem_reg[0][31]_i_45_n_0
    SLICE_X62Y45         CARRY4 (Prop_carry4_CI_CO[3])
                                                      0.114   126.162 r  CPU_U/ALU_0/mem_reg[0][31]_i_40/CO[3]
                         net (fo=1, routed)           0.000   126.162    CPU_U/ALU_0/mem_reg[0][31]_i_40_n_0
    SLICE_X62Y46         CARRY4 (Prop_carry4_CI_CO[3])
                                                      0.114   126.276 r  CPU_U/ALU_0/mem_reg[0][31]_i_37/CO[3]
                         net (fo=1, routed)           0.000   126.276    CPU_U/ALU_0/mem_reg[0][31]_i_37_n_0
    SLICE_X62Y47         CARRY4 (Prop_carry4_CI_CO[1])
                                                      0.157   126.433 r  CPU_U/ALU_0/mem_reg[0][31]_i_36/CO[1]
                         net (fo=35, routed)          2.373   128.806    CPU_U/ALU_0/mem_reg[0][31]_i_36_n_2
    SLICE_X59Y38         LUT3 (Prop_lut3_I0_O)        0.329   129.135 r  CPU_U/ALU_0/mem[0][11]_i_28/O
                         net (fo=1, routed)           0.000   129.135    CPU_U/ALU_0/mem[0][11]_i_28_n_0
    SLICE_X59Y38         CARRY4 (Prop_carry4_S[1]_CO[3])
                                                      0.550   129.685 r  CPU_U/ALU_0/mem_reg[0][11]_i_21/CO[3]
                         net (fo=1, routed)           0.000   129.685    CPU_U/ALU_0/mem_reg[0][11]_i_21_n_0
    SLICE_X59Y39         CARRY4 (Prop_carry4_CI_CO[3])
                                                      0.114   129.799 r  CPU_U/ALU_0/mem_reg[0][15]_i_21/CO[3]
                         net (fo=1, routed)           0.000   129.799    CPU_U/ALU_0/mem_reg[0][15]_i_21_n_0
    SLICE_X59Y40         CARRY4 (Prop_carry4_CI_CO[3])
                                                      0.114   129.913 r  CPU_U/ALU_0/mem_reg[0][18]_i_10/CO[3]
                         net (fo=1, routed)           0.000   129.913    CPU_U/ALU_0/mem_reg[0][18]_i_10_n_0
    SLICE_X59Y41         CARRY4 (Prop_carry4_CI_CO[3])
                                                      0.114   130.027 r  CPU_U/ALU_0/mem_reg[0][23]_i_21/CO[3]
                         net (fo=1, routed)           0.000   130.027    CPU_U/ALU_0/mem_reg[0][23]_i_21_n_0
    SLICE_X59Y42         CARRY4 (Prop_carry4_CI_CO[3])
                                                      0.114   130.141 r  CPU_U/ALU_0/mem_reg[0][27]_i_21/CO[3]
                         net (fo=1, routed)           0.000   130.141    CPU_U/ALU_0/mem_reg[0][27]_i_21_n_0
    SLICE_X59Y43         CARRY4 (Prop_carry4_CI_CO[3])
                                                      0.114   130.255 r  CPU_U/ALU_0/mem_reg[0][31]_i_31/CO[3]
                         net (fo=1, routed)           0.000   130.255    CPU_U/ALU_0/mem_reg[0][31]_i_31_n_0
    SLICE_X59Y44         CARRY4 (Prop_carry4_CI_CO[3])
                                                      0.114   130.369 r  CPU_U/ALU_0/mem_reg[0][31]_i_26/CO[3]
                         net (fo=1, routed)           0.000   130.369    CPU_U/ALU_0/mem_reg[0][31]_i_26_n_0
    SLICE_X59Y45         CARRY4 (Prop_carry4_CI_CO[3])
                                                      0.114   130.483 r  CPU_U/ALU_0/mem_reg[0][31]_i_23/CO[3]
                         net (fo=1, routed)           0.000   130.483    CPU_U/ALU_0/mem_reg[0][31]_i_23_n_0
    SLICE_X59Y46         CARRY4 (Prop_carry4_CI_CO[1])
                                                      0.157   130.640 r  CPU_U/ALU_0/mem_reg[0][31]_i_22/CO[1]
                         net (fo=35, routed)          2.070   132.710    CPU_U/IDEX_0/mem_reg[0][7]_i_16[0]
    SLICE_X60Y37         LUT3 (Prop_lut3_I0_O)        0.329   133.039 r  CPU_U/IDEX_0/mem[0][7]_i_24/O
                         net (fo=1, routed)           0.000   133.039    CPU_U/ALU_0/mem_reg[0][3]_i_14_1[0]
    SLICE_X60Y37         CARRY4 (Prop_carry4_S[1]_CO[3])
                                                      0.533   133.572 r  CPU_U/ALU_0/mem_reg[0][7]_i_16/CO[3]
                         net (fo=1, routed)           0.000   133.572    CPU_U/ALU_0/mem_reg[0][7]_i_16_n_0
    SLICE_X60Y38         CARRY4 (Prop_carry4_CI_CO[3])
                                                      0.117   133.689 r  CPU_U/ALU_0/mem_reg[0][11]_i_16/CO[3]
                         net (fo=1, routed)           0.000   133.689    CPU_U/ALU_0/mem_reg[0][11]_i_16_n_0
    SLICE_X60Y39         CARRY4 (Prop_carry4_CI_CO[3])
                                                      0.117   133.806 r  CPU_U/ALU_0/mem_reg[0][15]_i_16/CO[3]
                         net (fo=1, routed)           0.000   133.806    CPU_U/ALU_0/mem_reg[0][15]_i_16_n_0
    SLICE_X60Y40         CARRY4 (Prop_carry4_CI_CO[3])
                                                      0.117   133.923 r  CPU_U/ALU_0/mem_reg[0][18]_i_5/CO[3]
                         net (fo=1, routed)           0.000   133.923    CPU_U/ALU_0/mem_reg[0][18]_i_5_n_0
    SLICE_X60Y41         CARRY4 (Prop_carry4_CI_CO[3])
                                                      0.117   134.040 r  CPU_U/ALU_0/mem_reg[0][23]_i_16/CO[3]
                         net (fo=1, routed)           0.000   134.040    CPU_U/ALU_0/mem_reg[0][23]_i_16_n_0
    SLICE_X60Y42         CARRY4 (Prop_carry4_CI_CO[3])
                                                      0.117   134.157 r  CPU_U/ALU_0/mem_reg[0][27]_i_16/CO[3]
                         net (fo=1, routed)           0.000   134.157    CPU_U/ALU_0/mem_reg[0][27]_i_16_n_0
    SLICE_X60Y43         CARRY4 (Prop_carry4_CI_CO[3])
                                                      0.117   134.274 r  CPU_U/ALU_0/mem_reg[0][31]_i_17/CO[3]
                         net (fo=1, routed)           0.000   134.274    CPU_U/ALU_0/mem_reg[0][31]_i_17_n_0
    SLICE_X60Y44         CARRY4 (Prop_carry4_CI_CO[3])
                                                      0.117   134.391 r  CPU_U/ALU_0/mem_reg[0][31]_i_14/CO[3]
                         net (fo=1, routed)           0.000   134.391    CPU_U/ALU_0/mem_reg[0][31]_i_14_n_0
    SLICE_X60Y45         CARRY4 (Prop_carry4_CI_CO[1])
                                                      0.157   134.548 r  CPU_U/ALU_0/mem_reg[0][31]_i_13/CO[1]
                         net (fo=35, routed)          2.193   136.741    CPU_U/ALU_0/mem_reg[0][31]_i_13_n_2
    SLICE_X61Y36         LUT3 (Prop_lut3_I0_O)        0.332   137.073 r  CPU_U/ALU_0/mem[0][3]_i_18/O
                         net (fo=1, routed)           0.000   137.073    CPU_U/ALU_0/mem[0][3]_i_18_n_0
    SLICE_X61Y36         CARRY4 (Prop_carry4_S[1]_CO[3])
                                                      0.550   137.623 r  CPU_U/ALU_0/mem_reg[0][3]_i_14/CO[3]
                         net (fo=1, routed)           0.000   137.623    CPU_U/ALU_0/mem_reg[0][3]_i_14_n_0
    SLICE_X61Y37         CARRY4 (Prop_carry4_CI_CO[3])
                                                      0.114   137.737 r  CPU_U/ALU_0/mem_reg[0][7]_i_14/CO[3]
                         net (fo=1, routed)           0.000   137.737    CPU_U/ALU_0/mem_reg[0][7]_i_14_n_0
    SLICE_X61Y38         CARRY4 (Prop_carry4_CI_O[3])
                                                      0.313   138.050 r  CPU_U/ALU_0/mem_reg[0][11]_i_14/O[3]
                         net (fo=4, routed)           1.392   139.442    CPU_U/ALU_0/mem[0][11]_i_20_0[3]
    SLICE_X60Y34         LUT6 (Prop_lut6_I5_O)        0.306   139.748 f  CPU_U/ALU_0/mem[0][13]_i_5/O
                         net (fo=2, routed)           1.058   140.806    CPU_U/ALU_0/mem[0][13]_i_5_n_0
    SLICE_X60Y34         LUT3 (Prop_lut3_I2_O)        0.124   140.930 f  CPU_U/ALU_0/mem[0][17]_i_5/O
                         net (fo=1, routed)           0.810   141.741    CPU_U/ALU_0/mem[0][17]_i_5_n_0
    SLICE_X60Y34         LUT5 (Prop_lut5_I1_O)        0.124   141.865 r  CPU_U/ALU_0/mem[0][17]_i_4/O
                         net (fo=4, routed)           0.700   142.565    CPU_U/ALU_0/mem[0][17]_i_4_n_0
    SLICE_X60Y36         LUT6 (Prop_lut6_I2_O)        0.124   142.689 r  CPU_U/ALU_0/mem[0][20]_i_5/O
                         net (fo=3, routed)           0.759   143.448    CPU_U/ALU_0/mem[0][20]_i_5_n_0
    SLICE_X62Y38         LUT3 (Prop_lut3_I2_O)        0.150   143.598 f  CPU_U/ALU_0/mem[0][21]_i_4/O
                         net (fo=2, routed)           0.472   144.070    CPU_U/ALU_0/mem[0][21]_i_4_n_0
    SLICE_X62Y38         LUT3 (Prop_lut3_I0_O)        0.321   144.391 r  CPU_U/ALU_0/mem[0][23]_i_15/O
                         net (fo=2, routed)           0.875   145.266    CPU_U/ALU_0/mem[0][23]_i_15_n_0
    SLICE_X62Y38         LUT6 (Prop_lut6_I3_O)        0.332   145.598 r  CPU_U/ALU_0/mem[0][23]_i_9/O
                         net (fo=1, routed)           0.995   146.593    CPU_U/ALU_0/ALU_Hi0[23]
    SLICE_X59Y35         LUT6 (Prop_lut6_I5_O)        0.124   146.717 r  CPU_U/ALU_0/mem[0][23]_i_3/O
                         net (fo=1, routed)           1.205   147.922    CPU_U/IDEX_0/mem_reg[0][23]
    SLICE_X57Y39         LUT6 (Prop_lut6_I5_O)        0.124   148.046 r  CPU_U/IDEX_0/mem[0][23]_i_1/O
                         net (fo=1, routed)           0.000   148.046    CPU_U/Hi_reg_0/D[23]
    SLICE_X57Y39         FDCE                                         r  CPU_U/Hi_reg_0/mem_reg[0][23]/D
  -------------------------------------------------------------------    -------------------

Slack:                    inf
  Source:                 CPU_U/MEMWB_0/JAL_WB_reg/C
                            (rising edge-triggered cell FDCE)
  Destination:            CPU_U/Hi_reg_0/mem_reg[0][25]/D
  Path Group:             (none)
  Path Type:              Max at Slow Process Corner
  Data Path Delay:        147.892ns  (logic 58.294ns (39.417%)  route 89.598ns (60.583%))
  Logic Levels:           320  (CARRY4=275 FDCE=1 LUT1=1 LUT3=32 LUT4=2 LUT5=3 LUT6=6)

    Location             Delay type                Incr(ns)  Path(ns)    Netlist Resource(s)
  -------------------------------------------------------------------    -------------------
    SLICE_X39Y48         FDCE                         0.000     0.000 r  CPU_U/MEMWB_0/JAL_WB_reg/C
    SLICE_X39Y48         FDCE (Prop_fdce_C_Q)         0.456     0.456 r  CPU_U/MEMWB_0/JAL_WB_reg/Q
                         net (fo=34, routed)          3.220     3.676    CPU_U/MEMWB_0/sel0[4]
    SLICE_X65Y46         LUT3 (Prop_lut3_I0_O)        0.124     3.800 r  CPU_U/MEMWB_0/MEM_reg_r1_0_31_0_5_i_24/O
                         net (fo=30, routed)          4.737     8.536    CPU_U/MEMWB_0/MEM_reg_r1_0_31_0_5_i_24_n_0
    SLICE_X51Y48         LUT6 (Prop_lut6_I5_O)        0.124     8.660 f  CPU_U/MEMWB_0/MEM_reg_r1_0_31_12_17_i_19/O
                         net (fo=1, routed)           0.151     8.812    CPU_U/MEMWB_0/MEM_reg_r1_0_31_12_17_i_19_n_0
    SLICE_X51Y48         LUT6 (Prop_lut6_I5_O)        0.124     8.936 r  CPU_U/MEMWB_0/MEM_reg_r1_0_31_12_17_i_12/O
                         net (fo=3, routed)           0.166     9.102    CPU_U/IDEX_0/mult_result_u__1_23
    SLICE_X51Y48         LUT5 (Prop_lut5_I0_O)        0.124     9.226 f  CPU_U/IDEX_0/LedData[16]_i_1/O
                         net (fo=3, routed)           2.021    11.247    CPU_U/IDEX_0/R2_EX_reg[31]_0[16]
    SLICE_X65Y56         LUT3 (Prop_lut3_I2_O)        0.124    11.371 f  CPU_U/IDEX_0/mult_result_u_i_16/O
                         net (fo=96, routed)          4.021    15.392    CPU_U/IDEX_0/imm_EX_reg[17]_5
    SLICE_X37Y68         LUT1 (Prop_lut1_I0_O)        0.124    15.516 r  CPU_U/IDEX_0/mem[0][31]_i_1221/O
                         net (fo=1, routed)           0.000    15.516    CPU_U/ALU_0/mem_reg[0][31]_i_1120_1[0]
    SLICE_X37Y68         CARRY4 (Prop_carry4_S[0]_CO[3])
                                                      0.532    16.048 r  CPU_U/ALU_0/mem_reg[0][31]_i_1162/CO[3]
                         net (fo=1, routed)           0.000    16.048    CPU_U/ALU_0/mem_reg[0][31]_i_1162_n_0
    SLICE_X37Y69         CARRY4 (Prop_carry4_CI_CO[3])
                                                      0.114    16.162 r  CPU_U/ALU_0/mem_reg[0][31]_i_1157/CO[3]
                         net (fo=1, routed)           0.000    16.162    CPU_U/ALU_0/mem_reg[0][31]_i_1157_n_0
    SLICE_X37Y70         CARRY4 (Prop_carry4_CI_CO[3])
                                                      0.114    16.276 r  CPU_U/ALU_0/mem_reg[0][31]_i_1152/CO[3]
                         net (fo=1, routed)           0.000    16.276    CPU_U/ALU_0/mem_reg[0][31]_i_1152_n_0
    SLICE_X37Y71         CARRY4 (Prop_carry4_CI_CO[3])
                                                      0.114    16.390 r  CPU_U/ALU_0/mem_reg[0][31]_i_1149/CO[3]
                         net (fo=1, routed)           0.000    16.390    CPU_U/ALU_0/mem_reg[0][31]_i_1149_n_0
    SLICE_X37Y72         CARRY4 (Prop_carry4_CI_CO[0])
                                                      0.271    16.661 r  CPU_U/ALU_0/mem_reg[0][31]_i_1148/CO[0]
                         net (fo=35, routed)          1.559    18.220    CPU_U/ALU_0/mem_reg[0][31]_i_1148_n_3
    SLICE_X36Y63         LUT3 (Prop_lut3_I0_O)        0.373    18.593 r  CPU_U/ALU_0/mem[0][31]_i_1189/O
                         net (fo=1, routed)           0.000    18.593    CPU_U/ALU_0/mem[0][31]_i_1189_n_0
    SLICE_X36Y63         CARRY4 (Prop_carry4_S[1]_CO[3])
                                                      0.550    19.143 r  CPU_U/ALU_0/mem_reg[0][31]_i_1140/CO[3]
                         net (fo=1, routed)           0.000    19.143    CPU_U/ALU_0/mem_reg[0][31]_i_1140_n_0
    SLICE_X36Y64         CARRY4 (Prop_carry4_CI_CO[3])
                                                      0.114    19.257 r  CPU_U/ALU_0/mem_reg[0][31]_i_1135/CO[3]
                         net (fo=1, routed)           0.000    19.257    CPU_U/ALU_0/mem_reg[0][31]_i_1135_n_0
    SLICE_X36Y65         CARRY4 (Prop_carry4_CI_CO[3])
                                                      0.114    19.371 r  CPU_U/ALU_0/mem_reg[0][31]_i_1130/CO[3]
                         net (fo=1, routed)           0.000    19.371    CPU_U/ALU_0/mem_reg[0][31]_i_1130_n_0
    SLICE_X36Y66         CARRY4 (Prop_carry4_CI_CO[3])
                                                      0.114    19.485 r  CPU_U/ALU_0/mem_reg[0][31]_i_1125/CO[3]
                         net (fo=1, routed)           0.000    19.485    CPU_U/ALU_0/mem_reg[0][31]_i_1125_n_0
    SLICE_X36Y67         CARRY4 (Prop_carry4_CI_CO[3])
                                                      0.114    19.599 r  CPU_U/ALU_0/mem_reg[0][31]_i_1120/CO[3]
                         net (fo=1, routed)           0.000    19.599    CPU_U/ALU_0/mem_reg[0][31]_i_1120_n_0
    SLICE_X36Y68         CARRY4 (Prop_carry4_CI_CO[3])
                                                      0.114    19.713 r  CPU_U/ALU_0/mem_reg[0][31]_i_1115/CO[3]
                         net (fo=1, routed)           0.000    19.713    CPU_U/ALU_0/mem_reg[0][31]_i_1115_n_0
    SLICE_X36Y69         CARRY4 (Prop_carry4_CI_CO[3])
                                                      0.114    19.827 r  CPU_U/ALU_0/mem_reg[0][31]_i_1110/CO[3]
                         net (fo=1, routed)           0.000    19.827    CPU_U/ALU_0/mem_reg[0][31]_i_1110_n_0
    SLICE_X36Y70         CARRY4 (Prop_carry4_CI_CO[3])
                                                      0.114    19.941 r  CPU_U/ALU_0/mem_reg[0][31]_i_1107/CO[3]
                         net (fo=1, routed)           0.000    19.941    CPU_U/ALU_0/mem_reg[0][31]_i_1107_n_0
    SLICE_X36Y71         CARRY4 (Prop_carry4_CI_CO[1])
                                                      0.157    20.098 r  CPU_U/ALU_0/mem_reg[0][31]_i_1106/CO[1]
                         net (fo=35, routed)          2.050    22.148    CPU_U/ALU_0/mem_reg[0][31]_i_1106_n_2
    SLICE_X39Y63         LUT3 (Prop_lut3_I0_O)        0.329    22.477 r  CPU_U/ALU_0/mem[0][31]_i_1145/O
                         net (fo=1, routed)           0.000    22.477    CPU_U/ALU_0/mem[0][31]_i_1145_n_0
    SLICE_X39Y63         CARRY4 (Prop_carry4_S[3]_CO[3])
                                                      0.401    22.878 r  CPU_U/ALU_0/mem_reg[0][31]_i_1098/CO[3]
                         net (fo=1, routed)           0.000    22.878    CPU_U/ALU_0/mem_reg[0][31]_i_1098_n_0
    SLICE_X39Y64         CARRY4 (Prop_carry4_CI_CO[3])
                                                      0.114    22.992 r  CPU_U/ALU_0/mem_reg[0][31]_i_1093/CO[3]
                         net (fo=1, routed)           0.000    22.992    CPU_U/ALU_0/mem_reg[0][31]_i_1093_n_0
    SLICE_X39Y65         CARRY4 (Prop_carry4_CI_CO[3])
                                                      0.114    23.106 r  CPU_U/ALU_0/mem_reg[0][31]_i_1088/CO[3]
                         net (fo=1, routed)           0.000    23.106    CPU_U/ALU_0/mem_reg[0][31]_i_1088_n_0
    SLICE_X39Y66         CARRY4 (Prop_carry4_CI_CO[3])
                                                      0.114    23.220 r  CPU_U/ALU_0/mem_reg[0][31]_i_1083/CO[3]
                         net (fo=1, routed)           0.000    23.220    CPU_U/ALU_0/mem_reg[0][31]_i_1083_n_0
    SLICE_X39Y67         CARRY4 (Prop_carry4_CI_CO[3])
                                                      0.114    23.334 r  CPU_U/ALU_0/mem_reg[0][31]_i_1078/CO[3]
                         net (fo=1, routed)           0.000    23.334    CPU_U/ALU_0/mem_reg[0][31]_i_1078_n_0
    SLICE_X39Y68         CARRY4 (Prop_carry4_CI_CO[3])
                                                      0.114    23.448 r  CPU_U/ALU_0/mem_reg[0][31]_i_1073/CO[3]
                         net (fo=1, routed)           0.000    23.448    CPU_U/ALU_0/mem_reg[0][31]_i_1073_n_0
    SLICE_X39Y69         CARRY4 (Prop_carry4_CI_CO[3])
                                                      0.114    23.562 r  CPU_U/ALU_0/mem_reg[0][31]_i_1068/CO[3]
                         net (fo=1, routed)           0.000    23.562    CPU_U/ALU_0/mem_reg[0][31]_i_1068_n_0
    SLICE_X39Y70         CARRY4 (Prop_carry4_CI_CO[3])
                                                      0.114    23.676 r  CPU_U/ALU_0/mem_reg[0][31]_i_1065/CO[3]
                         net (fo=1, routed)           0.000    23.676    CPU_U/ALU_0/mem_reg[0][31]_i_1065_n_0
    SLICE_X39Y71         CARRY4 (Prop_carry4_CI_CO[1])
                                                      0.157    23.833 r  CPU_U/ALU_0/mem_reg[0][31]_i_1064/CO[1]
                         net (fo=35, routed)          2.237    26.070    CPU_U/ALU_0/mem_reg[0][31]_i_1064_n_2
    SLICE_X40Y63         LUT3 (Prop_lut3_I0_O)        0.329    26.399 r  CPU_U/ALU_0/mem[0][31]_i_1105/O
                         net (fo=1, routed)           0.000    26.399    CPU_U/ALU_0/mem[0][31]_i_1105_n_0
    SLICE_X40Y63         CARRY4 (Prop_carry4_S[1]_CO[3])
                                                      0.550    26.949 r  CPU_U/ALU_0/mem_reg[0][31]_i_1056/CO[3]
                         net (fo=1, routed)           0.000    26.949    CPU_U/ALU_0/mem_reg[0][31]_i_1056_n_0
    SLICE_X40Y64         CARRY4 (Prop_carry4_CI_CO[3])
                                                      0.114    27.063 r  CPU_U/ALU_0/mem_reg[0][31]_i_1051/CO[3]
                         net (fo=1, routed)           0.000    27.063    CPU_U/ALU_0/mem_reg[0][31]_i_1051_n_0
    SLICE_X40Y65         CARRY4 (Prop_carry4_CI_CO[3])
                                                      0.114    27.177 r  CPU_U/ALU_0/mem_reg[0][31]_i_1046/CO[3]
                         net (fo=1, routed)           0.000    27.177    CPU_U/ALU_0/mem_reg[0][31]_i_1046_n_0
    SLICE_X40Y66         CARRY4 (Prop_carry4_CI_CO[3])
                                                      0.114    27.291 r  CPU_U/ALU_0/mem_reg[0][31]_i_1041/CO[3]
                         net (fo=1, routed)           0.000    27.291    CPU_U/ALU_0/mem_reg[0][31]_i_1041_n_0
    SLICE_X40Y67         CARRY4 (Prop_carry4_CI_CO[3])
                                                      0.114    27.405 r  CPU_U/ALU_0/mem_reg[0][31]_i_1036/CO[3]
                         net (fo=1, routed)           0.000    27.405    CPU_U/ALU_0/mem_reg[0][31]_i_1036_n_0
    SLICE_X40Y68         CARRY4 (Prop_carry4_CI_CO[3])
                                                      0.114    27.519 r  CPU_U/ALU_0/mem_reg[0][31]_i_1031/CO[3]
                         net (fo=1, routed)           0.000    27.519    CPU_U/ALU_0/mem_reg[0][31]_i_1031_n_0
    SLICE_X40Y69         CARRY4 (Prop_carry4_CI_CO[3])
                                                      0.114    27.633 r  CPU_U/ALU_0/mem_reg[0][31]_i_1026/CO[3]
                         net (fo=1, routed)           0.000    27.633    CPU_U/ALU_0/mem_reg[0][31]_i_1026_n_0
    SLICE_X40Y70         CARRY4 (Prop_carry4_CI_CO[3])
                                                      0.114    27.747 r  CPU_U/ALU_0/mem_reg[0][31]_i_1023/CO[3]
                         net (fo=1, routed)           0.000    27.747    CPU_U/ALU_0/mem_reg[0][31]_i_1023_n_0
    SLICE_X40Y71         CARRY4 (Prop_carry4_CI_CO[1])
                                                      0.157    27.904 r  CPU_U/ALU_0/mem_reg[0][31]_i_1022/CO[1]
                         net (fo=35, routed)          1.914    29.818    CPU_U/ALU_0/mem_reg[0][31]_i_1022_n_2
    SLICE_X41Y62         LUT3 (Prop_lut3_I0_O)        0.329    30.147 r  CPU_U/ALU_0/mem[0][31]_i_1062/O
                         net (fo=1, routed)           0.000    30.147    CPU_U/ALU_0/mem[0][31]_i_1062_n_0
    SLICE_X41Y62         CARRY4 (Prop_carry4_S[2]_CO[3])
                                                      0.398    30.545 r  CPU_U/ALU_0/mem_reg[0][31]_i_1014/CO[3]
                         net (fo=1, routed)           0.000    30.545    CPU_U/ALU_0/mem_reg[0][31]_i_1014_n_0
    SLICE_X41Y63         CARRY4 (Prop_carry4_CI_CO[3])
                                                      0.114    30.659 r  CPU_U/ALU_0/mem_reg[0][31]_i_1009/CO[3]
                         net (fo=1, routed)           0.000    30.659    CPU_U/ALU_0/mem_reg[0][31]_i_1009_n_0
    SLICE_X41Y64         CARRY4 (Prop_carry4_CI_CO[3])
                                                      0.114    30.773 r  CPU_U/ALU_0/mem_reg[0][31]_i_1004/CO[3]
                         net (fo=1, routed)           0.000    30.773    CPU_U/ALU_0/mem_reg[0][31]_i_1004_n_0
    SLICE_X41Y65         CARRY4 (Prop_carry4_CI_CO[3])
                                                      0.114    30.887 r  CPU_U/ALU_0/mem_reg[0][31]_i_999/CO[3]
                         net (fo=1, routed)           0.000    30.887    CPU_U/ALU_0/mem_reg[0][31]_i_999_n_0
    SLICE_X41Y66         CARRY4 (Prop_carry4_CI_CO[3])
                                                      0.114    31.001 r  CPU_U/ALU_0/mem_reg[0][31]_i_994/CO[3]
                         net (fo=1, routed)           0.000    31.001    CPU_U/ALU_0/mem_reg[0][31]_i_994_n_0
    SLICE_X41Y67         CARRY4 (Prop_carry4_CI_CO[3])
                                                      0.114    31.115 r  CPU_U/ALU_0/mem_reg[0][31]_i_989/CO[3]
                         net (fo=1, routed)           0.000    31.115    CPU_U/ALU_0/mem_reg[0][31]_i_989_n_0
    SLICE_X41Y68         CARRY4 (Prop_carry4_CI_CO[3])
                                                      0.114    31.229 r  CPU_U/ALU_0/mem_reg[0][31]_i_984/CO[3]
                         net (fo=1, routed)           0.000    31.229    CPU_U/ALU_0/mem_reg[0][31]_i_984_n_0
    SLICE_X41Y69         CARRY4 (Prop_carry4_CI_CO[3])
                                                      0.114    31.343 r  CPU_U/ALU_0/mem_reg[0][31]_i_981/CO[3]
                         net (fo=1, routed)           0.000    31.343    CPU_U/ALU_0/mem_reg[0][31]_i_981_n_0
    SLICE_X41Y70         CARRY4 (Prop_carry4_CI_CO[1])
                                                      0.157    31.500 r  CPU_U/ALU_0/mem_reg[0][31]_i_980/CO[1]
                         net (fo=35, routed)          2.299    33.799    CPU_U/ALU_0/mem_reg[0][31]_i_980_n_2
    SLICE_X38Y58         LUT3 (Prop_lut3_I0_O)        0.329    34.128 r  CPU_U/ALU_0/mem[0][31]_i_1021/O
                         net (fo=1, routed)           0.000    34.128    CPU_U/ALU_0/mem[0][31]_i_1021_n_0
    SLICE_X38Y58         CARRY4 (Prop_carry4_S[1]_CO[3])
                                                      0.533    34.661 r  CPU_U/ALU_0/mem_reg[0][31]_i_972/CO[3]
                         net (fo=1, routed)           0.000    34.661    CPU_U/ALU_0/mem_reg[0][31]_i_972_n_0
    SLICE_X38Y59         CARRY4 (Prop_carry4_CI_CO[3])
                                                      0.117    34.778 r  CPU_U/ALU_0/mem_reg[0][31]_i_967/CO[3]
                         net (fo=1, routed)           0.000    34.778    CPU_U/ALU_0/mem_reg[0][31]_i_967_n_0
    SLICE_X38Y60         CARRY4 (Prop_carry4_CI_CO[3])
                                                      0.117    34.895 r  CPU_U/ALU_0/mem_reg[0][31]_i_962/CO[3]
                         net (fo=1, routed)           0.000    34.895    CPU_U/ALU_0/mem_reg[0][31]_i_962_n_0
    SLICE_X38Y61         CARRY4 (Prop_carry4_CI_CO[3])
                                                      0.117    35.012 r  CPU_U/ALU_0/mem_reg[0][31]_i_957/CO[3]
                         net (fo=1, routed)           0.000    35.012    CPU_U/ALU_0/mem_reg[0][31]_i_957_n_0
    SLICE_X38Y62         CARRY4 (Prop_carry4_CI_CO[3])
                                                      0.117    35.129 r  CPU_U/ALU_0/mem_reg[0][31]_i_952/CO[3]
                         net (fo=1, routed)           0.000    35.129    CPU_U/ALU_0/mem_reg[0][31]_i_952_n_0
    SLICE_X38Y63         CARRY4 (Prop_carry4_CI_CO[3])
                                                      0.117    35.246 r  CPU_U/ALU_0/mem_reg[0][31]_i_947/CO[3]
                         net (fo=1, routed)           0.000    35.246    CPU_U/ALU_0/mem_reg[0][31]_i_947_n_0
    SLICE_X38Y64         CARRY4 (Prop_carry4_CI_CO[3])
                                                      0.117    35.363 r  CPU_U/ALU_0/mem_reg[0][31]_i_942/CO[3]
                         net (fo=1, routed)           0.000    35.363    CPU_U/ALU_0/mem_reg[0][31]_i_942_n_0
    SLICE_X38Y65         CARRY4 (Prop_carry4_CI_CO[3])
                                                      0.117    35.480 r  CPU_U/ALU_0/mem_reg[0][31]_i_939/CO[3]
                         net (fo=1, routed)           0.000    35.480    CPU_U/ALU_0/mem_reg[0][31]_i_939_n_0
    SLICE_X38Y66         CARRY4 (Prop_carry4_CI_CO[1])
                                                      0.157    35.637 r  CPU_U/ALU_0/mem_reg[0][31]_i_938/CO[1]
                         net (fo=35, routed)          2.233    37.870    CPU_U/ALU_0/mem_reg[0][31]_i_938_n_2
    SLICE_X37Y54         LUT3 (Prop_lut3_I0_O)        0.332    38.202 r  CPU_U/ALU_0/mem[0][31]_i_979/O
                         net (fo=1, routed)           0.000    38.202    CPU_U/ALU_0/mem[0][31]_i_979_n_0
    SLICE_X37Y54         CARRY4 (Prop_carry4_S[1]_CO[3])
                                                      0.550    38.752 r  CPU_U/ALU_0/mem_reg[0][31]_i_930/CO[3]
                         net (fo=1, routed)           0.000    38.752    CPU_U/ALU_0/mem_reg[0][31]_i_930_n_0
    SLICE_X37Y55         CARRY4 (Prop_carry4_CI_CO[3])
                                                      0.114    38.866 r  CPU_U/ALU_0/mem_reg[0][31]_i_925/CO[3]
                         net (fo=1, routed)           0.000    38.866    CPU_U/ALU_0/mem_reg[0][31]_i_925_n_0
    SLICE_X37Y56         CARRY4 (Prop_carry4_CI_CO[3])
                                                      0.114    38.980 r  CPU_U/ALU_0/mem_reg[0][31]_i_920/CO[3]
                         net (fo=1, routed)           0.000    38.980    CPU_U/ALU_0/mem_reg[0][31]_i_920_n_0
    SLICE_X37Y57         CARRY4 (Prop_carry4_CI_CO[3])
                                                      0.114    39.094 r  CPU_U/ALU_0/mem_reg[0][31]_i_915/CO[3]
                         net (fo=1, routed)           0.000    39.094    CPU_U/ALU_0/mem_reg[0][31]_i_915_n_0
    SLICE_X37Y58         CARRY4 (Prop_carry4_CI_CO[3])
                                                      0.114    39.208 r  CPU_U/ALU_0/mem_reg[0][31]_i_910/CO[3]
                         net (fo=1, routed)           0.000    39.208    CPU_U/ALU_0/mem_reg[0][31]_i_910_n_0
    SLICE_X37Y59         CARRY4 (Prop_carry4_CI_CO[3])
                                                      0.114    39.322 r  CPU_U/ALU_0/mem_reg[0][31]_i_905/CO[3]
                         net (fo=1, routed)           0.000    39.322    CPU_U/ALU_0/mem_reg[0][31]_i_905_n_0
    SLICE_X37Y60         CARRY4 (Prop_carry4_CI_CO[3])
                                                      0.114    39.436 r  CPU_U/ALU_0/mem_reg[0][31]_i_900/CO[3]
                         net (fo=1, routed)           0.000    39.436    CPU_U/ALU_0/mem_reg[0][31]_i_900_n_0
    SLICE_X37Y61         CARRY4 (Prop_carry4_CI_CO[3])
                                                      0.114    39.550 r  CPU_U/ALU_0/mem_reg[0][31]_i_897/CO[3]
                         net (fo=1, routed)           0.000    39.550    CPU_U/ALU_0/mem_reg[0][31]_i_897_n_0
    SLICE_X37Y62         CARRY4 (Prop_carry4_CI_CO[1])
                                                      0.157    39.707 r  CPU_U/ALU_0/mem_reg[0][31]_i_896/CO[1]
                         net (fo=35, routed)          2.162    41.869    CPU_U/ALU_0/mem_reg[0][31]_i_896_n_2
    SLICE_X40Y53         LUT3 (Prop_lut3_I0_O)        0.329    42.198 r  CPU_U/ALU_0/mem[0][31]_i_937/O
                         net (fo=1, routed)           0.000    42.198    CPU_U/ALU_0/mem[0][31]_i_937_n_0
    SLICE_X40Y53         CARRY4 (Prop_carry4_S[1]_CO[3])
                                                      0.550    42.748 r  CPU_U/ALU_0/mem_reg[0][31]_i_888/CO[3]
                         net (fo=1, routed)           0.000    42.748    CPU_U/ALU_0/mem_reg[0][31]_i_888_n_0
    SLICE_X40Y54         CARRY4 (Prop_carry4_CI_CO[3])
                                                      0.114    42.862 r  CPU_U/ALU_0/mem_reg[0][31]_i_883/CO[3]
                         net (fo=1, routed)           0.000    42.862    CPU_U/ALU_0/mem_reg[0][31]_i_883_n_0
    SLICE_X40Y55         CARRY4 (Prop_carry4_CI_CO[3])
                                                      0.114    42.976 r  CPU_U/ALU_0/mem_reg[0][31]_i_878/CO[3]
                         net (fo=1, routed)           0.000    42.976    CPU_U/ALU_0/mem_reg[0][31]_i_878_n_0
    SLICE_X40Y56         CARRY4 (Prop_carry4_CI_CO[3])
                                                      0.114    43.090 r  CPU_U/ALU_0/mem_reg[0][31]_i_873/CO[3]
                         net (fo=1, routed)           0.000    43.090    CPU_U/ALU_0/mem_reg[0][31]_i_873_n_0
    SLICE_X40Y57         CARRY4 (Prop_carry4_CI_CO[3])
                                                      0.114    43.204 r  CPU_U/ALU_0/mem_reg[0][31]_i_868/CO[3]
                         net (fo=1, routed)           0.000    43.204    CPU_U/ALU_0/mem_reg[0][31]_i_868_n_0
    SLICE_X40Y58         CARRY4 (Prop_carry4_CI_CO[3])
                                                      0.114    43.318 r  CPU_U/ALU_0/mem_reg[0][31]_i_863/CO[3]
                         net (fo=1, routed)           0.000    43.318    CPU_U/ALU_0/mem_reg[0][31]_i_863_n_0
    SLICE_X40Y59         CARRY4 (Prop_carry4_CI_CO[3])
                                                      0.114    43.432 r  CPU_U/ALU_0/mem_reg[0][31]_i_858/CO[3]
                         net (fo=1, routed)           0.000    43.432    CPU_U/ALU_0/mem_reg[0][31]_i_858_n_0
    SLICE_X40Y60         CARRY4 (Prop_carry4_CI_CO[3])
                                                      0.114    43.546 r  CPU_U/ALU_0/mem_reg[0][31]_i_855/CO[3]
                         net (fo=1, routed)           0.000    43.546    CPU_U/ALU_0/mem_reg[0][31]_i_855_n_0
    SLICE_X40Y61         CARRY4 (Prop_carry4_CI_CO[1])
                                                      0.157    43.703 r  CPU_U/ALU_0/mem_reg[0][31]_i_854/CO[1]
                         net (fo=35, routed)          2.230    45.933    CPU_U/ALU_0/mem_reg[0][31]_i_854_n_2
    SLICE_X41Y52         LUT3 (Prop_lut3_I0_O)        0.329    46.262 r  CPU_U/ALU_0/mem[0][31]_i_895/O
                         net (fo=1, routed)           0.000    46.262    CPU_U/ALU_0/mem[0][31]_i_895_n_0
    SLICE_X41Y52         CARRY4 (Prop_carry4_S[1]_CO[3])
                                                      0.550    46.812 r  CPU_U/ALU_0/mem_reg[0][31]_i_846/CO[3]
                         net (fo=1, routed)           0.000    46.812    CPU_U/ALU_0/mem_reg[0][31]_i_846_n_0
    SLICE_X41Y53         CARRY4 (Prop_carry4_CI_CO[3])
                                                      0.114    46.926 r  CPU_U/ALU_0/mem_reg[0][31]_i_841/CO[3]
                         net (fo=1, routed)           0.000    46.926    CPU_U/ALU_0/mem_reg[0][31]_i_841_n_0
    SLICE_X41Y54         CARRY4 (Prop_carry4_CI_CO[3])
                                                      0.114    47.040 r  CPU_U/ALU_0/mem_reg[0][31]_i_836/CO[3]
                         net (fo=1, routed)           0.000    47.040    CPU_U/ALU_0/mem_reg[0][31]_i_836_n_0
    SLICE_X41Y55         CARRY4 (Prop_carry4_CI_CO[3])
                                                      0.114    47.154 r  CPU_U/ALU_0/mem_reg[0][31]_i_831/CO[3]
                         net (fo=1, routed)           0.000    47.154    CPU_U/ALU_0/mem_reg[0][31]_i_831_n_0
    SLICE_X41Y56         CARRY4 (Prop_carry4_CI_CO[3])
                                                      0.114    47.268 r  CPU_U/ALU_0/mem_reg[0][31]_i_826/CO[3]
                         net (fo=1, routed)           0.000    47.268    CPU_U/ALU_0/mem_reg[0][31]_i_826_n_0
    SLICE_X41Y57         CARRY4 (Prop_carry4_CI_CO[3])
                                                      0.114    47.382 r  CPU_U/ALU_0/mem_reg[0][31]_i_821/CO[3]
                         net (fo=1, routed)           0.000    47.382    CPU_U/ALU_0/mem_reg[0][31]_i_821_n_0
    SLICE_X41Y58         CARRY4 (Prop_carry4_CI_CO[3])
                                                      0.114    47.496 r  CPU_U/ALU_0/mem_reg[0][31]_i_816/CO[3]
                         net (fo=1, routed)           0.000    47.496    CPU_U/ALU_0/mem_reg[0][31]_i_816_n_0
    SLICE_X41Y59         CARRY4 (Prop_carry4_CI_CO[3])
                                                      0.114    47.610 r  CPU_U/ALU_0/mem_reg[0][31]_i_813/CO[3]
                         net (fo=1, routed)           0.000    47.610    CPU_U/ALU_0/mem_reg[0][31]_i_813_n_0
    SLICE_X41Y60         CARRY4 (Prop_carry4_CI_CO[1])
                                                      0.157    47.767 r  CPU_U/ALU_0/mem_reg[0][31]_i_812/CO[1]
                         net (fo=35, routed)          2.210    49.976    CPU_U/ALU_0/mem_reg[0][31]_i_812_n_2
    SLICE_X43Y51         LUT3 (Prop_lut3_I0_O)        0.329    50.305 r  CPU_U/ALU_0/mem[0][31]_i_853/O
                         net (fo=1, routed)           0.000    50.305    CPU_U/ALU_0/mem[0][31]_i_853_n_0
    SLICE_X43Y51         CARRY4 (Prop_carry4_S[1]_CO[3])
                                                      0.550    50.855 r  CPU_U/ALU_0/mem_reg[0][31]_i_804/CO[3]
                         net (fo=1, routed)           0.000    50.855    CPU_U/ALU_0/mem_reg[0][31]_i_804_n_0
    SLICE_X43Y52         CARRY4 (Prop_carry4_CI_CO[3])
                                                      0.114    50.969 r  CPU_U/ALU_0/mem_reg[0][31]_i_799/CO[3]
                         net (fo=1, routed)           0.000    50.969    CPU_U/ALU_0/mem_reg[0][31]_i_799_n_0
    SLICE_X43Y53         CARRY4 (Prop_carry4_CI_CO[3])
                                                      0.114    51.083 r  CPU_U/ALU_0/mem_reg[0][31]_i_794/CO[3]
                         net (fo=1, routed)           0.000    51.083    CPU_U/ALU_0/mem_reg[0][31]_i_794_n_0
    SLICE_X43Y54         CARRY4 (Prop_carry4_CI_CO[3])
                                                      0.114    51.197 r  CPU_U/ALU_0/mem_reg[0][31]_i_789/CO[3]
                         net (fo=1, routed)           0.000    51.197    CPU_U/ALU_0/mem_reg[0][31]_i_789_n_0
    SLICE_X43Y55         CARRY4 (Prop_carry4_CI_CO[3])
                                                      0.114    51.311 r  CPU_U/ALU_0/mem_reg[0][31]_i_784/CO[3]
                         net (fo=1, routed)           0.000    51.311    CPU_U/ALU_0/mem_reg[0][31]_i_784_n_0
    SLICE_X43Y56         CARRY4 (Prop_carry4_CI_CO[3])
                                                      0.114    51.425 r  CPU_U/ALU_0/mem_reg[0][31]_i_779/CO[3]
                         net (fo=1, routed)           0.000    51.425    CPU_U/ALU_0/mem_reg[0][31]_i_779_n_0
    SLICE_X43Y57         CARRY4 (Prop_carry4_CI_CO[3])
                                                      0.114    51.539 r  CPU_U/ALU_0/mem_reg[0][31]_i_774/CO[3]
                         net (fo=1, routed)           0.000    51.539    CPU_U/ALU_0/mem_reg[0][31]_i_774_n_0
    SLICE_X43Y58         CARRY4 (Prop_carry4_CI_CO[3])
                                                      0.114    51.653 r  CPU_U/ALU_0/mem_reg[0][31]_i_771/CO[3]
                         net (fo=1, routed)           0.000    51.653    CPU_U/ALU_0/mem_reg[0][31]_i_771_n_0
    SLICE_X43Y59         CARRY4 (Prop_carry4_CI_CO[1])
                                                      0.157    51.810 r  CPU_U/ALU_0/mem_reg[0][31]_i_770/CO[1]
                         net (fo=35, routed)          1.815    53.626    CPU_U/ALU_0/mem_reg[0][31]_i_770_n_2
    SLICE_X45Y51         CARRY4 (Prop_carry4_CYINIT_CO[3])
                                                      0.785    54.411 r  CPU_U/ALU_0/mem_reg[0][31]_i_762/CO[3]
                         net (fo=1, routed)           0.000    54.411    CPU_U/ALU_0/mem_reg[0][31]_i_762_n_0
    SLICE_X45Y52         CARRY4 (Prop_carry4_CI_CO[3])
                                                      0.114    54.525 r  CPU_U/ALU_0/mem_reg[0][31]_i_757/CO[3]
                         net (fo=1, routed)           0.000    54.525    CPU_U/ALU_0/mem_reg[0][31]_i_757_n_0
    SLICE_X45Y53         CARRY4 (Prop_carry4_CI_CO[3])
                                                      0.114    54.639 r  CPU_U/ALU_0/mem_reg[0][31]_i_752/CO[3]
                         net (fo=1, routed)           0.000    54.639    CPU_U/ALU_0/mem_reg[0][31]_i_752_n_0
    SLICE_X45Y54         CARRY4 (Prop_carry4_CI_CO[3])
                                                      0.114    54.753 r  CPU_U/ALU_0/mem_reg[0][31]_i_747/CO[3]
                         net (fo=1, routed)           0.000    54.753    CPU_U/ALU_0/mem_reg[0][31]_i_747_n_0
    SLICE_X45Y55         CARRY4 (Prop_carry4_CI_CO[3])
                                                      0.114    54.867 r  CPU_U/ALU_0/mem_reg[0][31]_i_742/CO[3]
                         net (fo=1, routed)           0.000    54.867    CPU_U/ALU_0/mem_reg[0][31]_i_742_n_0
    SLICE_X45Y56         CARRY4 (Prop_carry4_CI_CO[3])
                                                      0.114    54.981 r  CPU_U/ALU_0/mem_reg[0][31]_i_737/CO[3]
                         net (fo=1, routed)           0.000    54.981    CPU_U/ALU_0/mem_reg[0][31]_i_737_n_0
    SLICE_X45Y57         CARRY4 (Prop_carry4_CI_CO[3])
                                                      0.114    55.095 r  CPU_U/ALU_0/mem_reg[0][31]_i_732/CO[3]
                         net (fo=1, routed)           0.000    55.095    CPU_U/ALU_0/mem_reg[0][31]_i_732_n_0
    SLICE_X45Y58         CARRY4 (Prop_carry4_CI_CO[3])
                                                      0.114    55.209 r  CPU_U/ALU_0/mem_reg[0][31]_i_729/CO[3]
                         net (fo=1, routed)           0.000    55.209    CPU_U/ALU_0/mem_reg[0][31]_i_729_n_0
    SLICE_X45Y59         CARRY4 (Prop_carry4_CI_CO[1])
                                                      0.157    55.366 r  CPU_U/ALU_0/mem_reg[0][31]_i_728/CO[1]
                         net (fo=35, routed)          2.297    57.663    CPU_U/ALU_0/mem_reg[0][31]_i_728_n_2
    SLICE_X49Y51         LUT3 (Prop_lut3_I0_O)        0.329    57.992 r  CPU_U/ALU_0/mem[0][31]_i_769/O
                         net (fo=1, routed)           0.000    57.992    CPU_U/ALU_0/mem[0][31]_i_769_n_0
    SLICE_X49Y51         CARRY4 (Prop_carry4_S[1]_CO[3])
                                                      0.550    58.542 r  CPU_U/ALU_0/mem_reg[0][31]_i_720/CO[3]
                         net (fo=1, routed)           0.000    58.542    CPU_U/ALU_0/mem_reg[0][31]_i_720_n_0
    SLICE_X49Y52         CARRY4 (Prop_carry4_CI_CO[3])
                                                      0.114    58.656 r  CPU_U/ALU_0/mem_reg[0][31]_i_715/CO[3]
                         net (fo=1, routed)           0.000    58.656    CPU_U/ALU_0/mem_reg[0][31]_i_715_n_0
    SLICE_X49Y53         CARRY4 (Prop_carry4_CI_CO[3])
                                                      0.114    58.770 r  CPU_U/ALU_0/mem_reg[0][31]_i_710/CO[3]
                         net (fo=1, routed)           0.000    58.770    CPU_U/ALU_0/mem_reg[0][31]_i_710_n_0
    SLICE_X49Y54         CARRY4 (Prop_carry4_CI_CO[3])
                                                      0.114    58.884 r  CPU_U/ALU_0/mem_reg[0][31]_i_705/CO[3]
                         net (fo=1, routed)           0.000    58.884    CPU_U/ALU_0/mem_reg[0][31]_i_705_n_0
    SLICE_X49Y55         CARRY4 (Prop_carry4_CI_CO[3])
                                                      0.114    58.998 r  CPU_U/ALU_0/mem_reg[0][31]_i_700/CO[3]
                         net (fo=1, routed)           0.000    58.998    CPU_U/ALU_0/mem_reg[0][31]_i_700_n_0
    SLICE_X49Y56         CARRY4 (Prop_carry4_CI_CO[3])
                                                      0.114    59.112 r  CPU_U/ALU_0/mem_reg[0][31]_i_695/CO[3]
                         net (fo=1, routed)           0.000    59.112    CPU_U/ALU_0/mem_reg[0][31]_i_695_n_0
    SLICE_X49Y57         CARRY4 (Prop_carry4_CI_CO[3])
                                                      0.114    59.226 r  CPU_U/ALU_0/mem_reg[0][31]_i_690/CO[3]
                         net (fo=1, routed)           0.000    59.226    CPU_U/ALU_0/mem_reg[0][31]_i_690_n_0
    SLICE_X49Y58         CARRY4 (Prop_carry4_CI_CO[3])
                                                      0.114    59.340 r  CPU_U/ALU_0/mem_reg[0][31]_i_687/CO[3]
                         net (fo=1, routed)           0.000    59.340    CPU_U/ALU_0/mem_reg[0][31]_i_687_n_0
    SLICE_X49Y59         CARRY4 (Prop_carry4_CI_CO[1])
                                                      0.157    59.497 r  CPU_U/ALU_0/mem_reg[0][31]_i_686/CO[1]
                         net (fo=35, routed)          2.043    61.540    CPU_U/ALU_0/mem_reg[0][31]_i_686_n_2
    SLICE_X53Y51         LUT3 (Prop_lut3_I0_O)        0.329    61.869 r  CPU_U/ALU_0/mem[0][31]_i_725/O
                         net (fo=1, routed)           0.000    61.869    CPU_U/ALU_0/mem[0][31]_i_725_n_0
    SLICE_X53Y51         CARRY4 (Prop_carry4_S[3]_CO[3])
                                                      0.401    62.270 r  CPU_U/ALU_0/mem_reg[0][31]_i_678/CO[3]
                         net (fo=1, routed)           0.000    62.270    CPU_U/ALU_0/mem_reg[0][31]_i_678_n_0
    SLICE_X53Y52         CARRY4 (Prop_carry4_CI_CO[3])
                                                      0.114    62.384 r  CPU_U/ALU_0/mem_reg[0][31]_i_673/CO[3]
                         net (fo=1, routed)           0.000    62.384    CPU_U/ALU_0/mem_reg[0][31]_i_673_n_0
    SLICE_X53Y53         CARRY4 (Prop_carry4_CI_CO[3])
                                                      0.114    62.498 r  CPU_U/ALU_0/mem_reg[0][31]_i_668/CO[3]
                         net (fo=1, routed)           0.000    62.498    CPU_U/ALU_0/mem_reg[0][31]_i_668_n_0
    SLICE_X53Y54         CARRY4 (Prop_carry4_CI_CO[3])
                                                      0.114    62.612 r  CPU_U/ALU_0/mem_reg[0][31]_i_663/CO[3]
                         net (fo=1, routed)           0.000    62.612    CPU_U/ALU_0/mem_reg[0][31]_i_663_n_0
    SLICE_X53Y55         CARRY4 (Prop_carry4_CI_CO[3])
                                                      0.114    62.726 r  CPU_U/ALU_0/mem_reg[0][31]_i_658/CO[3]
                         net (fo=1, routed)           0.000    62.726    CPU_U/ALU_0/mem_reg[0][31]_i_658_n_0
    SLICE_X53Y56         CARRY4 (Prop_carry4_CI_CO[3])
                                                      0.114    62.840 r  CPU_U/ALU_0/mem_reg[0][31]_i_653/CO[3]
                         net (fo=1, routed)           0.000    62.840    CPU_U/ALU_0/mem_reg[0][31]_i_653_n_0
    SLICE_X53Y57         CARRY4 (Prop_carry4_CI_CO[3])
                                                      0.114    62.954 r  CPU_U/ALU_0/mem_reg[0][31]_i_648/CO[3]
                         net (fo=1, routed)           0.000    62.954    CPU_U/ALU_0/mem_reg[0][31]_i_648_n_0
    SLICE_X53Y58         CARRY4 (Prop_carry4_CI_CO[3])
                                                      0.114    63.068 r  CPU_U/ALU_0/mem_reg[0][31]_i_645/CO[3]
                         net (fo=1, routed)           0.000    63.068    CPU_U/ALU_0/mem_reg[0][31]_i_645_n_0
    SLICE_X53Y59         CARRY4 (Prop_carry4_CI_CO[1])
                                                      0.157    63.225 r  CPU_U/ALU_0/mem_reg[0][31]_i_644/CO[1]
                         net (fo=35, routed)          2.056    65.281    CPU_U/ALU_0/mem_reg[0][31]_i_644_n_2
    SLICE_X54Y51         LUT3 (Prop_lut3_I0_O)        0.329    65.610 r  CPU_U/ALU_0/mem[0][31]_i_682/O
                         net (fo=1, routed)           0.000    65.610    CPU_U/ALU_0/mem[0][31]_i_682_n_0
    SLICE_X54Y51         CARRY4 (Prop_carry4_S[0]_CO[3])
                                                      0.513    66.123 r  CPU_U/ALU_0/mem_reg[0][31]_i_631/CO[3]
                         net (fo=1, routed)           0.000    66.123    CPU_U/ALU_0/mem_reg[0][31]_i_631_n_0
    SLICE_X54Y52         CARRY4 (Prop_carry4_CI_CO[3])
                                                      0.117    66.240 r  CPU_U/ALU_0/mem_reg[0][31]_i_626/CO[3]
                         net (fo=1, routed)           0.000    66.240    CPU_U/ALU_0/mem_reg[0][31]_i_626_n_0
    SLICE_X54Y53         CARRY4 (Prop_carry4_CI_CO[3])
                                                      0.117    66.357 r  CPU_U/ALU_0/mem_reg[0][31]_i_621/CO[3]
                         net (fo=1, routed)           0.000    66.357    CPU_U/ALU_0/mem_reg[0][31]_i_621_n_0
    SLICE_X54Y54         CARRY4 (Prop_carry4_CI_CO[3])
                                                      0.117    66.474 r  CPU_U/ALU_0/mem_reg[0][31]_i_616/CO[3]
                         net (fo=1, routed)           0.000    66.474    CPU_U/ALU_0/mem_reg[0][31]_i_616_n_0
    SLICE_X54Y55         CARRY4 (Prop_carry4_CI_CO[3])
                                                      0.117    66.591 r  CPU_U/ALU_0/mem_reg[0][31]_i_611/CO[3]
                         net (fo=1, routed)           0.000    66.591    CPU_U/ALU_0/mem_reg[0][31]_i_611_n_0
    SLICE_X54Y56         CARRY4 (Prop_carry4_CI_CO[3])
                                                      0.117    66.708 r  CPU_U/ALU_0/mem_reg[0][31]_i_606/CO[3]
                         net (fo=1, routed)           0.000    66.708    CPU_U/ALU_0/mem_reg[0][31]_i_606_n_0
    SLICE_X54Y57         CARRY4 (Prop_carry4_CI_CO[3])
                                                      0.117    66.825 r  CPU_U/ALU_0/mem_reg[0][31]_i_603/CO[3]
                         net (fo=1, routed)           0.000    66.825    CPU_U/ALU_0/mem_reg[0][31]_i_603_n_0
    SLICE_X54Y58         CARRY4 (Prop_carry4_CI_CO[1])
                                                      0.157    66.982 r  CPU_U/ALU_0/mem_reg[0][31]_i_602/CO[1]
                         net (fo=35, routed)          1.961    68.944    CPU_U/ALU_0/mem_reg[0][31]_i_602_n_2
    SLICE_X55Y49         LUT3 (Prop_lut3_I0_O)        0.332    69.276 r  CPU_U/ALU_0/mem[0][31]_i_641/O
                         net (fo=1, routed)           0.000    69.276    CPU_U/ALU_0/mem[0][31]_i_641_n_0
    SLICE_X55Y49         CARRY4 (Prop_carry4_S[3]_CO[3])
                                                      0.401    69.677 r  CPU_U/ALU_0/mem_reg[0][31]_i_594/CO[3]
                         net (fo=1, routed)           0.001    69.677    CPU_U/ALU_0/mem_reg[0][31]_i_594_n_0
    SLICE_X55Y50         CARRY4 (Prop_carry4_CI_CO[3])
                                                      0.114    69.791 r  CPU_U/ALU_0/mem_reg[0][31]_i_589/CO[3]
                         net (fo=1, routed)           0.000    69.791    CPU_U/ALU_0/mem_reg[0][31]_i_589_n_0
    SLICE_X55Y51         CARRY4 (Prop_carry4_CI_CO[3])
                                                      0.114    69.905 r  CPU_U/ALU_0/mem_reg[0][31]_i_584/CO[3]
                         net (fo=1, routed)           0.000    69.905    CPU_U/ALU_0/mem_reg[0][31]_i_584_n_0
    SLICE_X55Y52         CARRY4 (Prop_carry4_CI_CO[3])
                                                      0.114    70.019 r  CPU_U/ALU_0/mem_reg[0][31]_i_579/CO[3]
                         net (fo=1, routed)           0.000    70.019    CPU_U/ALU_0/mem_reg[0][31]_i_579_n_0
    SLICE_X55Y53         CARRY4 (Prop_carry4_CI_CO[3])
                                                      0.114    70.133 r  CPU_U/ALU_0/mem_reg[0][31]_i_574/CO[3]
                         net (fo=1, routed)           0.000    70.133    CPU_U/ALU_0/mem_reg[0][31]_i_574_n_0
    SLICE_X55Y54         CARRY4 (Prop_carry4_CI_CO[3])
                                                      0.114    70.247 r  CPU_U/ALU_0/mem_reg[0][31]_i_569/CO[3]
                         net (fo=1, routed)           0.000    70.247    CPU_U/ALU_0/mem_reg[0][31]_i_569_n_0
    SLICE_X55Y55         CARRY4 (Prop_carry4_CI_CO[3])
                                                      0.114    70.361 r  CPU_U/ALU_0/mem_reg[0][31]_i_564/CO[3]
                         net (fo=1, routed)           0.000    70.361    CPU_U/ALU_0/mem_reg[0][31]_i_564_n_0
    SLICE_X55Y56         CARRY4 (Prop_carry4_CI_CO[3])
                                                      0.114    70.475 r  CPU_U/ALU_0/mem_reg[0][31]_i_561/CO[3]
                         net (fo=1, routed)           0.000    70.475    CPU_U/ALU_0/mem_reg[0][31]_i_561_n_0
    SLICE_X55Y57         CARRY4 (Prop_carry4_CI_CO[1])
                                                      0.157    70.632 r  CPU_U/ALU_0/mem_reg[0][31]_i_560/CO[1]
                         net (fo=35, routed)          2.116    72.748    CPU_U/ALU_0/mem_reg[0][31]_i_560_n_2
    SLICE_X48Y48         LUT3 (Prop_lut3_I0_O)        0.329    73.077 r  CPU_U/ALU_0/mem[0][31]_i_601/O
                         net (fo=1, routed)           0.000    73.077    CPU_U/ALU_0/mem[0][31]_i_601_n_0
    SLICE_X48Y48         CARRY4 (Prop_carry4_S[1]_CO[3])
                                                      0.550    73.627 r  CPU_U/ALU_0/mem_reg[0][31]_i_552/CO[3]
                         net (fo=1, routed)           0.000    73.627    CPU_U/ALU_0/mem_reg[0][31]_i_552_n_0
    SLICE_X48Y49         CARRY4 (Prop_carry4_CI_CO[3])
                                                      0.114    73.741 r  CPU_U/ALU_0/mem_reg[0][31]_i_547/CO[3]
                         net (fo=1, routed)           0.001    73.742    CPU_U/ALU_0/mem_reg[0][31]_i_547_n_0
    SLICE_X48Y50         CARRY4 (Prop_carry4_CI_CO[3])
                                                      0.114    73.856 r  CPU_U/ALU_0/mem_reg[0][31]_i_542/CO[3]
                         net (fo=1, routed)           0.000    73.856    CPU_U/ALU_0/mem_reg[0][31]_i_542_n_0
    SLICE_X48Y51         CARRY4 (Prop_carry4_CI_CO[3])
                                                      0.114    73.970 r  CPU_U/ALU_0/mem_reg[0][31]_i_537/CO[3]
                         net (fo=1, routed)           0.000    73.970    CPU_U/ALU_0/mem_reg[0][31]_i_537_n_0
    SLICE_X48Y52         CARRY4 (Prop_carry4_CI_CO[3])
                                                      0.114    74.084 r  CPU_U/ALU_0/mem_reg[0][31]_i_532/CO[3]
                         net (fo=1, routed)           0.000    74.084    CPU_U/ALU_0/mem_reg[0][31]_i_532_n_0
    SLICE_X48Y53         CARRY4 (Prop_carry4_CI_CO[3])
                                                      0.114    74.198 r  CPU_U/ALU_0/mem_reg[0][31]_i_527/CO[3]
                         net (fo=1, routed)           0.000    74.198    CPU_U/ALU_0/mem_reg[0][31]_i_527_n_0
    SLICE_X48Y54         CARRY4 (Prop_carry4_CI_CO[3])
                                                      0.114    74.312 r  CPU_U/ALU_0/mem_reg[0][31]_i_522/CO[3]
                         net (fo=1, routed)           0.000    74.312    CPU_U/ALU_0/mem_reg[0][31]_i_522_n_0
    SLICE_X48Y55         CARRY4 (Prop_carry4_CI_CO[3])
                                                      0.114    74.426 r  CPU_U/ALU_0/mem_reg[0][31]_i_519/CO[3]
                         net (fo=1, routed)           0.000    74.426    CPU_U/ALU_0/mem_reg[0][31]_i_519_n_0
    SLICE_X48Y56         CARRY4 (Prop_carry4_CI_CO[1])
                                                      0.157    74.583 r  CPU_U/ALU_0/mem_reg[0][31]_i_518/CO[1]
                         net (fo=35, routed)          1.640    76.223    CPU_U/ALU_0/mem_reg[0][31]_i_518_n_2
    SLICE_X51Y50         LUT3 (Prop_lut3_I0_O)        0.329    76.552 r  CPU_U/ALU_0/mem[0][31]_i_557/O
                         net (fo=1, routed)           0.000    76.552    CPU_U/ALU_0/mem[0][31]_i_557_n_0
    SLICE_X51Y50         CARRY4 (Prop_carry4_S[3]_CO[3])
                                                      0.401    76.953 r  CPU_U/ALU_0/mem_reg[0][31]_i_510/CO[3]
                         net (fo=1, routed)           0.000    76.953    CPU_U/ALU_0/mem_reg[0][31]_i_510_n_0
    SLICE_X51Y51         CARRY4 (Prop_carry4_CI_CO[3])
                                                      0.114    77.067 r  CPU_U/ALU_0/mem_reg[0][31]_i_505/CO[3]
                         net (fo=1, routed)           0.000    77.067    CPU_U/ALU_0/mem_reg[0][31]_i_505_n_0
    SLICE_X51Y52         CARRY4 (Prop_carry4_CI_CO[3])
                                                      0.114    77.181 r  CPU_U/ALU_0/mem_reg[0][31]_i_500/CO[3]
                         net (fo=1, routed)           0.000    77.181    CPU_U/ALU_0/mem_reg[0][31]_i_500_n_0
    SLICE_X51Y53         CARRY4 (Prop_carry4_CI_CO[3])
                                                      0.114    77.295 r  CPU_U/ALU_0/mem_reg[0][31]_i_495/CO[3]
                         net (fo=1, routed)           0.000    77.295    CPU_U/ALU_0/mem_reg[0][31]_i_495_n_0
    SLICE_X51Y54         CARRY4 (Prop_carry4_CI_CO[3])
                                                      0.114    77.409 r  CPU_U/ALU_0/mem_reg[0][31]_i_490/CO[3]
                         net (fo=1, routed)           0.000    77.409    CPU_U/ALU_0/mem_reg[0][31]_i_490_n_0
    SLICE_X51Y55         CARRY4 (Prop_carry4_CI_CO[3])
                                                      0.114    77.523 r  CPU_U/ALU_0/mem_reg[0][31]_i_485/CO[3]
                         net (fo=1, routed)           0.000    77.523    CPU_U/ALU_0/mem_reg[0][31]_i_485_n_0
    SLICE_X51Y56         CARRY4 (Prop_carry4_CI_CO[3])
                                                      0.114    77.637 r  CPU_U/ALU_0/mem_reg[0][31]_i_480/CO[3]
                         net (fo=1, routed)           0.000    77.637    CPU_U/ALU_0/mem_reg[0][31]_i_480_n_0
    SLICE_X51Y57         CARRY4 (Prop_carry4_CI_CO[3])
                                                      0.114    77.751 r  CPU_U/ALU_0/mem_reg[0][31]_i_477/CO[3]
                         net (fo=1, routed)           0.000    77.751    CPU_U/ALU_0/mem_reg[0][31]_i_477_n_0
    SLICE_X51Y58         CARRY4 (Prop_carry4_CI_CO[1])
                                                      0.157    77.908 r  CPU_U/ALU_0/mem_reg[0][31]_i_476/CO[1]
                         net (fo=35, routed)          2.184    80.092    CPU_U/ALU_0/mem_reg[0][31]_i_476_n_2
    SLICE_X57Y50         LUT3 (Prop_lut3_I0_O)        0.329    80.421 r  CPU_U/ALU_0/mem[0][31]_i_517/O
                         net (fo=1, routed)           0.000    80.421    CPU_U/ALU_0/mem[0][31]_i_517_n_0
    SLICE_X57Y50         CARRY4 (Prop_carry4_S[1]_CO[3])
                                                      0.550    80.971 r  CPU_U/ALU_0/mem_reg[0][31]_i_468/CO[3]
                         net (fo=1, routed)           0.000    80.971    CPU_U/ALU_0/mem_reg[0][31]_i_468_n_0
    SLICE_X57Y51         CARRY4 (Prop_carry4_CI_CO[3])
                                                      0.114    81.085 r  CPU_U/ALU_0/mem_reg[0][31]_i_463/CO[3]
                         net (fo=1, routed)           0.000    81.085    CPU_U/ALU_0/mem_reg[0][31]_i_463_n_0
    SLICE_X57Y52         CARRY4 (Prop_carry4_CI_CO[3])
                                                      0.114    81.199 r  CPU_U/ALU_0/mem_reg[0][31]_i_458/CO[3]
                         net (fo=1, routed)           0.000    81.199    CPU_U/ALU_0/mem_reg[0][31]_i_458_n_0
    SLICE_X57Y53         CARRY4 (Prop_carry4_CI_CO[3])
                                                      0.114    81.313 r  CPU_U/ALU_0/mem_reg[0][31]_i_453/CO[3]
                         net (fo=1, routed)           0.000    81.313    CPU_U/ALU_0/mem_reg[0][31]_i_453_n_0
    SLICE_X57Y54         CARRY4 (Prop_carry4_CI_CO[3])
                                                      0.114    81.427 r  CPU_U/ALU_0/mem_reg[0][31]_i_448/CO[3]
                         net (fo=1, routed)           0.000    81.427    CPU_U/ALU_0/mem_reg[0][31]_i_448_n_0
    SLICE_X57Y55         CARRY4 (Prop_carry4_CI_CO[3])
                                                      0.114    81.541 r  CPU_U/ALU_0/mem_reg[0][31]_i_443/CO[3]
                         net (fo=1, routed)           0.000    81.541    CPU_U/ALU_0/mem_reg[0][31]_i_443_n_0
    SLICE_X57Y56         CARRY4 (Prop_carry4_CI_CO[3])
                                                      0.114    81.655 r  CPU_U/ALU_0/mem_reg[0][31]_i_438/CO[3]
                         net (fo=1, routed)           0.000    81.655    CPU_U/ALU_0/mem_reg[0][31]_i_438_n_0
    SLICE_X57Y57         CARRY4 (Prop_carry4_CI_CO[3])
                                                      0.114    81.769 r  CPU_U/ALU_0/mem_reg[0][31]_i_435/CO[3]
                         net (fo=1, routed)           0.000    81.769    CPU_U/ALU_0/mem_reg[0][31]_i_435_n_0
    SLICE_X57Y58         CARRY4 (Prop_carry4_CI_CO[1])
                                                      0.157    81.926 r  CPU_U/ALU_0/mem_reg[0][31]_i_434/CO[1]
                         net (fo=35, routed)          1.984    83.910    CPU_U/ALU_0/mem_reg[0][31]_i_434_n_2
    SLICE_X58Y50         LUT3 (Prop_lut3_I0_O)        0.329    84.240 r  CPU_U/ALU_0/mem[0][31]_i_475/O
                         net (fo=1, routed)           0.000    84.240    CPU_U/ALU_0/mem[0][31]_i_475_n_0
    SLICE_X58Y50         CARRY4 (Prop_carry4_S[1]_CO[3])
                                                      0.550    84.790 r  CPU_U/ALU_0/mem_reg[0][31]_i_426/CO[3]
                         net (fo=1, routed)           0.000    84.790    CPU_U/ALU_0/mem_reg[0][31]_i_426_n_0
    SLICE_X58Y51         CARRY4 (Prop_carry4_CI_CO[3])
                                                      0.114    84.904 r  CPU_U/ALU_0/mem_reg[0][31]_i_421/CO[3]
                         net (fo=1, routed)           0.000    84.904    CPU_U/ALU_0/mem_reg[0][31]_i_421_n_0
    SLICE_X58Y52         CARRY4 (Prop_carry4_CI_CO[3])
                                                      0.114    85.018 r  CPU_U/ALU_0/mem_reg[0][31]_i_416/CO[3]
                         net (fo=1, routed)           0.000    85.018    CPU_U/ALU_0/mem_reg[0][31]_i_416_n_0
    SLICE_X58Y53         CARRY4 (Prop_carry4_CI_CO[3])
                                                      0.114    85.132 r  CPU_U/ALU_0/mem_reg[0][31]_i_411/CO[3]
                         net (fo=1, routed)           0.000    85.132    CPU_U/ALU_0/mem_reg[0][31]_i_411_n_0
    SLICE_X58Y54         CARRY4 (Prop_carry4_CI_CO[3])
                                                      0.114    85.245 r  CPU_U/ALU_0/mem_reg[0][31]_i_406/CO[3]
                         net (fo=1, routed)           0.000    85.245    CPU_U/ALU_0/mem_reg[0][31]_i_406_n_0
    SLICE_X58Y55         CARRY4 (Prop_carry4_CI_CO[3])
                                                      0.114    85.359 r  CPU_U/ALU_0/mem_reg[0][31]_i_401/CO[3]
                         net (fo=1, routed)           0.000    85.359    CPU_U/ALU_0/mem_reg[0][31]_i_401_n_0
    SLICE_X58Y56         CARRY4 (Prop_carry4_CI_CO[3])
                                                      0.114    85.473 r  CPU_U/ALU_0/mem_reg[0][31]_i_396/CO[3]
                         net (fo=1, routed)           0.000    85.473    CPU_U/ALU_0/mem_reg[0][31]_i_396_n_0
    SLICE_X58Y57         CARRY4 (Prop_carry4_CI_CO[3])
                                                      0.114    85.587 r  CPU_U/ALU_0/mem_reg[0][31]_i_393/CO[3]
                         net (fo=1, routed)           0.000    85.587    CPU_U/ALU_0/mem_reg[0][31]_i_393_n_0
    SLICE_X58Y58         CARRY4 (Prop_carry4_CI_CO[1])
                                                      0.157    85.744 r  CPU_U/ALU_0/mem_reg[0][31]_i_392/CO[1]
                         net (fo=35, routed)          2.322    88.066    CPU_U/ALU_0/mem_reg[0][31]_i_392_n_2
    SLICE_X62Y48         LUT3 (Prop_lut3_I0_O)        0.329    88.395 r  CPU_U/ALU_0/mem[0][31]_i_432/O
                         net (fo=1, routed)           0.000    88.395    CPU_U/ALU_0/mem[0][31]_i_432_n_0
    SLICE_X62Y48         CARRY4 (Prop_carry4_S[2]_CO[3])
                                                      0.398    88.793 r  CPU_U/ALU_0/mem_reg[0][31]_i_384/CO[3]
                         net (fo=1, routed)           0.000    88.793    CPU_U/ALU_0/mem_reg[0][31]_i_384_n_0
    SLICE_X62Y49         CARRY4 (Prop_carry4_CI_CO[3])
                                                      0.114    88.907 r  CPU_U/ALU_0/mem_reg[0][31]_i_379/CO[3]
                         net (fo=1, routed)           0.001    88.908    CPU_U/ALU_0/mem_reg[0][31]_i_379_n_0
    SLICE_X62Y50         CARRY4 (Prop_carry4_CI_CO[3])
                                                      0.114    89.022 r  CPU_U/ALU_0/mem_reg[0][31]_i_374/CO[3]
                         net (fo=1, routed)           0.000    89.022    CPU_U/ALU_0/mem_reg[0][31]_i_374_n_0
    SLICE_X62Y51         CARRY4 (Prop_carry4_CI_CO[3])
                                                      0.114    89.136 r  CPU_U/ALU_0/mem_reg[0][31]_i_369/CO[3]
                         net (fo=1, routed)           0.000    89.136    CPU_U/ALU_0/mem_reg[0][31]_i_369_n_0
    SLICE_X62Y52         CARRY4 (Prop_carry4_CI_CO[3])
                                                      0.114    89.250 r  CPU_U/ALU_0/mem_reg[0][31]_i_364/CO[3]
                         net (fo=1, routed)           0.000    89.250    CPU_U/ALU_0/mem_reg[0][31]_i_364_n_0
    SLICE_X62Y53         CARRY4 (Prop_carry4_CI_CO[3])
                                                      0.114    89.364 r  CPU_U/ALU_0/mem_reg[0][31]_i_359/CO[3]
                         net (fo=1, routed)           0.000    89.364    CPU_U/ALU_0/mem_reg[0][31]_i_359_n_0
    SLICE_X62Y54         CARRY4 (Prop_carry4_CI_CO[3])
                                                      0.114    89.478 r  CPU_U/ALU_0/mem_reg[0][31]_i_354/CO[3]
                         net (fo=1, routed)           0.000    89.478    CPU_U/ALU_0/mem_reg[0][31]_i_354_n_0
    SLICE_X62Y55         CARRY4 (Prop_carry4_CI_CO[3])
                                                      0.114    89.592 r  CPU_U/ALU_0/mem_reg[0][31]_i_351/CO[3]
                         net (fo=1, routed)           0.000    89.592    CPU_U/ALU_0/mem_reg[0][31]_i_351_n_0
    SLICE_X62Y56         CARRY4 (Prop_carry4_CI_CO[1])
                                                      0.157    89.749 r  CPU_U/ALU_0/mem_reg[0][31]_i_350/CO[1]
                         net (fo=35, routed)          2.219    91.967    CPU_U/ALU_0/mem_reg[0][31]_i_350_n_2
    SLICE_X59Y48         LUT3 (Prop_lut3_I0_O)        0.329    92.296 r  CPU_U/ALU_0/mem[0][31]_i_389/O
                         net (fo=1, routed)           0.000    92.296    CPU_U/ALU_0/mem[0][31]_i_389_n_0
    SLICE_X59Y48         CARRY4 (Prop_carry4_S[3]_CO[3])
                                                      0.401    92.697 r  CPU_U/ALU_0/mem_reg[0][31]_i_342/CO[3]
                         net (fo=1, routed)           0.000    92.697    CPU_U/ALU_0/mem_reg[0][31]_i_342_n_0
    SLICE_X59Y49         CARRY4 (Prop_carry4_CI_CO[3])
                                                      0.114    92.811 r  CPU_U/ALU_0/mem_reg[0][31]_i_337/CO[3]
                         net (fo=1, routed)           0.001    92.812    CPU_U/ALU_0/mem_reg[0][31]_i_337_n_0
    SLICE_X59Y50         CARRY4 (Prop_carry4_CI_CO[3])
                                                      0.114    92.926 r  CPU_U/ALU_0/mem_reg[0][31]_i_332/CO[3]
                         net (fo=1, routed)           0.000    92.926    CPU_U/ALU_0/mem_reg[0][31]_i_332_n_0
    SLICE_X59Y51         CARRY4 (Prop_carry4_CI_CO[3])
                                                      0.114    93.040 r  CPU_U/ALU_0/mem_reg[0][31]_i_327/CO[3]
                         net (fo=1, routed)           0.000    93.040    CPU_U/ALU_0/mem_reg[0][31]_i_327_n_0
    SLICE_X59Y52         CARRY4 (Prop_carry4_CI_CO[3])
                                                      0.114    93.154 r  CPU_U/ALU_0/mem_reg[0][31]_i_322/CO[3]
                         net (fo=1, routed)           0.000    93.154    CPU_U/ALU_0/mem_reg[0][31]_i_322_n_0
    SLICE_X59Y53         CARRY4 (Prop_carry4_CI_CO[3])
                                                      0.114    93.268 r  CPU_U/ALU_0/mem_reg[0][31]_i_317/CO[3]
                         net (fo=1, routed)           0.000    93.268    CPU_U/ALU_0/mem_reg[0][31]_i_317_n_0
    SLICE_X59Y54         CARRY4 (Prop_carry4_CI_CO[3])
                                                      0.114    93.382 r  CPU_U/ALU_0/mem_reg[0][31]_i_312/CO[3]
                         net (fo=1, routed)           0.000    93.382    CPU_U/ALU_0/mem_reg[0][31]_i_312_n_0
    SLICE_X59Y55         CARRY4 (Prop_carry4_CI_CO[3])
                                                      0.114    93.496 r  CPU_U/ALU_0/mem_reg[0][31]_i_309/CO[3]
                         net (fo=1, routed)           0.000    93.496    CPU_U/ALU_0/mem_reg[0][31]_i_309_n_0
    SLICE_X59Y56         CARRY4 (Prop_carry4_CI_CO[1])
                                                      0.157    93.653 r  CPU_U/ALU_0/mem_reg[0][31]_i_308/CO[1]
                         net (fo=35, routed)          2.466    96.120    CPU_U/ALU_0/mem_reg[0][31]_i_308_n_2
    SLICE_X61Y48         LUT3 (Prop_lut3_I0_O)        0.329    96.449 r  CPU_U/ALU_0/mem[0][31]_i_345/O
                         net (fo=1, routed)           0.000    96.449    CPU_U/ALU_0/mem[0][31]_i_345_n_0
    SLICE_X61Y48         CARRY4 (Prop_carry4_S[1]_CO[3])
                                                      0.550    96.999 r  CPU_U/ALU_0/mem_reg[0][31]_i_294/CO[3]
                         net (fo=1, routed)           0.000    96.999    CPU_U/ALU_0/mem_reg[0][31]_i_294_n_0
    SLICE_X61Y49         CARRY4 (Prop_carry4_CI_CO[3])
                                                      0.114    97.113 r  CPU_U/ALU_0/mem_reg[0][31]_i_289/CO[3]
                         net (fo=1, routed)           0.001    97.113    CPU_U/ALU_0/mem_reg[0][31]_i_289_n_0
    SLICE_X61Y50         CARRY4 (Prop_carry4_CI_CO[3])
                                                      0.114    97.227 r  CPU_U/ALU_0/mem_reg[0][31]_i_284/CO[3]
                         net (fo=1, routed)           0.000    97.227    CPU_U/ALU_0/mem_reg[0][31]_i_284_n_0
    SLICE_X61Y51         CARRY4 (Prop_carry4_CI_CO[3])
                                                      0.114    97.341 r  CPU_U/ALU_0/mem_reg[0][31]_i_279/CO[3]
                         net (fo=1, routed)           0.000    97.341    CPU_U/ALU_0/mem_reg[0][31]_i_279_n_0
    SLICE_X61Y52         CARRY4 (Prop_carry4_CI_CO[3])
                                                      0.114    97.455 r  CPU_U/ALU_0/mem_reg[0][31]_i_274/CO[3]
                         net (fo=1, routed)           0.000    97.455    CPU_U/ALU_0/mem_reg[0][31]_i_274_n_0
    SLICE_X61Y53         CARRY4 (Prop_carry4_CI_CO[3])
                                                      0.114    97.569 r  CPU_U/ALU_0/mem_reg[0][31]_i_269/CO[3]
                         net (fo=1, routed)           0.000    97.569    CPU_U/ALU_0/mem_reg[0][31]_i_269_n_0
    SLICE_X61Y54         CARRY4 (Prop_carry4_CI_CO[3])
                                                      0.114    97.683 r  CPU_U/ALU_0/mem_reg[0][31]_i_266/CO[3]
                         net (fo=1, routed)           0.000    97.683    CPU_U/ALU_0/mem_reg[0][31]_i_266_n_0
    SLICE_X61Y55         CARRY4 (Prop_carry4_CI_CO[1])
                                                      0.157    97.840 r  CPU_U/ALU_0/mem_reg[0][31]_i_265/CO[1]
                         net (fo=35, routed)          2.070    99.910    CPU_U/IDEX_0/CO[0]
    SLICE_X63Y46         LUT3 (Prop_lut3_I0_O)        0.329   100.239 r  CPU_U/IDEX_0/mem[0][31]_i_307/O
                         net (fo=1, routed)           0.000   100.239    CPU_U/ALU_0/mem_reg[0][31]_i_215_1[0]
    SLICE_X63Y46         CARRY4 (Prop_carry4_S[1]_CO[3])
                                                      0.550   100.789 r  CPU_U/ALU_0/mem_reg[0][31]_i_257/CO[3]
                         net (fo=1, routed)           0.000   100.789    CPU_U/ALU_0/mem_reg[0][31]_i_257_n_0
    SLICE_X63Y47         CARRY4 (Prop_carry4_CI_CO[3])
                                                      0.114   100.903 r  CPU_U/ALU_0/mem_reg[0][31]_i_252/CO[3]
                         net (fo=1, routed)           0.000   100.903    CPU_U/ALU_0/mem_reg[0][31]_i_252_n_0
    SLICE_X63Y48         CARRY4 (Prop_carry4_CI_CO[3])
                                                      0.114   101.017 r  CPU_U/ALU_0/mem_reg[0][31]_i_247/CO[3]
                         net (fo=1, routed)           0.000   101.017    CPU_U/ALU_0/mem_reg[0][31]_i_247_n_0
    SLICE_X63Y49         CARRY4 (Prop_carry4_CI_CO[3])
                                                      0.114   101.131 r  CPU_U/ALU_0/mem_reg[0][31]_i_242/CO[3]
                         net (fo=1, routed)           0.001   101.132    CPU_U/ALU_0/mem_reg[0][31]_i_242_n_0
    SLICE_X63Y50         CARRY4 (Prop_carry4_CI_CO[3])
                                                      0.114   101.246 r  CPU_U/ALU_0/mem_reg[0][31]_i_237/CO[3]
                         net (fo=1, routed)           0.000   101.246    CPU_U/ALU_0/mem_reg[0][31]_i_237_n_0
    SLICE_X63Y51         CARRY4 (Prop_carry4_CI_CO[3])
                                                      0.114   101.360 r  CPU_U/ALU_0/mem_reg[0][31]_i_232/CO[3]
                         net (fo=1, routed)           0.000   101.360    CPU_U/ALU_0/mem_reg[0][31]_i_232_n_0
    SLICE_X63Y52         CARRY4 (Prop_carry4_CI_CO[3])
                                                      0.114   101.474 r  CPU_U/ALU_0/mem_reg[0][31]_i_227/CO[3]
                         net (fo=1, routed)           0.000   101.474    CPU_U/ALU_0/mem_reg[0][31]_i_227_n_0
    SLICE_X63Y53         CARRY4 (Prop_carry4_CI_CO[3])
                                                      0.114   101.588 r  CPU_U/ALU_0/mem_reg[0][31]_i_224/CO[3]
                         net (fo=1, routed)           0.000   101.588    CPU_U/ALU_0/mem_reg[0][31]_i_224_n_0
    SLICE_X63Y54         CARRY4 (Prop_carry4_CI_CO[1])
                                                      0.157   101.745 r  CPU_U/ALU_0/mem_reg[0][31]_i_223/CO[1]
                         net (fo=35, routed)          2.448   104.193    CPU_U/ALU_0/mem_reg[0][31]_i_223_n_2
    SLICE_X52Y45         LUT3 (Prop_lut3_I0_O)        0.329   104.522 r  CPU_U/ALU_0/mem[0][31]_i_264/O
                         net (fo=1, routed)           0.000   104.522    CPU_U/ALU_0/mem[0][31]_i_264_n_0
    SLICE_X52Y45         CARRY4 (Prop_carry4_S[1]_CO[3])
                                                      0.533   105.055 r  CPU_U/ALU_0/mem_reg[0][31]_i_215/CO[3]
                         net (fo=1, routed)           0.000   105.055    CPU_U/ALU_0/mem_reg[0][31]_i_215_n_0
    SLICE_X52Y46         CARRY4 (Prop_carry4_CI_CO[3])
                                                      0.117   105.172 r  CPU_U/ALU_0/mem_reg[0][31]_i_210/CO[3]
                         net (fo=1, routed)           0.000   105.172    CPU_U/ALU_0/mem_reg[0][31]_i_210_n_0
    SLICE_X52Y47         CARRY4 (Prop_carry4_CI_CO[3])
                                                      0.117   105.289 r  CPU_U/ALU_0/mem_reg[0][31]_i_205/CO[3]
                         net (fo=1, routed)           0.000   105.289    CPU_U/ALU_0/mem_reg[0][31]_i_205_n_0
    SLICE_X52Y48         CARRY4 (Prop_carry4_CI_CO[3])
                                                      0.117   105.406 r  CPU_U/ALU_0/mem_reg[0][31]_i_200/CO[3]
                         net (fo=1, routed)           0.000   105.406    CPU_U/ALU_0/mem_reg[0][31]_i_200_n_0
    SLICE_X52Y49         CARRY4 (Prop_carry4_CI_CO[3])
                                                      0.117   105.523 r  CPU_U/ALU_0/mem_reg[0][31]_i_195/CO[3]
                         net (fo=1, routed)           0.001   105.524    CPU_U/ALU_0/mem_reg[0][31]_i_195_n_0
    SLICE_X52Y50         CARRY4 (Prop_carry4_CI_CO[3])
                                                      0.117   105.641 r  CPU_U/ALU_0/mem_reg[0][31]_i_190/CO[3]
                         net (fo=1, routed)           0.000   105.641    CPU_U/ALU_0/mem_reg[0][31]_i_190_n_0
    SLICE_X52Y51         CARRY4 (Prop_carry4_CI_CO[3])
                                                      0.117   105.758 r  CPU_U/ALU_0/mem_reg[0][31]_i_185/CO[3]
                         net (fo=1, routed)           0.000   105.758    CPU_U/ALU_0/mem_reg[0][31]_i_185_n_0
    SLICE_X52Y52         CARRY4 (Prop_carry4_CI_CO[3])
                                                      0.117   105.875 r  CPU_U/ALU_0/mem_reg[0][31]_i_182/CO[3]
                         net (fo=1, routed)           0.000   105.875    CPU_U/ALU_0/mem_reg[0][31]_i_182_n_0
    SLICE_X52Y53         CARRY4 (Prop_carry4_CI_CO[1])
                                                      0.157   106.032 r  CPU_U/ALU_0/mem_reg[0][31]_i_181/CO[1]
                         net (fo=35, routed)          2.570   108.602    CPU_U/ALU_0/mem_reg[0][31]_i_181_n_2
    SLICE_X53Y42         LUT3 (Prop_lut3_I0_O)        0.332   108.934 r  CPU_U/ALU_0/mem[0][31]_i_222/O
                         net (fo=1, routed)           0.000   108.934    CPU_U/ALU_0/mem[0][31]_i_222_n_0
    SLICE_X53Y42         CARRY4 (Prop_carry4_S[1]_CO[3])
                                                      0.550   109.484 r  CPU_U/ALU_0/mem_reg[0][31]_i_176/CO[3]
                         net (fo=1, routed)           0.000   109.484    CPU_U/ALU_0/mem_reg[0][31]_i_176_n_0
    SLICE_X53Y43         CARRY4 (Prop_carry4_CI_CO[3])
                                                      0.114   109.598 r  CPU_U/ALU_0/mem_reg[0][31]_i_171/CO[3]
                         net (fo=1, routed)           0.000   109.598    CPU_U/ALU_0/mem_reg[0][31]_i_171_n_0
    SLICE_X53Y44         CARRY4 (Prop_carry4_CI_CO[3])
                                                      0.114   109.712 r  CPU_U/ALU_0/mem_reg[0][31]_i_166/CO[3]
                         net (fo=1, routed)           0.000   109.712    CPU_U/ALU_0/mem_reg[0][31]_i_166_n_0
    SLICE_X53Y45         CARRY4 (Prop_carry4_CI_CO[3])
                                                      0.114   109.826 r  CPU_U/ALU_0/mem_reg[0][31]_i_161/CO[3]
                         net (fo=1, routed)           0.000   109.826    CPU_U/ALU_0/mem_reg[0][31]_i_161_n_0
    SLICE_X53Y46         CARRY4 (Prop_carry4_CI_CO[3])
                                                      0.114   109.940 r  CPU_U/ALU_0/mem_reg[0][31]_i_156/CO[3]
                         net (fo=1, routed)           0.000   109.940    CPU_U/ALU_0/mem_reg[0][31]_i_156_n_0
    SLICE_X53Y47         CARRY4 (Prop_carry4_CI_CO[3])
                                                      0.114   110.054 r  CPU_U/ALU_0/mem_reg[0][31]_i_151/CO[3]
                         net (fo=1, routed)           0.000   110.054    CPU_U/ALU_0/mem_reg[0][31]_i_151_n_0
    SLICE_X53Y48         CARRY4 (Prop_carry4_CI_CO[3])
                                                      0.114   110.168 r  CPU_U/ALU_0/mem_reg[0][31]_i_146/CO[3]
                         net (fo=1, routed)           0.000   110.168    CPU_U/ALU_0/mem_reg[0][31]_i_146_n_0
    SLICE_X53Y49         CARRY4 (Prop_carry4_CI_CO[3])
                                                      0.114   110.282 r  CPU_U/ALU_0/mem_reg[0][31]_i_143/CO[3]
                         net (fo=1, routed)           0.001   110.283    CPU_U/ALU_0/mem_reg[0][31]_i_143_n_0
    SLICE_X53Y50         CARRY4 (Prop_carry4_CI_CO[1])
                                                      0.157   110.440 r  CPU_U/ALU_0/mem_reg[0][31]_i_142/CO[1]
                         net (fo=35, routed)          2.550   112.990    CPU_U/ALU_0/mem_reg[0][31]_i_142_n_2
    SLICE_X56Y41         LUT3 (Prop_lut3_I0_O)        0.329   113.319 r  CPU_U/ALU_0/mem[0][27]_i_48/O
                         net (fo=1, routed)           0.000   113.319    CPU_U/ALU_0/mem[0][27]_i_48_n_0
    SLICE_X56Y41         CARRY4 (Prop_carry4_S[1]_CO[3])
                                                      0.533   113.852 r  CPU_U/ALU_0/mem_reg[0][27]_i_41/CO[3]
                         net (fo=1, routed)           0.000   113.852    CPU_U/ALU_0/mem_reg[0][27]_i_41_n_0
    SLICE_X56Y42         CARRY4 (Prop_carry4_CI_CO[3])
                                                      0.117   113.969 r  CPU_U/ALU_0/mem_reg[0][31]_i_137/CO[3]
                         net (fo=1, routed)           0.000   113.969    CPU_U/ALU_0/mem_reg[0][31]_i_137_n_0
    SLICE_X56Y43         CARRY4 (Prop_carry4_CI_CO[3])
                                                      0.117   114.086 r  CPU_U/ALU_0/mem_reg[0][31]_i_132/CO[3]
                         net (fo=1, routed)           0.000   114.086    CPU_U/ALU_0/mem_reg[0][31]_i_132_n_0
    SLICE_X56Y44         CARRY4 (Prop_carry4_CI_CO[3])
                                                      0.117   114.203 r  CPU_U/ALU_0/mem_reg[0][31]_i_127/CO[3]
                         net (fo=1, routed)           0.000   114.203    CPU_U/ALU_0/mem_reg[0][31]_i_127_n_0
    SLICE_X56Y45         CARRY4 (Prop_carry4_CI_CO[3])
                                                      0.117   114.320 r  CPU_U/ALU_0/mem_reg[0][31]_i_122/CO[3]
                         net (fo=1, routed)           0.000   114.320    CPU_U/ALU_0/mem_reg[0][31]_i_122_n_0
    SLICE_X56Y46         CARRY4 (Prop_carry4_CI_CO[3])
                                                      0.117   114.437 r  CPU_U/ALU_0/mem_reg[0][31]_i_117/CO[3]
                         net (fo=1, routed)           0.000   114.437    CPU_U/ALU_0/mem_reg[0][31]_i_117_n_0
    SLICE_X56Y47         CARRY4 (Prop_carry4_CI_CO[3])
                                                      0.117   114.554 r  CPU_U/ALU_0/mem_reg[0][31]_i_112/CO[3]
                         net (fo=1, routed)           0.000   114.554    CPU_U/ALU_0/mem_reg[0][31]_i_112_n_0
    SLICE_X56Y48         CARRY4 (Prop_carry4_CI_CO[3])
                                                      0.117   114.671 r  CPU_U/ALU_0/mem_reg[0][31]_i_109/CO[3]
                         net (fo=1, routed)           0.000   114.671    CPU_U/ALU_0/mem_reg[0][31]_i_109_n_0
    SLICE_X56Y49         CARRY4 (Prop_carry4_CI_CO[1])
                                                      0.157   114.828 r  CPU_U/ALU_0/mem_reg[0][31]_i_108/CO[1]
                         net (fo=35, routed)          2.074   116.902    CPU_U/ALU_0/mem[0][31]_i_145_0[0]
    SLICE_X57Y41         LUT3 (Prop_lut3_I0_O)        0.332   117.234 r  CPU_U/ALU_0/mem[0][23]_i_43/O
                         net (fo=1, routed)           0.000   117.234    CPU_U/ALU_0/mem[0][23]_i_43_n_0
    SLICE_X57Y41         CARRY4 (Prop_carry4_S[2]_CO[3])
                                                      0.398   117.632 r  CPU_U/ALU_0/mem_reg[0][23]_i_36/CO[3]
                         net (fo=1, routed)           0.000   117.632    CPU_U/ALU_0/mem_reg[0][23]_i_36_n_0
    SLICE_X57Y42         CARRY4 (Prop_carry4_CI_CO[3])
                                                      0.114   117.746 r  CPU_U/ALU_0/mem_reg[0][27]_i_36/CO[3]
                         net (fo=1, routed)           0.000   117.746    CPU_U/ALU_0/mem_reg[0][27]_i_36_n_0
    SLICE_X57Y43         CARRY4 (Prop_carry4_CI_CO[3])
                                                      0.114   117.860 r  CPU_U/ALU_0/mem_reg[0][31]_i_103/CO[3]
                         net (fo=1, routed)           0.000   117.860    CPU_U/ALU_0/mem_reg[0][31]_i_103_n_0
    SLICE_X57Y44         CARRY4 (Prop_carry4_CI_CO[3])
                                                      0.114   117.974 r  CPU_U/ALU_0/mem_reg[0][31]_i_98/CO[3]
                         net (fo=1, routed)           0.000   117.974    CPU_U/ALU_0/mem_reg[0][31]_i_98_n_0
    SLICE_X57Y45         CARRY4 (Prop_carry4_CI_CO[3])
                                                      0.114   118.088 r  CPU_U/ALU_0/mem_reg[0][31]_i_93/CO[3]
                         net (fo=1, routed)           0.000   118.088    CPU_U/ALU_0/mem_reg[0][31]_i_93_n_0
    SLICE_X57Y46         CARRY4 (Prop_carry4_CI_CO[3])
                                                      0.114   118.202 r  CPU_U/ALU_0/mem_reg[0][31]_i_88/CO[3]
                         net (fo=1, routed)           0.000   118.202    CPU_U/ALU_0/mem_reg[0][31]_i_88_n_0
    SLICE_X57Y47         CARRY4 (Prop_carry4_CI_CO[3])
                                                      0.114   118.316 r  CPU_U/ALU_0/mem_reg[0][31]_i_83/CO[3]
                         net (fo=1, routed)           0.000   118.316    CPU_U/ALU_0/mem_reg[0][31]_i_83_n_0
    SLICE_X57Y48         CARRY4 (Prop_carry4_CI_CO[3])
                                                      0.114   118.430 r  CPU_U/ALU_0/mem_reg[0][31]_i_80/CO[3]
                         net (fo=1, routed)           0.000   118.430    CPU_U/ALU_0/mem_reg[0][31]_i_80_n_0
    SLICE_X57Y49         CARRY4 (Prop_carry4_CI_CO[1])
                                                      0.157   118.587 r  CPU_U/ALU_0/mem_reg[0][31]_i_79/CO[1]
                         net (fo=35, routed)          2.140   120.727    CPU_U/ALU_0/mem_reg[0][31]_i_79_n_2
    SLICE_X58Y41         LUT3 (Prop_lut3_I0_O)        0.329   121.056 r  CPU_U/ALU_0/mem[0][23]_i_39/O
                         net (fo=1, routed)           0.000   121.056    CPU_U/ALU_0/mem[0][23]_i_39_n_0
    SLICE_X58Y41         CARRY4 (Prop_carry4_S[1]_CO[3])
                                                      0.550   121.606 r  CPU_U/ALU_0/mem_reg[0][23]_i_31/CO[3]
                         net (fo=1, routed)           0.000   121.606    CPU_U/ALU_0/mem_reg[0][23]_i_31_n_0
    SLICE_X58Y42         CARRY4 (Prop_carry4_CI_CO[3])
                                                      0.114   121.720 r  CPU_U/ALU_0/mem_reg[0][27]_i_31/CO[3]
                         net (fo=1, routed)           0.000   121.720    CPU_U/ALU_0/mem_reg[0][27]_i_31_n_0
    SLICE_X58Y43         CARRY4 (Prop_carry4_CI_CO[3])
                                                      0.114   121.834 r  CPU_U/ALU_0/mem_reg[0][31]_i_74/CO[3]
                         net (fo=1, routed)           0.000   121.834    CPU_U/ALU_0/mem_reg[0][31]_i_74_n_0
    SLICE_X58Y44         CARRY4 (Prop_carry4_CI_CO[3])
                                                      0.114   121.948 r  CPU_U/ALU_0/mem_reg[0][31]_i_69/CO[3]
                         net (fo=1, routed)           0.000   121.948    CPU_U/ALU_0/mem_reg[0][31]_i_69_n_0
    SLICE_X58Y45         CARRY4 (Prop_carry4_CI_CO[3])
                                                      0.114   122.062 r  CPU_U/ALU_0/mem_reg[0][31]_i_64/CO[3]
                         net (fo=1, routed)           0.000   122.062    CPU_U/ALU_0/mem_reg[0][31]_i_64_n_0
    SLICE_X58Y46         CARRY4 (Prop_carry4_CI_CO[3])
                                                      0.114   122.176 r  CPU_U/ALU_0/mem_reg[0][31]_i_59/CO[3]
                         net (fo=1, routed)           0.000   122.176    CPU_U/ALU_0/mem_reg[0][31]_i_59_n_0
    SLICE_X58Y47         CARRY4 (Prop_carry4_CI_CO[3])
                                                      0.114   122.290 r  CPU_U/ALU_0/mem_reg[0][31]_i_56/CO[3]
                         net (fo=1, routed)           0.000   122.290    CPU_U/ALU_0/mem_reg[0][31]_i_56_n_0
    SLICE_X58Y48         CARRY4 (Prop_carry4_CI_CO[1])
                                                      0.157   122.447 r  CPU_U/ALU_0/mem_reg[0][31]_i_55/CO[1]
                         net (fo=35, routed)          2.246   124.693    CPU_U/ALU_0/mem_reg[0][31]_i_55_n_2
    SLICE_X62Y39         CARRY4 (Prop_carry4_CYINIT_CO[3])
                                                      0.785   125.478 r  CPU_U/ALU_0/mem_reg[0][15]_i_26/CO[3]
                         net (fo=1, routed)           0.000   125.478    CPU_U/ALU_0/mem_reg[0][15]_i_26_n_0
    SLICE_X62Y40         CARRY4 (Prop_carry4_CI_CO[3])
                                                      0.114   125.592 r  CPU_U/ALU_0/mem_reg[0][18]_i_15/CO[3]
                         net (fo=1, routed)           0.000   125.592    CPU_U/ALU_0/mem_reg[0][18]_i_15_n_0
    SLICE_X62Y41         CARRY4 (Prop_carry4_CI_CO[3])
                                                      0.114   125.706 r  CPU_U/ALU_0/mem_reg[0][23]_i_26/CO[3]
                         net (fo=1, routed)           0.000   125.706    CPU_U/ALU_0/mem_reg[0][23]_i_26_n_0
    SLICE_X62Y42         CARRY4 (Prop_carry4_CI_CO[3])
                                                      0.114   125.820 r  CPU_U/ALU_0/mem_reg[0][27]_i_26/CO[3]
                         net (fo=1, routed)           0.000   125.820    CPU_U/ALU_0/mem_reg[0][27]_i_26_n_0
    SLICE_X62Y43         CARRY4 (Prop_carry4_CI_CO[3])
                                                      0.114   125.934 r  CPU_U/ALU_0/mem_reg[0][31]_i_50/CO[3]
                         net (fo=1, routed)           0.000   125.934    CPU_U/ALU_0/mem_reg[0][31]_i_50_n_0
    SLICE_X62Y44         CARRY4 (Prop_carry4_CI_CO[3])
                                                      0.114   126.048 r  CPU_U/ALU_0/mem_reg[0][31]_i_45/CO[3]
                         net (fo=1, routed)           0.000   126.048    CPU_U/ALU_0/mem_reg[0][31]_i_45_n_0
    SLICE_X62Y45         CARRY4 (Prop_carry4_CI_CO[3])
                                                      0.114   126.162 r  CPU_U/ALU_0/mem_reg[0][31]_i_40/CO[3]
                         net (fo=1, routed)           0.000   126.162    CPU_U/ALU_0/mem_reg[0][31]_i_40_n_0
    SLICE_X62Y46         CARRY4 (Prop_carry4_CI_CO[3])
                                                      0.114   126.276 r  CPU_U/ALU_0/mem_reg[0][31]_i_37/CO[3]
                         net (fo=1, routed)           0.000   126.276    CPU_U/ALU_0/mem_reg[0][31]_i_37_n_0
    SLICE_X62Y47         CARRY4 (Prop_carry4_CI_CO[1])
                                                      0.157   126.433 r  CPU_U/ALU_0/mem_reg[0][31]_i_36/CO[1]
                         net (fo=35, routed)          2.373   128.806    CPU_U/ALU_0/mem_reg[0][31]_i_36_n_2
    SLICE_X59Y38         LUT3 (Prop_lut3_I0_O)        0.329   129.135 r  CPU_U/ALU_0/mem[0][11]_i_28/O
                         net (fo=1, routed)           0.000   129.135    CPU_U/ALU_0/mem[0][11]_i_28_n_0
    SLICE_X59Y38         CARRY4 (Prop_carry4_S[1]_CO[3])
                                                      0.550   129.685 r  CPU_U/ALU_0/mem_reg[0][11]_i_21/CO[3]
                         net (fo=1, routed)           0.000   129.685    CPU_U/ALU_0/mem_reg[0][11]_i_21_n_0
    SLICE_X59Y39         CARRY4 (Prop_carry4_CI_CO[3])
                                                      0.114   129.799 r  CPU_U/ALU_0/mem_reg[0][15]_i_21/CO[3]
                         net (fo=1, routed)           0.000   129.799    CPU_U/ALU_0/mem_reg[0][15]_i_21_n_0
    SLICE_X59Y40         CARRY4 (Prop_carry4_CI_CO[3])
                                                      0.114   129.913 r  CPU_U/ALU_0/mem_reg[0][18]_i_10/CO[3]
                         net (fo=1, routed)           0.000   129.913    CPU_U/ALU_0/mem_reg[0][18]_i_10_n_0
    SLICE_X59Y41         CARRY4 (Prop_carry4_CI_CO[3])
                                                      0.114   130.027 r  CPU_U/ALU_0/mem_reg[0][23]_i_21/CO[3]
                         net (fo=1, routed)           0.000   130.027    CPU_U/ALU_0/mem_reg[0][23]_i_21_n_0
    SLICE_X59Y42         CARRY4 (Prop_carry4_CI_CO[3])
                                                      0.114   130.141 r  CPU_U/ALU_0/mem_reg[0][27]_i_21/CO[3]
                         net (fo=1, routed)           0.000   130.141    CPU_U/ALU_0/mem_reg[0][27]_i_21_n_0
    SLICE_X59Y43         CARRY4 (Prop_carry4_CI_CO[3])
                                                      0.114   130.255 r  CPU_U/ALU_0/mem_reg[0][31]_i_31/CO[3]
                         net (fo=1, routed)           0.000   130.255    CPU_U/ALU_0/mem_reg[0][31]_i_31_n_0
    SLICE_X59Y44         CARRY4 (Prop_carry4_CI_CO[3])
                                                      0.114   130.369 r  CPU_U/ALU_0/mem_reg[0][31]_i_26/CO[3]
                         net (fo=1, routed)           0.000   130.369    CPU_U/ALU_0/mem_reg[0][31]_i_26_n_0
    SLICE_X59Y45         CARRY4 (Prop_carry4_CI_CO[3])
                                                      0.114   130.483 r  CPU_U/ALU_0/mem_reg[0][31]_i_23/CO[3]
                         net (fo=1, routed)           0.000   130.483    CPU_U/ALU_0/mem_reg[0][31]_i_23_n_0
    SLICE_X59Y46         CARRY4 (Prop_carry4_CI_CO[1])
                                                      0.157   130.640 r  CPU_U/ALU_0/mem_reg[0][31]_i_22/CO[1]
                         net (fo=35, routed)          2.070   132.710    CPU_U/IDEX_0/mem_reg[0][7]_i_16[0]
    SLICE_X60Y37         LUT3 (Prop_lut3_I0_O)        0.329   133.039 r  CPU_U/IDEX_0/mem[0][7]_i_24/O
                         net (fo=1, routed)           0.000   133.039    CPU_U/ALU_0/mem_reg[0][3]_i_14_1[0]
    SLICE_X60Y37         CARRY4 (Prop_carry4_S[1]_CO[3])
                                                      0.533   133.572 r  CPU_U/ALU_0/mem_reg[0][7]_i_16/CO[3]
                         net (fo=1, routed)           0.000   133.572    CPU_U/ALU_0/mem_reg[0][7]_i_16_n_0
    SLICE_X60Y38         CARRY4 (Prop_carry4_CI_CO[3])
                                                      0.117   133.689 r  CPU_U/ALU_0/mem_reg[0][11]_i_16/CO[3]
                         net (fo=1, routed)           0.000   133.689    CPU_U/ALU_0/mem_reg[0][11]_i_16_n_0
    SLICE_X60Y39         CARRY4 (Prop_carry4_CI_CO[3])
                                                      0.117   133.806 r  CPU_U/ALU_0/mem_reg[0][15]_i_16/CO[3]
                         net (fo=1, routed)           0.000   133.806    CPU_U/ALU_0/mem_reg[0][15]_i_16_n_0
    SLICE_X60Y40         CARRY4 (Prop_carry4_CI_CO[3])
                                                      0.117   133.923 r  CPU_U/ALU_0/mem_reg[0][18]_i_5/CO[3]
                         net (fo=1, routed)           0.000   133.923    CPU_U/ALU_0/mem_reg[0][18]_i_5_n_0
    SLICE_X60Y41         CARRY4 (Prop_carry4_CI_CO[3])
                                                      0.117   134.040 r  CPU_U/ALU_0/mem_reg[0][23]_i_16/CO[3]
                         net (fo=1, routed)           0.000   134.040    CPU_U/ALU_0/mem_reg[0][23]_i_16_n_0
    SLICE_X60Y42         CARRY4 (Prop_carry4_CI_CO[3])
                                                      0.117   134.157 r  CPU_U/ALU_0/mem_reg[0][27]_i_16/CO[3]
                         net (fo=1, routed)           0.000   134.157    CPU_U/ALU_0/mem_reg[0][27]_i_16_n_0
    SLICE_X60Y43         CARRY4 (Prop_carry4_CI_CO[3])
                                                      0.117   134.274 r  CPU_U/ALU_0/mem_reg[0][31]_i_17/CO[3]
                         net (fo=1, routed)           0.000   134.274    CPU_U/ALU_0/mem_reg[0][31]_i_17_n_0
    SLICE_X60Y44         CARRY4 (Prop_carry4_CI_CO[3])
                                                      0.117   134.391 r  CPU_U/ALU_0/mem_reg[0][31]_i_14/CO[3]
                         net (fo=1, routed)           0.000   134.391    CPU_U/ALU_0/mem_reg[0][31]_i_14_n_0
    SLICE_X60Y45         CARRY4 (Prop_carry4_CI_CO[1])
                                                      0.157   134.548 r  CPU_U/ALU_0/mem_reg[0][31]_i_13/CO[1]
                         net (fo=35, routed)          2.193   136.741    CPU_U/ALU_0/mem_reg[0][31]_i_13_n_2
    SLICE_X61Y36         LUT3 (Prop_lut3_I0_O)        0.332   137.073 r  CPU_U/ALU_0/mem[0][3]_i_18/O
                         net (fo=1, routed)           0.000   137.073    CPU_U/ALU_0/mem[0][3]_i_18_n_0
    SLICE_X61Y36         CARRY4 (Prop_carry4_S[1]_CO[3])
                                                      0.550   137.623 r  CPU_U/ALU_0/mem_reg[0][3]_i_14/CO[3]
                         net (fo=1, routed)           0.000   137.623    CPU_U/ALU_0/mem_reg[0][3]_i_14_n_0
    SLICE_X61Y37         CARRY4 (Prop_carry4_CI_CO[3])
                                                      0.114   137.737 r  CPU_U/ALU_0/mem_reg[0][7]_i_14/CO[3]
                         net (fo=1, routed)           0.000   137.737    CPU_U/ALU_0/mem_reg[0][7]_i_14_n_0
    SLICE_X61Y38         CARRY4 (Prop_carry4_CI_O[3])
                                                      0.313   138.050 r  CPU_U/ALU_0/mem_reg[0][11]_i_14/O[3]
                         net (fo=4, routed)           1.392   139.442    CPU_U/ALU_0/mem[0][11]_i_20_0[3]
    SLICE_X60Y34         LUT6 (Prop_lut6_I5_O)        0.306   139.748 f  CPU_U/ALU_0/mem[0][13]_i_5/O
                         net (fo=2, routed)           1.058   140.806    CPU_U/ALU_0/mem[0][13]_i_5_n_0
    SLICE_X60Y34         LUT3 (Prop_lut3_I2_O)        0.124   140.930 f  CPU_U/ALU_0/mem[0][17]_i_5/O
                         net (fo=1, routed)           0.810   141.741    CPU_U/ALU_0/mem[0][17]_i_5_n_0
    SLICE_X60Y34         LUT5 (Prop_lut5_I1_O)        0.124   141.865 r  CPU_U/ALU_0/mem[0][17]_i_4/O
                         net (fo=4, routed)           0.700   142.565    CPU_U/ALU_0/mem[0][17]_i_4_n_0
    SLICE_X60Y36         LUT6 (Prop_lut6_I2_O)        0.124   142.689 r  CPU_U/ALU_0/mem[0][20]_i_5/O
                         net (fo=3, routed)           1.103   143.792    CPU_U/ALU_0/mem[0][20]_i_5_n_0
    SLICE_X65Y38         LUT4 (Prop_lut4_I3_O)        0.124   143.916 f  CPU_U/ALU_0/mem[0][24]_i_6/O
                         net (fo=3, routed)           0.650   144.566    CPU_U/ALU_0/mem[0][24]_i_6_n_0
    SLICE_X65Y39         LUT4 (Prop_lut4_I1_O)        0.124   144.690 r  CPU_U/ALU_0/mem[0][25]_i_4/O
                         net (fo=2, routed)           0.566   145.256    CPU_U/ALU_0/mem[0][25]_i_4_n_0
    SLICE_X63Y39         LUT5 (Prop_lut5_I3_O)        0.124   145.380 r  CPU_U/ALU_0/mem[0][25]_i_3/O
                         net (fo=1, routed)           0.982   146.361    CPU_U/ALU_0/mem[0][25]_i_3_n_0
    SLICE_X60Y35         LUT6 (Prop_lut6_I0_O)        0.124   146.485 r  CPU_U/ALU_0/mem[0][25]_i_2__0/O
                         net (fo=1, routed)           1.282   147.768    CPU_U/IDEX_0/mem_reg[0][25]
    SLICE_X52Y40         LUT6 (Prop_lut6_I5_O)        0.124   147.892 r  CPU_U/IDEX_0/mem[0][25]_i_1/O
                         net (fo=1, routed)           0.000   147.892    CPU_U/Hi_reg_0/D[25]
    SLICE_X52Y40         FDCE                                         r  CPU_U/Hi_reg_0/mem_reg[0][25]/D
  -------------------------------------------------------------------    -------------------

Slack:                    inf
  Source:                 CPU_U/MEMWB_0/JAL_WB_reg/C
                            (rising edge-triggered cell FDCE)
  Destination:            CPU_U/Hi_reg_0/mem_reg[0][22]/D
  Path Group:             (none)
  Path Type:              Max at Slow Process Corner
  Data Path Delay:        147.405ns  (logic 58.725ns (39.839%)  route 88.680ns (60.161%))
  Logic Levels:           320  (CARRY4=275 FDCE=1 LUT1=1 LUT3=34 LUT5=3 LUT6=6)

    Location             Delay type                Incr(ns)  Path(ns)    Netlist Resource(s)
  -------------------------------------------------------------------    -------------------
    SLICE_X39Y48         FDCE                         0.000     0.000 r  CPU_U/MEMWB_0/JAL_WB_reg/C
    SLICE_X39Y48         FDCE (Prop_fdce_C_Q)         0.456     0.456 r  CPU_U/MEMWB_0/JAL_WB_reg/Q
                         net (fo=34, routed)          3.220     3.676    CPU_U/MEMWB_0/sel0[4]
    SLICE_X65Y46         LUT3 (Prop_lut3_I0_O)        0.124     3.800 r  CPU_U/MEMWB_0/MEM_reg_r1_0_31_0_5_i_24/O
                         net (fo=30, routed)          4.737     8.536    CPU_U/MEMWB_0/MEM_reg_r1_0_31_0_5_i_24_n_0
    SLICE_X51Y48         LUT6 (Prop_lut6_I5_O)        0.124     8.660 f  CPU_U/MEMWB_0/MEM_reg_r1_0_31_12_17_i_19/O
                         net (fo=1, routed)           0.151     8.812    CPU_U/MEMWB_0/MEM_reg_r1_0_31_12_17_i_19_n_0
    SLICE_X51Y48         LUT6 (Prop_lut6_I5_O)        0.124     8.936 r  CPU_U/MEMWB_0/MEM_reg_r1_0_31_12_17_i_12/O
                         net (fo=3, routed)           0.166     9.102    CPU_U/IDEX_0/mult_result_u__1_23
    SLICE_X51Y48         LUT5 (Prop_lut5_I0_O)        0.124     9.226 f  CPU_U/IDEX_0/LedData[16]_i_1/O
                         net (fo=3, routed)           2.021    11.247    CPU_U/IDEX_0/R2_EX_reg[31]_0[16]
    SLICE_X65Y56         LUT3 (Prop_lut3_I2_O)        0.124    11.371 f  CPU_U/IDEX_0/mult_result_u_i_16/O
                         net (fo=96, routed)          4.021    15.392    CPU_U/IDEX_0/imm_EX_reg[17]_5
    SLICE_X37Y68         LUT1 (Prop_lut1_I0_O)        0.124    15.516 r  CPU_U/IDEX_0/mem[0][31]_i_1221/O
                         net (fo=1, routed)           0.000    15.516    CPU_U/ALU_0/mem_reg[0][31]_i_1120_1[0]
    SLICE_X37Y68         CARRY4 (Prop_carry4_S[0]_CO[3])
                                                      0.532    16.048 r  CPU_U/ALU_0/mem_reg[0][31]_i_1162/CO[3]
                         net (fo=1, routed)           0.000    16.048    CPU_U/ALU_0/mem_reg[0][31]_i_1162_n_0
    SLICE_X37Y69         CARRY4 (Prop_carry4_CI_CO[3])
                                                      0.114    16.162 r  CPU_U/ALU_0/mem_reg[0][31]_i_1157/CO[3]
                         net (fo=1, routed)           0.000    16.162    CPU_U/ALU_0/mem_reg[0][31]_i_1157_n_0
    SLICE_X37Y70         CARRY4 (Prop_carry4_CI_CO[3])
                                                      0.114    16.276 r  CPU_U/ALU_0/mem_reg[0][31]_i_1152/CO[3]
                         net (fo=1, routed)           0.000    16.276    CPU_U/ALU_0/mem_reg[0][31]_i_1152_n_0
    SLICE_X37Y71         CARRY4 (Prop_carry4_CI_CO[3])
                                                      0.114    16.390 r  CPU_U/ALU_0/mem_reg[0][31]_i_1149/CO[3]
                         net (fo=1, routed)           0.000    16.390    CPU_U/ALU_0/mem_reg[0][31]_i_1149_n_0
    SLICE_X37Y72         CARRY4 (Prop_carry4_CI_CO[0])
                                                      0.271    16.661 r  CPU_U/ALU_0/mem_reg[0][31]_i_1148/CO[0]
                         net (fo=35, routed)          1.559    18.220    CPU_U/ALU_0/mem_reg[0][31]_i_1148_n_3
    SLICE_X36Y63         LUT3 (Prop_lut3_I0_O)        0.373    18.593 r  CPU_U/ALU_0/mem[0][31]_i_1189/O
                         net (fo=1, routed)           0.000    18.593    CPU_U/ALU_0/mem[0][31]_i_1189_n_0
    SLICE_X36Y63         CARRY4 (Prop_carry4_S[1]_CO[3])
                                                      0.550    19.143 r  CPU_U/ALU_0/mem_reg[0][31]_i_1140/CO[3]
                         net (fo=1, routed)           0.000    19.143    CPU_U/ALU_0/mem_reg[0][31]_i_1140_n_0
    SLICE_X36Y64         CARRY4 (Prop_carry4_CI_CO[3])
                                                      0.114    19.257 r  CPU_U/ALU_0/mem_reg[0][31]_i_1135/CO[3]
                         net (fo=1, routed)           0.000    19.257    CPU_U/ALU_0/mem_reg[0][31]_i_1135_n_0
    SLICE_X36Y65         CARRY4 (Prop_carry4_CI_CO[3])
                                                      0.114    19.371 r  CPU_U/ALU_0/mem_reg[0][31]_i_1130/CO[3]
                         net (fo=1, routed)           0.000    19.371    CPU_U/ALU_0/mem_reg[0][31]_i_1130_n_0
    SLICE_X36Y66         CARRY4 (Prop_carry4_CI_CO[3])
                                                      0.114    19.485 r  CPU_U/ALU_0/mem_reg[0][31]_i_1125/CO[3]
                         net (fo=1, routed)           0.000    19.485    CPU_U/ALU_0/mem_reg[0][31]_i_1125_n_0
    SLICE_X36Y67         CARRY4 (Prop_carry4_CI_CO[3])
                                                      0.114    19.599 r  CPU_U/ALU_0/mem_reg[0][31]_i_1120/CO[3]
                         net (fo=1, routed)           0.000    19.599    CPU_U/ALU_0/mem_reg[0][31]_i_1120_n_0
    SLICE_X36Y68         CARRY4 (Prop_carry4_CI_CO[3])
                                                      0.114    19.713 r  CPU_U/ALU_0/mem_reg[0][31]_i_1115/CO[3]
                         net (fo=1, routed)           0.000    19.713    CPU_U/ALU_0/mem_reg[0][31]_i_1115_n_0
    SLICE_X36Y69         CARRY4 (Prop_carry4_CI_CO[3])
                                                      0.114    19.827 r  CPU_U/ALU_0/mem_reg[0][31]_i_1110/CO[3]
                         net (fo=1, routed)           0.000    19.827    CPU_U/ALU_0/mem_reg[0][31]_i_1110_n_0
    SLICE_X36Y70         CARRY4 (Prop_carry4_CI_CO[3])
                                                      0.114    19.941 r  CPU_U/ALU_0/mem_reg[0][31]_i_1107/CO[3]
                         net (fo=1, routed)           0.000    19.941    CPU_U/ALU_0/mem_reg[0][31]_i_1107_n_0
    SLICE_X36Y71         CARRY4 (Prop_carry4_CI_CO[1])
                                                      0.157    20.098 r  CPU_U/ALU_0/mem_reg[0][31]_i_1106/CO[1]
                         net (fo=35, routed)          2.050    22.148    CPU_U/ALU_0/mem_reg[0][31]_i_1106_n_2
    SLICE_X39Y63         LUT3 (Prop_lut3_I0_O)        0.329    22.477 r  CPU_U/ALU_0/mem[0][31]_i_1145/O
                         net (fo=1, routed)           0.000    22.477    CPU_U/ALU_0/mem[0][31]_i_1145_n_0
    SLICE_X39Y63         CARRY4 (Prop_carry4_S[3]_CO[3])
                                                      0.401    22.878 r  CPU_U/ALU_0/mem_reg[0][31]_i_1098/CO[3]
                         net (fo=1, routed)           0.000    22.878    CPU_U/ALU_0/mem_reg[0][31]_i_1098_n_0
    SLICE_X39Y64         CARRY4 (Prop_carry4_CI_CO[3])
                                                      0.114    22.992 r  CPU_U/ALU_0/mem_reg[0][31]_i_1093/CO[3]
                         net (fo=1, routed)           0.000    22.992    CPU_U/ALU_0/mem_reg[0][31]_i_1093_n_0
    SLICE_X39Y65         CARRY4 (Prop_carry4_CI_CO[3])
                                                      0.114    23.106 r  CPU_U/ALU_0/mem_reg[0][31]_i_1088/CO[3]
                         net (fo=1, routed)           0.000    23.106    CPU_U/ALU_0/mem_reg[0][31]_i_1088_n_0
    SLICE_X39Y66         CARRY4 (Prop_carry4_CI_CO[3])
                                                      0.114    23.220 r  CPU_U/ALU_0/mem_reg[0][31]_i_1083/CO[3]
                         net (fo=1, routed)           0.000    23.220    CPU_U/ALU_0/mem_reg[0][31]_i_1083_n_0
    SLICE_X39Y67         CARRY4 (Prop_carry4_CI_CO[3])
                                                      0.114    23.334 r  CPU_U/ALU_0/mem_reg[0][31]_i_1078/CO[3]
                         net (fo=1, routed)           0.000    23.334    CPU_U/ALU_0/mem_reg[0][31]_i_1078_n_0
    SLICE_X39Y68         CARRY4 (Prop_carry4_CI_CO[3])
                                                      0.114    23.448 r  CPU_U/ALU_0/mem_reg[0][31]_i_1073/CO[3]
                         net (fo=1, routed)           0.000    23.448    CPU_U/ALU_0/mem_reg[0][31]_i_1073_n_0
    SLICE_X39Y69         CARRY4 (Prop_carry4_CI_CO[3])
                                                      0.114    23.562 r  CPU_U/ALU_0/mem_reg[0][31]_i_1068/CO[3]
                         net (fo=1, routed)           0.000    23.562    CPU_U/ALU_0/mem_reg[0][31]_i_1068_n_0
    SLICE_X39Y70         CARRY4 (Prop_carry4_CI_CO[3])
                                                      0.114    23.676 r  CPU_U/ALU_0/mem_reg[0][31]_i_1065/CO[3]
                         net (fo=1, routed)           0.000    23.676    CPU_U/ALU_0/mem_reg[0][31]_i_1065_n_0
    SLICE_X39Y71         CARRY4 (Prop_carry4_CI_CO[1])
                                                      0.157    23.833 r  CPU_U/ALU_0/mem_reg[0][31]_i_1064/CO[1]
                         net (fo=35, routed)          2.237    26.070    CPU_U/ALU_0/mem_reg[0][31]_i_1064_n_2
    SLICE_X40Y63         LUT3 (Prop_lut3_I0_O)        0.329    26.399 r  CPU_U/ALU_0/mem[0][31]_i_1105/O
                         net (fo=1, routed)           0.000    26.399    CPU_U/ALU_0/mem[0][31]_i_1105_n_0
    SLICE_X40Y63         CARRY4 (Prop_carry4_S[1]_CO[3])
                                                      0.550    26.949 r  CPU_U/ALU_0/mem_reg[0][31]_i_1056/CO[3]
                         net (fo=1, routed)           0.000    26.949    CPU_U/ALU_0/mem_reg[0][31]_i_1056_n_0
    SLICE_X40Y64         CARRY4 (Prop_carry4_CI_CO[3])
                                                      0.114    27.063 r  CPU_U/ALU_0/mem_reg[0][31]_i_1051/CO[3]
                         net (fo=1, routed)           0.000    27.063    CPU_U/ALU_0/mem_reg[0][31]_i_1051_n_0
    SLICE_X40Y65         CARRY4 (Prop_carry4_CI_CO[3])
                                                      0.114    27.177 r  CPU_U/ALU_0/mem_reg[0][31]_i_1046/CO[3]
                         net (fo=1, routed)           0.000    27.177    CPU_U/ALU_0/mem_reg[0][31]_i_1046_n_0
    SLICE_X40Y66         CARRY4 (Prop_carry4_CI_CO[3])
                                                      0.114    27.291 r  CPU_U/ALU_0/mem_reg[0][31]_i_1041/CO[3]
                         net (fo=1, routed)           0.000    27.291    CPU_U/ALU_0/mem_reg[0][31]_i_1041_n_0
    SLICE_X40Y67         CARRY4 (Prop_carry4_CI_CO[3])
                                                      0.114    27.405 r  CPU_U/ALU_0/mem_reg[0][31]_i_1036/CO[3]
                         net (fo=1, routed)           0.000    27.405    CPU_U/ALU_0/mem_reg[0][31]_i_1036_n_0
    SLICE_X40Y68         CARRY4 (Prop_carry4_CI_CO[3])
                                                      0.114    27.519 r  CPU_U/ALU_0/mem_reg[0][31]_i_1031/CO[3]
                         net (fo=1, routed)           0.000    27.519    CPU_U/ALU_0/mem_reg[0][31]_i_1031_n_0
    SLICE_X40Y69         CARRY4 (Prop_carry4_CI_CO[3])
                                                      0.114    27.633 r  CPU_U/ALU_0/mem_reg[0][31]_i_1026/CO[3]
                         net (fo=1, routed)           0.000    27.633    CPU_U/ALU_0/mem_reg[0][31]_i_1026_n_0
    SLICE_X40Y70         CARRY4 (Prop_carry4_CI_CO[3])
                                                      0.114    27.747 r  CPU_U/ALU_0/mem_reg[0][31]_i_1023/CO[3]
                         net (fo=1, routed)           0.000    27.747    CPU_U/ALU_0/mem_reg[0][31]_i_1023_n_0
    SLICE_X40Y71         CARRY4 (Prop_carry4_CI_CO[1])
                                                      0.157    27.904 r  CPU_U/ALU_0/mem_reg[0][31]_i_1022/CO[1]
                         net (fo=35, routed)          1.914    29.818    CPU_U/ALU_0/mem_reg[0][31]_i_1022_n_2
    SLICE_X41Y62         LUT3 (Prop_lut3_I0_O)        0.329    30.147 r  CPU_U/ALU_0/mem[0][31]_i_1062/O
                         net (fo=1, routed)           0.000    30.147    CPU_U/ALU_0/mem[0][31]_i_1062_n_0
    SLICE_X41Y62         CARRY4 (Prop_carry4_S[2]_CO[3])
                                                      0.398    30.545 r  CPU_U/ALU_0/mem_reg[0][31]_i_1014/CO[3]
                         net (fo=1, routed)           0.000    30.545    CPU_U/ALU_0/mem_reg[0][31]_i_1014_n_0
    SLICE_X41Y63         CARRY4 (Prop_carry4_CI_CO[3])
                                                      0.114    30.659 r  CPU_U/ALU_0/mem_reg[0][31]_i_1009/CO[3]
                         net (fo=1, routed)           0.000    30.659    CPU_U/ALU_0/mem_reg[0][31]_i_1009_n_0
    SLICE_X41Y64         CARRY4 (Prop_carry4_CI_CO[3])
                                                      0.114    30.773 r  CPU_U/ALU_0/mem_reg[0][31]_i_1004/CO[3]
                         net (fo=1, routed)           0.000    30.773    CPU_U/ALU_0/mem_reg[0][31]_i_1004_n_0
    SLICE_X41Y65         CARRY4 (Prop_carry4_CI_CO[3])
                                                      0.114    30.887 r  CPU_U/ALU_0/mem_reg[0][31]_i_999/CO[3]
                         net (fo=1, routed)           0.000    30.887    CPU_U/ALU_0/mem_reg[0][31]_i_999_n_0
    SLICE_X41Y66         CARRY4 (Prop_carry4_CI_CO[3])
                                                      0.114    31.001 r  CPU_U/ALU_0/mem_reg[0][31]_i_994/CO[3]
                         net (fo=1, routed)           0.000    31.001    CPU_U/ALU_0/mem_reg[0][31]_i_994_n_0
    SLICE_X41Y67         CARRY4 (Prop_carry4_CI_CO[3])
                                                      0.114    31.115 r  CPU_U/ALU_0/mem_reg[0][31]_i_989/CO[3]
                         net (fo=1, routed)           0.000    31.115    CPU_U/ALU_0/mem_reg[0][31]_i_989_n_0
    SLICE_X41Y68         CARRY4 (Prop_carry4_CI_CO[3])
                                                      0.114    31.229 r  CPU_U/ALU_0/mem_reg[0][31]_i_984/CO[3]
                         net (fo=1, routed)           0.000    31.229    CPU_U/ALU_0/mem_reg[0][31]_i_984_n_0
    SLICE_X41Y69         CARRY4 (Prop_carry4_CI_CO[3])
                                                      0.114    31.343 r  CPU_U/ALU_0/mem_reg[0][31]_i_981/CO[3]
                         net (fo=1, routed)           0.000    31.343    CPU_U/ALU_0/mem_reg[0][31]_i_981_n_0
    SLICE_X41Y70         CARRY4 (Prop_carry4_CI_CO[1])
                                                      0.157    31.500 r  CPU_U/ALU_0/mem_reg[0][31]_i_980/CO[1]
                         net (fo=35, routed)          2.299    33.799    CPU_U/ALU_0/mem_reg[0][31]_i_980_n_2
    SLICE_X38Y58         LUT3 (Prop_lut3_I0_O)        0.329    34.128 r  CPU_U/ALU_0/mem[0][31]_i_1021/O
                         net (fo=1, routed)           0.000    34.128    CPU_U/ALU_0/mem[0][31]_i_1021_n_0
    SLICE_X38Y58         CARRY4 (Prop_carry4_S[1]_CO[3])
                                                      0.533    34.661 r  CPU_U/ALU_0/mem_reg[0][31]_i_972/CO[3]
                         net (fo=1, routed)           0.000    34.661    CPU_U/ALU_0/mem_reg[0][31]_i_972_n_0
    SLICE_X38Y59         CARRY4 (Prop_carry4_CI_CO[3])
                                                      0.117    34.778 r  CPU_U/ALU_0/mem_reg[0][31]_i_967/CO[3]
                         net (fo=1, routed)           0.000    34.778    CPU_U/ALU_0/mem_reg[0][31]_i_967_n_0
    SLICE_X38Y60         CARRY4 (Prop_carry4_CI_CO[3])
                                                      0.117    34.895 r  CPU_U/ALU_0/mem_reg[0][31]_i_962/CO[3]
                         net (fo=1, routed)           0.000    34.895    CPU_U/ALU_0/mem_reg[0][31]_i_962_n_0
    SLICE_X38Y61         CARRY4 (Prop_carry4_CI_CO[3])
                                                      0.117    35.012 r  CPU_U/ALU_0/mem_reg[0][31]_i_957/CO[3]
                         net (fo=1, routed)           0.000    35.012    CPU_U/ALU_0/mem_reg[0][31]_i_957_n_0
    SLICE_X38Y62         CARRY4 (Prop_carry4_CI_CO[3])
                                                      0.117    35.129 r  CPU_U/ALU_0/mem_reg[0][31]_i_952/CO[3]
                         net (fo=1, routed)           0.000    35.129    CPU_U/ALU_0/mem_reg[0][31]_i_952_n_0
    SLICE_X38Y63         CARRY4 (Prop_carry4_CI_CO[3])
                                                      0.117    35.246 r  CPU_U/ALU_0/mem_reg[0][31]_i_947/CO[3]
                         net (fo=1, routed)           0.000    35.246    CPU_U/ALU_0/mem_reg[0][31]_i_947_n_0
    SLICE_X38Y64         CARRY4 (Prop_carry4_CI_CO[3])
                                                      0.117    35.363 r  CPU_U/ALU_0/mem_reg[0][31]_i_942/CO[3]
                         net (fo=1, routed)           0.000    35.363    CPU_U/ALU_0/mem_reg[0][31]_i_942_n_0
    SLICE_X38Y65         CARRY4 (Prop_carry4_CI_CO[3])
                                                      0.117    35.480 r  CPU_U/ALU_0/mem_reg[0][31]_i_939/CO[3]
                         net (fo=1, routed)           0.000    35.480    CPU_U/ALU_0/mem_reg[0][31]_i_939_n_0
    SLICE_X38Y66         CARRY4 (Prop_carry4_CI_CO[1])
                                                      0.157    35.637 r  CPU_U/ALU_0/mem_reg[0][31]_i_938/CO[1]
                         net (fo=35, routed)          2.233    37.870    CPU_U/ALU_0/mem_reg[0][31]_i_938_n_2
    SLICE_X37Y54         LUT3 (Prop_lut3_I0_O)        0.332    38.202 r  CPU_U/ALU_0/mem[0][31]_i_979/O
                         net (fo=1, routed)           0.000    38.202    CPU_U/ALU_0/mem[0][31]_i_979_n_0
    SLICE_X37Y54         CARRY4 (Prop_carry4_S[1]_CO[3])
                                                      0.550    38.752 r  CPU_U/ALU_0/mem_reg[0][31]_i_930/CO[3]
                         net (fo=1, routed)           0.000    38.752    CPU_U/ALU_0/mem_reg[0][31]_i_930_n_0
    SLICE_X37Y55         CARRY4 (Prop_carry4_CI_CO[3])
                                                      0.114    38.866 r  CPU_U/ALU_0/mem_reg[0][31]_i_925/CO[3]
                         net (fo=1, routed)           0.000    38.866    CPU_U/ALU_0/mem_reg[0][31]_i_925_n_0
    SLICE_X37Y56         CARRY4 (Prop_carry4_CI_CO[3])
                                                      0.114    38.980 r  CPU_U/ALU_0/mem_reg[0][31]_i_920/CO[3]
                         net (fo=1, routed)           0.000    38.980    CPU_U/ALU_0/mem_reg[0][31]_i_920_n_0
    SLICE_X37Y57         CARRY4 (Prop_carry4_CI_CO[3])
                                                      0.114    39.094 r  CPU_U/ALU_0/mem_reg[0][31]_i_915/CO[3]
                         net (fo=1, routed)           0.000    39.094    CPU_U/ALU_0/mem_reg[0][31]_i_915_n_0
    SLICE_X37Y58         CARRY4 (Prop_carry4_CI_CO[3])
                                                      0.114    39.208 r  CPU_U/ALU_0/mem_reg[0][31]_i_910/CO[3]
                         net (fo=1, routed)           0.000    39.208    CPU_U/ALU_0/mem_reg[0][31]_i_910_n_0
    SLICE_X37Y59         CARRY4 (Prop_carry4_CI_CO[3])
                                                      0.114    39.322 r  CPU_U/ALU_0/mem_reg[0][31]_i_905/CO[3]
                         net (fo=1, routed)           0.000    39.322    CPU_U/ALU_0/mem_reg[0][31]_i_905_n_0
    SLICE_X37Y60         CARRY4 (Prop_carry4_CI_CO[3])
                                                      0.114    39.436 r  CPU_U/ALU_0/mem_reg[0][31]_i_900/CO[3]
                         net (fo=1, routed)           0.000    39.436    CPU_U/ALU_0/mem_reg[0][31]_i_900_n_0
    SLICE_X37Y61         CARRY4 (Prop_carry4_CI_CO[3])
                                                      0.114    39.550 r  CPU_U/ALU_0/mem_reg[0][31]_i_897/CO[3]
                         net (fo=1, routed)           0.000    39.550    CPU_U/ALU_0/mem_reg[0][31]_i_897_n_0
    SLICE_X37Y62         CARRY4 (Prop_carry4_CI_CO[1])
                                                      0.157    39.707 r  CPU_U/ALU_0/mem_reg[0][31]_i_896/CO[1]
                         net (fo=35, routed)          2.162    41.869    CPU_U/ALU_0/mem_reg[0][31]_i_896_n_2
    SLICE_X40Y53         LUT3 (Prop_lut3_I0_O)        0.329    42.198 r  CPU_U/ALU_0/mem[0][31]_i_937/O
                         net (fo=1, routed)           0.000    42.198    CPU_U/ALU_0/mem[0][31]_i_937_n_0
    SLICE_X40Y53         CARRY4 (Prop_carry4_S[1]_CO[3])
                                                      0.550    42.748 r  CPU_U/ALU_0/mem_reg[0][31]_i_888/CO[3]
                         net (fo=1, routed)           0.000    42.748    CPU_U/ALU_0/mem_reg[0][31]_i_888_n_0
    SLICE_X40Y54         CARRY4 (Prop_carry4_CI_CO[3])
                                                      0.114    42.862 r  CPU_U/ALU_0/mem_reg[0][31]_i_883/CO[3]
                         net (fo=1, routed)           0.000    42.862    CPU_U/ALU_0/mem_reg[0][31]_i_883_n_0
    SLICE_X40Y55         CARRY4 (Prop_carry4_CI_CO[3])
                                                      0.114    42.976 r  CPU_U/ALU_0/mem_reg[0][31]_i_878/CO[3]
                         net (fo=1, routed)           0.000    42.976    CPU_U/ALU_0/mem_reg[0][31]_i_878_n_0
    SLICE_X40Y56         CARRY4 (Prop_carry4_CI_CO[3])
                                                      0.114    43.090 r  CPU_U/ALU_0/mem_reg[0][31]_i_873/CO[3]
                         net (fo=1, routed)           0.000    43.090    CPU_U/ALU_0/mem_reg[0][31]_i_873_n_0
    SLICE_X40Y57         CARRY4 (Prop_carry4_CI_CO[3])
                                                      0.114    43.204 r  CPU_U/ALU_0/mem_reg[0][31]_i_868/CO[3]
                         net (fo=1, routed)           0.000    43.204    CPU_U/ALU_0/mem_reg[0][31]_i_868_n_0
    SLICE_X40Y58         CARRY4 (Prop_carry4_CI_CO[3])
                                                      0.114    43.318 r  CPU_U/ALU_0/mem_reg[0][31]_i_863/CO[3]
                         net (fo=1, routed)           0.000    43.318    CPU_U/ALU_0/mem_reg[0][31]_i_863_n_0
    SLICE_X40Y59         CARRY4 (Prop_carry4_CI_CO[3])
                                                      0.114    43.432 r  CPU_U/ALU_0/mem_reg[0][31]_i_858/CO[3]
                         net (fo=1, routed)           0.000    43.432    CPU_U/ALU_0/mem_reg[0][31]_i_858_n_0
    SLICE_X40Y60         CARRY4 (Prop_carry4_CI_CO[3])
                                                      0.114    43.546 r  CPU_U/ALU_0/mem_reg[0][31]_i_855/CO[3]
                         net (fo=1, routed)           0.000    43.546    CPU_U/ALU_0/mem_reg[0][31]_i_855_n_0
    SLICE_X40Y61         CARRY4 (Prop_carry4_CI_CO[1])
                                                      0.157    43.703 r  CPU_U/ALU_0/mem_reg[0][31]_i_854/CO[1]
                         net (fo=35, routed)          2.230    45.933    CPU_U/ALU_0/mem_reg[0][31]_i_854_n_2
    SLICE_X41Y52         LUT3 (Prop_lut3_I0_O)        0.329    46.262 r  CPU_U/ALU_0/mem[0][31]_i_895/O
                         net (fo=1, routed)           0.000    46.262    CPU_U/ALU_0/mem[0][31]_i_895_n_0
    SLICE_X41Y52         CARRY4 (Prop_carry4_S[1]_CO[3])
                                                      0.550    46.812 r  CPU_U/ALU_0/mem_reg[0][31]_i_846/CO[3]
                         net (fo=1, routed)           0.000    46.812    CPU_U/ALU_0/mem_reg[0][31]_i_846_n_0
    SLICE_X41Y53         CARRY4 (Prop_carry4_CI_CO[3])
                                                      0.114    46.926 r  CPU_U/ALU_0/mem_reg[0][31]_i_841/CO[3]
                         net (fo=1, routed)           0.000    46.926    CPU_U/ALU_0/mem_reg[0][31]_i_841_n_0
    SLICE_X41Y54         CARRY4 (Prop_carry4_CI_CO[3])
                                                      0.114    47.040 r  CPU_U/ALU_0/mem_reg[0][31]_i_836/CO[3]
                         net (fo=1, routed)           0.000    47.040    CPU_U/ALU_0/mem_reg[0][31]_i_836_n_0
    SLICE_X41Y55         CARRY4 (Prop_carry4_CI_CO[3])
                                                      0.114    47.154 r  CPU_U/ALU_0/mem_reg[0][31]_i_831/CO[3]
                         net (fo=1, routed)           0.000    47.154    CPU_U/ALU_0/mem_reg[0][31]_i_831_n_0
    SLICE_X41Y56         CARRY4 (Prop_carry4_CI_CO[3])
                                                      0.114    47.268 r  CPU_U/ALU_0/mem_reg[0][31]_i_826/CO[3]
                         net (fo=1, routed)           0.000    47.268    CPU_U/ALU_0/mem_reg[0][31]_i_826_n_0
    SLICE_X41Y57         CARRY4 (Prop_carry4_CI_CO[3])
                                                      0.114    47.382 r  CPU_U/ALU_0/mem_reg[0][31]_i_821/CO[3]
                         net (fo=1, routed)           0.000    47.382    CPU_U/ALU_0/mem_reg[0][31]_i_821_n_0
    SLICE_X41Y58         CARRY4 (Prop_carry4_CI_CO[3])
                                                      0.114    47.496 r  CPU_U/ALU_0/mem_reg[0][31]_i_816/CO[3]
                         net (fo=1, routed)           0.000    47.496    CPU_U/ALU_0/mem_reg[0][31]_i_816_n_0
    SLICE_X41Y59         CARRY4 (Prop_carry4_CI_CO[3])
                                                      0.114    47.610 r  CPU_U/ALU_0/mem_reg[0][31]_i_813/CO[3]
                         net (fo=1, routed)           0.000    47.610    CPU_U/ALU_0/mem_reg[0][31]_i_813_n_0
    SLICE_X41Y60         CARRY4 (Prop_carry4_CI_CO[1])
                                                      0.157    47.767 r  CPU_U/ALU_0/mem_reg[0][31]_i_812/CO[1]
                         net (fo=35, routed)          2.210    49.976    CPU_U/ALU_0/mem_reg[0][31]_i_812_n_2
    SLICE_X43Y51         LUT3 (Prop_lut3_I0_O)        0.329    50.305 r  CPU_U/ALU_0/mem[0][31]_i_853/O
                         net (fo=1, routed)           0.000    50.305    CPU_U/ALU_0/mem[0][31]_i_853_n_0
    SLICE_X43Y51         CARRY4 (Prop_carry4_S[1]_CO[3])
                                                      0.550    50.855 r  CPU_U/ALU_0/mem_reg[0][31]_i_804/CO[3]
                         net (fo=1, routed)           0.000    50.855    CPU_U/ALU_0/mem_reg[0][31]_i_804_n_0
    SLICE_X43Y52         CARRY4 (Prop_carry4_CI_CO[3])
                                                      0.114    50.969 r  CPU_U/ALU_0/mem_reg[0][31]_i_799/CO[3]
                         net (fo=1, routed)           0.000    50.969    CPU_U/ALU_0/mem_reg[0][31]_i_799_n_0
    SLICE_X43Y53         CARRY4 (Prop_carry4_CI_CO[3])
                                                      0.114    51.083 r  CPU_U/ALU_0/mem_reg[0][31]_i_794/CO[3]
                         net (fo=1, routed)           0.000    51.083    CPU_U/ALU_0/mem_reg[0][31]_i_794_n_0
    SLICE_X43Y54         CARRY4 (Prop_carry4_CI_CO[3])
                                                      0.114    51.197 r  CPU_U/ALU_0/mem_reg[0][31]_i_789/CO[3]
                         net (fo=1, routed)           0.000    51.197    CPU_U/ALU_0/mem_reg[0][31]_i_789_n_0
    SLICE_X43Y55         CARRY4 (Prop_carry4_CI_CO[3])
                                                      0.114    51.311 r  CPU_U/ALU_0/mem_reg[0][31]_i_784/CO[3]
                         net (fo=1, routed)           0.000    51.311    CPU_U/ALU_0/mem_reg[0][31]_i_784_n_0
    SLICE_X43Y56         CARRY4 (Prop_carry4_CI_CO[3])
                                                      0.114    51.425 r  CPU_U/ALU_0/mem_reg[0][31]_i_779/CO[3]
                         net (fo=1, routed)           0.000    51.425    CPU_U/ALU_0/mem_reg[0][31]_i_779_n_0
    SLICE_X43Y57         CARRY4 (Prop_carry4_CI_CO[3])
                                                      0.114    51.539 r  CPU_U/ALU_0/mem_reg[0][31]_i_774/CO[3]
                         net (fo=1, routed)           0.000    51.539    CPU_U/ALU_0/mem_reg[0][31]_i_774_n_0
    SLICE_X43Y58         CARRY4 (Prop_carry4_CI_CO[3])
                                                      0.114    51.653 r  CPU_U/ALU_0/mem_reg[0][31]_i_771/CO[3]
                         net (fo=1, routed)           0.000    51.653    CPU_U/ALU_0/mem_reg[0][31]_i_771_n_0
    SLICE_X43Y59         CARRY4 (Prop_carry4_CI_CO[1])
                                                      0.157    51.810 r  CPU_U/ALU_0/mem_reg[0][31]_i_770/CO[1]
                         net (fo=35, routed)          1.815    53.626    CPU_U/ALU_0/mem_reg[0][31]_i_770_n_2
    SLICE_X45Y51         CARRY4 (Prop_carry4_CYINIT_CO[3])
                                                      0.785    54.411 r  CPU_U/ALU_0/mem_reg[0][31]_i_762/CO[3]
                         net (fo=1, routed)           0.000    54.411    CPU_U/ALU_0/mem_reg[0][31]_i_762_n_0
    SLICE_X45Y52         CARRY4 (Prop_carry4_CI_CO[3])
                                                      0.114    54.525 r  CPU_U/ALU_0/mem_reg[0][31]_i_757/CO[3]
                         net (fo=1, routed)           0.000    54.525    CPU_U/ALU_0/mem_reg[0][31]_i_757_n_0
    SLICE_X45Y53         CARRY4 (Prop_carry4_CI_CO[3])
                                                      0.114    54.639 r  CPU_U/ALU_0/mem_reg[0][31]_i_752/CO[3]
                         net (fo=1, routed)           0.000    54.639    CPU_U/ALU_0/mem_reg[0][31]_i_752_n_0
    SLICE_X45Y54         CARRY4 (Prop_carry4_CI_CO[3])
                                                      0.114    54.753 r  CPU_U/ALU_0/mem_reg[0][31]_i_747/CO[3]
                         net (fo=1, routed)           0.000    54.753    CPU_U/ALU_0/mem_reg[0][31]_i_747_n_0
    SLICE_X45Y55         CARRY4 (Prop_carry4_CI_CO[3])
                                                      0.114    54.867 r  CPU_U/ALU_0/mem_reg[0][31]_i_742/CO[3]
                         net (fo=1, routed)           0.000    54.867    CPU_U/ALU_0/mem_reg[0][31]_i_742_n_0
    SLICE_X45Y56         CARRY4 (Prop_carry4_CI_CO[3])
                                                      0.114    54.981 r  CPU_U/ALU_0/mem_reg[0][31]_i_737/CO[3]
                         net (fo=1, routed)           0.000    54.981    CPU_U/ALU_0/mem_reg[0][31]_i_737_n_0
    SLICE_X45Y57         CARRY4 (Prop_carry4_CI_CO[3])
                                                      0.114    55.095 r  CPU_U/ALU_0/mem_reg[0][31]_i_732/CO[3]
                         net (fo=1, routed)           0.000    55.095    CPU_U/ALU_0/mem_reg[0][31]_i_732_n_0
    SLICE_X45Y58         CARRY4 (Prop_carry4_CI_CO[3])
                                                      0.114    55.209 r  CPU_U/ALU_0/mem_reg[0][31]_i_729/CO[3]
                         net (fo=1, routed)           0.000    55.209    CPU_U/ALU_0/mem_reg[0][31]_i_729_n_0
    SLICE_X45Y59         CARRY4 (Prop_carry4_CI_CO[1])
                                                      0.157    55.366 r  CPU_U/ALU_0/mem_reg[0][31]_i_728/CO[1]
                         net (fo=35, routed)          2.297    57.663    CPU_U/ALU_0/mem_reg[0][31]_i_728_n_2
    SLICE_X49Y51         LUT3 (Prop_lut3_I0_O)        0.329    57.992 r  CPU_U/ALU_0/mem[0][31]_i_769/O
                         net (fo=1, routed)           0.000    57.992    CPU_U/ALU_0/mem[0][31]_i_769_n_0
    SLICE_X49Y51         CARRY4 (Prop_carry4_S[1]_CO[3])
                                                      0.550    58.542 r  CPU_U/ALU_0/mem_reg[0][31]_i_720/CO[3]
                         net (fo=1, routed)           0.000    58.542    CPU_U/ALU_0/mem_reg[0][31]_i_720_n_0
    SLICE_X49Y52         CARRY4 (Prop_carry4_CI_CO[3])
                                                      0.114    58.656 r  CPU_U/ALU_0/mem_reg[0][31]_i_715/CO[3]
                         net (fo=1, routed)           0.000    58.656    CPU_U/ALU_0/mem_reg[0][31]_i_715_n_0
    SLICE_X49Y53         CARRY4 (Prop_carry4_CI_CO[3])
                                                      0.114    58.770 r  CPU_U/ALU_0/mem_reg[0][31]_i_710/CO[3]
                         net (fo=1, routed)           0.000    58.770    CPU_U/ALU_0/mem_reg[0][31]_i_710_n_0
    SLICE_X49Y54         CARRY4 (Prop_carry4_CI_CO[3])
                                                      0.114    58.884 r  CPU_U/ALU_0/mem_reg[0][31]_i_705/CO[3]
                         net (fo=1, routed)           0.000    58.884    CPU_U/ALU_0/mem_reg[0][31]_i_705_n_0
    SLICE_X49Y55         CARRY4 (Prop_carry4_CI_CO[3])
                                                      0.114    58.998 r  CPU_U/ALU_0/mem_reg[0][31]_i_700/CO[3]
                         net (fo=1, routed)           0.000    58.998    CPU_U/ALU_0/mem_reg[0][31]_i_700_n_0
    SLICE_X49Y56         CARRY4 (Prop_carry4_CI_CO[3])
                                                      0.114    59.112 r  CPU_U/ALU_0/mem_reg[0][31]_i_695/CO[3]
                         net (fo=1, routed)           0.000    59.112    CPU_U/ALU_0/mem_reg[0][31]_i_695_n_0
    SLICE_X49Y57         CARRY4 (Prop_carry4_CI_CO[3])
                                                      0.114    59.226 r  CPU_U/ALU_0/mem_reg[0][31]_i_690/CO[3]
                         net (fo=1, routed)           0.000    59.226    CPU_U/ALU_0/mem_reg[0][31]_i_690_n_0
    SLICE_X49Y58         CARRY4 (Prop_carry4_CI_CO[3])
                                                      0.114    59.340 r  CPU_U/ALU_0/mem_reg[0][31]_i_687/CO[3]
                         net (fo=1, routed)           0.000    59.340    CPU_U/ALU_0/mem_reg[0][31]_i_687_n_0
    SLICE_X49Y59         CARRY4 (Prop_carry4_CI_CO[1])
                                                      0.157    59.497 r  CPU_U/ALU_0/mem_reg[0][31]_i_686/CO[1]
                         net (fo=35, routed)          2.043    61.540    CPU_U/ALU_0/mem_reg[0][31]_i_686_n_2
    SLICE_X53Y51         LUT3 (Prop_lut3_I0_O)        0.329    61.869 r  CPU_U/ALU_0/mem[0][31]_i_725/O
                         net (fo=1, routed)           0.000    61.869    CPU_U/ALU_0/mem[0][31]_i_725_n_0
    SLICE_X53Y51         CARRY4 (Prop_carry4_S[3]_CO[3])
                                                      0.401    62.270 r  CPU_U/ALU_0/mem_reg[0][31]_i_678/CO[3]
                         net (fo=1, routed)           0.000    62.270    CPU_U/ALU_0/mem_reg[0][31]_i_678_n_0
    SLICE_X53Y52         CARRY4 (Prop_carry4_CI_CO[3])
                                                      0.114    62.384 r  CPU_U/ALU_0/mem_reg[0][31]_i_673/CO[3]
                         net (fo=1, routed)           0.000    62.384    CPU_U/ALU_0/mem_reg[0][31]_i_673_n_0
    SLICE_X53Y53         CARRY4 (Prop_carry4_CI_CO[3])
                                                      0.114    62.498 r  CPU_U/ALU_0/mem_reg[0][31]_i_668/CO[3]
                         net (fo=1, routed)           0.000    62.498    CPU_U/ALU_0/mem_reg[0][31]_i_668_n_0
    SLICE_X53Y54         CARRY4 (Prop_carry4_CI_CO[3])
                                                      0.114    62.612 r  CPU_U/ALU_0/mem_reg[0][31]_i_663/CO[3]
                         net (fo=1, routed)           0.000    62.612    CPU_U/ALU_0/mem_reg[0][31]_i_663_n_0
    SLICE_X53Y55         CARRY4 (Prop_carry4_CI_CO[3])
                                                      0.114    62.726 r  CPU_U/ALU_0/mem_reg[0][31]_i_658/CO[3]
                         net (fo=1, routed)           0.000    62.726    CPU_U/ALU_0/mem_reg[0][31]_i_658_n_0
    SLICE_X53Y56         CARRY4 (Prop_carry4_CI_CO[3])
                                                      0.114    62.840 r  CPU_U/ALU_0/mem_reg[0][31]_i_653/CO[3]
                         net (fo=1, routed)           0.000    62.840    CPU_U/ALU_0/mem_reg[0][31]_i_653_n_0
    SLICE_X53Y57         CARRY4 (Prop_carry4_CI_CO[3])
                                                      0.114    62.954 r  CPU_U/ALU_0/mem_reg[0][31]_i_648/CO[3]
                         net (fo=1, routed)           0.000    62.954    CPU_U/ALU_0/mem_reg[0][31]_i_648_n_0
    SLICE_X53Y58         CARRY4 (Prop_carry4_CI_CO[3])
                                                      0.114    63.068 r  CPU_U/ALU_0/mem_reg[0][31]_i_645/CO[3]
                         net (fo=1, routed)           0.000    63.068    CPU_U/ALU_0/mem_reg[0][31]_i_645_n_0
    SLICE_X53Y59         CARRY4 (Prop_carry4_CI_CO[1])
                                                      0.157    63.225 r  CPU_U/ALU_0/mem_reg[0][31]_i_644/CO[1]
                         net (fo=35, routed)          2.056    65.281    CPU_U/ALU_0/mem_reg[0][31]_i_644_n_2
    SLICE_X54Y51         LUT3 (Prop_lut3_I0_O)        0.329    65.610 r  CPU_U/ALU_0/mem[0][31]_i_682/O
                         net (fo=1, routed)           0.000    65.610    CPU_U/ALU_0/mem[0][31]_i_682_n_0
    SLICE_X54Y51         CARRY4 (Prop_carry4_S[0]_CO[3])
                                                      0.513    66.123 r  CPU_U/ALU_0/mem_reg[0][31]_i_631/CO[3]
                         net (fo=1, routed)           0.000    66.123    CPU_U/ALU_0/mem_reg[0][31]_i_631_n_0
    SLICE_X54Y52         CARRY4 (Prop_carry4_CI_CO[3])
                                                      0.117    66.240 r  CPU_U/ALU_0/mem_reg[0][31]_i_626/CO[3]
                         net (fo=1, routed)           0.000    66.240    CPU_U/ALU_0/mem_reg[0][31]_i_626_n_0
    SLICE_X54Y53         CARRY4 (Prop_carry4_CI_CO[3])
                                                      0.117    66.357 r  CPU_U/ALU_0/mem_reg[0][31]_i_621/CO[3]
                         net (fo=1, routed)           0.000    66.357    CPU_U/ALU_0/mem_reg[0][31]_i_621_n_0
    SLICE_X54Y54         CARRY4 (Prop_carry4_CI_CO[3])
                                                      0.117    66.474 r  CPU_U/ALU_0/mem_reg[0][31]_i_616/CO[3]
                         net (fo=1, routed)           0.000    66.474    CPU_U/ALU_0/mem_reg[0][31]_i_616_n_0
    SLICE_X54Y55         CARRY4 (Prop_carry4_CI_CO[3])
                                                      0.117    66.591 r  CPU_U/ALU_0/mem_reg[0][31]_i_611/CO[3]
                         net (fo=1, routed)           0.000    66.591    CPU_U/ALU_0/mem_reg[0][31]_i_611_n_0
    SLICE_X54Y56         CARRY4 (Prop_carry4_CI_CO[3])
                                                      0.117    66.708 r  CPU_U/ALU_0/mem_reg[0][31]_i_606/CO[3]
                         net (fo=1, routed)           0.000    66.708    CPU_U/ALU_0/mem_reg[0][31]_i_606_n_0
    SLICE_X54Y57         CARRY4 (Prop_carry4_CI_CO[3])
                                                      0.117    66.825 r  CPU_U/ALU_0/mem_reg[0][31]_i_603/CO[3]
                         net (fo=1, routed)           0.000    66.825    CPU_U/ALU_0/mem_reg[0][31]_i_603_n_0
    SLICE_X54Y58         CARRY4 (Prop_carry4_CI_CO[1])
                                                      0.157    66.982 r  CPU_U/ALU_0/mem_reg[0][31]_i_602/CO[1]
                         net (fo=35, routed)          1.961    68.944    CPU_U/ALU_0/mem_reg[0][31]_i_602_n_2
    SLICE_X55Y49         LUT3 (Prop_lut3_I0_O)        0.332    69.276 r  CPU_U/ALU_0/mem[0][31]_i_641/O
                         net (fo=1, routed)           0.000    69.276    CPU_U/ALU_0/mem[0][31]_i_641_n_0
    SLICE_X55Y49         CARRY4 (Prop_carry4_S[3]_CO[3])
                                                      0.401    69.677 r  CPU_U/ALU_0/mem_reg[0][31]_i_594/CO[3]
                         net (fo=1, routed)           0.001    69.677    CPU_U/ALU_0/mem_reg[0][31]_i_594_n_0
    SLICE_X55Y50         CARRY4 (Prop_carry4_CI_CO[3])
                                                      0.114    69.791 r  CPU_U/ALU_0/mem_reg[0][31]_i_589/CO[3]
                         net (fo=1, routed)           0.000    69.791    CPU_U/ALU_0/mem_reg[0][31]_i_589_n_0
    SLICE_X55Y51         CARRY4 (Prop_carry4_CI_CO[3])
                                                      0.114    69.905 r  CPU_U/ALU_0/mem_reg[0][31]_i_584/CO[3]
                         net (fo=1, routed)           0.000    69.905    CPU_U/ALU_0/mem_reg[0][31]_i_584_n_0
    SLICE_X55Y52         CARRY4 (Prop_carry4_CI_CO[3])
                                                      0.114    70.019 r  CPU_U/ALU_0/mem_reg[0][31]_i_579/CO[3]
                         net (fo=1, routed)           0.000    70.019    CPU_U/ALU_0/mem_reg[0][31]_i_579_n_0
    SLICE_X55Y53         CARRY4 (Prop_carry4_CI_CO[3])
                                                      0.114    70.133 r  CPU_U/ALU_0/mem_reg[0][31]_i_574/CO[3]
                         net (fo=1, routed)           0.000    70.133    CPU_U/ALU_0/mem_reg[0][31]_i_574_n_0
    SLICE_X55Y54         CARRY4 (Prop_carry4_CI_CO[3])
                                                      0.114    70.247 r  CPU_U/ALU_0/mem_reg[0][31]_i_569/CO[3]
                         net (fo=1, routed)           0.000    70.247    CPU_U/ALU_0/mem_reg[0][31]_i_569_n_0
    SLICE_X55Y55         CARRY4 (Prop_carry4_CI_CO[3])
                                                      0.114    70.361 r  CPU_U/ALU_0/mem_reg[0][31]_i_564/CO[3]
                         net (fo=1, routed)           0.000    70.361    CPU_U/ALU_0/mem_reg[0][31]_i_564_n_0
    SLICE_X55Y56         CARRY4 (Prop_carry4_CI_CO[3])
                                                      0.114    70.475 r  CPU_U/ALU_0/mem_reg[0][31]_i_561/CO[3]
                         net (fo=1, routed)           0.000    70.475    CPU_U/ALU_0/mem_reg[0][31]_i_561_n_0
    SLICE_X55Y57         CARRY4 (Prop_carry4_CI_CO[1])
                                                      0.157    70.632 r  CPU_U/ALU_0/mem_reg[0][31]_i_560/CO[1]
                         net (fo=35, routed)          2.116    72.748    CPU_U/ALU_0/mem_reg[0][31]_i_560_n_2
    SLICE_X48Y48         LUT3 (Prop_lut3_I0_O)        0.329    73.077 r  CPU_U/ALU_0/mem[0][31]_i_601/O
                         net (fo=1, routed)           0.000    73.077    CPU_U/ALU_0/mem[0][31]_i_601_n_0
    SLICE_X48Y48         CARRY4 (Prop_carry4_S[1]_CO[3])
                                                      0.550    73.627 r  CPU_U/ALU_0/mem_reg[0][31]_i_552/CO[3]
                         net (fo=1, routed)           0.000    73.627    CPU_U/ALU_0/mem_reg[0][31]_i_552_n_0
    SLICE_X48Y49         CARRY4 (Prop_carry4_CI_CO[3])
                                                      0.114    73.741 r  CPU_U/ALU_0/mem_reg[0][31]_i_547/CO[3]
                         net (fo=1, routed)           0.001    73.742    CPU_U/ALU_0/mem_reg[0][31]_i_547_n_0
    SLICE_X48Y50         CARRY4 (Prop_carry4_CI_CO[3])
                                                      0.114    73.856 r  CPU_U/ALU_0/mem_reg[0][31]_i_542/CO[3]
                         net (fo=1, routed)           0.000    73.856    CPU_U/ALU_0/mem_reg[0][31]_i_542_n_0
    SLICE_X48Y51         CARRY4 (Prop_carry4_CI_CO[3])
                                                      0.114    73.970 r  CPU_U/ALU_0/mem_reg[0][31]_i_537/CO[3]
                         net (fo=1, routed)           0.000    73.970    CPU_U/ALU_0/mem_reg[0][31]_i_537_n_0
    SLICE_X48Y52         CARRY4 (Prop_carry4_CI_CO[3])
                                                      0.114    74.084 r  CPU_U/ALU_0/mem_reg[0][31]_i_532/CO[3]
                         net (fo=1, routed)           0.000    74.084    CPU_U/ALU_0/mem_reg[0][31]_i_532_n_0
    SLICE_X48Y53         CARRY4 (Prop_carry4_CI_CO[3])
                                                      0.114    74.198 r  CPU_U/ALU_0/mem_reg[0][31]_i_527/CO[3]
                         net (fo=1, routed)           0.000    74.198    CPU_U/ALU_0/mem_reg[0][31]_i_527_n_0
    SLICE_X48Y54         CARRY4 (Prop_carry4_CI_CO[3])
                                                      0.114    74.312 r  CPU_U/ALU_0/mem_reg[0][31]_i_522/CO[3]
                         net (fo=1, routed)           0.000    74.312    CPU_U/ALU_0/mem_reg[0][31]_i_522_n_0
    SLICE_X48Y55         CARRY4 (Prop_carry4_CI_CO[3])
                                                      0.114    74.426 r  CPU_U/ALU_0/mem_reg[0][31]_i_519/CO[3]
                         net (fo=1, routed)           0.000    74.426    CPU_U/ALU_0/mem_reg[0][31]_i_519_n_0
    SLICE_X48Y56         CARRY4 (Prop_carry4_CI_CO[1])
                                                      0.157    74.583 r  CPU_U/ALU_0/mem_reg[0][31]_i_518/CO[1]
                         net (fo=35, routed)          1.640    76.223    CPU_U/ALU_0/mem_reg[0][31]_i_518_n_2
    SLICE_X51Y50         LUT3 (Prop_lut3_I0_O)        0.329    76.552 r  CPU_U/ALU_0/mem[0][31]_i_557/O
                         net (fo=1, routed)           0.000    76.552    CPU_U/ALU_0/mem[0][31]_i_557_n_0
    SLICE_X51Y50         CARRY4 (Prop_carry4_S[3]_CO[3])
                                                      0.401    76.953 r  CPU_U/ALU_0/mem_reg[0][31]_i_510/CO[3]
                         net (fo=1, routed)           0.000    76.953    CPU_U/ALU_0/mem_reg[0][31]_i_510_n_0
    SLICE_X51Y51         CARRY4 (Prop_carry4_CI_CO[3])
                                                      0.114    77.067 r  CPU_U/ALU_0/mem_reg[0][31]_i_505/CO[3]
                         net (fo=1, routed)           0.000    77.067    CPU_U/ALU_0/mem_reg[0][31]_i_505_n_0
    SLICE_X51Y52         CARRY4 (Prop_carry4_CI_CO[3])
                                                      0.114    77.181 r  CPU_U/ALU_0/mem_reg[0][31]_i_500/CO[3]
                         net (fo=1, routed)           0.000    77.181    CPU_U/ALU_0/mem_reg[0][31]_i_500_n_0
    SLICE_X51Y53         CARRY4 (Prop_carry4_CI_CO[3])
                                                      0.114    77.295 r  CPU_U/ALU_0/mem_reg[0][31]_i_495/CO[3]
                         net (fo=1, routed)           0.000    77.295    CPU_U/ALU_0/mem_reg[0][31]_i_495_n_0
    SLICE_X51Y54         CARRY4 (Prop_carry4_CI_CO[3])
                                                      0.114    77.409 r  CPU_U/ALU_0/mem_reg[0][31]_i_490/CO[3]
                         net (fo=1, routed)           0.000    77.409    CPU_U/ALU_0/mem_reg[0][31]_i_490_n_0
    SLICE_X51Y55         CARRY4 (Prop_carry4_CI_CO[3])
                                                      0.114    77.523 r  CPU_U/ALU_0/mem_reg[0][31]_i_485/CO[3]
                         net (fo=1, routed)           0.000    77.523    CPU_U/ALU_0/mem_reg[0][31]_i_485_n_0
    SLICE_X51Y56         CARRY4 (Prop_carry4_CI_CO[3])
                                                      0.114    77.637 r  CPU_U/ALU_0/mem_reg[0][31]_i_480/CO[3]
                         net (fo=1, routed)           0.000    77.637    CPU_U/ALU_0/mem_reg[0][31]_i_480_n_0
    SLICE_X51Y57         CARRY4 (Prop_carry4_CI_CO[3])
                                                      0.114    77.751 r  CPU_U/ALU_0/mem_reg[0][31]_i_477/CO[3]
                         net (fo=1, routed)           0.000    77.751    CPU_U/ALU_0/mem_reg[0][31]_i_477_n_0
    SLICE_X51Y58         CARRY4 (Prop_carry4_CI_CO[1])
                                                      0.157    77.908 r  CPU_U/ALU_0/mem_reg[0][31]_i_476/CO[1]
                         net (fo=35, routed)          2.184    80.092    CPU_U/ALU_0/mem_reg[0][31]_i_476_n_2
    SLICE_X57Y50         LUT3 (Prop_lut3_I0_O)        0.329    80.421 r  CPU_U/ALU_0/mem[0][31]_i_517/O
                         net (fo=1, routed)           0.000    80.421    CPU_U/ALU_0/mem[0][31]_i_517_n_0
    SLICE_X57Y50         CARRY4 (Prop_carry4_S[1]_CO[3])
                                                      0.550    80.971 r  CPU_U/ALU_0/mem_reg[0][31]_i_468/CO[3]
                         net (fo=1, routed)           0.000    80.971    CPU_U/ALU_0/mem_reg[0][31]_i_468_n_0
    SLICE_X57Y51         CARRY4 (Prop_carry4_CI_CO[3])
                                                      0.114    81.085 r  CPU_U/ALU_0/mem_reg[0][31]_i_463/CO[3]
                         net (fo=1, routed)           0.000    81.085    CPU_U/ALU_0/mem_reg[0][31]_i_463_n_0
    SLICE_X57Y52         CARRY4 (Prop_carry4_CI_CO[3])
                                                      0.114    81.199 r  CPU_U/ALU_0/mem_reg[0][31]_i_458/CO[3]
                         net (fo=1, routed)           0.000    81.199    CPU_U/ALU_0/mem_reg[0][31]_i_458_n_0
    SLICE_X57Y53         CARRY4 (Prop_carry4_CI_CO[3])
                                                      0.114    81.313 r  CPU_U/ALU_0/mem_reg[0][31]_i_453/CO[3]
                         net (fo=1, routed)           0.000    81.313    CPU_U/ALU_0/mem_reg[0][31]_i_453_n_0
    SLICE_X57Y54         CARRY4 (Prop_carry4_CI_CO[3])
                                                      0.114    81.427 r  CPU_U/ALU_0/mem_reg[0][31]_i_448/CO[3]
                         net (fo=1, routed)           0.000    81.427    CPU_U/ALU_0/mem_reg[0][31]_i_448_n_0
    SLICE_X57Y55         CARRY4 (Prop_carry4_CI_CO[3])
                                                      0.114    81.541 r  CPU_U/ALU_0/mem_reg[0][31]_i_443/CO[3]
                         net (fo=1, routed)           0.000    81.541    CPU_U/ALU_0/mem_reg[0][31]_i_443_n_0
    SLICE_X57Y56         CARRY4 (Prop_carry4_CI_CO[3])
                                                      0.114    81.655 r  CPU_U/ALU_0/mem_reg[0][31]_i_438/CO[3]
                         net (fo=1, routed)           0.000    81.655    CPU_U/ALU_0/mem_reg[0][31]_i_438_n_0
    SLICE_X57Y57         CARRY4 (Prop_carry4_CI_CO[3])
                                                      0.114    81.769 r  CPU_U/ALU_0/mem_reg[0][31]_i_435/CO[3]
                         net (fo=1, routed)           0.000    81.769    CPU_U/ALU_0/mem_reg[0][31]_i_435_n_0
    SLICE_X57Y58         CARRY4 (Prop_carry4_CI_CO[1])
                                                      0.157    81.926 r  CPU_U/ALU_0/mem_reg[0][31]_i_434/CO[1]
                         net (fo=35, routed)          1.984    83.910    CPU_U/ALU_0/mem_reg[0][31]_i_434_n_2
    SLICE_X58Y50         LUT3 (Prop_lut3_I0_O)        0.329    84.240 r  CPU_U/ALU_0/mem[0][31]_i_475/O
                         net (fo=1, routed)           0.000    84.240    CPU_U/ALU_0/mem[0][31]_i_475_n_0
    SLICE_X58Y50         CARRY4 (Prop_carry4_S[1]_CO[3])
                                                      0.550    84.790 r  CPU_U/ALU_0/mem_reg[0][31]_i_426/CO[3]
                         net (fo=1, routed)           0.000    84.790    CPU_U/ALU_0/mem_reg[0][31]_i_426_n_0
    SLICE_X58Y51         CARRY4 (Prop_carry4_CI_CO[3])
                                                      0.114    84.904 r  CPU_U/ALU_0/mem_reg[0][31]_i_421/CO[3]
                         net (fo=1, routed)           0.000    84.904    CPU_U/ALU_0/mem_reg[0][31]_i_421_n_0
    SLICE_X58Y52         CARRY4 (Prop_carry4_CI_CO[3])
                                                      0.114    85.018 r  CPU_U/ALU_0/mem_reg[0][31]_i_416/CO[3]
                         net (fo=1, routed)           0.000    85.018    CPU_U/ALU_0/mem_reg[0][31]_i_416_n_0
    SLICE_X58Y53         CARRY4 (Prop_carry4_CI_CO[3])
                                                      0.114    85.132 r  CPU_U/ALU_0/mem_reg[0][31]_i_411/CO[3]
                         net (fo=1, routed)           0.000    85.132    CPU_U/ALU_0/mem_reg[0][31]_i_411_n_0
    SLICE_X58Y54         CARRY4 (Prop_carry4_CI_CO[3])
                                                      0.114    85.245 r  CPU_U/ALU_0/mem_reg[0][31]_i_406/CO[3]
                         net (fo=1, routed)           0.000    85.245    CPU_U/ALU_0/mem_reg[0][31]_i_406_n_0
    SLICE_X58Y55         CARRY4 (Prop_carry4_CI_CO[3])
                                                      0.114    85.359 r  CPU_U/ALU_0/mem_reg[0][31]_i_401/CO[3]
                         net (fo=1, routed)           0.000    85.359    CPU_U/ALU_0/mem_reg[0][31]_i_401_n_0
    SLICE_X58Y56         CARRY4 (Prop_carry4_CI_CO[3])
                                                      0.114    85.473 r  CPU_U/ALU_0/mem_reg[0][31]_i_396/CO[3]
                         net (fo=1, routed)           0.000    85.473    CPU_U/ALU_0/mem_reg[0][31]_i_396_n_0
    SLICE_X58Y57         CARRY4 (Prop_carry4_CI_CO[3])
                                                      0.114    85.587 r  CPU_U/ALU_0/mem_reg[0][31]_i_393/CO[3]
                         net (fo=1, routed)           0.000    85.587    CPU_U/ALU_0/mem_reg[0][31]_i_393_n_0
    SLICE_X58Y58         CARRY4 (Prop_carry4_CI_CO[1])
                                                      0.157    85.744 r  CPU_U/ALU_0/mem_reg[0][31]_i_392/CO[1]
                         net (fo=35, routed)          2.322    88.066    CPU_U/ALU_0/mem_reg[0][31]_i_392_n_2
    SLICE_X62Y48         LUT3 (Prop_lut3_I0_O)        0.329    88.395 r  CPU_U/ALU_0/mem[0][31]_i_432/O
                         net (fo=1, routed)           0.000    88.395    CPU_U/ALU_0/mem[0][31]_i_432_n_0
    SLICE_X62Y48         CARRY4 (Prop_carry4_S[2]_CO[3])
                                                      0.398    88.793 r  CPU_U/ALU_0/mem_reg[0][31]_i_384/CO[3]
                         net (fo=1, routed)           0.000    88.793    CPU_U/ALU_0/mem_reg[0][31]_i_384_n_0
    SLICE_X62Y49         CARRY4 (Prop_carry4_CI_CO[3])
                                                      0.114    88.907 r  CPU_U/ALU_0/mem_reg[0][31]_i_379/CO[3]
                         net (fo=1, routed)           0.001    88.908    CPU_U/ALU_0/mem_reg[0][31]_i_379_n_0
    SLICE_X62Y50         CARRY4 (Prop_carry4_CI_CO[3])
                                                      0.114    89.022 r  CPU_U/ALU_0/mem_reg[0][31]_i_374/CO[3]
                         net (fo=1, routed)           0.000    89.022    CPU_U/ALU_0/mem_reg[0][31]_i_374_n_0
    SLICE_X62Y51         CARRY4 (Prop_carry4_CI_CO[3])
                                                      0.114    89.136 r  CPU_U/ALU_0/mem_reg[0][31]_i_369/CO[3]
                         net (fo=1, routed)           0.000    89.136    CPU_U/ALU_0/mem_reg[0][31]_i_369_n_0
    SLICE_X62Y52         CARRY4 (Prop_carry4_CI_CO[3])
                                                      0.114    89.250 r  CPU_U/ALU_0/mem_reg[0][31]_i_364/CO[3]
                         net (fo=1, routed)           0.000    89.250    CPU_U/ALU_0/mem_reg[0][31]_i_364_n_0
    SLICE_X62Y53         CARRY4 (Prop_carry4_CI_CO[3])
                                                      0.114    89.364 r  CPU_U/ALU_0/mem_reg[0][31]_i_359/CO[3]
                         net (fo=1, routed)           0.000    89.364    CPU_U/ALU_0/mem_reg[0][31]_i_359_n_0
    SLICE_X62Y54         CARRY4 (Prop_carry4_CI_CO[3])
                                                      0.114    89.478 r  CPU_U/ALU_0/mem_reg[0][31]_i_354/CO[3]
                         net (fo=1, routed)           0.000    89.478    CPU_U/ALU_0/mem_reg[0][31]_i_354_n_0
    SLICE_X62Y55         CARRY4 (Prop_carry4_CI_CO[3])
                                                      0.114    89.592 r  CPU_U/ALU_0/mem_reg[0][31]_i_351/CO[3]
                         net (fo=1, routed)           0.000    89.592    CPU_U/ALU_0/mem_reg[0][31]_i_351_n_0
    SLICE_X62Y56         CARRY4 (Prop_carry4_CI_CO[1])
                                                      0.157    89.749 r  CPU_U/ALU_0/mem_reg[0][31]_i_350/CO[1]
                         net (fo=35, routed)          2.219    91.967    CPU_U/ALU_0/mem_reg[0][31]_i_350_n_2
    SLICE_X59Y48         LUT3 (Prop_lut3_I0_O)        0.329    92.296 r  CPU_U/ALU_0/mem[0][31]_i_389/O
                         net (fo=1, routed)           0.000    92.296    CPU_U/ALU_0/mem[0][31]_i_389_n_0
    SLICE_X59Y48         CARRY4 (Prop_carry4_S[3]_CO[3])
                                                      0.401    92.697 r  CPU_U/ALU_0/mem_reg[0][31]_i_342/CO[3]
                         net (fo=1, routed)           0.000    92.697    CPU_U/ALU_0/mem_reg[0][31]_i_342_n_0
    SLICE_X59Y49         CARRY4 (Prop_carry4_CI_CO[3])
                                                      0.114    92.811 r  CPU_U/ALU_0/mem_reg[0][31]_i_337/CO[3]
                         net (fo=1, routed)           0.001    92.812    CPU_U/ALU_0/mem_reg[0][31]_i_337_n_0
    SLICE_X59Y50         CARRY4 (Prop_carry4_CI_CO[3])
                                                      0.114    92.926 r  CPU_U/ALU_0/mem_reg[0][31]_i_332/CO[3]
                         net (fo=1, routed)           0.000    92.926    CPU_U/ALU_0/mem_reg[0][31]_i_332_n_0
    SLICE_X59Y51         CARRY4 (Prop_carry4_CI_CO[3])
                                                      0.114    93.040 r  CPU_U/ALU_0/mem_reg[0][31]_i_327/CO[3]
                         net (fo=1, routed)           0.000    93.040    CPU_U/ALU_0/mem_reg[0][31]_i_327_n_0
    SLICE_X59Y52         CARRY4 (Prop_carry4_CI_CO[3])
                                                      0.114    93.154 r  CPU_U/ALU_0/mem_reg[0][31]_i_322/CO[3]
                         net (fo=1, routed)           0.000    93.154    CPU_U/ALU_0/mem_reg[0][31]_i_322_n_0
    SLICE_X59Y53         CARRY4 (Prop_carry4_CI_CO[3])
                                                      0.114    93.268 r  CPU_U/ALU_0/mem_reg[0][31]_i_317/CO[3]
                         net (fo=1, routed)           0.000    93.268    CPU_U/ALU_0/mem_reg[0][31]_i_317_n_0
    SLICE_X59Y54         CARRY4 (Prop_carry4_CI_CO[3])
                                                      0.114    93.382 r  CPU_U/ALU_0/mem_reg[0][31]_i_312/CO[3]
                         net (fo=1, routed)           0.000    93.382    CPU_U/ALU_0/mem_reg[0][31]_i_312_n_0
    SLICE_X59Y55         CARRY4 (Prop_carry4_CI_CO[3])
                                                      0.114    93.496 r  CPU_U/ALU_0/mem_reg[0][31]_i_309/CO[3]
                         net (fo=1, routed)           0.000    93.496    CPU_U/ALU_0/mem_reg[0][31]_i_309_n_0
    SLICE_X59Y56         CARRY4 (Prop_carry4_CI_CO[1])
                                                      0.157    93.653 r  CPU_U/ALU_0/mem_reg[0][31]_i_308/CO[1]
                         net (fo=35, routed)          2.466    96.120    CPU_U/ALU_0/mem_reg[0][31]_i_308_n_2
    SLICE_X61Y48         LUT3 (Prop_lut3_I0_O)        0.329    96.449 r  CPU_U/ALU_0/mem[0][31]_i_345/O
                         net (fo=1, routed)           0.000    96.449    CPU_U/ALU_0/mem[0][31]_i_345_n_0
    SLICE_X61Y48         CARRY4 (Prop_carry4_S[1]_CO[3])
                                                      0.550    96.999 r  CPU_U/ALU_0/mem_reg[0][31]_i_294/CO[3]
                         net (fo=1, routed)           0.000    96.999    CPU_U/ALU_0/mem_reg[0][31]_i_294_n_0
    SLICE_X61Y49         CARRY4 (Prop_carry4_CI_CO[3])
                                                      0.114    97.113 r  CPU_U/ALU_0/mem_reg[0][31]_i_289/CO[3]
                         net (fo=1, routed)           0.001    97.113    CPU_U/ALU_0/mem_reg[0][31]_i_289_n_0
    SLICE_X61Y50         CARRY4 (Prop_carry4_CI_CO[3])
                                                      0.114    97.227 r  CPU_U/ALU_0/mem_reg[0][31]_i_284/CO[3]
                         net (fo=1, routed)           0.000    97.227    CPU_U/ALU_0/mem_reg[0][31]_i_284_n_0
    SLICE_X61Y51         CARRY4 (Prop_carry4_CI_CO[3])
                                                      0.114    97.341 r  CPU_U/ALU_0/mem_reg[0][31]_i_279/CO[3]
                         net (fo=1, routed)           0.000    97.341    CPU_U/ALU_0/mem_reg[0][31]_i_279_n_0
    SLICE_X61Y52         CARRY4 (Prop_carry4_CI_CO[3])
                                                      0.114    97.455 r  CPU_U/ALU_0/mem_reg[0][31]_i_274/CO[3]
                         net (fo=1, routed)           0.000    97.455    CPU_U/ALU_0/mem_reg[0][31]_i_274_n_0
    SLICE_X61Y53         CARRY4 (Prop_carry4_CI_CO[3])
                                                      0.114    97.569 r  CPU_U/ALU_0/mem_reg[0][31]_i_269/CO[3]
                         net (fo=1, routed)           0.000    97.569    CPU_U/ALU_0/mem_reg[0][31]_i_269_n_0
    SLICE_X61Y54         CARRY4 (Prop_carry4_CI_CO[3])
                                                      0.114    97.683 r  CPU_U/ALU_0/mem_reg[0][31]_i_266/CO[3]
                         net (fo=1, routed)           0.000    97.683    CPU_U/ALU_0/mem_reg[0][31]_i_266_n_0
    SLICE_X61Y55         CARRY4 (Prop_carry4_CI_CO[1])
                                                      0.157    97.840 r  CPU_U/ALU_0/mem_reg[0][31]_i_265/CO[1]
                         net (fo=35, routed)          2.070    99.910    CPU_U/IDEX_0/CO[0]
    SLICE_X63Y46         LUT3 (Prop_lut3_I0_O)        0.329   100.239 r  CPU_U/IDEX_0/mem[0][31]_i_307/O
                         net (fo=1, routed)           0.000   100.239    CPU_U/ALU_0/mem_reg[0][31]_i_215_1[0]
    SLICE_X63Y46         CARRY4 (Prop_carry4_S[1]_CO[3])
                                                      0.550   100.789 r  CPU_U/ALU_0/mem_reg[0][31]_i_257/CO[3]
                         net (fo=1, routed)           0.000   100.789    CPU_U/ALU_0/mem_reg[0][31]_i_257_n_0
    SLICE_X63Y47         CARRY4 (Prop_carry4_CI_CO[3])
                                                      0.114   100.903 r  CPU_U/ALU_0/mem_reg[0][31]_i_252/CO[3]
                         net (fo=1, routed)           0.000   100.903    CPU_U/ALU_0/mem_reg[0][31]_i_252_n_0
    SLICE_X63Y48         CARRY4 (Prop_carry4_CI_CO[3])
                                                      0.114   101.017 r  CPU_U/ALU_0/mem_reg[0][31]_i_247/CO[3]
                         net (fo=1, routed)           0.000   101.017    CPU_U/ALU_0/mem_reg[0][31]_i_247_n_0
    SLICE_X63Y49         CARRY4 (Prop_carry4_CI_CO[3])
                                                      0.114   101.131 r  CPU_U/ALU_0/mem_reg[0][31]_i_242/CO[3]
                         net (fo=1, routed)           0.001   101.132    CPU_U/ALU_0/mem_reg[0][31]_i_242_n_0
    SLICE_X63Y50         CARRY4 (Prop_carry4_CI_CO[3])
                                                      0.114   101.246 r  CPU_U/ALU_0/mem_reg[0][31]_i_237/CO[3]
                         net (fo=1, routed)           0.000   101.246    CPU_U/ALU_0/mem_reg[0][31]_i_237_n_0
    SLICE_X63Y51         CARRY4 (Prop_carry4_CI_CO[3])
                                                      0.114   101.360 r  CPU_U/ALU_0/mem_reg[0][31]_i_232/CO[3]
                         net (fo=1, routed)           0.000   101.360    CPU_U/ALU_0/mem_reg[0][31]_i_232_n_0
    SLICE_X63Y52         CARRY4 (Prop_carry4_CI_CO[3])
                                                      0.114   101.474 r  CPU_U/ALU_0/mem_reg[0][31]_i_227/CO[3]
                         net (fo=1, routed)           0.000   101.474    CPU_U/ALU_0/mem_reg[0][31]_i_227_n_0
    SLICE_X63Y53         CARRY4 (Prop_carry4_CI_CO[3])
                                                      0.114   101.588 r  CPU_U/ALU_0/mem_reg[0][31]_i_224/CO[3]
                         net (fo=1, routed)           0.000   101.588    CPU_U/ALU_0/mem_reg[0][31]_i_224_n_0
    SLICE_X63Y54         CARRY4 (Prop_carry4_CI_CO[1])
                                                      0.157   101.745 r  CPU_U/ALU_0/mem_reg[0][31]_i_223/CO[1]
                         net (fo=35, routed)          2.448   104.193    CPU_U/ALU_0/mem_reg[0][31]_i_223_n_2
    SLICE_X52Y45         LUT3 (Prop_lut3_I0_O)        0.329   104.522 r  CPU_U/ALU_0/mem[0][31]_i_264/O
                         net (fo=1, routed)           0.000   104.522    CPU_U/ALU_0/mem[0][31]_i_264_n_0
    SLICE_X52Y45         CARRY4 (Prop_carry4_S[1]_CO[3])
                                                      0.533   105.055 r  CPU_U/ALU_0/mem_reg[0][31]_i_215/CO[3]
                         net (fo=1, routed)           0.000   105.055    CPU_U/ALU_0/mem_reg[0][31]_i_215_n_0
    SLICE_X52Y46         CARRY4 (Prop_carry4_CI_CO[3])
                                                      0.117   105.172 r  CPU_U/ALU_0/mem_reg[0][31]_i_210/CO[3]
                         net (fo=1, routed)           0.000   105.172    CPU_U/ALU_0/mem_reg[0][31]_i_210_n_0
    SLICE_X52Y47         CARRY4 (Prop_carry4_CI_CO[3])
                                                      0.117   105.289 r  CPU_U/ALU_0/mem_reg[0][31]_i_205/CO[3]
                         net (fo=1, routed)           0.000   105.289    CPU_U/ALU_0/mem_reg[0][31]_i_205_n_0
    SLICE_X52Y48         CARRY4 (Prop_carry4_CI_CO[3])
                                                      0.117   105.406 r  CPU_U/ALU_0/mem_reg[0][31]_i_200/CO[3]
                         net (fo=1, routed)           0.000   105.406    CPU_U/ALU_0/mem_reg[0][31]_i_200_n_0
    SLICE_X52Y49         CARRY4 (Prop_carry4_CI_CO[3])
                                                      0.117   105.523 r  CPU_U/ALU_0/mem_reg[0][31]_i_195/CO[3]
                         net (fo=1, routed)           0.001   105.524    CPU_U/ALU_0/mem_reg[0][31]_i_195_n_0
    SLICE_X52Y50         CARRY4 (Prop_carry4_CI_CO[3])
                                                      0.117   105.641 r  CPU_U/ALU_0/mem_reg[0][31]_i_190/CO[3]
                         net (fo=1, routed)           0.000   105.641    CPU_U/ALU_0/mem_reg[0][31]_i_190_n_0
    SLICE_X52Y51         CARRY4 (Prop_carry4_CI_CO[3])
                                                      0.117   105.758 r  CPU_U/ALU_0/mem_reg[0][31]_i_185/CO[3]
                         net (fo=1, routed)           0.000   105.758    CPU_U/ALU_0/mem_reg[0][31]_i_185_n_0
    SLICE_X52Y52         CARRY4 (Prop_carry4_CI_CO[3])
                                                      0.117   105.875 r  CPU_U/ALU_0/mem_reg[0][31]_i_182/CO[3]
                         net (fo=1, routed)           0.000   105.875    CPU_U/ALU_0/mem_reg[0][31]_i_182_n_0
    SLICE_X52Y53         CARRY4 (Prop_carry4_CI_CO[1])
                                                      0.157   106.032 r  CPU_U/ALU_0/mem_reg[0][31]_i_181/CO[1]
                         net (fo=35, routed)          2.570   108.602    CPU_U/ALU_0/mem_reg[0][31]_i_181_n_2
    SLICE_X53Y42         LUT3 (Prop_lut3_I0_O)        0.332   108.934 r  CPU_U/ALU_0/mem[0][31]_i_222/O
                         net (fo=1, routed)           0.000   108.934    CPU_U/ALU_0/mem[0][31]_i_222_n_0
    SLICE_X53Y42         CARRY4 (Prop_carry4_S[1]_CO[3])
                                                      0.550   109.484 r  CPU_U/ALU_0/mem_reg[0][31]_i_176/CO[3]
                         net (fo=1, routed)           0.000   109.484    CPU_U/ALU_0/mem_reg[0][31]_i_176_n_0
    SLICE_X53Y43         CARRY4 (Prop_carry4_CI_CO[3])
                                                      0.114   109.598 r  CPU_U/ALU_0/mem_reg[0][31]_i_171/CO[3]
                         net (fo=1, routed)           0.000   109.598    CPU_U/ALU_0/mem_reg[0][31]_i_171_n_0
    SLICE_X53Y44         CARRY4 (Prop_carry4_CI_CO[3])
                                                      0.114   109.712 r  CPU_U/ALU_0/mem_reg[0][31]_i_166/CO[3]
                         net (fo=1, routed)           0.000   109.712    CPU_U/ALU_0/mem_reg[0][31]_i_166_n_0
    SLICE_X53Y45         CARRY4 (Prop_carry4_CI_CO[3])
                                                      0.114   109.826 r  CPU_U/ALU_0/mem_reg[0][31]_i_161/CO[3]
                         net (fo=1, routed)           0.000   109.826    CPU_U/ALU_0/mem_reg[0][31]_i_161_n_0
    SLICE_X53Y46         CARRY4 (Prop_carry4_CI_CO[3])
                                                      0.114   109.940 r  CPU_U/ALU_0/mem_reg[0][31]_i_156/CO[3]
                         net (fo=1, routed)           0.000   109.940    CPU_U/ALU_0/mem_reg[0][31]_i_156_n_0
    SLICE_X53Y47         CARRY4 (Prop_carry4_CI_CO[3])
                                                      0.114   110.054 r  CPU_U/ALU_0/mem_reg[0][31]_i_151/CO[3]
                         net (fo=1, routed)           0.000   110.054    CPU_U/ALU_0/mem_reg[0][31]_i_151_n_0
    SLICE_X53Y48         CARRY4 (Prop_carry4_CI_CO[3])
                                                      0.114   110.168 r  CPU_U/ALU_0/mem_reg[0][31]_i_146/CO[3]
                         net (fo=1, routed)           0.000   110.168    CPU_U/ALU_0/mem_reg[0][31]_i_146_n_0
    SLICE_X53Y49         CARRY4 (Prop_carry4_CI_CO[3])
                                                      0.114   110.282 r  CPU_U/ALU_0/mem_reg[0][31]_i_143/CO[3]
                         net (fo=1, routed)           0.001   110.283    CPU_U/ALU_0/mem_reg[0][31]_i_143_n_0
    SLICE_X53Y50         CARRY4 (Prop_carry4_CI_CO[1])
                                                      0.157   110.440 r  CPU_U/ALU_0/mem_reg[0][31]_i_142/CO[1]
                         net (fo=35, routed)          2.550   112.990    CPU_U/ALU_0/mem_reg[0][31]_i_142_n_2
    SLICE_X56Y41         LUT3 (Prop_lut3_I0_O)        0.329   113.319 r  CPU_U/ALU_0/mem[0][27]_i_48/O
                         net (fo=1, routed)           0.000   113.319    CPU_U/ALU_0/mem[0][27]_i_48_n_0
    SLICE_X56Y41         CARRY4 (Prop_carry4_S[1]_CO[3])
                                                      0.533   113.852 r  CPU_U/ALU_0/mem_reg[0][27]_i_41/CO[3]
                         net (fo=1, routed)           0.000   113.852    CPU_U/ALU_0/mem_reg[0][27]_i_41_n_0
    SLICE_X56Y42         CARRY4 (Prop_carry4_CI_CO[3])
                                                      0.117   113.969 r  CPU_U/ALU_0/mem_reg[0][31]_i_137/CO[3]
                         net (fo=1, routed)           0.000   113.969    CPU_U/ALU_0/mem_reg[0][31]_i_137_n_0
    SLICE_X56Y43         CARRY4 (Prop_carry4_CI_CO[3])
                                                      0.117   114.086 r  CPU_U/ALU_0/mem_reg[0][31]_i_132/CO[3]
                         net (fo=1, routed)           0.000   114.086    CPU_U/ALU_0/mem_reg[0][31]_i_132_n_0
    SLICE_X56Y44         CARRY4 (Prop_carry4_CI_CO[3])
                                                      0.117   114.203 r  CPU_U/ALU_0/mem_reg[0][31]_i_127/CO[3]
                         net (fo=1, routed)           0.000   114.203    CPU_U/ALU_0/mem_reg[0][31]_i_127_n_0
    SLICE_X56Y45         CARRY4 (Prop_carry4_CI_CO[3])
                                                      0.117   114.320 r  CPU_U/ALU_0/mem_reg[0][31]_i_122/CO[3]
                         net (fo=1, routed)           0.000   114.320    CPU_U/ALU_0/mem_reg[0][31]_i_122_n_0
    SLICE_X56Y46         CARRY4 (Prop_carry4_CI_CO[3])
                                                      0.117   114.437 r  CPU_U/ALU_0/mem_reg[0][31]_i_117/CO[3]
                         net (fo=1, routed)           0.000   114.437    CPU_U/ALU_0/mem_reg[0][31]_i_117_n_0
    SLICE_X56Y47         CARRY4 (Prop_carry4_CI_CO[3])
                                                      0.117   114.554 r  CPU_U/ALU_0/mem_reg[0][31]_i_112/CO[3]
                         net (fo=1, routed)           0.000   114.554    CPU_U/ALU_0/mem_reg[0][31]_i_112_n_0
    SLICE_X56Y48         CARRY4 (Prop_carry4_CI_CO[3])
                                                      0.117   114.671 r  CPU_U/ALU_0/mem_reg[0][31]_i_109/CO[3]
                         net (fo=1, routed)           0.000   114.671    CPU_U/ALU_0/mem_reg[0][31]_i_109_n_0
    SLICE_X56Y49         CARRY4 (Prop_carry4_CI_CO[1])
                                                      0.157   114.828 r  CPU_U/ALU_0/mem_reg[0][31]_i_108/CO[1]
                         net (fo=35, routed)          2.074   116.902    CPU_U/ALU_0/mem[0][31]_i_145_0[0]
    SLICE_X57Y41         LUT3 (Prop_lut3_I0_O)        0.332   117.234 r  CPU_U/ALU_0/mem[0][23]_i_43/O
                         net (fo=1, routed)           0.000   117.234    CPU_U/ALU_0/mem[0][23]_i_43_n_0
    SLICE_X57Y41         CARRY4 (Prop_carry4_S[2]_CO[3])
                                                      0.398   117.632 r  CPU_U/ALU_0/mem_reg[0][23]_i_36/CO[3]
                         net (fo=1, routed)           0.000   117.632    CPU_U/ALU_0/mem_reg[0][23]_i_36_n_0
    SLICE_X57Y42         CARRY4 (Prop_carry4_CI_CO[3])
                                                      0.114   117.746 r  CPU_U/ALU_0/mem_reg[0][27]_i_36/CO[3]
                         net (fo=1, routed)           0.000   117.746    CPU_U/ALU_0/mem_reg[0][27]_i_36_n_0
    SLICE_X57Y43         CARRY4 (Prop_carry4_CI_CO[3])
                                                      0.114   117.860 r  CPU_U/ALU_0/mem_reg[0][31]_i_103/CO[3]
                         net (fo=1, routed)           0.000   117.860    CPU_U/ALU_0/mem_reg[0][31]_i_103_n_0
    SLICE_X57Y44         CARRY4 (Prop_carry4_CI_CO[3])
                                                      0.114   117.974 r  CPU_U/ALU_0/mem_reg[0][31]_i_98/CO[3]
                         net (fo=1, routed)           0.000   117.974    CPU_U/ALU_0/mem_reg[0][31]_i_98_n_0
    SLICE_X57Y45         CARRY4 (Prop_carry4_CI_CO[3])
                                                      0.114   118.088 r  CPU_U/ALU_0/mem_reg[0][31]_i_93/CO[3]
                         net (fo=1, routed)           0.000   118.088    CPU_U/ALU_0/mem_reg[0][31]_i_93_n_0
    SLICE_X57Y46         CARRY4 (Prop_carry4_CI_CO[3])
                                                      0.114   118.202 r  CPU_U/ALU_0/mem_reg[0][31]_i_88/CO[3]
                         net (fo=1, routed)           0.000   118.202    CPU_U/ALU_0/mem_reg[0][31]_i_88_n_0
    SLICE_X57Y47         CARRY4 (Prop_carry4_CI_CO[3])
                                                      0.114   118.316 r  CPU_U/ALU_0/mem_reg[0][31]_i_83/CO[3]
                         net (fo=1, routed)           0.000   118.316    CPU_U/ALU_0/mem_reg[0][31]_i_83_n_0
    SLICE_X57Y48         CARRY4 (Prop_carry4_CI_CO[3])
                                                      0.114   118.430 r  CPU_U/ALU_0/mem_reg[0][31]_i_80/CO[3]
                         net (fo=1, routed)           0.000   118.430    CPU_U/ALU_0/mem_reg[0][31]_i_80_n_0
    SLICE_X57Y49         CARRY4 (Prop_carry4_CI_CO[1])
                                                      0.157   118.587 r  CPU_U/ALU_0/mem_reg[0][31]_i_79/CO[1]
                         net (fo=35, routed)          2.140   120.727    CPU_U/ALU_0/mem_reg[0][31]_i_79_n_2
    SLICE_X58Y41         LUT3 (Prop_lut3_I0_O)        0.329   121.056 r  CPU_U/ALU_0/mem[0][23]_i_39/O
                         net (fo=1, routed)           0.000   121.056    CPU_U/ALU_0/mem[0][23]_i_39_n_0
    SLICE_X58Y41         CARRY4 (Prop_carry4_S[1]_CO[3])
                                                      0.550   121.606 r  CPU_U/ALU_0/mem_reg[0][23]_i_31/CO[3]
                         net (fo=1, routed)           0.000   121.606    CPU_U/ALU_0/mem_reg[0][23]_i_31_n_0
    SLICE_X58Y42         CARRY4 (Prop_carry4_CI_CO[3])
                                                      0.114   121.720 r  CPU_U/ALU_0/mem_reg[0][27]_i_31/CO[3]
                         net (fo=1, routed)           0.000   121.720    CPU_U/ALU_0/mem_reg[0][27]_i_31_n_0
    SLICE_X58Y43         CARRY4 (Prop_carry4_CI_CO[3])
                                                      0.114   121.834 r  CPU_U/ALU_0/mem_reg[0][31]_i_74/CO[3]
                         net (fo=1, routed)           0.000   121.834    CPU_U/ALU_0/mem_reg[0][31]_i_74_n_0
    SLICE_X58Y44         CARRY4 (Prop_carry4_CI_CO[3])
                                                      0.114   121.948 r  CPU_U/ALU_0/mem_reg[0][31]_i_69/CO[3]
                         net (fo=1, routed)           0.000   121.948    CPU_U/ALU_0/mem_reg[0][31]_i_69_n_0
    SLICE_X58Y45         CARRY4 (Prop_carry4_CI_CO[3])
                                                      0.114   122.062 r  CPU_U/ALU_0/mem_reg[0][31]_i_64/CO[3]
                         net (fo=1, routed)           0.000   122.062    CPU_U/ALU_0/mem_reg[0][31]_i_64_n_0
    SLICE_X58Y46         CARRY4 (Prop_carry4_CI_CO[3])
                                                      0.114   122.176 r  CPU_U/ALU_0/mem_reg[0][31]_i_59/CO[3]
                         net (fo=1, routed)           0.000   122.176    CPU_U/ALU_0/mem_reg[0][31]_i_59_n_0
    SLICE_X58Y47         CARRY4 (Prop_carry4_CI_CO[3])
                                                      0.114   122.290 r  CPU_U/ALU_0/mem_reg[0][31]_i_56/CO[3]
                         net (fo=1, routed)           0.000   122.290    CPU_U/ALU_0/mem_reg[0][31]_i_56_n_0
    SLICE_X58Y48         CARRY4 (Prop_carry4_CI_CO[1])
                                                      0.157   122.447 r  CPU_U/ALU_0/mem_reg[0][31]_i_55/CO[1]
                         net (fo=35, routed)          2.246   124.693    CPU_U/ALU_0/mem_reg[0][31]_i_55_n_2
    SLICE_X62Y39         CARRY4 (Prop_carry4_CYINIT_CO[3])
                                                      0.785   125.478 r  CPU_U/ALU_0/mem_reg[0][15]_i_26/CO[3]
                         net (fo=1, routed)           0.000   125.478    CPU_U/ALU_0/mem_reg[0][15]_i_26_n_0
    SLICE_X62Y40         CARRY4 (Prop_carry4_CI_CO[3])
                                                      0.114   125.592 r  CPU_U/ALU_0/mem_reg[0][18]_i_15/CO[3]
                         net (fo=1, routed)           0.000   125.592    CPU_U/ALU_0/mem_reg[0][18]_i_15_n_0
    SLICE_X62Y41         CARRY4 (Prop_carry4_CI_CO[3])
                                                      0.114   125.706 r  CPU_U/ALU_0/mem_reg[0][23]_i_26/CO[3]
                         net (fo=1, routed)           0.000   125.706    CPU_U/ALU_0/mem_reg[0][23]_i_26_n_0
    SLICE_X62Y42         CARRY4 (Prop_carry4_CI_CO[3])
                                                      0.114   125.820 r  CPU_U/ALU_0/mem_reg[0][27]_i_26/CO[3]
                         net (fo=1, routed)           0.000   125.820    CPU_U/ALU_0/mem_reg[0][27]_i_26_n_0
    SLICE_X62Y43         CARRY4 (Prop_carry4_CI_CO[3])
                                                      0.114   125.934 r  CPU_U/ALU_0/mem_reg[0][31]_i_50/CO[3]
                         net (fo=1, routed)           0.000   125.934    CPU_U/ALU_0/mem_reg[0][31]_i_50_n_0
    SLICE_X62Y44         CARRY4 (Prop_carry4_CI_CO[3])
                                                      0.114   126.048 r  CPU_U/ALU_0/mem_reg[0][31]_i_45/CO[3]
                         net (fo=1, routed)           0.000   126.048    CPU_U/ALU_0/mem_reg[0][31]_i_45_n_0
    SLICE_X62Y45         CARRY4 (Prop_carry4_CI_CO[3])
                                                      0.114   126.162 r  CPU_U/ALU_0/mem_reg[0][31]_i_40/CO[3]
                         net (fo=1, routed)           0.000   126.162    CPU_U/ALU_0/mem_reg[0][31]_i_40_n_0
    SLICE_X62Y46         CARRY4 (Prop_carry4_CI_CO[3])
                                                      0.114   126.276 r  CPU_U/ALU_0/mem_reg[0][31]_i_37/CO[3]
                         net (fo=1, routed)           0.000   126.276    CPU_U/ALU_0/mem_reg[0][31]_i_37_n_0
    SLICE_X62Y47         CARRY4 (Prop_carry4_CI_CO[1])
                                                      0.157   126.433 r  CPU_U/ALU_0/mem_reg[0][31]_i_36/CO[1]
                         net (fo=35, routed)          2.373   128.806    CPU_U/ALU_0/mem_reg[0][31]_i_36_n_2
    SLICE_X59Y38         LUT3 (Prop_lut3_I0_O)        0.329   129.135 r  CPU_U/ALU_0/mem[0][11]_i_28/O
                         net (fo=1, routed)           0.000   129.135    CPU_U/ALU_0/mem[0][11]_i_28_n_0
    SLICE_X59Y38         CARRY4 (Prop_carry4_S[1]_CO[3])
                                                      0.550   129.685 r  CPU_U/ALU_0/mem_reg[0][11]_i_21/CO[3]
                         net (fo=1, routed)           0.000   129.685    CPU_U/ALU_0/mem_reg[0][11]_i_21_n_0
    SLICE_X59Y39         CARRY4 (Prop_carry4_CI_CO[3])
                                                      0.114   129.799 r  CPU_U/ALU_0/mem_reg[0][15]_i_21/CO[3]
                         net (fo=1, routed)           0.000   129.799    CPU_U/ALU_0/mem_reg[0][15]_i_21_n_0
    SLICE_X59Y40         CARRY4 (Prop_carry4_CI_CO[3])
                                                      0.114   129.913 r  CPU_U/ALU_0/mem_reg[0][18]_i_10/CO[3]
                         net (fo=1, routed)           0.000   129.913    CPU_U/ALU_0/mem_reg[0][18]_i_10_n_0
    SLICE_X59Y41         CARRY4 (Prop_carry4_CI_CO[3])
                                                      0.114   130.027 r  CPU_U/ALU_0/mem_reg[0][23]_i_21/CO[3]
                         net (fo=1, routed)           0.000   130.027    CPU_U/ALU_0/mem_reg[0][23]_i_21_n_0
    SLICE_X59Y42         CARRY4 (Prop_carry4_CI_CO[3])
                                                      0.114   130.141 r  CPU_U/ALU_0/mem_reg[0][27]_i_21/CO[3]
                         net (fo=1, routed)           0.000   130.141    CPU_U/ALU_0/mem_reg[0][27]_i_21_n_0
    SLICE_X59Y43         CARRY4 (Prop_carry4_CI_CO[3])
                                                      0.114   130.255 r  CPU_U/ALU_0/mem_reg[0][31]_i_31/CO[3]
                         net (fo=1, routed)           0.000   130.255    CPU_U/ALU_0/mem_reg[0][31]_i_31_n_0
    SLICE_X59Y44         CARRY4 (Prop_carry4_CI_CO[3])
                                                      0.114   130.369 r  CPU_U/ALU_0/mem_reg[0][31]_i_26/CO[3]
                         net (fo=1, routed)           0.000   130.369    CPU_U/ALU_0/mem_reg[0][31]_i_26_n_0
    SLICE_X59Y45         CARRY4 (Prop_carry4_CI_CO[3])
                                                      0.114   130.483 r  CPU_U/ALU_0/mem_reg[0][31]_i_23/CO[3]
                         net (fo=1, routed)           0.000   130.483    CPU_U/ALU_0/mem_reg[0][31]_i_23_n_0
    SLICE_X59Y46         CARRY4 (Prop_carry4_CI_CO[1])
                                                      0.157   130.640 r  CPU_U/ALU_0/mem_reg[0][31]_i_22/CO[1]
                         net (fo=35, routed)          2.070   132.710    CPU_U/IDEX_0/mem_reg[0][7]_i_16[0]
    SLICE_X60Y37         LUT3 (Prop_lut3_I0_O)        0.329   133.039 r  CPU_U/IDEX_0/mem[0][7]_i_24/O
                         net (fo=1, routed)           0.000   133.039    CPU_U/ALU_0/mem_reg[0][3]_i_14_1[0]
    SLICE_X60Y37         CARRY4 (Prop_carry4_S[1]_CO[3])
                                                      0.533   133.572 r  CPU_U/ALU_0/mem_reg[0][7]_i_16/CO[3]
                         net (fo=1, routed)           0.000   133.572    CPU_U/ALU_0/mem_reg[0][7]_i_16_n_0
    SLICE_X60Y38         CARRY4 (Prop_carry4_CI_CO[3])
                                                      0.117   133.689 r  CPU_U/ALU_0/mem_reg[0][11]_i_16/CO[3]
                         net (fo=1, routed)           0.000   133.689    CPU_U/ALU_0/mem_reg[0][11]_i_16_n_0
    SLICE_X60Y39         CARRY4 (Prop_carry4_CI_CO[3])
                                                      0.117   133.806 r  CPU_U/ALU_0/mem_reg[0][15]_i_16/CO[3]
                         net (fo=1, routed)           0.000   133.806    CPU_U/ALU_0/mem_reg[0][15]_i_16_n_0
    SLICE_X60Y40         CARRY4 (Prop_carry4_CI_CO[3])
                                                      0.117   133.923 r  CPU_U/ALU_0/mem_reg[0][18]_i_5/CO[3]
                         net (fo=1, routed)           0.000   133.923    CPU_U/ALU_0/mem_reg[0][18]_i_5_n_0
    SLICE_X60Y41         CARRY4 (Prop_carry4_CI_CO[3])
                                                      0.117   134.040 r  CPU_U/ALU_0/mem_reg[0][23]_i_16/CO[3]
                         net (fo=1, routed)           0.000   134.040    CPU_U/ALU_0/mem_reg[0][23]_i_16_n_0
    SLICE_X60Y42         CARRY4 (Prop_carry4_CI_CO[3])
                                                      0.117   134.157 r  CPU_U/ALU_0/mem_reg[0][27]_i_16/CO[3]
                         net (fo=1, routed)           0.000   134.157    CPU_U/ALU_0/mem_reg[0][27]_i_16_n_0
    SLICE_X60Y43         CARRY4 (Prop_carry4_CI_CO[3])
                                                      0.117   134.274 r  CPU_U/ALU_0/mem_reg[0][31]_i_17/CO[3]
                         net (fo=1, routed)           0.000   134.274    CPU_U/ALU_0/mem_reg[0][31]_i_17_n_0
    SLICE_X60Y44         CARRY4 (Prop_carry4_CI_CO[3])
                                                      0.117   134.391 r  CPU_U/ALU_0/mem_reg[0][31]_i_14/CO[3]
                         net (fo=1, routed)           0.000   134.391    CPU_U/ALU_0/mem_reg[0][31]_i_14_n_0
    SLICE_X60Y45         CARRY4 (Prop_carry4_CI_CO[1])
                                                      0.157   134.548 r  CPU_U/ALU_0/mem_reg[0][31]_i_13/CO[1]
                         net (fo=35, routed)          2.193   136.741    CPU_U/ALU_0/mem_reg[0][31]_i_13_n_2
    SLICE_X61Y36         LUT3 (Prop_lut3_I0_O)        0.332   137.073 r  CPU_U/ALU_0/mem[0][3]_i_18/O
                         net (fo=1, routed)           0.000   137.073    CPU_U/ALU_0/mem[0][3]_i_18_n_0
    SLICE_X61Y36         CARRY4 (Prop_carry4_S[1]_CO[3])
                                                      0.550   137.623 r  CPU_U/ALU_0/mem_reg[0][3]_i_14/CO[3]
                         net (fo=1, routed)           0.000   137.623    CPU_U/ALU_0/mem_reg[0][3]_i_14_n_0
    SLICE_X61Y37         CARRY4 (Prop_carry4_CI_CO[3])
                                                      0.114   137.737 r  CPU_U/ALU_0/mem_reg[0][7]_i_14/CO[3]
                         net (fo=1, routed)           0.000   137.737    CPU_U/ALU_0/mem_reg[0][7]_i_14_n_0
    SLICE_X61Y38         CARRY4 (Prop_carry4_CI_O[3])
                                                      0.313   138.050 r  CPU_U/ALU_0/mem_reg[0][11]_i_14/O[3]
                         net (fo=4, routed)           1.392   139.442    CPU_U/ALU_0/mem[0][11]_i_20_0[3]
    SLICE_X60Y34         LUT6 (Prop_lut6_I5_O)        0.306   139.748 f  CPU_U/ALU_0/mem[0][13]_i_5/O
                         net (fo=2, routed)           1.058   140.806    CPU_U/ALU_0/mem[0][13]_i_5_n_0
    SLICE_X60Y34         LUT3 (Prop_lut3_I2_O)        0.124   140.930 f  CPU_U/ALU_0/mem[0][17]_i_5/O
                         net (fo=1, routed)           0.810   141.741    CPU_U/ALU_0/mem[0][17]_i_5_n_0
    SLICE_X60Y34         LUT5 (Prop_lut5_I1_O)        0.124   141.865 r  CPU_U/ALU_0/mem[0][17]_i_4/O
                         net (fo=4, routed)           0.700   142.565    CPU_U/ALU_0/mem[0][17]_i_4_n_0
    SLICE_X60Y36         LUT6 (Prop_lut6_I2_O)        0.124   142.689 r  CPU_U/ALU_0/mem[0][20]_i_5/O
                         net (fo=3, routed)           0.759   143.448    CPU_U/ALU_0/mem[0][20]_i_5_n_0
    SLICE_X62Y38         LUT3 (Prop_lut3_I2_O)        0.150   143.598 f  CPU_U/ALU_0/mem[0][21]_i_4/O
                         net (fo=2, routed)           0.472   144.070    CPU_U/ALU_0/mem[0][21]_i_4_n_0
    SLICE_X62Y38         LUT3 (Prop_lut3_I0_O)        0.321   144.391 r  CPU_U/ALU_0/mem[0][23]_i_15/O
                         net (fo=2, routed)           0.297   144.688    CPU_U/ALU_0/mem[0][23]_i_15_n_0
    SLICE_X62Y38         LUT5 (Prop_lut5_I3_O)        0.332   145.020 r  CPU_U/ALU_0/mem[0][22]_i_3/O
                         net (fo=1, routed)           0.797   145.818    CPU_U/ALU_0/mem[0][22]_i_3_n_0
    SLICE_X61Y34         LUT6 (Prop_lut6_I0_O)        0.124   145.942 r  CPU_U/ALU_0/mem[0][22]_i_2__0/O
                         net (fo=1, routed)           1.339   147.280    CPU_U/IDEX_0/mem_reg[0][22]
    SLICE_X58Y39         LUT6 (Prop_lut6_I5_O)        0.124   147.404 r  CPU_U/IDEX_0/mem[0][22]_i_1/O
                         net (fo=1, routed)           0.000   147.404    CPU_U/Hi_reg_0/D[22]
    SLICE_X58Y39         FDCE                                         r  CPU_U/Hi_reg_0/mem_reg[0][22]/D
  -------------------------------------------------------------------    -------------------

Slack:                    inf
  Source:                 CPU_U/MEMWB_0/JAL_WB_reg/C
                            (rising edge-triggered cell FDCE)
  Destination:            CPU_U/Hi_reg_0/mem_reg[0][28]/D
  Path Group:             (none)
  Path Type:              Max at Slow Process Corner
  Data Path Delay:        147.301ns  (logic 58.294ns (39.575%)  route 89.007ns (60.425%))
  Logic Levels:           320  (CARRY4=275 FDCE=1 LUT1=1 LUT3=32 LUT4=1 LUT5=3 LUT6=7)

    Location             Delay type                Incr(ns)  Path(ns)    Netlist Resource(s)
  -------------------------------------------------------------------    -------------------
    SLICE_X39Y48         FDCE                         0.000     0.000 r  CPU_U/MEMWB_0/JAL_WB_reg/C
    SLICE_X39Y48         FDCE (Prop_fdce_C_Q)         0.456     0.456 r  CPU_U/MEMWB_0/JAL_WB_reg/Q
                         net (fo=34, routed)          3.220     3.676    CPU_U/MEMWB_0/sel0[4]
    SLICE_X65Y46         LUT3 (Prop_lut3_I0_O)        0.124     3.800 r  CPU_U/MEMWB_0/MEM_reg_r1_0_31_0_5_i_24/O
                         net (fo=30, routed)          4.737     8.536    CPU_U/MEMWB_0/MEM_reg_r1_0_31_0_5_i_24_n_0
    SLICE_X51Y48         LUT6 (Prop_lut6_I5_O)        0.124     8.660 f  CPU_U/MEMWB_0/MEM_reg_r1_0_31_12_17_i_19/O
                         net (fo=1, routed)           0.151     8.812    CPU_U/MEMWB_0/MEM_reg_r1_0_31_12_17_i_19_n_0
    SLICE_X51Y48         LUT6 (Prop_lut6_I5_O)        0.124     8.936 r  CPU_U/MEMWB_0/MEM_reg_r1_0_31_12_17_i_12/O
                         net (fo=3, routed)           0.166     9.102    CPU_U/IDEX_0/mult_result_u__1_23
    SLICE_X51Y48         LUT5 (Prop_lut5_I0_O)        0.124     9.226 f  CPU_U/IDEX_0/LedData[16]_i_1/O
                         net (fo=3, routed)           2.021    11.247    CPU_U/IDEX_0/R2_EX_reg[31]_0[16]
    SLICE_X65Y56         LUT3 (Prop_lut3_I2_O)        0.124    11.371 f  CPU_U/IDEX_0/mult_result_u_i_16/O
                         net (fo=96, routed)          4.021    15.392    CPU_U/IDEX_0/imm_EX_reg[17]_5
    SLICE_X37Y68         LUT1 (Prop_lut1_I0_O)        0.124    15.516 r  CPU_U/IDEX_0/mem[0][31]_i_1221/O
                         net (fo=1, routed)           0.000    15.516    CPU_U/ALU_0/mem_reg[0][31]_i_1120_1[0]
    SLICE_X37Y68         CARRY4 (Prop_carry4_S[0]_CO[3])
                                                      0.532    16.048 r  CPU_U/ALU_0/mem_reg[0][31]_i_1162/CO[3]
                         net (fo=1, routed)           0.000    16.048    CPU_U/ALU_0/mem_reg[0][31]_i_1162_n_0
    SLICE_X37Y69         CARRY4 (Prop_carry4_CI_CO[3])
                                                      0.114    16.162 r  CPU_U/ALU_0/mem_reg[0][31]_i_1157/CO[3]
                         net (fo=1, routed)           0.000    16.162    CPU_U/ALU_0/mem_reg[0][31]_i_1157_n_0
    SLICE_X37Y70         CARRY4 (Prop_carry4_CI_CO[3])
                                                      0.114    16.276 r  CPU_U/ALU_0/mem_reg[0][31]_i_1152/CO[3]
                         net (fo=1, routed)           0.000    16.276    CPU_U/ALU_0/mem_reg[0][31]_i_1152_n_0
    SLICE_X37Y71         CARRY4 (Prop_carry4_CI_CO[3])
                                                      0.114    16.390 r  CPU_U/ALU_0/mem_reg[0][31]_i_1149/CO[3]
                         net (fo=1, routed)           0.000    16.390    CPU_U/ALU_0/mem_reg[0][31]_i_1149_n_0
    SLICE_X37Y72         CARRY4 (Prop_carry4_CI_CO[0])
                                                      0.271    16.661 r  CPU_U/ALU_0/mem_reg[0][31]_i_1148/CO[0]
                         net (fo=35, routed)          1.559    18.220    CPU_U/ALU_0/mem_reg[0][31]_i_1148_n_3
    SLICE_X36Y63         LUT3 (Prop_lut3_I0_O)        0.373    18.593 r  CPU_U/ALU_0/mem[0][31]_i_1189/O
                         net (fo=1, routed)           0.000    18.593    CPU_U/ALU_0/mem[0][31]_i_1189_n_0
    SLICE_X36Y63         CARRY4 (Prop_carry4_S[1]_CO[3])
                                                      0.550    19.143 r  CPU_U/ALU_0/mem_reg[0][31]_i_1140/CO[3]
                         net (fo=1, routed)           0.000    19.143    CPU_U/ALU_0/mem_reg[0][31]_i_1140_n_0
    SLICE_X36Y64         CARRY4 (Prop_carry4_CI_CO[3])
                                                      0.114    19.257 r  CPU_U/ALU_0/mem_reg[0][31]_i_1135/CO[3]
                         net (fo=1, routed)           0.000    19.257    CPU_U/ALU_0/mem_reg[0][31]_i_1135_n_0
    SLICE_X36Y65         CARRY4 (Prop_carry4_CI_CO[3])
                                                      0.114    19.371 r  CPU_U/ALU_0/mem_reg[0][31]_i_1130/CO[3]
                         net (fo=1, routed)           0.000    19.371    CPU_U/ALU_0/mem_reg[0][31]_i_1130_n_0
    SLICE_X36Y66         CARRY4 (Prop_carry4_CI_CO[3])
                                                      0.114    19.485 r  CPU_U/ALU_0/mem_reg[0][31]_i_1125/CO[3]
                         net (fo=1, routed)           0.000    19.485    CPU_U/ALU_0/mem_reg[0][31]_i_1125_n_0
    SLICE_X36Y67         CARRY4 (Prop_carry4_CI_CO[3])
                                                      0.114    19.599 r  CPU_U/ALU_0/mem_reg[0][31]_i_1120/CO[3]
                         net (fo=1, routed)           0.000    19.599    CPU_U/ALU_0/mem_reg[0][31]_i_1120_n_0
    SLICE_X36Y68         CARRY4 (Prop_carry4_CI_CO[3])
                                                      0.114    19.713 r  CPU_U/ALU_0/mem_reg[0][31]_i_1115/CO[3]
                         net (fo=1, routed)           0.000    19.713    CPU_U/ALU_0/mem_reg[0][31]_i_1115_n_0
    SLICE_X36Y69         CARRY4 (Prop_carry4_CI_CO[3])
                                                      0.114    19.827 r  CPU_U/ALU_0/mem_reg[0][31]_i_1110/CO[3]
                         net (fo=1, routed)           0.000    19.827    CPU_U/ALU_0/mem_reg[0][31]_i_1110_n_0
    SLICE_X36Y70         CARRY4 (Prop_carry4_CI_CO[3])
                                                      0.114    19.941 r  CPU_U/ALU_0/mem_reg[0][31]_i_1107/CO[3]
                         net (fo=1, routed)           0.000    19.941    CPU_U/ALU_0/mem_reg[0][31]_i_1107_n_0
    SLICE_X36Y71         CARRY4 (Prop_carry4_CI_CO[1])
                                                      0.157    20.098 r  CPU_U/ALU_0/mem_reg[0][31]_i_1106/CO[1]
                         net (fo=35, routed)          2.050    22.148    CPU_U/ALU_0/mem_reg[0][31]_i_1106_n_2
    SLICE_X39Y63         LUT3 (Prop_lut3_I0_O)        0.329    22.477 r  CPU_U/ALU_0/mem[0][31]_i_1145/O
                         net (fo=1, routed)           0.000    22.477    CPU_U/ALU_0/mem[0][31]_i_1145_n_0
    SLICE_X39Y63         CARRY4 (Prop_carry4_S[3]_CO[3])
                                                      0.401    22.878 r  CPU_U/ALU_0/mem_reg[0][31]_i_1098/CO[3]
                         net (fo=1, routed)           0.000    22.878    CPU_U/ALU_0/mem_reg[0][31]_i_1098_n_0
    SLICE_X39Y64         CARRY4 (Prop_carry4_CI_CO[3])
                                                      0.114    22.992 r  CPU_U/ALU_0/mem_reg[0][31]_i_1093/CO[3]
                         net (fo=1, routed)           0.000    22.992    CPU_U/ALU_0/mem_reg[0][31]_i_1093_n_0
    SLICE_X39Y65         CARRY4 (Prop_carry4_CI_CO[3])
                                                      0.114    23.106 r  CPU_U/ALU_0/mem_reg[0][31]_i_1088/CO[3]
                         net (fo=1, routed)           0.000    23.106    CPU_U/ALU_0/mem_reg[0][31]_i_1088_n_0
    SLICE_X39Y66         CARRY4 (Prop_carry4_CI_CO[3])
                                                      0.114    23.220 r  CPU_U/ALU_0/mem_reg[0][31]_i_1083/CO[3]
                         net (fo=1, routed)           0.000    23.220    CPU_U/ALU_0/mem_reg[0][31]_i_1083_n_0
    SLICE_X39Y67         CARRY4 (Prop_carry4_CI_CO[3])
                                                      0.114    23.334 r  CPU_U/ALU_0/mem_reg[0][31]_i_1078/CO[3]
                         net (fo=1, routed)           0.000    23.334    CPU_U/ALU_0/mem_reg[0][31]_i_1078_n_0
    SLICE_X39Y68         CARRY4 (Prop_carry4_CI_CO[3])
                                                      0.114    23.448 r  CPU_U/ALU_0/mem_reg[0][31]_i_1073/CO[3]
                         net (fo=1, routed)           0.000    23.448    CPU_U/ALU_0/mem_reg[0][31]_i_1073_n_0
    SLICE_X39Y69         CARRY4 (Prop_carry4_CI_CO[3])
                                                      0.114    23.562 r  CPU_U/ALU_0/mem_reg[0][31]_i_1068/CO[3]
                         net (fo=1, routed)           0.000    23.562    CPU_U/ALU_0/mem_reg[0][31]_i_1068_n_0
    SLICE_X39Y70         CARRY4 (Prop_carry4_CI_CO[3])
                                                      0.114    23.676 r  CPU_U/ALU_0/mem_reg[0][31]_i_1065/CO[3]
                         net (fo=1, routed)           0.000    23.676    CPU_U/ALU_0/mem_reg[0][31]_i_1065_n_0
    SLICE_X39Y71         CARRY4 (Prop_carry4_CI_CO[1])
                                                      0.157    23.833 r  CPU_U/ALU_0/mem_reg[0][31]_i_1064/CO[1]
                         net (fo=35, routed)          2.237    26.070    CPU_U/ALU_0/mem_reg[0][31]_i_1064_n_2
    SLICE_X40Y63         LUT3 (Prop_lut3_I0_O)        0.329    26.399 r  CPU_U/ALU_0/mem[0][31]_i_1105/O
                         net (fo=1, routed)           0.000    26.399    CPU_U/ALU_0/mem[0][31]_i_1105_n_0
    SLICE_X40Y63         CARRY4 (Prop_carry4_S[1]_CO[3])
                                                      0.550    26.949 r  CPU_U/ALU_0/mem_reg[0][31]_i_1056/CO[3]
                         net (fo=1, routed)           0.000    26.949    CPU_U/ALU_0/mem_reg[0][31]_i_1056_n_0
    SLICE_X40Y64         CARRY4 (Prop_carry4_CI_CO[3])
                                                      0.114    27.063 r  CPU_U/ALU_0/mem_reg[0][31]_i_1051/CO[3]
                         net (fo=1, routed)           0.000    27.063    CPU_U/ALU_0/mem_reg[0][31]_i_1051_n_0
    SLICE_X40Y65         CARRY4 (Prop_carry4_CI_CO[3])
                                                      0.114    27.177 r  CPU_U/ALU_0/mem_reg[0][31]_i_1046/CO[3]
                         net (fo=1, routed)           0.000    27.177    CPU_U/ALU_0/mem_reg[0][31]_i_1046_n_0
    SLICE_X40Y66         CARRY4 (Prop_carry4_CI_CO[3])
                                                      0.114    27.291 r  CPU_U/ALU_0/mem_reg[0][31]_i_1041/CO[3]
                         net (fo=1, routed)           0.000    27.291    CPU_U/ALU_0/mem_reg[0][31]_i_1041_n_0
    SLICE_X40Y67         CARRY4 (Prop_carry4_CI_CO[3])
                                                      0.114    27.405 r  CPU_U/ALU_0/mem_reg[0][31]_i_1036/CO[3]
                         net (fo=1, routed)           0.000    27.405    CPU_U/ALU_0/mem_reg[0][31]_i_1036_n_0
    SLICE_X40Y68         CARRY4 (Prop_carry4_CI_CO[3])
                                                      0.114    27.519 r  CPU_U/ALU_0/mem_reg[0][31]_i_1031/CO[3]
                         net (fo=1, routed)           0.000    27.519    CPU_U/ALU_0/mem_reg[0][31]_i_1031_n_0
    SLICE_X40Y69         CARRY4 (Prop_carry4_CI_CO[3])
                                                      0.114    27.633 r  CPU_U/ALU_0/mem_reg[0][31]_i_1026/CO[3]
                         net (fo=1, routed)           0.000    27.633    CPU_U/ALU_0/mem_reg[0][31]_i_1026_n_0
    SLICE_X40Y70         CARRY4 (Prop_carry4_CI_CO[3])
                                                      0.114    27.747 r  CPU_U/ALU_0/mem_reg[0][31]_i_1023/CO[3]
                         net (fo=1, routed)           0.000    27.747    CPU_U/ALU_0/mem_reg[0][31]_i_1023_n_0
    SLICE_X40Y71         CARRY4 (Prop_carry4_CI_CO[1])
                                                      0.157    27.904 r  CPU_U/ALU_0/mem_reg[0][31]_i_1022/CO[1]
                         net (fo=35, routed)          1.914    29.818    CPU_U/ALU_0/mem_reg[0][31]_i_1022_n_2
    SLICE_X41Y62         LUT3 (Prop_lut3_I0_O)        0.329    30.147 r  CPU_U/ALU_0/mem[0][31]_i_1062/O
                         net (fo=1, routed)           0.000    30.147    CPU_U/ALU_0/mem[0][31]_i_1062_n_0
    SLICE_X41Y62         CARRY4 (Prop_carry4_S[2]_CO[3])
                                                      0.398    30.545 r  CPU_U/ALU_0/mem_reg[0][31]_i_1014/CO[3]
                         net (fo=1, routed)           0.000    30.545    CPU_U/ALU_0/mem_reg[0][31]_i_1014_n_0
    SLICE_X41Y63         CARRY4 (Prop_carry4_CI_CO[3])
                                                      0.114    30.659 r  CPU_U/ALU_0/mem_reg[0][31]_i_1009/CO[3]
                         net (fo=1, routed)           0.000    30.659    CPU_U/ALU_0/mem_reg[0][31]_i_1009_n_0
    SLICE_X41Y64         CARRY4 (Prop_carry4_CI_CO[3])
                                                      0.114    30.773 r  CPU_U/ALU_0/mem_reg[0][31]_i_1004/CO[3]
                         net (fo=1, routed)           0.000    30.773    CPU_U/ALU_0/mem_reg[0][31]_i_1004_n_0
    SLICE_X41Y65         CARRY4 (Prop_carry4_CI_CO[3])
                                                      0.114    30.887 r  CPU_U/ALU_0/mem_reg[0][31]_i_999/CO[3]
                         net (fo=1, routed)           0.000    30.887    CPU_U/ALU_0/mem_reg[0][31]_i_999_n_0
    SLICE_X41Y66         CARRY4 (Prop_carry4_CI_CO[3])
                                                      0.114    31.001 r  CPU_U/ALU_0/mem_reg[0][31]_i_994/CO[3]
                         net (fo=1, routed)           0.000    31.001    CPU_U/ALU_0/mem_reg[0][31]_i_994_n_0
    SLICE_X41Y67         CARRY4 (Prop_carry4_CI_CO[3])
                                                      0.114    31.115 r  CPU_U/ALU_0/mem_reg[0][31]_i_989/CO[3]
                         net (fo=1, routed)           0.000    31.115    CPU_U/ALU_0/mem_reg[0][31]_i_989_n_0
    SLICE_X41Y68         CARRY4 (Prop_carry4_CI_CO[3])
                                                      0.114    31.229 r  CPU_U/ALU_0/mem_reg[0][31]_i_984/CO[3]
                         net (fo=1, routed)           0.000    31.229    CPU_U/ALU_0/mem_reg[0][31]_i_984_n_0
    SLICE_X41Y69         CARRY4 (Prop_carry4_CI_CO[3])
                                                      0.114    31.343 r  CPU_U/ALU_0/mem_reg[0][31]_i_981/CO[3]
                         net (fo=1, routed)           0.000    31.343    CPU_U/ALU_0/mem_reg[0][31]_i_981_n_0
    SLICE_X41Y70         CARRY4 (Prop_carry4_CI_CO[1])
                                                      0.157    31.500 r  CPU_U/ALU_0/mem_reg[0][31]_i_980/CO[1]
                         net (fo=35, routed)          2.299    33.799    CPU_U/ALU_0/mem_reg[0][31]_i_980_n_2
    SLICE_X38Y58         LUT3 (Prop_lut3_I0_O)        0.329    34.128 r  CPU_U/ALU_0/mem[0][31]_i_1021/O
                         net (fo=1, routed)           0.000    34.128    CPU_U/ALU_0/mem[0][31]_i_1021_n_0
    SLICE_X38Y58         CARRY4 (Prop_carry4_S[1]_CO[3])
                                                      0.533    34.661 r  CPU_U/ALU_0/mem_reg[0][31]_i_972/CO[3]
                         net (fo=1, routed)           0.000    34.661    CPU_U/ALU_0/mem_reg[0][31]_i_972_n_0
    SLICE_X38Y59         CARRY4 (Prop_carry4_CI_CO[3])
                                                      0.117    34.778 r  CPU_U/ALU_0/mem_reg[0][31]_i_967/CO[3]
                         net (fo=1, routed)           0.000    34.778    CPU_U/ALU_0/mem_reg[0][31]_i_967_n_0
    SLICE_X38Y60         CARRY4 (Prop_carry4_CI_CO[3])
                                                      0.117    34.895 r  CPU_U/ALU_0/mem_reg[0][31]_i_962/CO[3]
                         net (fo=1, routed)           0.000    34.895    CPU_U/ALU_0/mem_reg[0][31]_i_962_n_0
    SLICE_X38Y61         CARRY4 (Prop_carry4_CI_CO[3])
                                                      0.117    35.012 r  CPU_U/ALU_0/mem_reg[0][31]_i_957/CO[3]
                         net (fo=1, routed)           0.000    35.012    CPU_U/ALU_0/mem_reg[0][31]_i_957_n_0
    SLICE_X38Y62         CARRY4 (Prop_carry4_CI_CO[3])
                                                      0.117    35.129 r  CPU_U/ALU_0/mem_reg[0][31]_i_952/CO[3]
                         net (fo=1, routed)           0.000    35.129    CPU_U/ALU_0/mem_reg[0][31]_i_952_n_0
    SLICE_X38Y63         CARRY4 (Prop_carry4_CI_CO[3])
                                                      0.117    35.246 r  CPU_U/ALU_0/mem_reg[0][31]_i_947/CO[3]
                         net (fo=1, routed)           0.000    35.246    CPU_U/ALU_0/mem_reg[0][31]_i_947_n_0
    SLICE_X38Y64         CARRY4 (Prop_carry4_CI_CO[3])
                                                      0.117    35.363 r  CPU_U/ALU_0/mem_reg[0][31]_i_942/CO[3]
                         net (fo=1, routed)           0.000    35.363    CPU_U/ALU_0/mem_reg[0][31]_i_942_n_0
    SLICE_X38Y65         CARRY4 (Prop_carry4_CI_CO[3])
                                                      0.117    35.480 r  CPU_U/ALU_0/mem_reg[0][31]_i_939/CO[3]
                         net (fo=1, routed)           0.000    35.480    CPU_U/ALU_0/mem_reg[0][31]_i_939_n_0
    SLICE_X38Y66         CARRY4 (Prop_carry4_CI_CO[1])
                                                      0.157    35.637 r  CPU_U/ALU_0/mem_reg[0][31]_i_938/CO[1]
                         net (fo=35, routed)          2.233    37.870    CPU_U/ALU_0/mem_reg[0][31]_i_938_n_2
    SLICE_X37Y54         LUT3 (Prop_lut3_I0_O)        0.332    38.202 r  CPU_U/ALU_0/mem[0][31]_i_979/O
                         net (fo=1, routed)           0.000    38.202    CPU_U/ALU_0/mem[0][31]_i_979_n_0
    SLICE_X37Y54         CARRY4 (Prop_carry4_S[1]_CO[3])
                                                      0.550    38.752 r  CPU_U/ALU_0/mem_reg[0][31]_i_930/CO[3]
                         net (fo=1, routed)           0.000    38.752    CPU_U/ALU_0/mem_reg[0][31]_i_930_n_0
    SLICE_X37Y55         CARRY4 (Prop_carry4_CI_CO[3])
                                                      0.114    38.866 r  CPU_U/ALU_0/mem_reg[0][31]_i_925/CO[3]
                         net (fo=1, routed)           0.000    38.866    CPU_U/ALU_0/mem_reg[0][31]_i_925_n_0
    SLICE_X37Y56         CARRY4 (Prop_carry4_CI_CO[3])
                                                      0.114    38.980 r  CPU_U/ALU_0/mem_reg[0][31]_i_920/CO[3]
                         net (fo=1, routed)           0.000    38.980    CPU_U/ALU_0/mem_reg[0][31]_i_920_n_0
    SLICE_X37Y57         CARRY4 (Prop_carry4_CI_CO[3])
                                                      0.114    39.094 r  CPU_U/ALU_0/mem_reg[0][31]_i_915/CO[3]
                         net (fo=1, routed)           0.000    39.094    CPU_U/ALU_0/mem_reg[0][31]_i_915_n_0
    SLICE_X37Y58         CARRY4 (Prop_carry4_CI_CO[3])
                                                      0.114    39.208 r  CPU_U/ALU_0/mem_reg[0][31]_i_910/CO[3]
                         net (fo=1, routed)           0.000    39.208    CPU_U/ALU_0/mem_reg[0][31]_i_910_n_0
    SLICE_X37Y59         CARRY4 (Prop_carry4_CI_CO[3])
                                                      0.114    39.322 r  CPU_U/ALU_0/mem_reg[0][31]_i_905/CO[3]
                         net (fo=1, routed)           0.000    39.322    CPU_U/ALU_0/mem_reg[0][31]_i_905_n_0
    SLICE_X37Y60         CARRY4 (Prop_carry4_CI_CO[3])
                                                      0.114    39.436 r  CPU_U/ALU_0/mem_reg[0][31]_i_900/CO[3]
                         net (fo=1, routed)           0.000    39.436    CPU_U/ALU_0/mem_reg[0][31]_i_900_n_0
    SLICE_X37Y61         CARRY4 (Prop_carry4_CI_CO[3])
                                                      0.114    39.550 r  CPU_U/ALU_0/mem_reg[0][31]_i_897/CO[3]
                         net (fo=1, routed)           0.000    39.550    CPU_U/ALU_0/mem_reg[0][31]_i_897_n_0
    SLICE_X37Y62         CARRY4 (Prop_carry4_CI_CO[1])
                                                      0.157    39.707 r  CPU_U/ALU_0/mem_reg[0][31]_i_896/CO[1]
                         net (fo=35, routed)          2.162    41.869    CPU_U/ALU_0/mem_reg[0][31]_i_896_n_2
    SLICE_X40Y53         LUT3 (Prop_lut3_I0_O)        0.329    42.198 r  CPU_U/ALU_0/mem[0][31]_i_937/O
                         net (fo=1, routed)           0.000    42.198    CPU_U/ALU_0/mem[0][31]_i_937_n_0
    SLICE_X40Y53         CARRY4 (Prop_carry4_S[1]_CO[3])
                                                      0.550    42.748 r  CPU_U/ALU_0/mem_reg[0][31]_i_888/CO[3]
                         net (fo=1, routed)           0.000    42.748    CPU_U/ALU_0/mem_reg[0][31]_i_888_n_0
    SLICE_X40Y54         CARRY4 (Prop_carry4_CI_CO[3])
                                                      0.114    42.862 r  CPU_U/ALU_0/mem_reg[0][31]_i_883/CO[3]
                         net (fo=1, routed)           0.000    42.862    CPU_U/ALU_0/mem_reg[0][31]_i_883_n_0
    SLICE_X40Y55         CARRY4 (Prop_carry4_CI_CO[3])
                                                      0.114    42.976 r  CPU_U/ALU_0/mem_reg[0][31]_i_878/CO[3]
                         net (fo=1, routed)           0.000    42.976    CPU_U/ALU_0/mem_reg[0][31]_i_878_n_0
    SLICE_X40Y56         CARRY4 (Prop_carry4_CI_CO[3])
                                                      0.114    43.090 r  CPU_U/ALU_0/mem_reg[0][31]_i_873/CO[3]
                         net (fo=1, routed)           0.000    43.090    CPU_U/ALU_0/mem_reg[0][31]_i_873_n_0
    SLICE_X40Y57         CARRY4 (Prop_carry4_CI_CO[3])
                                                      0.114    43.204 r  CPU_U/ALU_0/mem_reg[0][31]_i_868/CO[3]
                         net (fo=1, routed)           0.000    43.204    CPU_U/ALU_0/mem_reg[0][31]_i_868_n_0
    SLICE_X40Y58         CARRY4 (Prop_carry4_CI_CO[3])
                                                      0.114    43.318 r  CPU_U/ALU_0/mem_reg[0][31]_i_863/CO[3]
                         net (fo=1, routed)           0.000    43.318    CPU_U/ALU_0/mem_reg[0][31]_i_863_n_0
    SLICE_X40Y59         CARRY4 (Prop_carry4_CI_CO[3])
                                                      0.114    43.432 r  CPU_U/ALU_0/mem_reg[0][31]_i_858/CO[3]
                         net (fo=1, routed)           0.000    43.432    CPU_U/ALU_0/mem_reg[0][31]_i_858_n_0
    SLICE_X40Y60         CARRY4 (Prop_carry4_CI_CO[3])
                                                      0.114    43.546 r  CPU_U/ALU_0/mem_reg[0][31]_i_855/CO[3]
                         net (fo=1, routed)           0.000    43.546    CPU_U/ALU_0/mem_reg[0][31]_i_855_n_0
    SLICE_X40Y61         CARRY4 (Prop_carry4_CI_CO[1])
                                                      0.157    43.703 r  CPU_U/ALU_0/mem_reg[0][31]_i_854/CO[1]
                         net (fo=35, routed)          2.230    45.933    CPU_U/ALU_0/mem_reg[0][31]_i_854_n_2
    SLICE_X41Y52         LUT3 (Prop_lut3_I0_O)        0.329    46.262 r  CPU_U/ALU_0/mem[0][31]_i_895/O
                         net (fo=1, routed)           0.000    46.262    CPU_U/ALU_0/mem[0][31]_i_895_n_0
    SLICE_X41Y52         CARRY4 (Prop_carry4_S[1]_CO[3])
                                                      0.550    46.812 r  CPU_U/ALU_0/mem_reg[0][31]_i_846/CO[3]
                         net (fo=1, routed)           0.000    46.812    CPU_U/ALU_0/mem_reg[0][31]_i_846_n_0
    SLICE_X41Y53         CARRY4 (Prop_carry4_CI_CO[3])
                                                      0.114    46.926 r  CPU_U/ALU_0/mem_reg[0][31]_i_841/CO[3]
                         net (fo=1, routed)           0.000    46.926    CPU_U/ALU_0/mem_reg[0][31]_i_841_n_0
    SLICE_X41Y54         CARRY4 (Prop_carry4_CI_CO[3])
                                                      0.114    47.040 r  CPU_U/ALU_0/mem_reg[0][31]_i_836/CO[3]
                         net (fo=1, routed)           0.000    47.040    CPU_U/ALU_0/mem_reg[0][31]_i_836_n_0
    SLICE_X41Y55         CARRY4 (Prop_carry4_CI_CO[3])
                                                      0.114    47.154 r  CPU_U/ALU_0/mem_reg[0][31]_i_831/CO[3]
                         net (fo=1, routed)           0.000    47.154    CPU_U/ALU_0/mem_reg[0][31]_i_831_n_0
    SLICE_X41Y56         CARRY4 (Prop_carry4_CI_CO[3])
                                                      0.114    47.268 r  CPU_U/ALU_0/mem_reg[0][31]_i_826/CO[3]
                         net (fo=1, routed)           0.000    47.268    CPU_U/ALU_0/mem_reg[0][31]_i_826_n_0
    SLICE_X41Y57         CARRY4 (Prop_carry4_CI_CO[3])
                                                      0.114    47.382 r  CPU_U/ALU_0/mem_reg[0][31]_i_821/CO[3]
                         net (fo=1, routed)           0.000    47.382    CPU_U/ALU_0/mem_reg[0][31]_i_821_n_0
    SLICE_X41Y58         CARRY4 (Prop_carry4_CI_CO[3])
                                                      0.114    47.496 r  CPU_U/ALU_0/mem_reg[0][31]_i_816/CO[3]
                         net (fo=1, routed)           0.000    47.496    CPU_U/ALU_0/mem_reg[0][31]_i_816_n_0
    SLICE_X41Y59         CARRY4 (Prop_carry4_CI_CO[3])
                                                      0.114    47.610 r  CPU_U/ALU_0/mem_reg[0][31]_i_813/CO[3]
                         net (fo=1, routed)           0.000    47.610    CPU_U/ALU_0/mem_reg[0][31]_i_813_n_0
    SLICE_X41Y60         CARRY4 (Prop_carry4_CI_CO[1])
                                                      0.157    47.767 r  CPU_U/ALU_0/mem_reg[0][31]_i_812/CO[1]
                         net (fo=35, routed)          2.210    49.976    CPU_U/ALU_0/mem_reg[0][31]_i_812_n_2
    SLICE_X43Y51         LUT3 (Prop_lut3_I0_O)        0.329    50.305 r  CPU_U/ALU_0/mem[0][31]_i_853/O
                         net (fo=1, routed)           0.000    50.305    CPU_U/ALU_0/mem[0][31]_i_853_n_0
    SLICE_X43Y51         CARRY4 (Prop_carry4_S[1]_CO[3])
                                                      0.550    50.855 r  CPU_U/ALU_0/mem_reg[0][31]_i_804/CO[3]
                         net (fo=1, routed)           0.000    50.855    CPU_U/ALU_0/mem_reg[0][31]_i_804_n_0
    SLICE_X43Y52         CARRY4 (Prop_carry4_CI_CO[3])
                                                      0.114    50.969 r  CPU_U/ALU_0/mem_reg[0][31]_i_799/CO[3]
                         net (fo=1, routed)           0.000    50.969    CPU_U/ALU_0/mem_reg[0][31]_i_799_n_0
    SLICE_X43Y53         CARRY4 (Prop_carry4_CI_CO[3])
                                                      0.114    51.083 r  CPU_U/ALU_0/mem_reg[0][31]_i_794/CO[3]
                         net (fo=1, routed)           0.000    51.083    CPU_U/ALU_0/mem_reg[0][31]_i_794_n_0
    SLICE_X43Y54         CARRY4 (Prop_carry4_CI_CO[3])
                                                      0.114    51.197 r  CPU_U/ALU_0/mem_reg[0][31]_i_789/CO[3]
                         net (fo=1, routed)           0.000    51.197    CPU_U/ALU_0/mem_reg[0][31]_i_789_n_0
    SLICE_X43Y55         CARRY4 (Prop_carry4_CI_CO[3])
                                                      0.114    51.311 r  CPU_U/ALU_0/mem_reg[0][31]_i_784/CO[3]
                         net (fo=1, routed)           0.000    51.311    CPU_U/ALU_0/mem_reg[0][31]_i_784_n_0
    SLICE_X43Y56         CARRY4 (Prop_carry4_CI_CO[3])
                                                      0.114    51.425 r  CPU_U/ALU_0/mem_reg[0][31]_i_779/CO[3]
                         net (fo=1, routed)           0.000    51.425    CPU_U/ALU_0/mem_reg[0][31]_i_779_n_0
    SLICE_X43Y57         CARRY4 (Prop_carry4_CI_CO[3])
                                                      0.114    51.539 r  CPU_U/ALU_0/mem_reg[0][31]_i_774/CO[3]
                         net (fo=1, routed)           0.000    51.539    CPU_U/ALU_0/mem_reg[0][31]_i_774_n_0
    SLICE_X43Y58         CARRY4 (Prop_carry4_CI_CO[3])
                                                      0.114    51.653 r  CPU_U/ALU_0/mem_reg[0][31]_i_771/CO[3]
                         net (fo=1, routed)           0.000    51.653    CPU_U/ALU_0/mem_reg[0][31]_i_771_n_0
    SLICE_X43Y59         CARRY4 (Prop_carry4_CI_CO[1])
                                                      0.157    51.810 r  CPU_U/ALU_0/mem_reg[0][31]_i_770/CO[1]
                         net (fo=35, routed)          1.815    53.626    CPU_U/ALU_0/mem_reg[0][31]_i_770_n_2
    SLICE_X45Y51         CARRY4 (Prop_carry4_CYINIT_CO[3])
                                                      0.785    54.411 r  CPU_U/ALU_0/mem_reg[0][31]_i_762/CO[3]
                         net (fo=1, routed)           0.000    54.411    CPU_U/ALU_0/mem_reg[0][31]_i_762_n_0
    SLICE_X45Y52         CARRY4 (Prop_carry4_CI_CO[3])
                                                      0.114    54.525 r  CPU_U/ALU_0/mem_reg[0][31]_i_757/CO[3]
                         net (fo=1, routed)           0.000    54.525    CPU_U/ALU_0/mem_reg[0][31]_i_757_n_0
    SLICE_X45Y53         CARRY4 (Prop_carry4_CI_CO[3])
                                                      0.114    54.639 r  CPU_U/ALU_0/mem_reg[0][31]_i_752/CO[3]
                         net (fo=1, routed)           0.000    54.639    CPU_U/ALU_0/mem_reg[0][31]_i_752_n_0
    SLICE_X45Y54         CARRY4 (Prop_carry4_CI_CO[3])
                                                      0.114    54.753 r  CPU_U/ALU_0/mem_reg[0][31]_i_747/CO[3]
                         net (fo=1, routed)           0.000    54.753    CPU_U/ALU_0/mem_reg[0][31]_i_747_n_0
    SLICE_X45Y55         CARRY4 (Prop_carry4_CI_CO[3])
                                                      0.114    54.867 r  CPU_U/ALU_0/mem_reg[0][31]_i_742/CO[3]
                         net (fo=1, routed)           0.000    54.867    CPU_U/ALU_0/mem_reg[0][31]_i_742_n_0
    SLICE_X45Y56         CARRY4 (Prop_carry4_CI_CO[3])
                                                      0.114    54.981 r  CPU_U/ALU_0/mem_reg[0][31]_i_737/CO[3]
                         net (fo=1, routed)           0.000    54.981    CPU_U/ALU_0/mem_reg[0][31]_i_737_n_0
    SLICE_X45Y57         CARRY4 (Prop_carry4_CI_CO[3])
                                                      0.114    55.095 r  CPU_U/ALU_0/mem_reg[0][31]_i_732/CO[3]
                         net (fo=1, routed)           0.000    55.095    CPU_U/ALU_0/mem_reg[0][31]_i_732_n_0
    SLICE_X45Y58         CARRY4 (Prop_carry4_CI_CO[3])
                                                      0.114    55.209 r  CPU_U/ALU_0/mem_reg[0][31]_i_729/CO[3]
                         net (fo=1, routed)           0.000    55.209    CPU_U/ALU_0/mem_reg[0][31]_i_729_n_0
    SLICE_X45Y59         CARRY4 (Prop_carry4_CI_CO[1])
                                                      0.157    55.366 r  CPU_U/ALU_0/mem_reg[0][31]_i_728/CO[1]
                         net (fo=35, routed)          2.297    57.663    CPU_U/ALU_0/mem_reg[0][31]_i_728_n_2
    SLICE_X49Y51         LUT3 (Prop_lut3_I0_O)        0.329    57.992 r  CPU_U/ALU_0/mem[0][31]_i_769/O
                         net (fo=1, routed)           0.000    57.992    CPU_U/ALU_0/mem[0][31]_i_769_n_0
    SLICE_X49Y51         CARRY4 (Prop_carry4_S[1]_CO[3])
                                                      0.550    58.542 r  CPU_U/ALU_0/mem_reg[0][31]_i_720/CO[3]
                         net (fo=1, routed)           0.000    58.542    CPU_U/ALU_0/mem_reg[0][31]_i_720_n_0
    SLICE_X49Y52         CARRY4 (Prop_carry4_CI_CO[3])
                                                      0.114    58.656 r  CPU_U/ALU_0/mem_reg[0][31]_i_715/CO[3]
                         net (fo=1, routed)           0.000    58.656    CPU_U/ALU_0/mem_reg[0][31]_i_715_n_0
    SLICE_X49Y53         CARRY4 (Prop_carry4_CI_CO[3])
                                                      0.114    58.770 r  CPU_U/ALU_0/mem_reg[0][31]_i_710/CO[3]
                         net (fo=1, routed)           0.000    58.770    CPU_U/ALU_0/mem_reg[0][31]_i_710_n_0
    SLICE_X49Y54         CARRY4 (Prop_carry4_CI_CO[3])
                                                      0.114    58.884 r  CPU_U/ALU_0/mem_reg[0][31]_i_705/CO[3]
                         net (fo=1, routed)           0.000    58.884    CPU_U/ALU_0/mem_reg[0][31]_i_705_n_0
    SLICE_X49Y55         CARRY4 (Prop_carry4_CI_CO[3])
                                                      0.114    58.998 r  CPU_U/ALU_0/mem_reg[0][31]_i_700/CO[3]
                         net (fo=1, routed)           0.000    58.998    CPU_U/ALU_0/mem_reg[0][31]_i_700_n_0
    SLICE_X49Y56         CARRY4 (Prop_carry4_CI_CO[3])
                                                      0.114    59.112 r  CPU_U/ALU_0/mem_reg[0][31]_i_695/CO[3]
                         net (fo=1, routed)           0.000    59.112    CPU_U/ALU_0/mem_reg[0][31]_i_695_n_0
    SLICE_X49Y57         CARRY4 (Prop_carry4_CI_CO[3])
                                                      0.114    59.226 r  CPU_U/ALU_0/mem_reg[0][31]_i_690/CO[3]
                         net (fo=1, routed)           0.000    59.226    CPU_U/ALU_0/mem_reg[0][31]_i_690_n_0
    SLICE_X49Y58         CARRY4 (Prop_carry4_CI_CO[3])
                                                      0.114    59.340 r  CPU_U/ALU_0/mem_reg[0][31]_i_687/CO[3]
                         net (fo=1, routed)           0.000    59.340    CPU_U/ALU_0/mem_reg[0][31]_i_687_n_0
    SLICE_X49Y59         CARRY4 (Prop_carry4_CI_CO[1])
                                                      0.157    59.497 r  CPU_U/ALU_0/mem_reg[0][31]_i_686/CO[1]
                         net (fo=35, routed)          2.043    61.540    CPU_U/ALU_0/mem_reg[0][31]_i_686_n_2
    SLICE_X53Y51         LUT3 (Prop_lut3_I0_O)        0.329    61.869 r  CPU_U/ALU_0/mem[0][31]_i_725/O
                         net (fo=1, routed)           0.000    61.869    CPU_U/ALU_0/mem[0][31]_i_725_n_0
    SLICE_X53Y51         CARRY4 (Prop_carry4_S[3]_CO[3])
                                                      0.401    62.270 r  CPU_U/ALU_0/mem_reg[0][31]_i_678/CO[3]
                         net (fo=1, routed)           0.000    62.270    CPU_U/ALU_0/mem_reg[0][31]_i_678_n_0
    SLICE_X53Y52         CARRY4 (Prop_carry4_CI_CO[3])
                                                      0.114    62.384 r  CPU_U/ALU_0/mem_reg[0][31]_i_673/CO[3]
                         net (fo=1, routed)           0.000    62.384    CPU_U/ALU_0/mem_reg[0][31]_i_673_n_0
    SLICE_X53Y53         CARRY4 (Prop_carry4_CI_CO[3])
                                                      0.114    62.498 r  CPU_U/ALU_0/mem_reg[0][31]_i_668/CO[3]
                         net (fo=1, routed)           0.000    62.498    CPU_U/ALU_0/mem_reg[0][31]_i_668_n_0
    SLICE_X53Y54         CARRY4 (Prop_carry4_CI_CO[3])
                                                      0.114    62.612 r  CPU_U/ALU_0/mem_reg[0][31]_i_663/CO[3]
                         net (fo=1, routed)           0.000    62.612    CPU_U/ALU_0/mem_reg[0][31]_i_663_n_0
    SLICE_X53Y55         CARRY4 (Prop_carry4_CI_CO[3])
                                                      0.114    62.726 r  CPU_U/ALU_0/mem_reg[0][31]_i_658/CO[3]
                         net (fo=1, routed)           0.000    62.726    CPU_U/ALU_0/mem_reg[0][31]_i_658_n_0
    SLICE_X53Y56         CARRY4 (Prop_carry4_CI_CO[3])
                                                      0.114    62.840 r  CPU_U/ALU_0/mem_reg[0][31]_i_653/CO[3]
                         net (fo=1, routed)           0.000    62.840    CPU_U/ALU_0/mem_reg[0][31]_i_653_n_0
    SLICE_X53Y57         CARRY4 (Prop_carry4_CI_CO[3])
                                                      0.114    62.954 r  CPU_U/ALU_0/mem_reg[0][31]_i_648/CO[3]
                         net (fo=1, routed)           0.000    62.954    CPU_U/ALU_0/mem_reg[0][31]_i_648_n_0
    SLICE_X53Y58         CARRY4 (Prop_carry4_CI_CO[3])
                                                      0.114    63.068 r  CPU_U/ALU_0/mem_reg[0][31]_i_645/CO[3]
                         net (fo=1, routed)           0.000    63.068    CPU_U/ALU_0/mem_reg[0][31]_i_645_n_0
    SLICE_X53Y59         CARRY4 (Prop_carry4_CI_CO[1])
                                                      0.157    63.225 r  CPU_U/ALU_0/mem_reg[0][31]_i_644/CO[1]
                         net (fo=35, routed)          2.056    65.281    CPU_U/ALU_0/mem_reg[0][31]_i_644_n_2
    SLICE_X54Y51         LUT3 (Prop_lut3_I0_O)        0.329    65.610 r  CPU_U/ALU_0/mem[0][31]_i_682/O
                         net (fo=1, routed)           0.000    65.610    CPU_U/ALU_0/mem[0][31]_i_682_n_0
    SLICE_X54Y51         CARRY4 (Prop_carry4_S[0]_CO[3])
                                                      0.513    66.123 r  CPU_U/ALU_0/mem_reg[0][31]_i_631/CO[3]
                         net (fo=1, routed)           0.000    66.123    CPU_U/ALU_0/mem_reg[0][31]_i_631_n_0
    SLICE_X54Y52         CARRY4 (Prop_carry4_CI_CO[3])
                                                      0.117    66.240 r  CPU_U/ALU_0/mem_reg[0][31]_i_626/CO[3]
                         net (fo=1, routed)           0.000    66.240    CPU_U/ALU_0/mem_reg[0][31]_i_626_n_0
    SLICE_X54Y53         CARRY4 (Prop_carry4_CI_CO[3])
                                                      0.117    66.357 r  CPU_U/ALU_0/mem_reg[0][31]_i_621/CO[3]
                         net (fo=1, routed)           0.000    66.357    CPU_U/ALU_0/mem_reg[0][31]_i_621_n_0
    SLICE_X54Y54         CARRY4 (Prop_carry4_CI_CO[3])
                                                      0.117    66.474 r  CPU_U/ALU_0/mem_reg[0][31]_i_616/CO[3]
                         net (fo=1, routed)           0.000    66.474    CPU_U/ALU_0/mem_reg[0][31]_i_616_n_0
    SLICE_X54Y55         CARRY4 (Prop_carry4_CI_CO[3])
                                                      0.117    66.591 r  CPU_U/ALU_0/mem_reg[0][31]_i_611/CO[3]
                         net (fo=1, routed)           0.000    66.591    CPU_U/ALU_0/mem_reg[0][31]_i_611_n_0
    SLICE_X54Y56         CARRY4 (Prop_carry4_CI_CO[3])
                                                      0.117    66.708 r  CPU_U/ALU_0/mem_reg[0][31]_i_606/CO[3]
                         net (fo=1, routed)           0.000    66.708    CPU_U/ALU_0/mem_reg[0][31]_i_606_n_0
    SLICE_X54Y57         CARRY4 (Prop_carry4_CI_CO[3])
                                                      0.117    66.825 r  CPU_U/ALU_0/mem_reg[0][31]_i_603/CO[3]
                         net (fo=1, routed)           0.000    66.825    CPU_U/ALU_0/mem_reg[0][31]_i_603_n_0
    SLICE_X54Y58         CARRY4 (Prop_carry4_CI_CO[1])
                                                      0.157    66.982 r  CPU_U/ALU_0/mem_reg[0][31]_i_602/CO[1]
                         net (fo=35, routed)          1.961    68.944    CPU_U/ALU_0/mem_reg[0][31]_i_602_n_2
    SLICE_X55Y49         LUT3 (Prop_lut3_I0_O)        0.332    69.276 r  CPU_U/ALU_0/mem[0][31]_i_641/O
                         net (fo=1, routed)           0.000    69.276    CPU_U/ALU_0/mem[0][31]_i_641_n_0
    SLICE_X55Y49         CARRY4 (Prop_carry4_S[3]_CO[3])
                                                      0.401    69.677 r  CPU_U/ALU_0/mem_reg[0][31]_i_594/CO[3]
                         net (fo=1, routed)           0.001    69.677    CPU_U/ALU_0/mem_reg[0][31]_i_594_n_0
    SLICE_X55Y50         CARRY4 (Prop_carry4_CI_CO[3])
                                                      0.114    69.791 r  CPU_U/ALU_0/mem_reg[0][31]_i_589/CO[3]
                         net (fo=1, routed)           0.000    69.791    CPU_U/ALU_0/mem_reg[0][31]_i_589_n_0
    SLICE_X55Y51         CARRY4 (Prop_carry4_CI_CO[3])
                                                      0.114    69.905 r  CPU_U/ALU_0/mem_reg[0][31]_i_584/CO[3]
                         net (fo=1, routed)           0.000    69.905    CPU_U/ALU_0/mem_reg[0][31]_i_584_n_0
    SLICE_X55Y52         CARRY4 (Prop_carry4_CI_CO[3])
                                                      0.114    70.019 r  CPU_U/ALU_0/mem_reg[0][31]_i_579/CO[3]
                         net (fo=1, routed)           0.000    70.019    CPU_U/ALU_0/mem_reg[0][31]_i_579_n_0
    SLICE_X55Y53         CARRY4 (Prop_carry4_CI_CO[3])
                                                      0.114    70.133 r  CPU_U/ALU_0/mem_reg[0][31]_i_574/CO[3]
                         net (fo=1, routed)           0.000    70.133    CPU_U/ALU_0/mem_reg[0][31]_i_574_n_0
    SLICE_X55Y54         CARRY4 (Prop_carry4_CI_CO[3])
                                                      0.114    70.247 r  CPU_U/ALU_0/mem_reg[0][31]_i_569/CO[3]
                         net (fo=1, routed)           0.000    70.247    CPU_U/ALU_0/mem_reg[0][31]_i_569_n_0
    SLICE_X55Y55         CARRY4 (Prop_carry4_CI_CO[3])
                                                      0.114    70.361 r  CPU_U/ALU_0/mem_reg[0][31]_i_564/CO[3]
                         net (fo=1, routed)           0.000    70.361    CPU_U/ALU_0/mem_reg[0][31]_i_564_n_0
    SLICE_X55Y56         CARRY4 (Prop_carry4_CI_CO[3])
                                                      0.114    70.475 r  CPU_U/ALU_0/mem_reg[0][31]_i_561/CO[3]
                         net (fo=1, routed)           0.000    70.475    CPU_U/ALU_0/mem_reg[0][31]_i_561_n_0
    SLICE_X55Y57         CARRY4 (Prop_carry4_CI_CO[1])
                                                      0.157    70.632 r  CPU_U/ALU_0/mem_reg[0][31]_i_560/CO[1]
                         net (fo=35, routed)          2.116    72.748    CPU_U/ALU_0/mem_reg[0][31]_i_560_n_2
    SLICE_X48Y48         LUT3 (Prop_lut3_I0_O)        0.329    73.077 r  CPU_U/ALU_0/mem[0][31]_i_601/O
                         net (fo=1, routed)           0.000    73.077    CPU_U/ALU_0/mem[0][31]_i_601_n_0
    SLICE_X48Y48         CARRY4 (Prop_carry4_S[1]_CO[3])
                                                      0.550    73.627 r  CPU_U/ALU_0/mem_reg[0][31]_i_552/CO[3]
                         net (fo=1, routed)           0.000    73.627    CPU_U/ALU_0/mem_reg[0][31]_i_552_n_0
    SLICE_X48Y49         CARRY4 (Prop_carry4_CI_CO[3])
                                                      0.114    73.741 r  CPU_U/ALU_0/mem_reg[0][31]_i_547/CO[3]
                         net (fo=1, routed)           0.001    73.742    CPU_U/ALU_0/mem_reg[0][31]_i_547_n_0
    SLICE_X48Y50         CARRY4 (Prop_carry4_CI_CO[3])
                                                      0.114    73.856 r  CPU_U/ALU_0/mem_reg[0][31]_i_542/CO[3]
                         net (fo=1, routed)           0.000    73.856    CPU_U/ALU_0/mem_reg[0][31]_i_542_n_0
    SLICE_X48Y51         CARRY4 (Prop_carry4_CI_CO[3])
                                                      0.114    73.970 r  CPU_U/ALU_0/mem_reg[0][31]_i_537/CO[3]
                         net (fo=1, routed)           0.000    73.970    CPU_U/ALU_0/mem_reg[0][31]_i_537_n_0
    SLICE_X48Y52         CARRY4 (Prop_carry4_CI_CO[3])
                                                      0.114    74.084 r  CPU_U/ALU_0/mem_reg[0][31]_i_532/CO[3]
                         net (fo=1, routed)           0.000    74.084    CPU_U/ALU_0/mem_reg[0][31]_i_532_n_0
    SLICE_X48Y53         CARRY4 (Prop_carry4_CI_CO[3])
                                                      0.114    74.198 r  CPU_U/ALU_0/mem_reg[0][31]_i_527/CO[3]
                         net (fo=1, routed)           0.000    74.198    CPU_U/ALU_0/mem_reg[0][31]_i_527_n_0
    SLICE_X48Y54         CARRY4 (Prop_carry4_CI_CO[3])
                                                      0.114    74.312 r  CPU_U/ALU_0/mem_reg[0][31]_i_522/CO[3]
                         net (fo=1, routed)           0.000    74.312    CPU_U/ALU_0/mem_reg[0][31]_i_522_n_0
    SLICE_X48Y55         CARRY4 (Prop_carry4_CI_CO[3])
                                                      0.114    74.426 r  CPU_U/ALU_0/mem_reg[0][31]_i_519/CO[3]
                         net (fo=1, routed)           0.000    74.426    CPU_U/ALU_0/mem_reg[0][31]_i_519_n_0
    SLICE_X48Y56         CARRY4 (Prop_carry4_CI_CO[1])
                                                      0.157    74.583 r  CPU_U/ALU_0/mem_reg[0][31]_i_518/CO[1]
                         net (fo=35, routed)          1.640    76.223    CPU_U/ALU_0/mem_reg[0][31]_i_518_n_2
    SLICE_X51Y50         LUT3 (Prop_lut3_I0_O)        0.329    76.552 r  CPU_U/ALU_0/mem[0][31]_i_557/O
                         net (fo=1, routed)           0.000    76.552    CPU_U/ALU_0/mem[0][31]_i_557_n_0
    SLICE_X51Y50         CARRY4 (Prop_carry4_S[3]_CO[3])
                                                      0.401    76.953 r  CPU_U/ALU_0/mem_reg[0][31]_i_510/CO[3]
                         net (fo=1, routed)           0.000    76.953    CPU_U/ALU_0/mem_reg[0][31]_i_510_n_0
    SLICE_X51Y51         CARRY4 (Prop_carry4_CI_CO[3])
                                                      0.114    77.067 r  CPU_U/ALU_0/mem_reg[0][31]_i_505/CO[3]
                         net (fo=1, routed)           0.000    77.067    CPU_U/ALU_0/mem_reg[0][31]_i_505_n_0
    SLICE_X51Y52         CARRY4 (Prop_carry4_CI_CO[3])
                                                      0.114    77.181 r  CPU_U/ALU_0/mem_reg[0][31]_i_500/CO[3]
                         net (fo=1, routed)           0.000    77.181    CPU_U/ALU_0/mem_reg[0][31]_i_500_n_0
    SLICE_X51Y53         CARRY4 (Prop_carry4_CI_CO[3])
                                                      0.114    77.295 r  CPU_U/ALU_0/mem_reg[0][31]_i_495/CO[3]
                         net (fo=1, routed)           0.000    77.295    CPU_U/ALU_0/mem_reg[0][31]_i_495_n_0
    SLICE_X51Y54         CARRY4 (Prop_carry4_CI_CO[3])
                                                      0.114    77.409 r  CPU_U/ALU_0/mem_reg[0][31]_i_490/CO[3]
                         net (fo=1, routed)           0.000    77.409    CPU_U/ALU_0/mem_reg[0][31]_i_490_n_0
    SLICE_X51Y55         CARRY4 (Prop_carry4_CI_CO[3])
                                                      0.114    77.523 r  CPU_U/ALU_0/mem_reg[0][31]_i_485/CO[3]
                         net (fo=1, routed)           0.000    77.523    CPU_U/ALU_0/mem_reg[0][31]_i_485_n_0
    SLICE_X51Y56         CARRY4 (Prop_carry4_CI_CO[3])
                                                      0.114    77.637 r  CPU_U/ALU_0/mem_reg[0][31]_i_480/CO[3]
                         net (fo=1, routed)           0.000    77.637    CPU_U/ALU_0/mem_reg[0][31]_i_480_n_0
    SLICE_X51Y57         CARRY4 (Prop_carry4_CI_CO[3])
                                                      0.114    77.751 r  CPU_U/ALU_0/mem_reg[0][31]_i_477/CO[3]
                         net (fo=1, routed)           0.000    77.751    CPU_U/ALU_0/mem_reg[0][31]_i_477_n_0
    SLICE_X51Y58         CARRY4 (Prop_carry4_CI_CO[1])
                                                      0.157    77.908 r  CPU_U/ALU_0/mem_reg[0][31]_i_476/CO[1]
                         net (fo=35, routed)          2.184    80.092    CPU_U/ALU_0/mem_reg[0][31]_i_476_n_2
    SLICE_X57Y50         LUT3 (Prop_lut3_I0_O)        0.329    80.421 r  CPU_U/ALU_0/mem[0][31]_i_517/O
                         net (fo=1, routed)           0.000    80.421    CPU_U/ALU_0/mem[0][31]_i_517_n_0
    SLICE_X57Y50         CARRY4 (Prop_carry4_S[1]_CO[3])
                                                      0.550    80.971 r  CPU_U/ALU_0/mem_reg[0][31]_i_468/CO[3]
                         net (fo=1, routed)           0.000    80.971    CPU_U/ALU_0/mem_reg[0][31]_i_468_n_0
    SLICE_X57Y51         CARRY4 (Prop_carry4_CI_CO[3])
                                                      0.114    81.085 r  CPU_U/ALU_0/mem_reg[0][31]_i_463/CO[3]
                         net (fo=1, routed)           0.000    81.085    CPU_U/ALU_0/mem_reg[0][31]_i_463_n_0
    SLICE_X57Y52         CARRY4 (Prop_carry4_CI_CO[3])
                                                      0.114    81.199 r  CPU_U/ALU_0/mem_reg[0][31]_i_458/CO[3]
                         net (fo=1, routed)           0.000    81.199    CPU_U/ALU_0/mem_reg[0][31]_i_458_n_0
    SLICE_X57Y53         CARRY4 (Prop_carry4_CI_CO[3])
                                                      0.114    81.313 r  CPU_U/ALU_0/mem_reg[0][31]_i_453/CO[3]
                         net (fo=1, routed)           0.000    81.313    CPU_U/ALU_0/mem_reg[0][31]_i_453_n_0
    SLICE_X57Y54         CARRY4 (Prop_carry4_CI_CO[3])
                                                      0.114    81.427 r  CPU_U/ALU_0/mem_reg[0][31]_i_448/CO[3]
                         net (fo=1, routed)           0.000    81.427    CPU_U/ALU_0/mem_reg[0][31]_i_448_n_0
    SLICE_X57Y55         CARRY4 (Prop_carry4_CI_CO[3])
                                                      0.114    81.541 r  CPU_U/ALU_0/mem_reg[0][31]_i_443/CO[3]
                         net (fo=1, routed)           0.000    81.541    CPU_U/ALU_0/mem_reg[0][31]_i_443_n_0
    SLICE_X57Y56         CARRY4 (Prop_carry4_CI_CO[3])
                                                      0.114    81.655 r  CPU_U/ALU_0/mem_reg[0][31]_i_438/CO[3]
                         net (fo=1, routed)           0.000    81.655    CPU_U/ALU_0/mem_reg[0][31]_i_438_n_0
    SLICE_X57Y57         CARRY4 (Prop_carry4_CI_CO[3])
                                                      0.114    81.769 r  CPU_U/ALU_0/mem_reg[0][31]_i_435/CO[3]
                         net (fo=1, routed)           0.000    81.769    CPU_U/ALU_0/mem_reg[0][31]_i_435_n_0
    SLICE_X57Y58         CARRY4 (Prop_carry4_CI_CO[1])
                                                      0.157    81.926 r  CPU_U/ALU_0/mem_reg[0][31]_i_434/CO[1]
                         net (fo=35, routed)          1.984    83.910    CPU_U/ALU_0/mem_reg[0][31]_i_434_n_2
    SLICE_X58Y50         LUT3 (Prop_lut3_I0_O)        0.329    84.240 r  CPU_U/ALU_0/mem[0][31]_i_475/O
                         net (fo=1, routed)           0.000    84.240    CPU_U/ALU_0/mem[0][31]_i_475_n_0
    SLICE_X58Y50         CARRY4 (Prop_carry4_S[1]_CO[3])
                                                      0.550    84.790 r  CPU_U/ALU_0/mem_reg[0][31]_i_426/CO[3]
                         net (fo=1, routed)           0.000    84.790    CPU_U/ALU_0/mem_reg[0][31]_i_426_n_0
    SLICE_X58Y51         CARRY4 (Prop_carry4_CI_CO[3])
                                                      0.114    84.904 r  CPU_U/ALU_0/mem_reg[0][31]_i_421/CO[3]
                         net (fo=1, routed)           0.000    84.904    CPU_U/ALU_0/mem_reg[0][31]_i_421_n_0
    SLICE_X58Y52         CARRY4 (Prop_carry4_CI_CO[3])
                                                      0.114    85.018 r  CPU_U/ALU_0/mem_reg[0][31]_i_416/CO[3]
                         net (fo=1, routed)           0.000    85.018    CPU_U/ALU_0/mem_reg[0][31]_i_416_n_0
    SLICE_X58Y53         CARRY4 (Prop_carry4_CI_CO[3])
                                                      0.114    85.132 r  CPU_U/ALU_0/mem_reg[0][31]_i_411/CO[3]
                         net (fo=1, routed)           0.000    85.132    CPU_U/ALU_0/mem_reg[0][31]_i_411_n_0
    SLICE_X58Y54         CARRY4 (Prop_carry4_CI_CO[3])
                                                      0.114    85.245 r  CPU_U/ALU_0/mem_reg[0][31]_i_406/CO[3]
                         net (fo=1, routed)           0.000    85.245    CPU_U/ALU_0/mem_reg[0][31]_i_406_n_0
    SLICE_X58Y55         CARRY4 (Prop_carry4_CI_CO[3])
                                                      0.114    85.359 r  CPU_U/ALU_0/mem_reg[0][31]_i_401/CO[3]
                         net (fo=1, routed)           0.000    85.359    CPU_U/ALU_0/mem_reg[0][31]_i_401_n_0
    SLICE_X58Y56         CARRY4 (Prop_carry4_CI_CO[3])
                                                      0.114    85.473 r  CPU_U/ALU_0/mem_reg[0][31]_i_396/CO[3]
                         net (fo=1, routed)           0.000    85.473    CPU_U/ALU_0/mem_reg[0][31]_i_396_n_0
    SLICE_X58Y57         CARRY4 (Prop_carry4_CI_CO[3])
                                                      0.114    85.587 r  CPU_U/ALU_0/mem_reg[0][31]_i_393/CO[3]
                         net (fo=1, routed)           0.000    85.587    CPU_U/ALU_0/mem_reg[0][31]_i_393_n_0
    SLICE_X58Y58         CARRY4 (Prop_carry4_CI_CO[1])
                                                      0.157    85.744 r  CPU_U/ALU_0/mem_reg[0][31]_i_392/CO[1]
                         net (fo=35, routed)          2.322    88.066    CPU_U/ALU_0/mem_reg[0][31]_i_392_n_2
    SLICE_X62Y48         LUT3 (Prop_lut3_I0_O)        0.329    88.395 r  CPU_U/ALU_0/mem[0][31]_i_432/O
                         net (fo=1, routed)           0.000    88.395    CPU_U/ALU_0/mem[0][31]_i_432_n_0
    SLICE_X62Y48         CARRY4 (Prop_carry4_S[2]_CO[3])
                                                      0.398    88.793 r  CPU_U/ALU_0/mem_reg[0][31]_i_384/CO[3]
                         net (fo=1, routed)           0.000    88.793    CPU_U/ALU_0/mem_reg[0][31]_i_384_n_0
    SLICE_X62Y49         CARRY4 (Prop_carry4_CI_CO[3])
                                                      0.114    88.907 r  CPU_U/ALU_0/mem_reg[0][31]_i_379/CO[3]
                         net (fo=1, routed)           0.001    88.908    CPU_U/ALU_0/mem_reg[0][31]_i_379_n_0
    SLICE_X62Y50         CARRY4 (Prop_carry4_CI_CO[3])
                                                      0.114    89.022 r  CPU_U/ALU_0/mem_reg[0][31]_i_374/CO[3]
                         net (fo=1, routed)           0.000    89.022    CPU_U/ALU_0/mem_reg[0][31]_i_374_n_0
    SLICE_X62Y51         CARRY4 (Prop_carry4_CI_CO[3])
                                                      0.114    89.136 r  CPU_U/ALU_0/mem_reg[0][31]_i_369/CO[3]
                         net (fo=1, routed)           0.000    89.136    CPU_U/ALU_0/mem_reg[0][31]_i_369_n_0
    SLICE_X62Y52         CARRY4 (Prop_carry4_CI_CO[3])
                                                      0.114    89.250 r  CPU_U/ALU_0/mem_reg[0][31]_i_364/CO[3]
                         net (fo=1, routed)           0.000    89.250    CPU_U/ALU_0/mem_reg[0][31]_i_364_n_0
    SLICE_X62Y53         CARRY4 (Prop_carry4_CI_CO[3])
                                                      0.114    89.364 r  CPU_U/ALU_0/mem_reg[0][31]_i_359/CO[3]
                         net (fo=1, routed)           0.000    89.364    CPU_U/ALU_0/mem_reg[0][31]_i_359_n_0
    SLICE_X62Y54         CARRY4 (Prop_carry4_CI_CO[3])
                                                      0.114    89.478 r  CPU_U/ALU_0/mem_reg[0][31]_i_354/CO[3]
                         net (fo=1, routed)           0.000    89.478    CPU_U/ALU_0/mem_reg[0][31]_i_354_n_0
    SLICE_X62Y55         CARRY4 (Prop_carry4_CI_CO[3])
                                                      0.114    89.592 r  CPU_U/ALU_0/mem_reg[0][31]_i_351/CO[3]
                         net (fo=1, routed)           0.000    89.592    CPU_U/ALU_0/mem_reg[0][31]_i_351_n_0
    SLICE_X62Y56         CARRY4 (Prop_carry4_CI_CO[1])
                                                      0.157    89.749 r  CPU_U/ALU_0/mem_reg[0][31]_i_350/CO[1]
                         net (fo=35, routed)          2.219    91.967    CPU_U/ALU_0/mem_reg[0][31]_i_350_n_2
    SLICE_X59Y48         LUT3 (Prop_lut3_I0_O)        0.329    92.296 r  CPU_U/ALU_0/mem[0][31]_i_389/O
                         net (fo=1, routed)           0.000    92.296    CPU_U/ALU_0/mem[0][31]_i_389_n_0
    SLICE_X59Y48         CARRY4 (Prop_carry4_S[3]_CO[3])
                                                      0.401    92.697 r  CPU_U/ALU_0/mem_reg[0][31]_i_342/CO[3]
                         net (fo=1, routed)           0.000    92.697    CPU_U/ALU_0/mem_reg[0][31]_i_342_n_0
    SLICE_X59Y49         CARRY4 (Prop_carry4_CI_CO[3])
                                                      0.114    92.811 r  CPU_U/ALU_0/mem_reg[0][31]_i_337/CO[3]
                         net (fo=1, routed)           0.001    92.812    CPU_U/ALU_0/mem_reg[0][31]_i_337_n_0
    SLICE_X59Y50         CARRY4 (Prop_carry4_CI_CO[3])
                                                      0.114    92.926 r  CPU_U/ALU_0/mem_reg[0][31]_i_332/CO[3]
                         net (fo=1, routed)           0.000    92.926    CPU_U/ALU_0/mem_reg[0][31]_i_332_n_0
    SLICE_X59Y51         CARRY4 (Prop_carry4_CI_CO[3])
                                                      0.114    93.040 r  CPU_U/ALU_0/mem_reg[0][31]_i_327/CO[3]
                         net (fo=1, routed)           0.000    93.040    CPU_U/ALU_0/mem_reg[0][31]_i_327_n_0
    SLICE_X59Y52         CARRY4 (Prop_carry4_CI_CO[3])
                                                      0.114    93.154 r  CPU_U/ALU_0/mem_reg[0][31]_i_322/CO[3]
                         net (fo=1, routed)           0.000    93.154    CPU_U/ALU_0/mem_reg[0][31]_i_322_n_0
    SLICE_X59Y53         CARRY4 (Prop_carry4_CI_CO[3])
                                                      0.114    93.268 r  CPU_U/ALU_0/mem_reg[0][31]_i_317/CO[3]
                         net (fo=1, routed)           0.000    93.268    CPU_U/ALU_0/mem_reg[0][31]_i_317_n_0
    SLICE_X59Y54         CARRY4 (Prop_carry4_CI_CO[3])
                                                      0.114    93.382 r  CPU_U/ALU_0/mem_reg[0][31]_i_312/CO[3]
                         net (fo=1, routed)           0.000    93.382    CPU_U/ALU_0/mem_reg[0][31]_i_312_n_0
    SLICE_X59Y55         CARRY4 (Prop_carry4_CI_CO[3])
                                                      0.114    93.496 r  CPU_U/ALU_0/mem_reg[0][31]_i_309/CO[3]
                         net (fo=1, routed)           0.000    93.496    CPU_U/ALU_0/mem_reg[0][31]_i_309_n_0
    SLICE_X59Y56         CARRY4 (Prop_carry4_CI_CO[1])
                                                      0.157    93.653 r  CPU_U/ALU_0/mem_reg[0][31]_i_308/CO[1]
                         net (fo=35, routed)          2.466    96.120    CPU_U/ALU_0/mem_reg[0][31]_i_308_n_2
    SLICE_X61Y48         LUT3 (Prop_lut3_I0_O)        0.329    96.449 r  CPU_U/ALU_0/mem[0][31]_i_345/O
                         net (fo=1, routed)           0.000    96.449    CPU_U/ALU_0/mem[0][31]_i_345_n_0
    SLICE_X61Y48         CARRY4 (Prop_carry4_S[1]_CO[3])
                                                      0.550    96.999 r  CPU_U/ALU_0/mem_reg[0][31]_i_294/CO[3]
                         net (fo=1, routed)           0.000    96.999    CPU_U/ALU_0/mem_reg[0][31]_i_294_n_0
    SLICE_X61Y49         CARRY4 (Prop_carry4_CI_CO[3])
                                                      0.114    97.113 r  CPU_U/ALU_0/mem_reg[0][31]_i_289/CO[3]
                         net (fo=1, routed)           0.001    97.113    CPU_U/ALU_0/mem_reg[0][31]_i_289_n_0
    SLICE_X61Y50         CARRY4 (Prop_carry4_CI_CO[3])
                                                      0.114    97.227 r  CPU_U/ALU_0/mem_reg[0][31]_i_284/CO[3]
                         net (fo=1, routed)           0.000    97.227    CPU_U/ALU_0/mem_reg[0][31]_i_284_n_0
    SLICE_X61Y51         CARRY4 (Prop_carry4_CI_CO[3])
                                                      0.114    97.341 r  CPU_U/ALU_0/mem_reg[0][31]_i_279/CO[3]
                         net (fo=1, routed)           0.000    97.341    CPU_U/ALU_0/mem_reg[0][31]_i_279_n_0
    SLICE_X61Y52         CARRY4 (Prop_carry4_CI_CO[3])
                                                      0.114    97.455 r  CPU_U/ALU_0/mem_reg[0][31]_i_274/CO[3]
                         net (fo=1, routed)           0.000    97.455    CPU_U/ALU_0/mem_reg[0][31]_i_274_n_0
    SLICE_X61Y53         CARRY4 (Prop_carry4_CI_CO[3])
                                                      0.114    97.569 r  CPU_U/ALU_0/mem_reg[0][31]_i_269/CO[3]
                         net (fo=1, routed)           0.000    97.569    CPU_U/ALU_0/mem_reg[0][31]_i_269_n_0
    SLICE_X61Y54         CARRY4 (Prop_carry4_CI_CO[3])
                                                      0.114    97.683 r  CPU_U/ALU_0/mem_reg[0][31]_i_266/CO[3]
                         net (fo=1, routed)           0.000    97.683    CPU_U/ALU_0/mem_reg[0][31]_i_266_n_0
    SLICE_X61Y55         CARRY4 (Prop_carry4_CI_CO[1])
                                                      0.157    97.840 r  CPU_U/ALU_0/mem_reg[0][31]_i_265/CO[1]
                         net (fo=35, routed)          2.070    99.910    CPU_U/IDEX_0/CO[0]
    SLICE_X63Y46         LUT3 (Prop_lut3_I0_O)        0.329   100.239 r  CPU_U/IDEX_0/mem[0][31]_i_307/O
                         net (fo=1, routed)           0.000   100.239    CPU_U/ALU_0/mem_reg[0][31]_i_215_1[0]
    SLICE_X63Y46         CARRY4 (Prop_carry4_S[1]_CO[3])
                                                      0.550   100.789 r  CPU_U/ALU_0/mem_reg[0][31]_i_257/CO[3]
                         net (fo=1, routed)           0.000   100.789    CPU_U/ALU_0/mem_reg[0][31]_i_257_n_0
    SLICE_X63Y47         CARRY4 (Prop_carry4_CI_CO[3])
                                                      0.114   100.903 r  CPU_U/ALU_0/mem_reg[0][31]_i_252/CO[3]
                         net (fo=1, routed)           0.000   100.903    CPU_U/ALU_0/mem_reg[0][31]_i_252_n_0
    SLICE_X63Y48         CARRY4 (Prop_carry4_CI_CO[3])
                                                      0.114   101.017 r  CPU_U/ALU_0/mem_reg[0][31]_i_247/CO[3]
                         net (fo=1, routed)           0.000   101.017    CPU_U/ALU_0/mem_reg[0][31]_i_247_n_0
    SLICE_X63Y49         CARRY4 (Prop_carry4_CI_CO[3])
                                                      0.114   101.131 r  CPU_U/ALU_0/mem_reg[0][31]_i_242/CO[3]
                         net (fo=1, routed)           0.001   101.132    CPU_U/ALU_0/mem_reg[0][31]_i_242_n_0
    SLICE_X63Y50         CARRY4 (Prop_carry4_CI_CO[3])
                                                      0.114   101.246 r  CPU_U/ALU_0/mem_reg[0][31]_i_237/CO[3]
                         net (fo=1, routed)           0.000   101.246    CPU_U/ALU_0/mem_reg[0][31]_i_237_n_0
    SLICE_X63Y51         CARRY4 (Prop_carry4_CI_CO[3])
                                                      0.114   101.360 r  CPU_U/ALU_0/mem_reg[0][31]_i_232/CO[3]
                         net (fo=1, routed)           0.000   101.360    CPU_U/ALU_0/mem_reg[0][31]_i_232_n_0
    SLICE_X63Y52         CARRY4 (Prop_carry4_CI_CO[3])
                                                      0.114   101.474 r  CPU_U/ALU_0/mem_reg[0][31]_i_227/CO[3]
                         net (fo=1, routed)           0.000   101.474    CPU_U/ALU_0/mem_reg[0][31]_i_227_n_0
    SLICE_X63Y53         CARRY4 (Prop_carry4_CI_CO[3])
                                                      0.114   101.588 r  CPU_U/ALU_0/mem_reg[0][31]_i_224/CO[3]
                         net (fo=1, routed)           0.000   101.588    CPU_U/ALU_0/mem_reg[0][31]_i_224_n_0
    SLICE_X63Y54         CARRY4 (Prop_carry4_CI_CO[1])
                                                      0.157   101.745 r  CPU_U/ALU_0/mem_reg[0][31]_i_223/CO[1]
                         net (fo=35, routed)          2.448   104.193    CPU_U/ALU_0/mem_reg[0][31]_i_223_n_2
    SLICE_X52Y45         LUT3 (Prop_lut3_I0_O)        0.329   104.522 r  CPU_U/ALU_0/mem[0][31]_i_264/O
                         net (fo=1, routed)           0.000   104.522    CPU_U/ALU_0/mem[0][31]_i_264_n_0
    SLICE_X52Y45         CARRY4 (Prop_carry4_S[1]_CO[3])
                                                      0.533   105.055 r  CPU_U/ALU_0/mem_reg[0][31]_i_215/CO[3]
                         net (fo=1, routed)           0.000   105.055    CPU_U/ALU_0/mem_reg[0][31]_i_215_n_0
    SLICE_X52Y46         CARRY4 (Prop_carry4_CI_CO[3])
                                                      0.117   105.172 r  CPU_U/ALU_0/mem_reg[0][31]_i_210/CO[3]
                         net (fo=1, routed)           0.000   105.172    CPU_U/ALU_0/mem_reg[0][31]_i_210_n_0
    SLICE_X52Y47         CARRY4 (Prop_carry4_CI_CO[3])
                                                      0.117   105.289 r  CPU_U/ALU_0/mem_reg[0][31]_i_205/CO[3]
                         net (fo=1, routed)           0.000   105.289    CPU_U/ALU_0/mem_reg[0][31]_i_205_n_0
    SLICE_X52Y48         CARRY4 (Prop_carry4_CI_CO[3])
                                                      0.117   105.406 r  CPU_U/ALU_0/mem_reg[0][31]_i_200/CO[3]
                         net (fo=1, routed)           0.000   105.406    CPU_U/ALU_0/mem_reg[0][31]_i_200_n_0
    SLICE_X52Y49         CARRY4 (Prop_carry4_CI_CO[3])
                                                      0.117   105.523 r  CPU_U/ALU_0/mem_reg[0][31]_i_195/CO[3]
                         net (fo=1, routed)           0.001   105.524    CPU_U/ALU_0/mem_reg[0][31]_i_195_n_0
    SLICE_X52Y50         CARRY4 (Prop_carry4_CI_CO[3])
                                                      0.117   105.641 r  CPU_U/ALU_0/mem_reg[0][31]_i_190/CO[3]
                         net (fo=1, routed)           0.000   105.641    CPU_U/ALU_0/mem_reg[0][31]_i_190_n_0
    SLICE_X52Y51         CARRY4 (Prop_carry4_CI_CO[3])
                                                      0.117   105.758 r  CPU_U/ALU_0/mem_reg[0][31]_i_185/CO[3]
                         net (fo=1, routed)           0.000   105.758    CPU_U/ALU_0/mem_reg[0][31]_i_185_n_0
    SLICE_X52Y52         CARRY4 (Prop_carry4_CI_CO[3])
                                                      0.117   105.875 r  CPU_U/ALU_0/mem_reg[0][31]_i_182/CO[3]
                         net (fo=1, routed)           0.000   105.875    CPU_U/ALU_0/mem_reg[0][31]_i_182_n_0
    SLICE_X52Y53         CARRY4 (Prop_carry4_CI_CO[1])
                                                      0.157   106.032 r  CPU_U/ALU_0/mem_reg[0][31]_i_181/CO[1]
                         net (fo=35, routed)          2.570   108.602    CPU_U/ALU_0/mem_reg[0][31]_i_181_n_2
    SLICE_X53Y42         LUT3 (Prop_lut3_I0_O)        0.332   108.934 r  CPU_U/ALU_0/mem[0][31]_i_222/O
                         net (fo=1, routed)           0.000   108.934    CPU_U/ALU_0/mem[0][31]_i_222_n_0
    SLICE_X53Y42         CARRY4 (Prop_carry4_S[1]_CO[3])
                                                      0.550   109.484 r  CPU_U/ALU_0/mem_reg[0][31]_i_176/CO[3]
                         net (fo=1, routed)           0.000   109.484    CPU_U/ALU_0/mem_reg[0][31]_i_176_n_0
    SLICE_X53Y43         CARRY4 (Prop_carry4_CI_CO[3])
                                                      0.114   109.598 r  CPU_U/ALU_0/mem_reg[0][31]_i_171/CO[3]
                         net (fo=1, routed)           0.000   109.598    CPU_U/ALU_0/mem_reg[0][31]_i_171_n_0
    SLICE_X53Y44         CARRY4 (Prop_carry4_CI_CO[3])
                                                      0.114   109.712 r  CPU_U/ALU_0/mem_reg[0][31]_i_166/CO[3]
                         net (fo=1, routed)           0.000   109.712    CPU_U/ALU_0/mem_reg[0][31]_i_166_n_0
    SLICE_X53Y45         CARRY4 (Prop_carry4_CI_CO[3])
                                                      0.114   109.826 r  CPU_U/ALU_0/mem_reg[0][31]_i_161/CO[3]
                         net (fo=1, routed)           0.000   109.826    CPU_U/ALU_0/mem_reg[0][31]_i_161_n_0
    SLICE_X53Y46         CARRY4 (Prop_carry4_CI_CO[3])
                                                      0.114   109.940 r  CPU_U/ALU_0/mem_reg[0][31]_i_156/CO[3]
                         net (fo=1, routed)           0.000   109.940    CPU_U/ALU_0/mem_reg[0][31]_i_156_n_0
    SLICE_X53Y47         CARRY4 (Prop_carry4_CI_CO[3])
                                                      0.114   110.054 r  CPU_U/ALU_0/mem_reg[0][31]_i_151/CO[3]
                         net (fo=1, routed)           0.000   110.054    CPU_U/ALU_0/mem_reg[0][31]_i_151_n_0
    SLICE_X53Y48         CARRY4 (Prop_carry4_CI_CO[3])
                                                      0.114   110.168 r  CPU_U/ALU_0/mem_reg[0][31]_i_146/CO[3]
                         net (fo=1, routed)           0.000   110.168    CPU_U/ALU_0/mem_reg[0][31]_i_146_n_0
    SLICE_X53Y49         CARRY4 (Prop_carry4_CI_CO[3])
                                                      0.114   110.282 r  CPU_U/ALU_0/mem_reg[0][31]_i_143/CO[3]
                         net (fo=1, routed)           0.001   110.283    CPU_U/ALU_0/mem_reg[0][31]_i_143_n_0
    SLICE_X53Y50         CARRY4 (Prop_carry4_CI_CO[1])
                                                      0.157   110.440 r  CPU_U/ALU_0/mem_reg[0][31]_i_142/CO[1]
                         net (fo=35, routed)          2.550   112.990    CPU_U/ALU_0/mem_reg[0][31]_i_142_n_2
    SLICE_X56Y41         LUT3 (Prop_lut3_I0_O)        0.329   113.319 r  CPU_U/ALU_0/mem[0][27]_i_48/O
                         net (fo=1, routed)           0.000   113.319    CPU_U/ALU_0/mem[0][27]_i_48_n_0
    SLICE_X56Y41         CARRY4 (Prop_carry4_S[1]_CO[3])
                                                      0.533   113.852 r  CPU_U/ALU_0/mem_reg[0][27]_i_41/CO[3]
                         net (fo=1, routed)           0.000   113.852    CPU_U/ALU_0/mem_reg[0][27]_i_41_n_0
    SLICE_X56Y42         CARRY4 (Prop_carry4_CI_CO[3])
                                                      0.117   113.969 r  CPU_U/ALU_0/mem_reg[0][31]_i_137/CO[3]
                         net (fo=1, routed)           0.000   113.969    CPU_U/ALU_0/mem_reg[0][31]_i_137_n_0
    SLICE_X56Y43         CARRY4 (Prop_carry4_CI_CO[3])
                                                      0.117   114.086 r  CPU_U/ALU_0/mem_reg[0][31]_i_132/CO[3]
                         net (fo=1, routed)           0.000   114.086    CPU_U/ALU_0/mem_reg[0][31]_i_132_n_0
    SLICE_X56Y44         CARRY4 (Prop_carry4_CI_CO[3])
                                                      0.117   114.203 r  CPU_U/ALU_0/mem_reg[0][31]_i_127/CO[3]
                         net (fo=1, routed)           0.000   114.203    CPU_U/ALU_0/mem_reg[0][31]_i_127_n_0
    SLICE_X56Y45         CARRY4 (Prop_carry4_CI_CO[3])
                                                      0.117   114.320 r  CPU_U/ALU_0/mem_reg[0][31]_i_122/CO[3]
                         net (fo=1, routed)           0.000   114.320    CPU_U/ALU_0/mem_reg[0][31]_i_122_n_0
    SLICE_X56Y46         CARRY4 (Prop_carry4_CI_CO[3])
                                                      0.117   114.437 r  CPU_U/ALU_0/mem_reg[0][31]_i_117/CO[3]
                         net (fo=1, routed)           0.000   114.437    CPU_U/ALU_0/mem_reg[0][31]_i_117_n_0
    SLICE_X56Y47         CARRY4 (Prop_carry4_CI_CO[3])
                                                      0.117   114.554 r  CPU_U/ALU_0/mem_reg[0][31]_i_112/CO[3]
                         net (fo=1, routed)           0.000   114.554    CPU_U/ALU_0/mem_reg[0][31]_i_112_n_0
    SLICE_X56Y48         CARRY4 (Prop_carry4_CI_CO[3])
                                                      0.117   114.671 r  CPU_U/ALU_0/mem_reg[0][31]_i_109/CO[3]
                         net (fo=1, routed)           0.000   114.671    CPU_U/ALU_0/mem_reg[0][31]_i_109_n_0
    SLICE_X56Y49         CARRY4 (Prop_carry4_CI_CO[1])
                                                      0.157   114.828 r  CPU_U/ALU_0/mem_reg[0][31]_i_108/CO[1]
                         net (fo=35, routed)          2.074   116.902    CPU_U/ALU_0/mem[0][31]_i_145_0[0]
    SLICE_X57Y41         LUT3 (Prop_lut3_I0_O)        0.332   117.234 r  CPU_U/ALU_0/mem[0][23]_i_43/O
                         net (fo=1, routed)           0.000   117.234    CPU_U/ALU_0/mem[0][23]_i_43_n_0
    SLICE_X57Y41         CARRY4 (Prop_carry4_S[2]_CO[3])
                                                      0.398   117.632 r  CPU_U/ALU_0/mem_reg[0][23]_i_36/CO[3]
                         net (fo=1, routed)           0.000   117.632    CPU_U/ALU_0/mem_reg[0][23]_i_36_n_0
    SLICE_X57Y42         CARRY4 (Prop_carry4_CI_CO[3])
                                                      0.114   117.746 r  CPU_U/ALU_0/mem_reg[0][27]_i_36/CO[3]
                         net (fo=1, routed)           0.000   117.746    CPU_U/ALU_0/mem_reg[0][27]_i_36_n_0
    SLICE_X57Y43         CARRY4 (Prop_carry4_CI_CO[3])
                                                      0.114   117.860 r  CPU_U/ALU_0/mem_reg[0][31]_i_103/CO[3]
                         net (fo=1, routed)           0.000   117.860    CPU_U/ALU_0/mem_reg[0][31]_i_103_n_0
    SLICE_X57Y44         CARRY4 (Prop_carry4_CI_CO[3])
                                                      0.114   117.974 r  CPU_U/ALU_0/mem_reg[0][31]_i_98/CO[3]
                         net (fo=1, routed)           0.000   117.974    CPU_U/ALU_0/mem_reg[0][31]_i_98_n_0
    SLICE_X57Y45         CARRY4 (Prop_carry4_CI_CO[3])
                                                      0.114   118.088 r  CPU_U/ALU_0/mem_reg[0][31]_i_93/CO[3]
                         net (fo=1, routed)           0.000   118.088    CPU_U/ALU_0/mem_reg[0][31]_i_93_n_0
    SLICE_X57Y46         CARRY4 (Prop_carry4_CI_CO[3])
                                                      0.114   118.202 r  CPU_U/ALU_0/mem_reg[0][31]_i_88/CO[3]
                         net (fo=1, routed)           0.000   118.202    CPU_U/ALU_0/mem_reg[0][31]_i_88_n_0
    SLICE_X57Y47         CARRY4 (Prop_carry4_CI_CO[3])
                                                      0.114   118.316 r  CPU_U/ALU_0/mem_reg[0][31]_i_83/CO[3]
                         net (fo=1, routed)           0.000   118.316    CPU_U/ALU_0/mem_reg[0][31]_i_83_n_0
    SLICE_X57Y48         CARRY4 (Prop_carry4_CI_CO[3])
                                                      0.114   118.430 r  CPU_U/ALU_0/mem_reg[0][31]_i_80/CO[3]
                         net (fo=1, routed)           0.000   118.430    CPU_U/ALU_0/mem_reg[0][31]_i_80_n_0
    SLICE_X57Y49         CARRY4 (Prop_carry4_CI_CO[1])
                                                      0.157   118.587 r  CPU_U/ALU_0/mem_reg[0][31]_i_79/CO[1]
                         net (fo=35, routed)          2.140   120.727    CPU_U/ALU_0/mem_reg[0][31]_i_79_n_2
    SLICE_X58Y41         LUT3 (Prop_lut3_I0_O)        0.329   121.056 r  CPU_U/ALU_0/mem[0][23]_i_39/O
                         net (fo=1, routed)           0.000   121.056    CPU_U/ALU_0/mem[0][23]_i_39_n_0
    SLICE_X58Y41         CARRY4 (Prop_carry4_S[1]_CO[3])
                                                      0.550   121.606 r  CPU_U/ALU_0/mem_reg[0][23]_i_31/CO[3]
                         net (fo=1, routed)           0.000   121.606    CPU_U/ALU_0/mem_reg[0][23]_i_31_n_0
    SLICE_X58Y42         CARRY4 (Prop_carry4_CI_CO[3])
                                                      0.114   121.720 r  CPU_U/ALU_0/mem_reg[0][27]_i_31/CO[3]
                         net (fo=1, routed)           0.000   121.720    CPU_U/ALU_0/mem_reg[0][27]_i_31_n_0
    SLICE_X58Y43         CARRY4 (Prop_carry4_CI_CO[3])
                                                      0.114   121.834 r  CPU_U/ALU_0/mem_reg[0][31]_i_74/CO[3]
                         net (fo=1, routed)           0.000   121.834    CPU_U/ALU_0/mem_reg[0][31]_i_74_n_0
    SLICE_X58Y44         CARRY4 (Prop_carry4_CI_CO[3])
                                                      0.114   121.948 r  CPU_U/ALU_0/mem_reg[0][31]_i_69/CO[3]
                         net (fo=1, routed)           0.000   121.948    CPU_U/ALU_0/mem_reg[0][31]_i_69_n_0
    SLICE_X58Y45         CARRY4 (Prop_carry4_CI_CO[3])
                                                      0.114   122.062 r  CPU_U/ALU_0/mem_reg[0][31]_i_64/CO[3]
                         net (fo=1, routed)           0.000   122.062    CPU_U/ALU_0/mem_reg[0][31]_i_64_n_0
    SLICE_X58Y46         CARRY4 (Prop_carry4_CI_CO[3])
                                                      0.114   122.176 r  CPU_U/ALU_0/mem_reg[0][31]_i_59/CO[3]
                         net (fo=1, routed)           0.000   122.176    CPU_U/ALU_0/mem_reg[0][31]_i_59_n_0
    SLICE_X58Y47         CARRY4 (Prop_carry4_CI_CO[3])
                                                      0.114   122.290 r  CPU_U/ALU_0/mem_reg[0][31]_i_56/CO[3]
                         net (fo=1, routed)           0.000   122.290    CPU_U/ALU_0/mem_reg[0][31]_i_56_n_0
    SLICE_X58Y48         CARRY4 (Prop_carry4_CI_CO[1])
                                                      0.157   122.447 r  CPU_U/ALU_0/mem_reg[0][31]_i_55/CO[1]
                         net (fo=35, routed)          2.246   124.693    CPU_U/ALU_0/mem_reg[0][31]_i_55_n_2
    SLICE_X62Y39         CARRY4 (Prop_carry4_CYINIT_CO[3])
                                                      0.785   125.478 r  CPU_U/ALU_0/mem_reg[0][15]_i_26/CO[3]
                         net (fo=1, routed)           0.000   125.478    CPU_U/ALU_0/mem_reg[0][15]_i_26_n_0
    SLICE_X62Y40         CARRY4 (Prop_carry4_CI_CO[3])
                                                      0.114   125.592 r  CPU_U/ALU_0/mem_reg[0][18]_i_15/CO[3]
                         net (fo=1, routed)           0.000   125.592    CPU_U/ALU_0/mem_reg[0][18]_i_15_n_0
    SLICE_X62Y41         CARRY4 (Prop_carry4_CI_CO[3])
                                                      0.114   125.706 r  CPU_U/ALU_0/mem_reg[0][23]_i_26/CO[3]
                         net (fo=1, routed)           0.000   125.706    CPU_U/ALU_0/mem_reg[0][23]_i_26_n_0
    SLICE_X62Y42         CARRY4 (Prop_carry4_CI_CO[3])
                                                      0.114   125.820 r  CPU_U/ALU_0/mem_reg[0][27]_i_26/CO[3]
                         net (fo=1, routed)           0.000   125.820    CPU_U/ALU_0/mem_reg[0][27]_i_26_n_0
    SLICE_X62Y43         CARRY4 (Prop_carry4_CI_CO[3])
                                                      0.114   125.934 r  CPU_U/ALU_0/mem_reg[0][31]_i_50/CO[3]
                         net (fo=1, routed)           0.000   125.934    CPU_U/ALU_0/mem_reg[0][31]_i_50_n_0
    SLICE_X62Y44         CARRY4 (Prop_carry4_CI_CO[3])
                                                      0.114   126.048 r  CPU_U/ALU_0/mem_reg[0][31]_i_45/CO[3]
                         net (fo=1, routed)           0.000   126.048    CPU_U/ALU_0/mem_reg[0][31]_i_45_n_0
    SLICE_X62Y45         CARRY4 (Prop_carry4_CI_CO[3])
                                                      0.114   126.162 r  CPU_U/ALU_0/mem_reg[0][31]_i_40/CO[3]
                         net (fo=1, routed)           0.000   126.162    CPU_U/ALU_0/mem_reg[0][31]_i_40_n_0
    SLICE_X62Y46         CARRY4 (Prop_carry4_CI_CO[3])
                                                      0.114   126.276 r  CPU_U/ALU_0/mem_reg[0][31]_i_37/CO[3]
                         net (fo=1, routed)           0.000   126.276    CPU_U/ALU_0/mem_reg[0][31]_i_37_n_0
    SLICE_X62Y47         CARRY4 (Prop_carry4_CI_CO[1])
                                                      0.157   126.433 r  CPU_U/ALU_0/mem_reg[0][31]_i_36/CO[1]
                         net (fo=35, routed)          2.373   128.806    CPU_U/ALU_0/mem_reg[0][31]_i_36_n_2
    SLICE_X59Y38         LUT3 (Prop_lut3_I0_O)        0.329   129.135 r  CPU_U/ALU_0/mem[0][11]_i_28/O
                         net (fo=1, routed)           0.000   129.135    CPU_U/ALU_0/mem[0][11]_i_28_n_0
    SLICE_X59Y38         CARRY4 (Prop_carry4_S[1]_CO[3])
                                                      0.550   129.685 r  CPU_U/ALU_0/mem_reg[0][11]_i_21/CO[3]
                         net (fo=1, routed)           0.000   129.685    CPU_U/ALU_0/mem_reg[0][11]_i_21_n_0
    SLICE_X59Y39         CARRY4 (Prop_carry4_CI_CO[3])
                                                      0.114   129.799 r  CPU_U/ALU_0/mem_reg[0][15]_i_21/CO[3]
                         net (fo=1, routed)           0.000   129.799    CPU_U/ALU_0/mem_reg[0][15]_i_21_n_0
    SLICE_X59Y40         CARRY4 (Prop_carry4_CI_CO[3])
                                                      0.114   129.913 r  CPU_U/ALU_0/mem_reg[0][18]_i_10/CO[3]
                         net (fo=1, routed)           0.000   129.913    CPU_U/ALU_0/mem_reg[0][18]_i_10_n_0
    SLICE_X59Y41         CARRY4 (Prop_carry4_CI_CO[3])
                                                      0.114   130.027 r  CPU_U/ALU_0/mem_reg[0][23]_i_21/CO[3]
                         net (fo=1, routed)           0.000   130.027    CPU_U/ALU_0/mem_reg[0][23]_i_21_n_0
    SLICE_X59Y42         CARRY4 (Prop_carry4_CI_CO[3])
                                                      0.114   130.141 r  CPU_U/ALU_0/mem_reg[0][27]_i_21/CO[3]
                         net (fo=1, routed)           0.000   130.141    CPU_U/ALU_0/mem_reg[0][27]_i_21_n_0
    SLICE_X59Y43         CARRY4 (Prop_carry4_CI_CO[3])
                                                      0.114   130.255 r  CPU_U/ALU_0/mem_reg[0][31]_i_31/CO[3]
                         net (fo=1, routed)           0.000   130.255    CPU_U/ALU_0/mem_reg[0][31]_i_31_n_0
    SLICE_X59Y44         CARRY4 (Prop_carry4_CI_CO[3])
                                                      0.114   130.369 r  CPU_U/ALU_0/mem_reg[0][31]_i_26/CO[3]
                         net (fo=1, routed)           0.000   130.369    CPU_U/ALU_0/mem_reg[0][31]_i_26_n_0
    SLICE_X59Y45         CARRY4 (Prop_carry4_CI_CO[3])
                                                      0.114   130.483 r  CPU_U/ALU_0/mem_reg[0][31]_i_23/CO[3]
                         net (fo=1, routed)           0.000   130.483    CPU_U/ALU_0/mem_reg[0][31]_i_23_n_0
    SLICE_X59Y46         CARRY4 (Prop_carry4_CI_CO[1])
                                                      0.157   130.640 r  CPU_U/ALU_0/mem_reg[0][31]_i_22/CO[1]
                         net (fo=35, routed)          2.070   132.710    CPU_U/IDEX_0/mem_reg[0][7]_i_16[0]
    SLICE_X60Y37         LUT3 (Prop_lut3_I0_O)        0.329   133.039 r  CPU_U/IDEX_0/mem[0][7]_i_24/O
                         net (fo=1, routed)           0.000   133.039    CPU_U/ALU_0/mem_reg[0][3]_i_14_1[0]
    SLICE_X60Y37         CARRY4 (Prop_carry4_S[1]_CO[3])
                                                      0.533   133.572 r  CPU_U/ALU_0/mem_reg[0][7]_i_16/CO[3]
                         net (fo=1, routed)           0.000   133.572    CPU_U/ALU_0/mem_reg[0][7]_i_16_n_0
    SLICE_X60Y38         CARRY4 (Prop_carry4_CI_CO[3])
                                                      0.117   133.689 r  CPU_U/ALU_0/mem_reg[0][11]_i_16/CO[3]
                         net (fo=1, routed)           0.000   133.689    CPU_U/ALU_0/mem_reg[0][11]_i_16_n_0
    SLICE_X60Y39         CARRY4 (Prop_carry4_CI_CO[3])
                                                      0.117   133.806 r  CPU_U/ALU_0/mem_reg[0][15]_i_16/CO[3]
                         net (fo=1, routed)           0.000   133.806    CPU_U/ALU_0/mem_reg[0][15]_i_16_n_0
    SLICE_X60Y40         CARRY4 (Prop_carry4_CI_CO[3])
                                                      0.117   133.923 r  CPU_U/ALU_0/mem_reg[0][18]_i_5/CO[3]
                         net (fo=1, routed)           0.000   133.923    CPU_U/ALU_0/mem_reg[0][18]_i_5_n_0
    SLICE_X60Y41         CARRY4 (Prop_carry4_CI_CO[3])
                                                      0.117   134.040 r  CPU_U/ALU_0/mem_reg[0][23]_i_16/CO[3]
                         net (fo=1, routed)           0.000   134.040    CPU_U/ALU_0/mem_reg[0][23]_i_16_n_0
    SLICE_X60Y42         CARRY4 (Prop_carry4_CI_CO[3])
                                                      0.117   134.157 r  CPU_U/ALU_0/mem_reg[0][27]_i_16/CO[3]
                         net (fo=1, routed)           0.000   134.157    CPU_U/ALU_0/mem_reg[0][27]_i_16_n_0
    SLICE_X60Y43         CARRY4 (Prop_carry4_CI_CO[3])
                                                      0.117   134.274 r  CPU_U/ALU_0/mem_reg[0][31]_i_17/CO[3]
                         net (fo=1, routed)           0.000   134.274    CPU_U/ALU_0/mem_reg[0][31]_i_17_n_0
    SLICE_X60Y44         CARRY4 (Prop_carry4_CI_CO[3])
                                                      0.117   134.391 r  CPU_U/ALU_0/mem_reg[0][31]_i_14/CO[3]
                         net (fo=1, routed)           0.000   134.391    CPU_U/ALU_0/mem_reg[0][31]_i_14_n_0
    SLICE_X60Y45         CARRY4 (Prop_carry4_CI_CO[1])
                                                      0.157   134.548 r  CPU_U/ALU_0/mem_reg[0][31]_i_13/CO[1]
                         net (fo=35, routed)          2.193   136.741    CPU_U/ALU_0/mem_reg[0][31]_i_13_n_2
    SLICE_X61Y36         LUT3 (Prop_lut3_I0_O)        0.332   137.073 r  CPU_U/ALU_0/mem[0][3]_i_18/O
                         net (fo=1, routed)           0.000   137.073    CPU_U/ALU_0/mem[0][3]_i_18_n_0
    SLICE_X61Y36         CARRY4 (Prop_carry4_S[1]_CO[3])
                                                      0.550   137.623 r  CPU_U/ALU_0/mem_reg[0][3]_i_14/CO[3]
                         net (fo=1, routed)           0.000   137.623    CPU_U/ALU_0/mem_reg[0][3]_i_14_n_0
    SLICE_X61Y37         CARRY4 (Prop_carry4_CI_CO[3])
                                                      0.114   137.737 r  CPU_U/ALU_0/mem_reg[0][7]_i_14/CO[3]
                         net (fo=1, routed)           0.000   137.737    CPU_U/ALU_0/mem_reg[0][7]_i_14_n_0
    SLICE_X61Y38         CARRY4 (Prop_carry4_CI_O[3])
                                                      0.313   138.050 r  CPU_U/ALU_0/mem_reg[0][11]_i_14/O[3]
                         net (fo=4, routed)           1.392   139.442    CPU_U/ALU_0/mem[0][11]_i_20_0[3]
    SLICE_X60Y34         LUT6 (Prop_lut6_I5_O)        0.306   139.748 f  CPU_U/ALU_0/mem[0][13]_i_5/O
                         net (fo=2, routed)           1.058   140.806    CPU_U/ALU_0/mem[0][13]_i_5_n_0
    SLICE_X60Y34         LUT3 (Prop_lut3_I2_O)        0.124   140.930 f  CPU_U/ALU_0/mem[0][17]_i_5/O
                         net (fo=1, routed)           0.810   141.741    CPU_U/ALU_0/mem[0][17]_i_5_n_0
    SLICE_X60Y34         LUT5 (Prop_lut5_I1_O)        0.124   141.865 r  CPU_U/ALU_0/mem[0][17]_i_4/O
                         net (fo=4, routed)           0.700   142.565    CPU_U/ALU_0/mem[0][17]_i_4_n_0
    SLICE_X60Y36         LUT6 (Prop_lut6_I2_O)        0.124   142.689 r  CPU_U/ALU_0/mem[0][20]_i_5/O
                         net (fo=3, routed)           1.103   143.792    CPU_U/ALU_0/mem[0][20]_i_5_n_0
    SLICE_X65Y38         LUT4 (Prop_lut4_I3_O)        0.124   143.916 f  CPU_U/ALU_0/mem[0][24]_i_6/O
                         net (fo=3, routed)           0.806   144.722    CPU_U/ALU_0/mem[0][24]_i_6_n_0
    SLICE_X63Y40         LUT6 (Prop_lut6_I0_O)        0.124   144.846 r  CPU_U/ALU_0/mem[0][28]_i_5/O
                         net (fo=2, routed)           1.098   145.944    CPU_U/ALU_0/mem[0][28]_i_5_n_0
    SLICE_X57Y40         LUT5 (Prop_lut5_I3_O)        0.124   146.068 r  CPU_U/ALU_0/mem[0][28]_i_3/O
                         net (fo=1, routed)           0.264   146.332    CPU_U/ALU_0/mem[0][28]_i_3_n_0
    SLICE_X57Y40         LUT6 (Prop_lut6_I0_O)        0.124   146.456 r  CPU_U/ALU_0/mem[0][28]_i_2__0/O
                         net (fo=1, routed)           0.721   147.177    CPU_U/IDEX_0/mem_reg[0][28]
    SLICE_X55Y42         LUT6 (Prop_lut6_I5_O)        0.124   147.301 r  CPU_U/IDEX_0/mem[0][28]_i_1/O
                         net (fo=1, routed)           0.000   147.301    CPU_U/Hi_reg_0/D[28]
    SLICE_X55Y42         FDCE                                         r  CPU_U/Hi_reg_0/mem_reg[0][28]/D
  -------------------------------------------------------------------    -------------------

Slack:                    inf
  Source:                 CPU_U/MEMWB_0/JAL_WB_reg/C
                            (rising edge-triggered cell FDCE)
  Destination:            CPU_U/Hi_reg_0/mem_reg[0][24]/D
  Path Group:             (none)
  Path Type:              Max at Slow Process Corner
  Data Path Delay:        146.759ns  (logic 58.170ns (39.636%)  route 88.589ns (60.364%))
  Logic Levels:           319  (CARRY4=275 FDCE=1 LUT1=1 LUT3=32 LUT4=1 LUT5=2 LUT6=7)

    Location             Delay type                Incr(ns)  Path(ns)    Netlist Resource(s)
  -------------------------------------------------------------------    -------------------
    SLICE_X39Y48         FDCE                         0.000     0.000 r  CPU_U/MEMWB_0/JAL_WB_reg/C
    SLICE_X39Y48         FDCE (Prop_fdce_C_Q)         0.456     0.456 r  CPU_U/MEMWB_0/JAL_WB_reg/Q
                         net (fo=34, routed)          3.220     3.676    CPU_U/MEMWB_0/sel0[4]
    SLICE_X65Y46         LUT3 (Prop_lut3_I0_O)        0.124     3.800 r  CPU_U/MEMWB_0/MEM_reg_r1_0_31_0_5_i_24/O
                         net (fo=30, routed)          4.737     8.536    CPU_U/MEMWB_0/MEM_reg_r1_0_31_0_5_i_24_n_0
    SLICE_X51Y48         LUT6 (Prop_lut6_I5_O)        0.124     8.660 f  CPU_U/MEMWB_0/MEM_reg_r1_0_31_12_17_i_19/O
                         net (fo=1, routed)           0.151     8.812    CPU_U/MEMWB_0/MEM_reg_r1_0_31_12_17_i_19_n_0
    SLICE_X51Y48         LUT6 (Prop_lut6_I5_O)        0.124     8.936 r  CPU_U/MEMWB_0/MEM_reg_r1_0_31_12_17_i_12/O
                         net (fo=3, routed)           0.166     9.102    CPU_U/IDEX_0/mult_result_u__1_23
    SLICE_X51Y48         LUT5 (Prop_lut5_I0_O)        0.124     9.226 f  CPU_U/IDEX_0/LedData[16]_i_1/O
                         net (fo=3, routed)           2.021    11.247    CPU_U/IDEX_0/R2_EX_reg[31]_0[16]
    SLICE_X65Y56         LUT3 (Prop_lut3_I2_O)        0.124    11.371 f  CPU_U/IDEX_0/mult_result_u_i_16/O
                         net (fo=96, routed)          4.021    15.392    CPU_U/IDEX_0/imm_EX_reg[17]_5
    SLICE_X37Y68         LUT1 (Prop_lut1_I0_O)        0.124    15.516 r  CPU_U/IDEX_0/mem[0][31]_i_1221/O
                         net (fo=1, routed)           0.000    15.516    CPU_U/ALU_0/mem_reg[0][31]_i_1120_1[0]
    SLICE_X37Y68         CARRY4 (Prop_carry4_S[0]_CO[3])
                                                      0.532    16.048 r  CPU_U/ALU_0/mem_reg[0][31]_i_1162/CO[3]
                         net (fo=1, routed)           0.000    16.048    CPU_U/ALU_0/mem_reg[0][31]_i_1162_n_0
    SLICE_X37Y69         CARRY4 (Prop_carry4_CI_CO[3])
                                                      0.114    16.162 r  CPU_U/ALU_0/mem_reg[0][31]_i_1157/CO[3]
                         net (fo=1, routed)           0.000    16.162    CPU_U/ALU_0/mem_reg[0][31]_i_1157_n_0
    SLICE_X37Y70         CARRY4 (Prop_carry4_CI_CO[3])
                                                      0.114    16.276 r  CPU_U/ALU_0/mem_reg[0][31]_i_1152/CO[3]
                         net (fo=1, routed)           0.000    16.276    CPU_U/ALU_0/mem_reg[0][31]_i_1152_n_0
    SLICE_X37Y71         CARRY4 (Prop_carry4_CI_CO[3])
                                                      0.114    16.390 r  CPU_U/ALU_0/mem_reg[0][31]_i_1149/CO[3]
                         net (fo=1, routed)           0.000    16.390    CPU_U/ALU_0/mem_reg[0][31]_i_1149_n_0
    SLICE_X37Y72         CARRY4 (Prop_carry4_CI_CO[0])
                                                      0.271    16.661 r  CPU_U/ALU_0/mem_reg[0][31]_i_1148/CO[0]
                         net (fo=35, routed)          1.559    18.220    CPU_U/ALU_0/mem_reg[0][31]_i_1148_n_3
    SLICE_X36Y63         LUT3 (Prop_lut3_I0_O)        0.373    18.593 r  CPU_U/ALU_0/mem[0][31]_i_1189/O
                         net (fo=1, routed)           0.000    18.593    CPU_U/ALU_0/mem[0][31]_i_1189_n_0
    SLICE_X36Y63         CARRY4 (Prop_carry4_S[1]_CO[3])
                                                      0.550    19.143 r  CPU_U/ALU_0/mem_reg[0][31]_i_1140/CO[3]
                         net (fo=1, routed)           0.000    19.143    CPU_U/ALU_0/mem_reg[0][31]_i_1140_n_0
    SLICE_X36Y64         CARRY4 (Prop_carry4_CI_CO[3])
                                                      0.114    19.257 r  CPU_U/ALU_0/mem_reg[0][31]_i_1135/CO[3]
                         net (fo=1, routed)           0.000    19.257    CPU_U/ALU_0/mem_reg[0][31]_i_1135_n_0
    SLICE_X36Y65         CARRY4 (Prop_carry4_CI_CO[3])
                                                      0.114    19.371 r  CPU_U/ALU_0/mem_reg[0][31]_i_1130/CO[3]
                         net (fo=1, routed)           0.000    19.371    CPU_U/ALU_0/mem_reg[0][31]_i_1130_n_0
    SLICE_X36Y66         CARRY4 (Prop_carry4_CI_CO[3])
                                                      0.114    19.485 r  CPU_U/ALU_0/mem_reg[0][31]_i_1125/CO[3]
                         net (fo=1, routed)           0.000    19.485    CPU_U/ALU_0/mem_reg[0][31]_i_1125_n_0
    SLICE_X36Y67         CARRY4 (Prop_carry4_CI_CO[3])
                                                      0.114    19.599 r  CPU_U/ALU_0/mem_reg[0][31]_i_1120/CO[3]
                         net (fo=1, routed)           0.000    19.599    CPU_U/ALU_0/mem_reg[0][31]_i_1120_n_0
    SLICE_X36Y68         CARRY4 (Prop_carry4_CI_CO[3])
                                                      0.114    19.713 r  CPU_U/ALU_0/mem_reg[0][31]_i_1115/CO[3]
                         net (fo=1, routed)           0.000    19.713    CPU_U/ALU_0/mem_reg[0][31]_i_1115_n_0
    SLICE_X36Y69         CARRY4 (Prop_carry4_CI_CO[3])
                                                      0.114    19.827 r  CPU_U/ALU_0/mem_reg[0][31]_i_1110/CO[3]
                         net (fo=1, routed)           0.000    19.827    CPU_U/ALU_0/mem_reg[0][31]_i_1110_n_0
    SLICE_X36Y70         CARRY4 (Prop_carry4_CI_CO[3])
                                                      0.114    19.941 r  CPU_U/ALU_0/mem_reg[0][31]_i_1107/CO[3]
                         net (fo=1, routed)           0.000    19.941    CPU_U/ALU_0/mem_reg[0][31]_i_1107_n_0
    SLICE_X36Y71         CARRY4 (Prop_carry4_CI_CO[1])
                                                      0.157    20.098 r  CPU_U/ALU_0/mem_reg[0][31]_i_1106/CO[1]
                         net (fo=35, routed)          2.050    22.148    CPU_U/ALU_0/mem_reg[0][31]_i_1106_n_2
    SLICE_X39Y63         LUT3 (Prop_lut3_I0_O)        0.329    22.477 r  CPU_U/ALU_0/mem[0][31]_i_1145/O
                         net (fo=1, routed)           0.000    22.477    CPU_U/ALU_0/mem[0][31]_i_1145_n_0
    SLICE_X39Y63         CARRY4 (Prop_carry4_S[3]_CO[3])
                                                      0.401    22.878 r  CPU_U/ALU_0/mem_reg[0][31]_i_1098/CO[3]
                         net (fo=1, routed)           0.000    22.878    CPU_U/ALU_0/mem_reg[0][31]_i_1098_n_0
    SLICE_X39Y64         CARRY4 (Prop_carry4_CI_CO[3])
                                                      0.114    22.992 r  CPU_U/ALU_0/mem_reg[0][31]_i_1093/CO[3]
                         net (fo=1, routed)           0.000    22.992    CPU_U/ALU_0/mem_reg[0][31]_i_1093_n_0
    SLICE_X39Y65         CARRY4 (Prop_carry4_CI_CO[3])
                                                      0.114    23.106 r  CPU_U/ALU_0/mem_reg[0][31]_i_1088/CO[3]
                         net (fo=1, routed)           0.000    23.106    CPU_U/ALU_0/mem_reg[0][31]_i_1088_n_0
    SLICE_X39Y66         CARRY4 (Prop_carry4_CI_CO[3])
                                                      0.114    23.220 r  CPU_U/ALU_0/mem_reg[0][31]_i_1083/CO[3]
                         net (fo=1, routed)           0.000    23.220    CPU_U/ALU_0/mem_reg[0][31]_i_1083_n_0
    SLICE_X39Y67         CARRY4 (Prop_carry4_CI_CO[3])
                                                      0.114    23.334 r  CPU_U/ALU_0/mem_reg[0][31]_i_1078/CO[3]
                         net (fo=1, routed)           0.000    23.334    CPU_U/ALU_0/mem_reg[0][31]_i_1078_n_0
    SLICE_X39Y68         CARRY4 (Prop_carry4_CI_CO[3])
                                                      0.114    23.448 r  CPU_U/ALU_0/mem_reg[0][31]_i_1073/CO[3]
                         net (fo=1, routed)           0.000    23.448    CPU_U/ALU_0/mem_reg[0][31]_i_1073_n_0
    SLICE_X39Y69         CARRY4 (Prop_carry4_CI_CO[3])
                                                      0.114    23.562 r  CPU_U/ALU_0/mem_reg[0][31]_i_1068/CO[3]
                         net (fo=1, routed)           0.000    23.562    CPU_U/ALU_0/mem_reg[0][31]_i_1068_n_0
    SLICE_X39Y70         CARRY4 (Prop_carry4_CI_CO[3])
                                                      0.114    23.676 r  CPU_U/ALU_0/mem_reg[0][31]_i_1065/CO[3]
                         net (fo=1, routed)           0.000    23.676    CPU_U/ALU_0/mem_reg[0][31]_i_1065_n_0
    SLICE_X39Y71         CARRY4 (Prop_carry4_CI_CO[1])
                                                      0.157    23.833 r  CPU_U/ALU_0/mem_reg[0][31]_i_1064/CO[1]
                         net (fo=35, routed)          2.237    26.070    CPU_U/ALU_0/mem_reg[0][31]_i_1064_n_2
    SLICE_X40Y63         LUT3 (Prop_lut3_I0_O)        0.329    26.399 r  CPU_U/ALU_0/mem[0][31]_i_1105/O
                         net (fo=1, routed)           0.000    26.399    CPU_U/ALU_0/mem[0][31]_i_1105_n_0
    SLICE_X40Y63         CARRY4 (Prop_carry4_S[1]_CO[3])
                                                      0.550    26.949 r  CPU_U/ALU_0/mem_reg[0][31]_i_1056/CO[3]
                         net (fo=1, routed)           0.000    26.949    CPU_U/ALU_0/mem_reg[0][31]_i_1056_n_0
    SLICE_X40Y64         CARRY4 (Prop_carry4_CI_CO[3])
                                                      0.114    27.063 r  CPU_U/ALU_0/mem_reg[0][31]_i_1051/CO[3]
                         net (fo=1, routed)           0.000    27.063    CPU_U/ALU_0/mem_reg[0][31]_i_1051_n_0
    SLICE_X40Y65         CARRY4 (Prop_carry4_CI_CO[3])
                                                      0.114    27.177 r  CPU_U/ALU_0/mem_reg[0][31]_i_1046/CO[3]
                         net (fo=1, routed)           0.000    27.177    CPU_U/ALU_0/mem_reg[0][31]_i_1046_n_0
    SLICE_X40Y66         CARRY4 (Prop_carry4_CI_CO[3])
                                                      0.114    27.291 r  CPU_U/ALU_0/mem_reg[0][31]_i_1041/CO[3]
                         net (fo=1, routed)           0.000    27.291    CPU_U/ALU_0/mem_reg[0][31]_i_1041_n_0
    SLICE_X40Y67         CARRY4 (Prop_carry4_CI_CO[3])
                                                      0.114    27.405 r  CPU_U/ALU_0/mem_reg[0][31]_i_1036/CO[3]
                         net (fo=1, routed)           0.000    27.405    CPU_U/ALU_0/mem_reg[0][31]_i_1036_n_0
    SLICE_X40Y68         CARRY4 (Prop_carry4_CI_CO[3])
                                                      0.114    27.519 r  CPU_U/ALU_0/mem_reg[0][31]_i_1031/CO[3]
                         net (fo=1, routed)           0.000    27.519    CPU_U/ALU_0/mem_reg[0][31]_i_1031_n_0
    SLICE_X40Y69         CARRY4 (Prop_carry4_CI_CO[3])
                                                      0.114    27.633 r  CPU_U/ALU_0/mem_reg[0][31]_i_1026/CO[3]
                         net (fo=1, routed)           0.000    27.633    CPU_U/ALU_0/mem_reg[0][31]_i_1026_n_0
    SLICE_X40Y70         CARRY4 (Prop_carry4_CI_CO[3])
                                                      0.114    27.747 r  CPU_U/ALU_0/mem_reg[0][31]_i_1023/CO[3]
                         net (fo=1, routed)           0.000    27.747    CPU_U/ALU_0/mem_reg[0][31]_i_1023_n_0
    SLICE_X40Y71         CARRY4 (Prop_carry4_CI_CO[1])
                                                      0.157    27.904 r  CPU_U/ALU_0/mem_reg[0][31]_i_1022/CO[1]
                         net (fo=35, routed)          1.914    29.818    CPU_U/ALU_0/mem_reg[0][31]_i_1022_n_2
    SLICE_X41Y62         LUT3 (Prop_lut3_I0_O)        0.329    30.147 r  CPU_U/ALU_0/mem[0][31]_i_1062/O
                         net (fo=1, routed)           0.000    30.147    CPU_U/ALU_0/mem[0][31]_i_1062_n_0
    SLICE_X41Y62         CARRY4 (Prop_carry4_S[2]_CO[3])
                                                      0.398    30.545 r  CPU_U/ALU_0/mem_reg[0][31]_i_1014/CO[3]
                         net (fo=1, routed)           0.000    30.545    CPU_U/ALU_0/mem_reg[0][31]_i_1014_n_0
    SLICE_X41Y63         CARRY4 (Prop_carry4_CI_CO[3])
                                                      0.114    30.659 r  CPU_U/ALU_0/mem_reg[0][31]_i_1009/CO[3]
                         net (fo=1, routed)           0.000    30.659    CPU_U/ALU_0/mem_reg[0][31]_i_1009_n_0
    SLICE_X41Y64         CARRY4 (Prop_carry4_CI_CO[3])
                                                      0.114    30.773 r  CPU_U/ALU_0/mem_reg[0][31]_i_1004/CO[3]
                         net (fo=1, routed)           0.000    30.773    CPU_U/ALU_0/mem_reg[0][31]_i_1004_n_0
    SLICE_X41Y65         CARRY4 (Prop_carry4_CI_CO[3])
                                                      0.114    30.887 r  CPU_U/ALU_0/mem_reg[0][31]_i_999/CO[3]
                         net (fo=1, routed)           0.000    30.887    CPU_U/ALU_0/mem_reg[0][31]_i_999_n_0
    SLICE_X41Y66         CARRY4 (Prop_carry4_CI_CO[3])
                                                      0.114    31.001 r  CPU_U/ALU_0/mem_reg[0][31]_i_994/CO[3]
                         net (fo=1, routed)           0.000    31.001    CPU_U/ALU_0/mem_reg[0][31]_i_994_n_0
    SLICE_X41Y67         CARRY4 (Prop_carry4_CI_CO[3])
                                                      0.114    31.115 r  CPU_U/ALU_0/mem_reg[0][31]_i_989/CO[3]
                         net (fo=1, routed)           0.000    31.115    CPU_U/ALU_0/mem_reg[0][31]_i_989_n_0
    SLICE_X41Y68         CARRY4 (Prop_carry4_CI_CO[3])
                                                      0.114    31.229 r  CPU_U/ALU_0/mem_reg[0][31]_i_984/CO[3]
                         net (fo=1, routed)           0.000    31.229    CPU_U/ALU_0/mem_reg[0][31]_i_984_n_0
    SLICE_X41Y69         CARRY4 (Prop_carry4_CI_CO[3])
                                                      0.114    31.343 r  CPU_U/ALU_0/mem_reg[0][31]_i_981/CO[3]
                         net (fo=1, routed)           0.000    31.343    CPU_U/ALU_0/mem_reg[0][31]_i_981_n_0
    SLICE_X41Y70         CARRY4 (Prop_carry4_CI_CO[1])
                                                      0.157    31.500 r  CPU_U/ALU_0/mem_reg[0][31]_i_980/CO[1]
                         net (fo=35, routed)          2.299    33.799    CPU_U/ALU_0/mem_reg[0][31]_i_980_n_2
    SLICE_X38Y58         LUT3 (Prop_lut3_I0_O)        0.329    34.128 r  CPU_U/ALU_0/mem[0][31]_i_1021/O
                         net (fo=1, routed)           0.000    34.128    CPU_U/ALU_0/mem[0][31]_i_1021_n_0
    SLICE_X38Y58         CARRY4 (Prop_carry4_S[1]_CO[3])
                                                      0.533    34.661 r  CPU_U/ALU_0/mem_reg[0][31]_i_972/CO[3]
                         net (fo=1, routed)           0.000    34.661    CPU_U/ALU_0/mem_reg[0][31]_i_972_n_0
    SLICE_X38Y59         CARRY4 (Prop_carry4_CI_CO[3])
                                                      0.117    34.778 r  CPU_U/ALU_0/mem_reg[0][31]_i_967/CO[3]
                         net (fo=1, routed)           0.000    34.778    CPU_U/ALU_0/mem_reg[0][31]_i_967_n_0
    SLICE_X38Y60         CARRY4 (Prop_carry4_CI_CO[3])
                                                      0.117    34.895 r  CPU_U/ALU_0/mem_reg[0][31]_i_962/CO[3]
                         net (fo=1, routed)           0.000    34.895    CPU_U/ALU_0/mem_reg[0][31]_i_962_n_0
    SLICE_X38Y61         CARRY4 (Prop_carry4_CI_CO[3])
                                                      0.117    35.012 r  CPU_U/ALU_0/mem_reg[0][31]_i_957/CO[3]
                         net (fo=1, routed)           0.000    35.012    CPU_U/ALU_0/mem_reg[0][31]_i_957_n_0
    SLICE_X38Y62         CARRY4 (Prop_carry4_CI_CO[3])
                                                      0.117    35.129 r  CPU_U/ALU_0/mem_reg[0][31]_i_952/CO[3]
                         net (fo=1, routed)           0.000    35.129    CPU_U/ALU_0/mem_reg[0][31]_i_952_n_0
    SLICE_X38Y63         CARRY4 (Prop_carry4_CI_CO[3])
                                                      0.117    35.246 r  CPU_U/ALU_0/mem_reg[0][31]_i_947/CO[3]
                         net (fo=1, routed)           0.000    35.246    CPU_U/ALU_0/mem_reg[0][31]_i_947_n_0
    SLICE_X38Y64         CARRY4 (Prop_carry4_CI_CO[3])
                                                      0.117    35.363 r  CPU_U/ALU_0/mem_reg[0][31]_i_942/CO[3]
                         net (fo=1, routed)           0.000    35.363    CPU_U/ALU_0/mem_reg[0][31]_i_942_n_0
    SLICE_X38Y65         CARRY4 (Prop_carry4_CI_CO[3])
                                                      0.117    35.480 r  CPU_U/ALU_0/mem_reg[0][31]_i_939/CO[3]
                         net (fo=1, routed)           0.000    35.480    CPU_U/ALU_0/mem_reg[0][31]_i_939_n_0
    SLICE_X38Y66         CARRY4 (Prop_carry4_CI_CO[1])
                                                      0.157    35.637 r  CPU_U/ALU_0/mem_reg[0][31]_i_938/CO[1]
                         net (fo=35, routed)          2.233    37.870    CPU_U/ALU_0/mem_reg[0][31]_i_938_n_2
    SLICE_X37Y54         LUT3 (Prop_lut3_I0_O)        0.332    38.202 r  CPU_U/ALU_0/mem[0][31]_i_979/O
                         net (fo=1, routed)           0.000    38.202    CPU_U/ALU_0/mem[0][31]_i_979_n_0
    SLICE_X37Y54         CARRY4 (Prop_carry4_S[1]_CO[3])
                                                      0.550    38.752 r  CPU_U/ALU_0/mem_reg[0][31]_i_930/CO[3]
                         net (fo=1, routed)           0.000    38.752    CPU_U/ALU_0/mem_reg[0][31]_i_930_n_0
    SLICE_X37Y55         CARRY4 (Prop_carry4_CI_CO[3])
                                                      0.114    38.866 r  CPU_U/ALU_0/mem_reg[0][31]_i_925/CO[3]
                         net (fo=1, routed)           0.000    38.866    CPU_U/ALU_0/mem_reg[0][31]_i_925_n_0
    SLICE_X37Y56         CARRY4 (Prop_carry4_CI_CO[3])
                                                      0.114    38.980 r  CPU_U/ALU_0/mem_reg[0][31]_i_920/CO[3]
                         net (fo=1, routed)           0.000    38.980    CPU_U/ALU_0/mem_reg[0][31]_i_920_n_0
    SLICE_X37Y57         CARRY4 (Prop_carry4_CI_CO[3])
                                                      0.114    39.094 r  CPU_U/ALU_0/mem_reg[0][31]_i_915/CO[3]
                         net (fo=1, routed)           0.000    39.094    CPU_U/ALU_0/mem_reg[0][31]_i_915_n_0
    SLICE_X37Y58         CARRY4 (Prop_carry4_CI_CO[3])
                                                      0.114    39.208 r  CPU_U/ALU_0/mem_reg[0][31]_i_910/CO[3]
                         net (fo=1, routed)           0.000    39.208    CPU_U/ALU_0/mem_reg[0][31]_i_910_n_0
    SLICE_X37Y59         CARRY4 (Prop_carry4_CI_CO[3])
                                                      0.114    39.322 r  CPU_U/ALU_0/mem_reg[0][31]_i_905/CO[3]
                         net (fo=1, routed)           0.000    39.322    CPU_U/ALU_0/mem_reg[0][31]_i_905_n_0
    SLICE_X37Y60         CARRY4 (Prop_carry4_CI_CO[3])
                                                      0.114    39.436 r  CPU_U/ALU_0/mem_reg[0][31]_i_900/CO[3]
                         net (fo=1, routed)           0.000    39.436    CPU_U/ALU_0/mem_reg[0][31]_i_900_n_0
    SLICE_X37Y61         CARRY4 (Prop_carry4_CI_CO[3])
                                                      0.114    39.550 r  CPU_U/ALU_0/mem_reg[0][31]_i_897/CO[3]
                         net (fo=1, routed)           0.000    39.550    CPU_U/ALU_0/mem_reg[0][31]_i_897_n_0
    SLICE_X37Y62         CARRY4 (Prop_carry4_CI_CO[1])
                                                      0.157    39.707 r  CPU_U/ALU_0/mem_reg[0][31]_i_896/CO[1]
                         net (fo=35, routed)          2.162    41.869    CPU_U/ALU_0/mem_reg[0][31]_i_896_n_2
    SLICE_X40Y53         LUT3 (Prop_lut3_I0_O)        0.329    42.198 r  CPU_U/ALU_0/mem[0][31]_i_937/O
                         net (fo=1, routed)           0.000    42.198    CPU_U/ALU_0/mem[0][31]_i_937_n_0
    SLICE_X40Y53         CARRY4 (Prop_carry4_S[1]_CO[3])
                                                      0.550    42.748 r  CPU_U/ALU_0/mem_reg[0][31]_i_888/CO[3]
                         net (fo=1, routed)           0.000    42.748    CPU_U/ALU_0/mem_reg[0][31]_i_888_n_0
    SLICE_X40Y54         CARRY4 (Prop_carry4_CI_CO[3])
                                                      0.114    42.862 r  CPU_U/ALU_0/mem_reg[0][31]_i_883/CO[3]
                         net (fo=1, routed)           0.000    42.862    CPU_U/ALU_0/mem_reg[0][31]_i_883_n_0
    SLICE_X40Y55         CARRY4 (Prop_carry4_CI_CO[3])
                                                      0.114    42.976 r  CPU_U/ALU_0/mem_reg[0][31]_i_878/CO[3]
                         net (fo=1, routed)           0.000    42.976    CPU_U/ALU_0/mem_reg[0][31]_i_878_n_0
    SLICE_X40Y56         CARRY4 (Prop_carry4_CI_CO[3])
                                                      0.114    43.090 r  CPU_U/ALU_0/mem_reg[0][31]_i_873/CO[3]
                         net (fo=1, routed)           0.000    43.090    CPU_U/ALU_0/mem_reg[0][31]_i_873_n_0
    SLICE_X40Y57         CARRY4 (Prop_carry4_CI_CO[3])
                                                      0.114    43.204 r  CPU_U/ALU_0/mem_reg[0][31]_i_868/CO[3]
                         net (fo=1, routed)           0.000    43.204    CPU_U/ALU_0/mem_reg[0][31]_i_868_n_0
    SLICE_X40Y58         CARRY4 (Prop_carry4_CI_CO[3])
                                                      0.114    43.318 r  CPU_U/ALU_0/mem_reg[0][31]_i_863/CO[3]
                         net (fo=1, routed)           0.000    43.318    CPU_U/ALU_0/mem_reg[0][31]_i_863_n_0
    SLICE_X40Y59         CARRY4 (Prop_carry4_CI_CO[3])
                                                      0.114    43.432 r  CPU_U/ALU_0/mem_reg[0][31]_i_858/CO[3]
                         net (fo=1, routed)           0.000    43.432    CPU_U/ALU_0/mem_reg[0][31]_i_858_n_0
    SLICE_X40Y60         CARRY4 (Prop_carry4_CI_CO[3])
                                                      0.114    43.546 r  CPU_U/ALU_0/mem_reg[0][31]_i_855/CO[3]
                         net (fo=1, routed)           0.000    43.546    CPU_U/ALU_0/mem_reg[0][31]_i_855_n_0
    SLICE_X40Y61         CARRY4 (Prop_carry4_CI_CO[1])
                                                      0.157    43.703 r  CPU_U/ALU_0/mem_reg[0][31]_i_854/CO[1]
                         net (fo=35, routed)          2.230    45.933    CPU_U/ALU_0/mem_reg[0][31]_i_854_n_2
    SLICE_X41Y52         LUT3 (Prop_lut3_I0_O)        0.329    46.262 r  CPU_U/ALU_0/mem[0][31]_i_895/O
                         net (fo=1, routed)           0.000    46.262    CPU_U/ALU_0/mem[0][31]_i_895_n_0
    SLICE_X41Y52         CARRY4 (Prop_carry4_S[1]_CO[3])
                                                      0.550    46.812 r  CPU_U/ALU_0/mem_reg[0][31]_i_846/CO[3]
                         net (fo=1, routed)           0.000    46.812    CPU_U/ALU_0/mem_reg[0][31]_i_846_n_0
    SLICE_X41Y53         CARRY4 (Prop_carry4_CI_CO[3])
                                                      0.114    46.926 r  CPU_U/ALU_0/mem_reg[0][31]_i_841/CO[3]
                         net (fo=1, routed)           0.000    46.926    CPU_U/ALU_0/mem_reg[0][31]_i_841_n_0
    SLICE_X41Y54         CARRY4 (Prop_carry4_CI_CO[3])
                                                      0.114    47.040 r  CPU_U/ALU_0/mem_reg[0][31]_i_836/CO[3]
                         net (fo=1, routed)           0.000    47.040    CPU_U/ALU_0/mem_reg[0][31]_i_836_n_0
    SLICE_X41Y55         CARRY4 (Prop_carry4_CI_CO[3])
                                                      0.114    47.154 r  CPU_U/ALU_0/mem_reg[0][31]_i_831/CO[3]
                         net (fo=1, routed)           0.000    47.154    CPU_U/ALU_0/mem_reg[0][31]_i_831_n_0
    SLICE_X41Y56         CARRY4 (Prop_carry4_CI_CO[3])
                                                      0.114    47.268 r  CPU_U/ALU_0/mem_reg[0][31]_i_826/CO[3]
                         net (fo=1, routed)           0.000    47.268    CPU_U/ALU_0/mem_reg[0][31]_i_826_n_0
    SLICE_X41Y57         CARRY4 (Prop_carry4_CI_CO[3])
                                                      0.114    47.382 r  CPU_U/ALU_0/mem_reg[0][31]_i_821/CO[3]
                         net (fo=1, routed)           0.000    47.382    CPU_U/ALU_0/mem_reg[0][31]_i_821_n_0
    SLICE_X41Y58         CARRY4 (Prop_carry4_CI_CO[3])
                                                      0.114    47.496 r  CPU_U/ALU_0/mem_reg[0][31]_i_816/CO[3]
                         net (fo=1, routed)           0.000    47.496    CPU_U/ALU_0/mem_reg[0][31]_i_816_n_0
    SLICE_X41Y59         CARRY4 (Prop_carry4_CI_CO[3])
                                                      0.114    47.610 r  CPU_U/ALU_0/mem_reg[0][31]_i_813/CO[3]
                         net (fo=1, routed)           0.000    47.610    CPU_U/ALU_0/mem_reg[0][31]_i_813_n_0
    SLICE_X41Y60         CARRY4 (Prop_carry4_CI_CO[1])
                                                      0.157    47.767 r  CPU_U/ALU_0/mem_reg[0][31]_i_812/CO[1]
                         net (fo=35, routed)          2.210    49.976    CPU_U/ALU_0/mem_reg[0][31]_i_812_n_2
    SLICE_X43Y51         LUT3 (Prop_lut3_I0_O)        0.329    50.305 r  CPU_U/ALU_0/mem[0][31]_i_853/O
                         net (fo=1, routed)           0.000    50.305    CPU_U/ALU_0/mem[0][31]_i_853_n_0
    SLICE_X43Y51         CARRY4 (Prop_carry4_S[1]_CO[3])
                                                      0.550    50.855 r  CPU_U/ALU_0/mem_reg[0][31]_i_804/CO[3]
                         net (fo=1, routed)           0.000    50.855    CPU_U/ALU_0/mem_reg[0][31]_i_804_n_0
    SLICE_X43Y52         CARRY4 (Prop_carry4_CI_CO[3])
                                                      0.114    50.969 r  CPU_U/ALU_0/mem_reg[0][31]_i_799/CO[3]
                         net (fo=1, routed)           0.000    50.969    CPU_U/ALU_0/mem_reg[0][31]_i_799_n_0
    SLICE_X43Y53         CARRY4 (Prop_carry4_CI_CO[3])
                                                      0.114    51.083 r  CPU_U/ALU_0/mem_reg[0][31]_i_794/CO[3]
                         net (fo=1, routed)           0.000    51.083    CPU_U/ALU_0/mem_reg[0][31]_i_794_n_0
    SLICE_X43Y54         CARRY4 (Prop_carry4_CI_CO[3])
                                                      0.114    51.197 r  CPU_U/ALU_0/mem_reg[0][31]_i_789/CO[3]
                         net (fo=1, routed)           0.000    51.197    CPU_U/ALU_0/mem_reg[0][31]_i_789_n_0
    SLICE_X43Y55         CARRY4 (Prop_carry4_CI_CO[3])
                                                      0.114    51.311 r  CPU_U/ALU_0/mem_reg[0][31]_i_784/CO[3]
                         net (fo=1, routed)           0.000    51.311    CPU_U/ALU_0/mem_reg[0][31]_i_784_n_0
    SLICE_X43Y56         CARRY4 (Prop_carry4_CI_CO[3])
                                                      0.114    51.425 r  CPU_U/ALU_0/mem_reg[0][31]_i_779/CO[3]
                         net (fo=1, routed)           0.000    51.425    CPU_U/ALU_0/mem_reg[0][31]_i_779_n_0
    SLICE_X43Y57         CARRY4 (Prop_carry4_CI_CO[3])
                                                      0.114    51.539 r  CPU_U/ALU_0/mem_reg[0][31]_i_774/CO[3]
                         net (fo=1, routed)           0.000    51.539    CPU_U/ALU_0/mem_reg[0][31]_i_774_n_0
    SLICE_X43Y58         CARRY4 (Prop_carry4_CI_CO[3])
                                                      0.114    51.653 r  CPU_U/ALU_0/mem_reg[0][31]_i_771/CO[3]
                         net (fo=1, routed)           0.000    51.653    CPU_U/ALU_0/mem_reg[0][31]_i_771_n_0
    SLICE_X43Y59         CARRY4 (Prop_carry4_CI_CO[1])
                                                      0.157    51.810 r  CPU_U/ALU_0/mem_reg[0][31]_i_770/CO[1]
                         net (fo=35, routed)          1.815    53.626    CPU_U/ALU_0/mem_reg[0][31]_i_770_n_2
    SLICE_X45Y51         CARRY4 (Prop_carry4_CYINIT_CO[3])
                                                      0.785    54.411 r  CPU_U/ALU_0/mem_reg[0][31]_i_762/CO[3]
                         net (fo=1, routed)           0.000    54.411    CPU_U/ALU_0/mem_reg[0][31]_i_762_n_0
    SLICE_X45Y52         CARRY4 (Prop_carry4_CI_CO[3])
                                                      0.114    54.525 r  CPU_U/ALU_0/mem_reg[0][31]_i_757/CO[3]
                         net (fo=1, routed)           0.000    54.525    CPU_U/ALU_0/mem_reg[0][31]_i_757_n_0
    SLICE_X45Y53         CARRY4 (Prop_carry4_CI_CO[3])
                                                      0.114    54.639 r  CPU_U/ALU_0/mem_reg[0][31]_i_752/CO[3]
                         net (fo=1, routed)           0.000    54.639    CPU_U/ALU_0/mem_reg[0][31]_i_752_n_0
    SLICE_X45Y54         CARRY4 (Prop_carry4_CI_CO[3])
                                                      0.114    54.753 r  CPU_U/ALU_0/mem_reg[0][31]_i_747/CO[3]
                         net (fo=1, routed)           0.000    54.753    CPU_U/ALU_0/mem_reg[0][31]_i_747_n_0
    SLICE_X45Y55         CARRY4 (Prop_carry4_CI_CO[3])
                                                      0.114    54.867 r  CPU_U/ALU_0/mem_reg[0][31]_i_742/CO[3]
                         net (fo=1, routed)           0.000    54.867    CPU_U/ALU_0/mem_reg[0][31]_i_742_n_0
    SLICE_X45Y56         CARRY4 (Prop_carry4_CI_CO[3])
                                                      0.114    54.981 r  CPU_U/ALU_0/mem_reg[0][31]_i_737/CO[3]
                         net (fo=1, routed)           0.000    54.981    CPU_U/ALU_0/mem_reg[0][31]_i_737_n_0
    SLICE_X45Y57         CARRY4 (Prop_carry4_CI_CO[3])
                                                      0.114    55.095 r  CPU_U/ALU_0/mem_reg[0][31]_i_732/CO[3]
                         net (fo=1, routed)           0.000    55.095    CPU_U/ALU_0/mem_reg[0][31]_i_732_n_0
    SLICE_X45Y58         CARRY4 (Prop_carry4_CI_CO[3])
                                                      0.114    55.209 r  CPU_U/ALU_0/mem_reg[0][31]_i_729/CO[3]
                         net (fo=1, routed)           0.000    55.209    CPU_U/ALU_0/mem_reg[0][31]_i_729_n_0
    SLICE_X45Y59         CARRY4 (Prop_carry4_CI_CO[1])
                                                      0.157    55.366 r  CPU_U/ALU_0/mem_reg[0][31]_i_728/CO[1]
                         net (fo=35, routed)          2.297    57.663    CPU_U/ALU_0/mem_reg[0][31]_i_728_n_2
    SLICE_X49Y51         LUT3 (Prop_lut3_I0_O)        0.329    57.992 r  CPU_U/ALU_0/mem[0][31]_i_769/O
                         net (fo=1, routed)           0.000    57.992    CPU_U/ALU_0/mem[0][31]_i_769_n_0
    SLICE_X49Y51         CARRY4 (Prop_carry4_S[1]_CO[3])
                                                      0.550    58.542 r  CPU_U/ALU_0/mem_reg[0][31]_i_720/CO[3]
                         net (fo=1, routed)           0.000    58.542    CPU_U/ALU_0/mem_reg[0][31]_i_720_n_0
    SLICE_X49Y52         CARRY4 (Prop_carry4_CI_CO[3])
                                                      0.114    58.656 r  CPU_U/ALU_0/mem_reg[0][31]_i_715/CO[3]
                         net (fo=1, routed)           0.000    58.656    CPU_U/ALU_0/mem_reg[0][31]_i_715_n_0
    SLICE_X49Y53         CARRY4 (Prop_carry4_CI_CO[3])
                                                      0.114    58.770 r  CPU_U/ALU_0/mem_reg[0][31]_i_710/CO[3]
                         net (fo=1, routed)           0.000    58.770    CPU_U/ALU_0/mem_reg[0][31]_i_710_n_0
    SLICE_X49Y54         CARRY4 (Prop_carry4_CI_CO[3])
                                                      0.114    58.884 r  CPU_U/ALU_0/mem_reg[0][31]_i_705/CO[3]
                         net (fo=1, routed)           0.000    58.884    CPU_U/ALU_0/mem_reg[0][31]_i_705_n_0
    SLICE_X49Y55         CARRY4 (Prop_carry4_CI_CO[3])
                                                      0.114    58.998 r  CPU_U/ALU_0/mem_reg[0][31]_i_700/CO[3]
                         net (fo=1, routed)           0.000    58.998    CPU_U/ALU_0/mem_reg[0][31]_i_700_n_0
    SLICE_X49Y56         CARRY4 (Prop_carry4_CI_CO[3])
                                                      0.114    59.112 r  CPU_U/ALU_0/mem_reg[0][31]_i_695/CO[3]
                         net (fo=1, routed)           0.000    59.112    CPU_U/ALU_0/mem_reg[0][31]_i_695_n_0
    SLICE_X49Y57         CARRY4 (Prop_carry4_CI_CO[3])
                                                      0.114    59.226 r  CPU_U/ALU_0/mem_reg[0][31]_i_690/CO[3]
                         net (fo=1, routed)           0.000    59.226    CPU_U/ALU_0/mem_reg[0][31]_i_690_n_0
    SLICE_X49Y58         CARRY4 (Prop_carry4_CI_CO[3])
                                                      0.114    59.340 r  CPU_U/ALU_0/mem_reg[0][31]_i_687/CO[3]
                         net (fo=1, routed)           0.000    59.340    CPU_U/ALU_0/mem_reg[0][31]_i_687_n_0
    SLICE_X49Y59         CARRY4 (Prop_carry4_CI_CO[1])
                                                      0.157    59.497 r  CPU_U/ALU_0/mem_reg[0][31]_i_686/CO[1]
                         net (fo=35, routed)          2.043    61.540    CPU_U/ALU_0/mem_reg[0][31]_i_686_n_2
    SLICE_X53Y51         LUT3 (Prop_lut3_I0_O)        0.329    61.869 r  CPU_U/ALU_0/mem[0][31]_i_725/O
                         net (fo=1, routed)           0.000    61.869    CPU_U/ALU_0/mem[0][31]_i_725_n_0
    SLICE_X53Y51         CARRY4 (Prop_carry4_S[3]_CO[3])
                                                      0.401    62.270 r  CPU_U/ALU_0/mem_reg[0][31]_i_678/CO[3]
                         net (fo=1, routed)           0.000    62.270    CPU_U/ALU_0/mem_reg[0][31]_i_678_n_0
    SLICE_X53Y52         CARRY4 (Prop_carry4_CI_CO[3])
                                                      0.114    62.384 r  CPU_U/ALU_0/mem_reg[0][31]_i_673/CO[3]
                         net (fo=1, routed)           0.000    62.384    CPU_U/ALU_0/mem_reg[0][31]_i_673_n_0
    SLICE_X53Y53         CARRY4 (Prop_carry4_CI_CO[3])
                                                      0.114    62.498 r  CPU_U/ALU_0/mem_reg[0][31]_i_668/CO[3]
                         net (fo=1, routed)           0.000    62.498    CPU_U/ALU_0/mem_reg[0][31]_i_668_n_0
    SLICE_X53Y54         CARRY4 (Prop_carry4_CI_CO[3])
                                                      0.114    62.612 r  CPU_U/ALU_0/mem_reg[0][31]_i_663/CO[3]
                         net (fo=1, routed)           0.000    62.612    CPU_U/ALU_0/mem_reg[0][31]_i_663_n_0
    SLICE_X53Y55         CARRY4 (Prop_carry4_CI_CO[3])
                                                      0.114    62.726 r  CPU_U/ALU_0/mem_reg[0][31]_i_658/CO[3]
                         net (fo=1, routed)           0.000    62.726    CPU_U/ALU_0/mem_reg[0][31]_i_658_n_0
    SLICE_X53Y56         CARRY4 (Prop_carry4_CI_CO[3])
                                                      0.114    62.840 r  CPU_U/ALU_0/mem_reg[0][31]_i_653/CO[3]
                         net (fo=1, routed)           0.000    62.840    CPU_U/ALU_0/mem_reg[0][31]_i_653_n_0
    SLICE_X53Y57         CARRY4 (Prop_carry4_CI_CO[3])
                                                      0.114    62.954 r  CPU_U/ALU_0/mem_reg[0][31]_i_648/CO[3]
                         net (fo=1, routed)           0.000    62.954    CPU_U/ALU_0/mem_reg[0][31]_i_648_n_0
    SLICE_X53Y58         CARRY4 (Prop_carry4_CI_CO[3])
                                                      0.114    63.068 r  CPU_U/ALU_0/mem_reg[0][31]_i_645/CO[3]
                         net (fo=1, routed)           0.000    63.068    CPU_U/ALU_0/mem_reg[0][31]_i_645_n_0
    SLICE_X53Y59         CARRY4 (Prop_carry4_CI_CO[1])
                                                      0.157    63.225 r  CPU_U/ALU_0/mem_reg[0][31]_i_644/CO[1]
                         net (fo=35, routed)          2.056    65.281    CPU_U/ALU_0/mem_reg[0][31]_i_644_n_2
    SLICE_X54Y51         LUT3 (Prop_lut3_I0_O)        0.329    65.610 r  CPU_U/ALU_0/mem[0][31]_i_682/O
                         net (fo=1, routed)           0.000    65.610    CPU_U/ALU_0/mem[0][31]_i_682_n_0
    SLICE_X54Y51         CARRY4 (Prop_carry4_S[0]_CO[3])
                                                      0.513    66.123 r  CPU_U/ALU_0/mem_reg[0][31]_i_631/CO[3]
                         net (fo=1, routed)           0.000    66.123    CPU_U/ALU_0/mem_reg[0][31]_i_631_n_0
    SLICE_X54Y52         CARRY4 (Prop_carry4_CI_CO[3])
                                                      0.117    66.240 r  CPU_U/ALU_0/mem_reg[0][31]_i_626/CO[3]
                         net (fo=1, routed)           0.000    66.240    CPU_U/ALU_0/mem_reg[0][31]_i_626_n_0
    SLICE_X54Y53         CARRY4 (Prop_carry4_CI_CO[3])
                                                      0.117    66.357 r  CPU_U/ALU_0/mem_reg[0][31]_i_621/CO[3]
                         net (fo=1, routed)           0.000    66.357    CPU_U/ALU_0/mem_reg[0][31]_i_621_n_0
    SLICE_X54Y54         CARRY4 (Prop_carry4_CI_CO[3])
                                                      0.117    66.474 r  CPU_U/ALU_0/mem_reg[0][31]_i_616/CO[3]
                         net (fo=1, routed)           0.000    66.474    CPU_U/ALU_0/mem_reg[0][31]_i_616_n_0
    SLICE_X54Y55         CARRY4 (Prop_carry4_CI_CO[3])
                                                      0.117    66.591 r  CPU_U/ALU_0/mem_reg[0][31]_i_611/CO[3]
                         net (fo=1, routed)           0.000    66.591    CPU_U/ALU_0/mem_reg[0][31]_i_611_n_0
    SLICE_X54Y56         CARRY4 (Prop_carry4_CI_CO[3])
                                                      0.117    66.708 r  CPU_U/ALU_0/mem_reg[0][31]_i_606/CO[3]
                         net (fo=1, routed)           0.000    66.708    CPU_U/ALU_0/mem_reg[0][31]_i_606_n_0
    SLICE_X54Y57         CARRY4 (Prop_carry4_CI_CO[3])
                                                      0.117    66.825 r  CPU_U/ALU_0/mem_reg[0][31]_i_603/CO[3]
                         net (fo=1, routed)           0.000    66.825    CPU_U/ALU_0/mem_reg[0][31]_i_603_n_0
    SLICE_X54Y58         CARRY4 (Prop_carry4_CI_CO[1])
                                                      0.157    66.982 r  CPU_U/ALU_0/mem_reg[0][31]_i_602/CO[1]
                         net (fo=35, routed)          1.961    68.944    CPU_U/ALU_0/mem_reg[0][31]_i_602_n_2
    SLICE_X55Y49         LUT3 (Prop_lut3_I0_O)        0.332    69.276 r  CPU_U/ALU_0/mem[0][31]_i_641/O
                         net (fo=1, routed)           0.000    69.276    CPU_U/ALU_0/mem[0][31]_i_641_n_0
    SLICE_X55Y49         CARRY4 (Prop_carry4_S[3]_CO[3])
                                                      0.401    69.677 r  CPU_U/ALU_0/mem_reg[0][31]_i_594/CO[3]
                         net (fo=1, routed)           0.001    69.677    CPU_U/ALU_0/mem_reg[0][31]_i_594_n_0
    SLICE_X55Y50         CARRY4 (Prop_carry4_CI_CO[3])
                                                      0.114    69.791 r  CPU_U/ALU_0/mem_reg[0][31]_i_589/CO[3]
                         net (fo=1, routed)           0.000    69.791    CPU_U/ALU_0/mem_reg[0][31]_i_589_n_0
    SLICE_X55Y51         CARRY4 (Prop_carry4_CI_CO[3])
                                                      0.114    69.905 r  CPU_U/ALU_0/mem_reg[0][31]_i_584/CO[3]
                         net (fo=1, routed)           0.000    69.905    CPU_U/ALU_0/mem_reg[0][31]_i_584_n_0
    SLICE_X55Y52         CARRY4 (Prop_carry4_CI_CO[3])
                                                      0.114    70.019 r  CPU_U/ALU_0/mem_reg[0][31]_i_579/CO[3]
                         net (fo=1, routed)           0.000    70.019    CPU_U/ALU_0/mem_reg[0][31]_i_579_n_0
    SLICE_X55Y53         CARRY4 (Prop_carry4_CI_CO[3])
                                                      0.114    70.133 r  CPU_U/ALU_0/mem_reg[0][31]_i_574/CO[3]
                         net (fo=1, routed)           0.000    70.133    CPU_U/ALU_0/mem_reg[0][31]_i_574_n_0
    SLICE_X55Y54         CARRY4 (Prop_carry4_CI_CO[3])
                                                      0.114    70.247 r  CPU_U/ALU_0/mem_reg[0][31]_i_569/CO[3]
                         net (fo=1, routed)           0.000    70.247    CPU_U/ALU_0/mem_reg[0][31]_i_569_n_0
    SLICE_X55Y55         CARRY4 (Prop_carry4_CI_CO[3])
                                                      0.114    70.361 r  CPU_U/ALU_0/mem_reg[0][31]_i_564/CO[3]
                         net (fo=1, routed)           0.000    70.361    CPU_U/ALU_0/mem_reg[0][31]_i_564_n_0
    SLICE_X55Y56         CARRY4 (Prop_carry4_CI_CO[3])
                                                      0.114    70.475 r  CPU_U/ALU_0/mem_reg[0][31]_i_561/CO[3]
                         net (fo=1, routed)           0.000    70.475    CPU_U/ALU_0/mem_reg[0][31]_i_561_n_0
    SLICE_X55Y57         CARRY4 (Prop_carry4_CI_CO[1])
                                                      0.157    70.632 r  CPU_U/ALU_0/mem_reg[0][31]_i_560/CO[1]
                         net (fo=35, routed)          2.116    72.748    CPU_U/ALU_0/mem_reg[0][31]_i_560_n_2
    SLICE_X48Y48         LUT3 (Prop_lut3_I0_O)        0.329    73.077 r  CPU_U/ALU_0/mem[0][31]_i_601/O
                         net (fo=1, routed)           0.000    73.077    CPU_U/ALU_0/mem[0][31]_i_601_n_0
    SLICE_X48Y48         CARRY4 (Prop_carry4_S[1]_CO[3])
                                                      0.550    73.627 r  CPU_U/ALU_0/mem_reg[0][31]_i_552/CO[3]
                         net (fo=1, routed)           0.000    73.627    CPU_U/ALU_0/mem_reg[0][31]_i_552_n_0
    SLICE_X48Y49         CARRY4 (Prop_carry4_CI_CO[3])
                                                      0.114    73.741 r  CPU_U/ALU_0/mem_reg[0][31]_i_547/CO[3]
                         net (fo=1, routed)           0.001    73.742    CPU_U/ALU_0/mem_reg[0][31]_i_547_n_0
    SLICE_X48Y50         CARRY4 (Prop_carry4_CI_CO[3])
                                                      0.114    73.856 r  CPU_U/ALU_0/mem_reg[0][31]_i_542/CO[3]
                         net (fo=1, routed)           0.000    73.856    CPU_U/ALU_0/mem_reg[0][31]_i_542_n_0
    SLICE_X48Y51         CARRY4 (Prop_carry4_CI_CO[3])
                                                      0.114    73.970 r  CPU_U/ALU_0/mem_reg[0][31]_i_537/CO[3]
                         net (fo=1, routed)           0.000    73.970    CPU_U/ALU_0/mem_reg[0][31]_i_537_n_0
    SLICE_X48Y52         CARRY4 (Prop_carry4_CI_CO[3])
                                                      0.114    74.084 r  CPU_U/ALU_0/mem_reg[0][31]_i_532/CO[3]
                         net (fo=1, routed)           0.000    74.084    CPU_U/ALU_0/mem_reg[0][31]_i_532_n_0
    SLICE_X48Y53         CARRY4 (Prop_carry4_CI_CO[3])
                                                      0.114    74.198 r  CPU_U/ALU_0/mem_reg[0][31]_i_527/CO[3]
                         net (fo=1, routed)           0.000    74.198    CPU_U/ALU_0/mem_reg[0][31]_i_527_n_0
    SLICE_X48Y54         CARRY4 (Prop_carry4_CI_CO[3])
                                                      0.114    74.312 r  CPU_U/ALU_0/mem_reg[0][31]_i_522/CO[3]
                         net (fo=1, routed)           0.000    74.312    CPU_U/ALU_0/mem_reg[0][31]_i_522_n_0
    SLICE_X48Y55         CARRY4 (Prop_carry4_CI_CO[3])
                                                      0.114    74.426 r  CPU_U/ALU_0/mem_reg[0][31]_i_519/CO[3]
                         net (fo=1, routed)           0.000    74.426    CPU_U/ALU_0/mem_reg[0][31]_i_519_n_0
    SLICE_X48Y56         CARRY4 (Prop_carry4_CI_CO[1])
                                                      0.157    74.583 r  CPU_U/ALU_0/mem_reg[0][31]_i_518/CO[1]
                         net (fo=35, routed)          1.640    76.223    CPU_U/ALU_0/mem_reg[0][31]_i_518_n_2
    SLICE_X51Y50         LUT3 (Prop_lut3_I0_O)        0.329    76.552 r  CPU_U/ALU_0/mem[0][31]_i_557/O
                         net (fo=1, routed)           0.000    76.552    CPU_U/ALU_0/mem[0][31]_i_557_n_0
    SLICE_X51Y50         CARRY4 (Prop_carry4_S[3]_CO[3])
                                                      0.401    76.953 r  CPU_U/ALU_0/mem_reg[0][31]_i_510/CO[3]
                         net (fo=1, routed)           0.000    76.953    CPU_U/ALU_0/mem_reg[0][31]_i_510_n_0
    SLICE_X51Y51         CARRY4 (Prop_carry4_CI_CO[3])
                                                      0.114    77.067 r  CPU_U/ALU_0/mem_reg[0][31]_i_505/CO[3]
                         net (fo=1, routed)           0.000    77.067    CPU_U/ALU_0/mem_reg[0][31]_i_505_n_0
    SLICE_X51Y52         CARRY4 (Prop_carry4_CI_CO[3])
                                                      0.114    77.181 r  CPU_U/ALU_0/mem_reg[0][31]_i_500/CO[3]
                         net (fo=1, routed)           0.000    77.181    CPU_U/ALU_0/mem_reg[0][31]_i_500_n_0
    SLICE_X51Y53         CARRY4 (Prop_carry4_CI_CO[3])
                                                      0.114    77.295 r  CPU_U/ALU_0/mem_reg[0][31]_i_495/CO[3]
                         net (fo=1, routed)           0.000    77.295    CPU_U/ALU_0/mem_reg[0][31]_i_495_n_0
    SLICE_X51Y54         CARRY4 (Prop_carry4_CI_CO[3])
                                                      0.114    77.409 r  CPU_U/ALU_0/mem_reg[0][31]_i_490/CO[3]
                         net (fo=1, routed)           0.000    77.409    CPU_U/ALU_0/mem_reg[0][31]_i_490_n_0
    SLICE_X51Y55         CARRY4 (Prop_carry4_CI_CO[3])
                                                      0.114    77.523 r  CPU_U/ALU_0/mem_reg[0][31]_i_485/CO[3]
                         net (fo=1, routed)           0.000    77.523    CPU_U/ALU_0/mem_reg[0][31]_i_485_n_0
    SLICE_X51Y56         CARRY4 (Prop_carry4_CI_CO[3])
                                                      0.114    77.637 r  CPU_U/ALU_0/mem_reg[0][31]_i_480/CO[3]
                         net (fo=1, routed)           0.000    77.637    CPU_U/ALU_0/mem_reg[0][31]_i_480_n_0
    SLICE_X51Y57         CARRY4 (Prop_carry4_CI_CO[3])
                                                      0.114    77.751 r  CPU_U/ALU_0/mem_reg[0][31]_i_477/CO[3]
                         net (fo=1, routed)           0.000    77.751    CPU_U/ALU_0/mem_reg[0][31]_i_477_n_0
    SLICE_X51Y58         CARRY4 (Prop_carry4_CI_CO[1])
                                                      0.157    77.908 r  CPU_U/ALU_0/mem_reg[0][31]_i_476/CO[1]
                         net (fo=35, routed)          2.184    80.092    CPU_U/ALU_0/mem_reg[0][31]_i_476_n_2
    SLICE_X57Y50         LUT3 (Prop_lut3_I0_O)        0.329    80.421 r  CPU_U/ALU_0/mem[0][31]_i_517/O
                         net (fo=1, routed)           0.000    80.421    CPU_U/ALU_0/mem[0][31]_i_517_n_0
    SLICE_X57Y50         CARRY4 (Prop_carry4_S[1]_CO[3])
                                                      0.550    80.971 r  CPU_U/ALU_0/mem_reg[0][31]_i_468/CO[3]
                         net (fo=1, routed)           0.000    80.971    CPU_U/ALU_0/mem_reg[0][31]_i_468_n_0
    SLICE_X57Y51         CARRY4 (Prop_carry4_CI_CO[3])
                                                      0.114    81.085 r  CPU_U/ALU_0/mem_reg[0][31]_i_463/CO[3]
                         net (fo=1, routed)           0.000    81.085    CPU_U/ALU_0/mem_reg[0][31]_i_463_n_0
    SLICE_X57Y52         CARRY4 (Prop_carry4_CI_CO[3])
                                                      0.114    81.199 r  CPU_U/ALU_0/mem_reg[0][31]_i_458/CO[3]
                         net (fo=1, routed)           0.000    81.199    CPU_U/ALU_0/mem_reg[0][31]_i_458_n_0
    SLICE_X57Y53         CARRY4 (Prop_carry4_CI_CO[3])
                                                      0.114    81.313 r  CPU_U/ALU_0/mem_reg[0][31]_i_453/CO[3]
                         net (fo=1, routed)           0.000    81.313    CPU_U/ALU_0/mem_reg[0][31]_i_453_n_0
    SLICE_X57Y54         CARRY4 (Prop_carry4_CI_CO[3])
                                                      0.114    81.427 r  CPU_U/ALU_0/mem_reg[0][31]_i_448/CO[3]
                         net (fo=1, routed)           0.000    81.427    CPU_U/ALU_0/mem_reg[0][31]_i_448_n_0
    SLICE_X57Y55         CARRY4 (Prop_carry4_CI_CO[3])
                                                      0.114    81.541 r  CPU_U/ALU_0/mem_reg[0][31]_i_443/CO[3]
                         net (fo=1, routed)           0.000    81.541    CPU_U/ALU_0/mem_reg[0][31]_i_443_n_0
    SLICE_X57Y56         CARRY4 (Prop_carry4_CI_CO[3])
                                                      0.114    81.655 r  CPU_U/ALU_0/mem_reg[0][31]_i_438/CO[3]
                         net (fo=1, routed)           0.000    81.655    CPU_U/ALU_0/mem_reg[0][31]_i_438_n_0
    SLICE_X57Y57         CARRY4 (Prop_carry4_CI_CO[3])
                                                      0.114    81.769 r  CPU_U/ALU_0/mem_reg[0][31]_i_435/CO[3]
                         net (fo=1, routed)           0.000    81.769    CPU_U/ALU_0/mem_reg[0][31]_i_435_n_0
    SLICE_X57Y58         CARRY4 (Prop_carry4_CI_CO[1])
                                                      0.157    81.926 r  CPU_U/ALU_0/mem_reg[0][31]_i_434/CO[1]
                         net (fo=35, routed)          1.984    83.910    CPU_U/ALU_0/mem_reg[0][31]_i_434_n_2
    SLICE_X58Y50         LUT3 (Prop_lut3_I0_O)        0.329    84.240 r  CPU_U/ALU_0/mem[0][31]_i_475/O
                         net (fo=1, routed)           0.000    84.240    CPU_U/ALU_0/mem[0][31]_i_475_n_0
    SLICE_X58Y50         CARRY4 (Prop_carry4_S[1]_CO[3])
                                                      0.550    84.790 r  CPU_U/ALU_0/mem_reg[0][31]_i_426/CO[3]
                         net (fo=1, routed)           0.000    84.790    CPU_U/ALU_0/mem_reg[0][31]_i_426_n_0
    SLICE_X58Y51         CARRY4 (Prop_carry4_CI_CO[3])
                                                      0.114    84.904 r  CPU_U/ALU_0/mem_reg[0][31]_i_421/CO[3]
                         net (fo=1, routed)           0.000    84.904    CPU_U/ALU_0/mem_reg[0][31]_i_421_n_0
    SLICE_X58Y52         CARRY4 (Prop_carry4_CI_CO[3])
                                                      0.114    85.018 r  CPU_U/ALU_0/mem_reg[0][31]_i_416/CO[3]
                         net (fo=1, routed)           0.000    85.018    CPU_U/ALU_0/mem_reg[0][31]_i_416_n_0
    SLICE_X58Y53         CARRY4 (Prop_carry4_CI_CO[3])
                                                      0.114    85.132 r  CPU_U/ALU_0/mem_reg[0][31]_i_411/CO[3]
                         net (fo=1, routed)           0.000    85.132    CPU_U/ALU_0/mem_reg[0][31]_i_411_n_0
    SLICE_X58Y54         CARRY4 (Prop_carry4_CI_CO[3])
                                                      0.114    85.245 r  CPU_U/ALU_0/mem_reg[0][31]_i_406/CO[3]
                         net (fo=1, routed)           0.000    85.245    CPU_U/ALU_0/mem_reg[0][31]_i_406_n_0
    SLICE_X58Y55         CARRY4 (Prop_carry4_CI_CO[3])
                                                      0.114    85.359 r  CPU_U/ALU_0/mem_reg[0][31]_i_401/CO[3]
                         net (fo=1, routed)           0.000    85.359    CPU_U/ALU_0/mem_reg[0][31]_i_401_n_0
    SLICE_X58Y56         CARRY4 (Prop_carry4_CI_CO[3])
                                                      0.114    85.473 r  CPU_U/ALU_0/mem_reg[0][31]_i_396/CO[3]
                         net (fo=1, routed)           0.000    85.473    CPU_U/ALU_0/mem_reg[0][31]_i_396_n_0
    SLICE_X58Y57         CARRY4 (Prop_carry4_CI_CO[3])
                                                      0.114    85.587 r  CPU_U/ALU_0/mem_reg[0][31]_i_393/CO[3]
                         net (fo=1, routed)           0.000    85.587    CPU_U/ALU_0/mem_reg[0][31]_i_393_n_0
    SLICE_X58Y58         CARRY4 (Prop_carry4_CI_CO[1])
                                                      0.157    85.744 r  CPU_U/ALU_0/mem_reg[0][31]_i_392/CO[1]
                         net (fo=35, routed)          2.322    88.066    CPU_U/ALU_0/mem_reg[0][31]_i_392_n_2
    SLICE_X62Y48         LUT3 (Prop_lut3_I0_O)        0.329    88.395 r  CPU_U/ALU_0/mem[0][31]_i_432/O
                         net (fo=1, routed)           0.000    88.395    CPU_U/ALU_0/mem[0][31]_i_432_n_0
    SLICE_X62Y48         CARRY4 (Prop_carry4_S[2]_CO[3])
                                                      0.398    88.793 r  CPU_U/ALU_0/mem_reg[0][31]_i_384/CO[3]
                         net (fo=1, routed)           0.000    88.793    CPU_U/ALU_0/mem_reg[0][31]_i_384_n_0
    SLICE_X62Y49         CARRY4 (Prop_carry4_CI_CO[3])
                                                      0.114    88.907 r  CPU_U/ALU_0/mem_reg[0][31]_i_379/CO[3]
                         net (fo=1, routed)           0.001    88.908    CPU_U/ALU_0/mem_reg[0][31]_i_379_n_0
    SLICE_X62Y50         CARRY4 (Prop_carry4_CI_CO[3])
                                                      0.114    89.022 r  CPU_U/ALU_0/mem_reg[0][31]_i_374/CO[3]
                         net (fo=1, routed)           0.000    89.022    CPU_U/ALU_0/mem_reg[0][31]_i_374_n_0
    SLICE_X62Y51         CARRY4 (Prop_carry4_CI_CO[3])
                                                      0.114    89.136 r  CPU_U/ALU_0/mem_reg[0][31]_i_369/CO[3]
                         net (fo=1, routed)           0.000    89.136    CPU_U/ALU_0/mem_reg[0][31]_i_369_n_0
    SLICE_X62Y52         CARRY4 (Prop_carry4_CI_CO[3])
                                                      0.114    89.250 r  CPU_U/ALU_0/mem_reg[0][31]_i_364/CO[3]
                         net (fo=1, routed)           0.000    89.250    CPU_U/ALU_0/mem_reg[0][31]_i_364_n_0
    SLICE_X62Y53         CARRY4 (Prop_carry4_CI_CO[3])
                                                      0.114    89.364 r  CPU_U/ALU_0/mem_reg[0][31]_i_359/CO[3]
                         net (fo=1, routed)           0.000    89.364    CPU_U/ALU_0/mem_reg[0][31]_i_359_n_0
    SLICE_X62Y54         CARRY4 (Prop_carry4_CI_CO[3])
                                                      0.114    89.478 r  CPU_U/ALU_0/mem_reg[0][31]_i_354/CO[3]
                         net (fo=1, routed)           0.000    89.478    CPU_U/ALU_0/mem_reg[0][31]_i_354_n_0
    SLICE_X62Y55         CARRY4 (Prop_carry4_CI_CO[3])
                                                      0.114    89.592 r  CPU_U/ALU_0/mem_reg[0][31]_i_351/CO[3]
                         net (fo=1, routed)           0.000    89.592    CPU_U/ALU_0/mem_reg[0][31]_i_351_n_0
    SLICE_X62Y56         CARRY4 (Prop_carry4_CI_CO[1])
                                                      0.157    89.749 r  CPU_U/ALU_0/mem_reg[0][31]_i_350/CO[1]
                         net (fo=35, routed)          2.219    91.967    CPU_U/ALU_0/mem_reg[0][31]_i_350_n_2
    SLICE_X59Y48         LUT3 (Prop_lut3_I0_O)        0.329    92.296 r  CPU_U/ALU_0/mem[0][31]_i_389/O
                         net (fo=1, routed)           0.000    92.296    CPU_U/ALU_0/mem[0][31]_i_389_n_0
    SLICE_X59Y48         CARRY4 (Prop_carry4_S[3]_CO[3])
                                                      0.401    92.697 r  CPU_U/ALU_0/mem_reg[0][31]_i_342/CO[3]
                         net (fo=1, routed)           0.000    92.697    CPU_U/ALU_0/mem_reg[0][31]_i_342_n_0
    SLICE_X59Y49         CARRY4 (Prop_carry4_CI_CO[3])
                                                      0.114    92.811 r  CPU_U/ALU_0/mem_reg[0][31]_i_337/CO[3]
                         net (fo=1, routed)           0.001    92.812    CPU_U/ALU_0/mem_reg[0][31]_i_337_n_0
    SLICE_X59Y50         CARRY4 (Prop_carry4_CI_CO[3])
                                                      0.114    92.926 r  CPU_U/ALU_0/mem_reg[0][31]_i_332/CO[3]
                         net (fo=1, routed)           0.000    92.926    CPU_U/ALU_0/mem_reg[0][31]_i_332_n_0
    SLICE_X59Y51         CARRY4 (Prop_carry4_CI_CO[3])
                                                      0.114    93.040 r  CPU_U/ALU_0/mem_reg[0][31]_i_327/CO[3]
                         net (fo=1, routed)           0.000    93.040    CPU_U/ALU_0/mem_reg[0][31]_i_327_n_0
    SLICE_X59Y52         CARRY4 (Prop_carry4_CI_CO[3])
                                                      0.114    93.154 r  CPU_U/ALU_0/mem_reg[0][31]_i_322/CO[3]
                         net (fo=1, routed)           0.000    93.154    CPU_U/ALU_0/mem_reg[0][31]_i_322_n_0
    SLICE_X59Y53         CARRY4 (Prop_carry4_CI_CO[3])
                                                      0.114    93.268 r  CPU_U/ALU_0/mem_reg[0][31]_i_317/CO[3]
                         net (fo=1, routed)           0.000    93.268    CPU_U/ALU_0/mem_reg[0][31]_i_317_n_0
    SLICE_X59Y54         CARRY4 (Prop_carry4_CI_CO[3])
                                                      0.114    93.382 r  CPU_U/ALU_0/mem_reg[0][31]_i_312/CO[3]
                         net (fo=1, routed)           0.000    93.382    CPU_U/ALU_0/mem_reg[0][31]_i_312_n_0
    SLICE_X59Y55         CARRY4 (Prop_carry4_CI_CO[3])
                                                      0.114    93.496 r  CPU_U/ALU_0/mem_reg[0][31]_i_309/CO[3]
                         net (fo=1, routed)           0.000    93.496    CPU_U/ALU_0/mem_reg[0][31]_i_309_n_0
    SLICE_X59Y56         CARRY4 (Prop_carry4_CI_CO[1])
                                                      0.157    93.653 r  CPU_U/ALU_0/mem_reg[0][31]_i_308/CO[1]
                         net (fo=35, routed)          2.466    96.120    CPU_U/ALU_0/mem_reg[0][31]_i_308_n_2
    SLICE_X61Y48         LUT3 (Prop_lut3_I0_O)        0.329    96.449 r  CPU_U/ALU_0/mem[0][31]_i_345/O
                         net (fo=1, routed)           0.000    96.449    CPU_U/ALU_0/mem[0][31]_i_345_n_0
    SLICE_X61Y48         CARRY4 (Prop_carry4_S[1]_CO[3])
                                                      0.550    96.999 r  CPU_U/ALU_0/mem_reg[0][31]_i_294/CO[3]
                         net (fo=1, routed)           0.000    96.999    CPU_U/ALU_0/mem_reg[0][31]_i_294_n_0
    SLICE_X61Y49         CARRY4 (Prop_carry4_CI_CO[3])
                                                      0.114    97.113 r  CPU_U/ALU_0/mem_reg[0][31]_i_289/CO[3]
                         net (fo=1, routed)           0.001    97.113    CPU_U/ALU_0/mem_reg[0][31]_i_289_n_0
    SLICE_X61Y50         CARRY4 (Prop_carry4_CI_CO[3])
                                                      0.114    97.227 r  CPU_U/ALU_0/mem_reg[0][31]_i_284/CO[3]
                         net (fo=1, routed)           0.000    97.227    CPU_U/ALU_0/mem_reg[0][31]_i_284_n_0
    SLICE_X61Y51         CARRY4 (Prop_carry4_CI_CO[3])
                                                      0.114    97.341 r  CPU_U/ALU_0/mem_reg[0][31]_i_279/CO[3]
                         net (fo=1, routed)           0.000    97.341    CPU_U/ALU_0/mem_reg[0][31]_i_279_n_0
    SLICE_X61Y52         CARRY4 (Prop_carry4_CI_CO[3])
                                                      0.114    97.455 r  CPU_U/ALU_0/mem_reg[0][31]_i_274/CO[3]
                         net (fo=1, routed)           0.000    97.455    CPU_U/ALU_0/mem_reg[0][31]_i_274_n_0
    SLICE_X61Y53         CARRY4 (Prop_carry4_CI_CO[3])
                                                      0.114    97.569 r  CPU_U/ALU_0/mem_reg[0][31]_i_269/CO[3]
                         net (fo=1, routed)           0.000    97.569    CPU_U/ALU_0/mem_reg[0][31]_i_269_n_0
    SLICE_X61Y54         CARRY4 (Prop_carry4_CI_CO[3])
                                                      0.114    97.683 r  CPU_U/ALU_0/mem_reg[0][31]_i_266/CO[3]
                         net (fo=1, routed)           0.000    97.683    CPU_U/ALU_0/mem_reg[0][31]_i_266_n_0
    SLICE_X61Y55         CARRY4 (Prop_carry4_CI_CO[1])
                                                      0.157    97.840 r  CPU_U/ALU_0/mem_reg[0][31]_i_265/CO[1]
                         net (fo=35, routed)          2.070    99.910    CPU_U/IDEX_0/CO[0]
    SLICE_X63Y46         LUT3 (Prop_lut3_I0_O)        0.329   100.239 r  CPU_U/IDEX_0/mem[0][31]_i_307/O
                         net (fo=1, routed)           0.000   100.239    CPU_U/ALU_0/mem_reg[0][31]_i_215_1[0]
    SLICE_X63Y46         CARRY4 (Prop_carry4_S[1]_CO[3])
                                                      0.550   100.789 r  CPU_U/ALU_0/mem_reg[0][31]_i_257/CO[3]
                         net (fo=1, routed)           0.000   100.789    CPU_U/ALU_0/mem_reg[0][31]_i_257_n_0
    SLICE_X63Y47         CARRY4 (Prop_carry4_CI_CO[3])
                                                      0.114   100.903 r  CPU_U/ALU_0/mem_reg[0][31]_i_252/CO[3]
                         net (fo=1, routed)           0.000   100.903    CPU_U/ALU_0/mem_reg[0][31]_i_252_n_0
    SLICE_X63Y48         CARRY4 (Prop_carry4_CI_CO[3])
                                                      0.114   101.017 r  CPU_U/ALU_0/mem_reg[0][31]_i_247/CO[3]
                         net (fo=1, routed)           0.000   101.017    CPU_U/ALU_0/mem_reg[0][31]_i_247_n_0
    SLICE_X63Y49         CARRY4 (Prop_carry4_CI_CO[3])
                                                      0.114   101.131 r  CPU_U/ALU_0/mem_reg[0][31]_i_242/CO[3]
                         net (fo=1, routed)           0.001   101.132    CPU_U/ALU_0/mem_reg[0][31]_i_242_n_0
    SLICE_X63Y50         CARRY4 (Prop_carry4_CI_CO[3])
                                                      0.114   101.246 r  CPU_U/ALU_0/mem_reg[0][31]_i_237/CO[3]
                         net (fo=1, routed)           0.000   101.246    CPU_U/ALU_0/mem_reg[0][31]_i_237_n_0
    SLICE_X63Y51         CARRY4 (Prop_carry4_CI_CO[3])
                                                      0.114   101.360 r  CPU_U/ALU_0/mem_reg[0][31]_i_232/CO[3]
                         net (fo=1, routed)           0.000   101.360    CPU_U/ALU_0/mem_reg[0][31]_i_232_n_0
    SLICE_X63Y52         CARRY4 (Prop_carry4_CI_CO[3])
                                                      0.114   101.474 r  CPU_U/ALU_0/mem_reg[0][31]_i_227/CO[3]
                         net (fo=1, routed)           0.000   101.474    CPU_U/ALU_0/mem_reg[0][31]_i_227_n_0
    SLICE_X63Y53         CARRY4 (Prop_carry4_CI_CO[3])
                                                      0.114   101.588 r  CPU_U/ALU_0/mem_reg[0][31]_i_224/CO[3]
                         net (fo=1, routed)           0.000   101.588    CPU_U/ALU_0/mem_reg[0][31]_i_224_n_0
    SLICE_X63Y54         CARRY4 (Prop_carry4_CI_CO[1])
                                                      0.157   101.745 r  CPU_U/ALU_0/mem_reg[0][31]_i_223/CO[1]
                         net (fo=35, routed)          2.448   104.193    CPU_U/ALU_0/mem_reg[0][31]_i_223_n_2
    SLICE_X52Y45         LUT3 (Prop_lut3_I0_O)        0.329   104.522 r  CPU_U/ALU_0/mem[0][31]_i_264/O
                         net (fo=1, routed)           0.000   104.522    CPU_U/ALU_0/mem[0][31]_i_264_n_0
    SLICE_X52Y45         CARRY4 (Prop_carry4_S[1]_CO[3])
                                                      0.533   105.055 r  CPU_U/ALU_0/mem_reg[0][31]_i_215/CO[3]
                         net (fo=1, routed)           0.000   105.055    CPU_U/ALU_0/mem_reg[0][31]_i_215_n_0
    SLICE_X52Y46         CARRY4 (Prop_carry4_CI_CO[3])
                                                      0.117   105.172 r  CPU_U/ALU_0/mem_reg[0][31]_i_210/CO[3]
                         net (fo=1, routed)           0.000   105.172    CPU_U/ALU_0/mem_reg[0][31]_i_210_n_0
    SLICE_X52Y47         CARRY4 (Prop_carry4_CI_CO[3])
                                                      0.117   105.289 r  CPU_U/ALU_0/mem_reg[0][31]_i_205/CO[3]
                         net (fo=1, routed)           0.000   105.289    CPU_U/ALU_0/mem_reg[0][31]_i_205_n_0
    SLICE_X52Y48         CARRY4 (Prop_carry4_CI_CO[3])
                                                      0.117   105.406 r  CPU_U/ALU_0/mem_reg[0][31]_i_200/CO[3]
                         net (fo=1, routed)           0.000   105.406    CPU_U/ALU_0/mem_reg[0][31]_i_200_n_0
    SLICE_X52Y49         CARRY4 (Prop_carry4_CI_CO[3])
                                                      0.117   105.523 r  CPU_U/ALU_0/mem_reg[0][31]_i_195/CO[3]
                         net (fo=1, routed)           0.001   105.524    CPU_U/ALU_0/mem_reg[0][31]_i_195_n_0
    SLICE_X52Y50         CARRY4 (Prop_carry4_CI_CO[3])
                                                      0.117   105.641 r  CPU_U/ALU_0/mem_reg[0][31]_i_190/CO[3]
                         net (fo=1, routed)           0.000   105.641    CPU_U/ALU_0/mem_reg[0][31]_i_190_n_0
    SLICE_X52Y51         CARRY4 (Prop_carry4_CI_CO[3])
                                                      0.117   105.758 r  CPU_U/ALU_0/mem_reg[0][31]_i_185/CO[3]
                         net (fo=1, routed)           0.000   105.758    CPU_U/ALU_0/mem_reg[0][31]_i_185_n_0
    SLICE_X52Y52         CARRY4 (Prop_carry4_CI_CO[3])
                                                      0.117   105.875 r  CPU_U/ALU_0/mem_reg[0][31]_i_182/CO[3]
                         net (fo=1, routed)           0.000   105.875    CPU_U/ALU_0/mem_reg[0][31]_i_182_n_0
    SLICE_X52Y53         CARRY4 (Prop_carry4_CI_CO[1])
                                                      0.157   106.032 r  CPU_U/ALU_0/mem_reg[0][31]_i_181/CO[1]
                         net (fo=35, routed)          2.570   108.602    CPU_U/ALU_0/mem_reg[0][31]_i_181_n_2
    SLICE_X53Y42         LUT3 (Prop_lut3_I0_O)        0.332   108.934 r  CPU_U/ALU_0/mem[0][31]_i_222/O
                         net (fo=1, routed)           0.000   108.934    CPU_U/ALU_0/mem[0][31]_i_222_n_0
    SLICE_X53Y42         CARRY4 (Prop_carry4_S[1]_CO[3])
                                                      0.550   109.484 r  CPU_U/ALU_0/mem_reg[0][31]_i_176/CO[3]
                         net (fo=1, routed)           0.000   109.484    CPU_U/ALU_0/mem_reg[0][31]_i_176_n_0
    SLICE_X53Y43         CARRY4 (Prop_carry4_CI_CO[3])
                                                      0.114   109.598 r  CPU_U/ALU_0/mem_reg[0][31]_i_171/CO[3]
                         net (fo=1, routed)           0.000   109.598    CPU_U/ALU_0/mem_reg[0][31]_i_171_n_0
    SLICE_X53Y44         CARRY4 (Prop_carry4_CI_CO[3])
                                                      0.114   109.712 r  CPU_U/ALU_0/mem_reg[0][31]_i_166/CO[3]
                         net (fo=1, routed)           0.000   109.712    CPU_U/ALU_0/mem_reg[0][31]_i_166_n_0
    SLICE_X53Y45         CARRY4 (Prop_carry4_CI_CO[3])
                                                      0.114   109.826 r  CPU_U/ALU_0/mem_reg[0][31]_i_161/CO[3]
                         net (fo=1, routed)           0.000   109.826    CPU_U/ALU_0/mem_reg[0][31]_i_161_n_0
    SLICE_X53Y46         CARRY4 (Prop_carry4_CI_CO[3])
                                                      0.114   109.940 r  CPU_U/ALU_0/mem_reg[0][31]_i_156/CO[3]
                         net (fo=1, routed)           0.000   109.940    CPU_U/ALU_0/mem_reg[0][31]_i_156_n_0
    SLICE_X53Y47         CARRY4 (Prop_carry4_CI_CO[3])
                                                      0.114   110.054 r  CPU_U/ALU_0/mem_reg[0][31]_i_151/CO[3]
                         net (fo=1, routed)           0.000   110.054    CPU_U/ALU_0/mem_reg[0][31]_i_151_n_0
    SLICE_X53Y48         CARRY4 (Prop_carry4_CI_CO[3])
                                                      0.114   110.168 r  CPU_U/ALU_0/mem_reg[0][31]_i_146/CO[3]
                         net (fo=1, routed)           0.000   110.168    CPU_U/ALU_0/mem_reg[0][31]_i_146_n_0
    SLICE_X53Y49         CARRY4 (Prop_carry4_CI_CO[3])
                                                      0.114   110.282 r  CPU_U/ALU_0/mem_reg[0][31]_i_143/CO[3]
                         net (fo=1, routed)           0.001   110.283    CPU_U/ALU_0/mem_reg[0][31]_i_143_n_0
    SLICE_X53Y50         CARRY4 (Prop_carry4_CI_CO[1])
                                                      0.157   110.440 r  CPU_U/ALU_0/mem_reg[0][31]_i_142/CO[1]
                         net (fo=35, routed)          2.550   112.990    CPU_U/ALU_0/mem_reg[0][31]_i_142_n_2
    SLICE_X56Y41         LUT3 (Prop_lut3_I0_O)        0.329   113.319 r  CPU_U/ALU_0/mem[0][27]_i_48/O
                         net (fo=1, routed)           0.000   113.319    CPU_U/ALU_0/mem[0][27]_i_48_n_0
    SLICE_X56Y41         CARRY4 (Prop_carry4_S[1]_CO[3])
                                                      0.533   113.852 r  CPU_U/ALU_0/mem_reg[0][27]_i_41/CO[3]
                         net (fo=1, routed)           0.000   113.852    CPU_U/ALU_0/mem_reg[0][27]_i_41_n_0
    SLICE_X56Y42         CARRY4 (Prop_carry4_CI_CO[3])
                                                      0.117   113.969 r  CPU_U/ALU_0/mem_reg[0][31]_i_137/CO[3]
                         net (fo=1, routed)           0.000   113.969    CPU_U/ALU_0/mem_reg[0][31]_i_137_n_0
    SLICE_X56Y43         CARRY4 (Prop_carry4_CI_CO[3])
                                                      0.117   114.086 r  CPU_U/ALU_0/mem_reg[0][31]_i_132/CO[3]
                         net (fo=1, routed)           0.000   114.086    CPU_U/ALU_0/mem_reg[0][31]_i_132_n_0
    SLICE_X56Y44         CARRY4 (Prop_carry4_CI_CO[3])
                                                      0.117   114.203 r  CPU_U/ALU_0/mem_reg[0][31]_i_127/CO[3]
                         net (fo=1, routed)           0.000   114.203    CPU_U/ALU_0/mem_reg[0][31]_i_127_n_0
    SLICE_X56Y45         CARRY4 (Prop_carry4_CI_CO[3])
                                                      0.117   114.320 r  CPU_U/ALU_0/mem_reg[0][31]_i_122/CO[3]
                         net (fo=1, routed)           0.000   114.320    CPU_U/ALU_0/mem_reg[0][31]_i_122_n_0
    SLICE_X56Y46         CARRY4 (Prop_carry4_CI_CO[3])
                                                      0.117   114.437 r  CPU_U/ALU_0/mem_reg[0][31]_i_117/CO[3]
                         net (fo=1, routed)           0.000   114.437    CPU_U/ALU_0/mem_reg[0][31]_i_117_n_0
    SLICE_X56Y47         CARRY4 (Prop_carry4_CI_CO[3])
                                                      0.117   114.554 r  CPU_U/ALU_0/mem_reg[0][31]_i_112/CO[3]
                         net (fo=1, routed)           0.000   114.554    CPU_U/ALU_0/mem_reg[0][31]_i_112_n_0
    SLICE_X56Y48         CARRY4 (Prop_carry4_CI_CO[3])
                                                      0.117   114.671 r  CPU_U/ALU_0/mem_reg[0][31]_i_109/CO[3]
                         net (fo=1, routed)           0.000   114.671    CPU_U/ALU_0/mem_reg[0][31]_i_109_n_0
    SLICE_X56Y49         CARRY4 (Prop_carry4_CI_CO[1])
                                                      0.157   114.828 r  CPU_U/ALU_0/mem_reg[0][31]_i_108/CO[1]
                         net (fo=35, routed)          2.074   116.902    CPU_U/ALU_0/mem[0][31]_i_145_0[0]
    SLICE_X57Y41         LUT3 (Prop_lut3_I0_O)        0.332   117.234 r  CPU_U/ALU_0/mem[0][23]_i_43/O
                         net (fo=1, routed)           0.000   117.234    CPU_U/ALU_0/mem[0][23]_i_43_n_0
    SLICE_X57Y41         CARRY4 (Prop_carry4_S[2]_CO[3])
                                                      0.398   117.632 r  CPU_U/ALU_0/mem_reg[0][23]_i_36/CO[3]
                         net (fo=1, routed)           0.000   117.632    CPU_U/ALU_0/mem_reg[0][23]_i_36_n_0
    SLICE_X57Y42         CARRY4 (Prop_carry4_CI_CO[3])
                                                      0.114   117.746 r  CPU_U/ALU_0/mem_reg[0][27]_i_36/CO[3]
                         net (fo=1, routed)           0.000   117.746    CPU_U/ALU_0/mem_reg[0][27]_i_36_n_0
    SLICE_X57Y43         CARRY4 (Prop_carry4_CI_CO[3])
                                                      0.114   117.860 r  CPU_U/ALU_0/mem_reg[0][31]_i_103/CO[3]
                         net (fo=1, routed)           0.000   117.860    CPU_U/ALU_0/mem_reg[0][31]_i_103_n_0
    SLICE_X57Y44         CARRY4 (Prop_carry4_CI_CO[3])
                                                      0.114   117.974 r  CPU_U/ALU_0/mem_reg[0][31]_i_98/CO[3]
                         net (fo=1, routed)           0.000   117.974    CPU_U/ALU_0/mem_reg[0][31]_i_98_n_0
    SLICE_X57Y45         CARRY4 (Prop_carry4_CI_CO[3])
                                                      0.114   118.088 r  CPU_U/ALU_0/mem_reg[0][31]_i_93/CO[3]
                         net (fo=1, routed)           0.000   118.088    CPU_U/ALU_0/mem_reg[0][31]_i_93_n_0
    SLICE_X57Y46         CARRY4 (Prop_carry4_CI_CO[3])
                                                      0.114   118.202 r  CPU_U/ALU_0/mem_reg[0][31]_i_88/CO[3]
                         net (fo=1, routed)           0.000   118.202    CPU_U/ALU_0/mem_reg[0][31]_i_88_n_0
    SLICE_X57Y47         CARRY4 (Prop_carry4_CI_CO[3])
                                                      0.114   118.316 r  CPU_U/ALU_0/mem_reg[0][31]_i_83/CO[3]
                         net (fo=1, routed)           0.000   118.316    CPU_U/ALU_0/mem_reg[0][31]_i_83_n_0
    SLICE_X57Y48         CARRY4 (Prop_carry4_CI_CO[3])
                                                      0.114   118.430 r  CPU_U/ALU_0/mem_reg[0][31]_i_80/CO[3]
                         net (fo=1, routed)           0.000   118.430    CPU_U/ALU_0/mem_reg[0][31]_i_80_n_0
    SLICE_X57Y49         CARRY4 (Prop_carry4_CI_CO[1])
                                                      0.157   118.587 r  CPU_U/ALU_0/mem_reg[0][31]_i_79/CO[1]
                         net (fo=35, routed)          2.140   120.727    CPU_U/ALU_0/mem_reg[0][31]_i_79_n_2
    SLICE_X58Y41         LUT3 (Prop_lut3_I0_O)        0.329   121.056 r  CPU_U/ALU_0/mem[0][23]_i_39/O
                         net (fo=1, routed)           0.000   121.056    CPU_U/ALU_0/mem[0][23]_i_39_n_0
    SLICE_X58Y41         CARRY4 (Prop_carry4_S[1]_CO[3])
                                                      0.550   121.606 r  CPU_U/ALU_0/mem_reg[0][23]_i_31/CO[3]
                         net (fo=1, routed)           0.000   121.606    CPU_U/ALU_0/mem_reg[0][23]_i_31_n_0
    SLICE_X58Y42         CARRY4 (Prop_carry4_CI_CO[3])
                                                      0.114   121.720 r  CPU_U/ALU_0/mem_reg[0][27]_i_31/CO[3]
                         net (fo=1, routed)           0.000   121.720    CPU_U/ALU_0/mem_reg[0][27]_i_31_n_0
    SLICE_X58Y43         CARRY4 (Prop_carry4_CI_CO[3])
                                                      0.114   121.834 r  CPU_U/ALU_0/mem_reg[0][31]_i_74/CO[3]
                         net (fo=1, routed)           0.000   121.834    CPU_U/ALU_0/mem_reg[0][31]_i_74_n_0
    SLICE_X58Y44         CARRY4 (Prop_carry4_CI_CO[3])
                                                      0.114   121.948 r  CPU_U/ALU_0/mem_reg[0][31]_i_69/CO[3]
                         net (fo=1, routed)           0.000   121.948    CPU_U/ALU_0/mem_reg[0][31]_i_69_n_0
    SLICE_X58Y45         CARRY4 (Prop_carry4_CI_CO[3])
                                                      0.114   122.062 r  CPU_U/ALU_0/mem_reg[0][31]_i_64/CO[3]
                         net (fo=1, routed)           0.000   122.062    CPU_U/ALU_0/mem_reg[0][31]_i_64_n_0
    SLICE_X58Y46         CARRY4 (Prop_carry4_CI_CO[3])
                                                      0.114   122.176 r  CPU_U/ALU_0/mem_reg[0][31]_i_59/CO[3]
                         net (fo=1, routed)           0.000   122.176    CPU_U/ALU_0/mem_reg[0][31]_i_59_n_0
    SLICE_X58Y47         CARRY4 (Prop_carry4_CI_CO[3])
                                                      0.114   122.290 r  CPU_U/ALU_0/mem_reg[0][31]_i_56/CO[3]
                         net (fo=1, routed)           0.000   122.290    CPU_U/ALU_0/mem_reg[0][31]_i_56_n_0
    SLICE_X58Y48         CARRY4 (Prop_carry4_CI_CO[1])
                                                      0.157   122.447 r  CPU_U/ALU_0/mem_reg[0][31]_i_55/CO[1]
                         net (fo=35, routed)          2.246   124.693    CPU_U/ALU_0/mem_reg[0][31]_i_55_n_2
    SLICE_X62Y39         CARRY4 (Prop_carry4_CYINIT_CO[3])
                                                      0.785   125.478 r  CPU_U/ALU_0/mem_reg[0][15]_i_26/CO[3]
                         net (fo=1, routed)           0.000   125.478    CPU_U/ALU_0/mem_reg[0][15]_i_26_n_0
    SLICE_X62Y40         CARRY4 (Prop_carry4_CI_CO[3])
                                                      0.114   125.592 r  CPU_U/ALU_0/mem_reg[0][18]_i_15/CO[3]
                         net (fo=1, routed)           0.000   125.592    CPU_U/ALU_0/mem_reg[0][18]_i_15_n_0
    SLICE_X62Y41         CARRY4 (Prop_carry4_CI_CO[3])
                                                      0.114   125.706 r  CPU_U/ALU_0/mem_reg[0][23]_i_26/CO[3]
                         net (fo=1, routed)           0.000   125.706    CPU_U/ALU_0/mem_reg[0][23]_i_26_n_0
    SLICE_X62Y42         CARRY4 (Prop_carry4_CI_CO[3])
                                                      0.114   125.820 r  CPU_U/ALU_0/mem_reg[0][27]_i_26/CO[3]
                         net (fo=1, routed)           0.000   125.820    CPU_U/ALU_0/mem_reg[0][27]_i_26_n_0
    SLICE_X62Y43         CARRY4 (Prop_carry4_CI_CO[3])
                                                      0.114   125.934 r  CPU_U/ALU_0/mem_reg[0][31]_i_50/CO[3]
                         net (fo=1, routed)           0.000   125.934    CPU_U/ALU_0/mem_reg[0][31]_i_50_n_0
    SLICE_X62Y44         CARRY4 (Prop_carry4_CI_CO[3])
                                                      0.114   126.048 r  CPU_U/ALU_0/mem_reg[0][31]_i_45/CO[3]
                         net (fo=1, routed)           0.000   126.048    CPU_U/ALU_0/mem_reg[0][31]_i_45_n_0
    SLICE_X62Y45         CARRY4 (Prop_carry4_CI_CO[3])
                                                      0.114   126.162 r  CPU_U/ALU_0/mem_reg[0][31]_i_40/CO[3]
                         net (fo=1, routed)           0.000   126.162    CPU_U/ALU_0/mem_reg[0][31]_i_40_n_0
    SLICE_X62Y46         CARRY4 (Prop_carry4_CI_CO[3])
                                                      0.114   126.276 r  CPU_U/ALU_0/mem_reg[0][31]_i_37/CO[3]
                         net (fo=1, routed)           0.000   126.276    CPU_U/ALU_0/mem_reg[0][31]_i_37_n_0
    SLICE_X62Y47         CARRY4 (Prop_carry4_CI_CO[1])
                                                      0.157   126.433 r  CPU_U/ALU_0/mem_reg[0][31]_i_36/CO[1]
                         net (fo=35, routed)          2.373   128.806    CPU_U/ALU_0/mem_reg[0][31]_i_36_n_2
    SLICE_X59Y38         LUT3 (Prop_lut3_I0_O)        0.329   129.135 r  CPU_U/ALU_0/mem[0][11]_i_28/O
                         net (fo=1, routed)           0.000   129.135    CPU_U/ALU_0/mem[0][11]_i_28_n_0
    SLICE_X59Y38         CARRY4 (Prop_carry4_S[1]_CO[3])
                                                      0.550   129.685 r  CPU_U/ALU_0/mem_reg[0][11]_i_21/CO[3]
                         net (fo=1, routed)           0.000   129.685    CPU_U/ALU_0/mem_reg[0][11]_i_21_n_0
    SLICE_X59Y39         CARRY4 (Prop_carry4_CI_CO[3])
                                                      0.114   129.799 r  CPU_U/ALU_0/mem_reg[0][15]_i_21/CO[3]
                         net (fo=1, routed)           0.000   129.799    CPU_U/ALU_0/mem_reg[0][15]_i_21_n_0
    SLICE_X59Y40         CARRY4 (Prop_carry4_CI_CO[3])
                                                      0.114   129.913 r  CPU_U/ALU_0/mem_reg[0][18]_i_10/CO[3]
                         net (fo=1, routed)           0.000   129.913    CPU_U/ALU_0/mem_reg[0][18]_i_10_n_0
    SLICE_X59Y41         CARRY4 (Prop_carry4_CI_CO[3])
                                                      0.114   130.027 r  CPU_U/ALU_0/mem_reg[0][23]_i_21/CO[3]
                         net (fo=1, routed)           0.000   130.027    CPU_U/ALU_0/mem_reg[0][23]_i_21_n_0
    SLICE_X59Y42         CARRY4 (Prop_carry4_CI_CO[3])
                                                      0.114   130.141 r  CPU_U/ALU_0/mem_reg[0][27]_i_21/CO[3]
                         net (fo=1, routed)           0.000   130.141    CPU_U/ALU_0/mem_reg[0][27]_i_21_n_0
    SLICE_X59Y43         CARRY4 (Prop_carry4_CI_CO[3])
                                                      0.114   130.255 r  CPU_U/ALU_0/mem_reg[0][31]_i_31/CO[3]
                         net (fo=1, routed)           0.000   130.255    CPU_U/ALU_0/mem_reg[0][31]_i_31_n_0
    SLICE_X59Y44         CARRY4 (Prop_carry4_CI_CO[3])
                                                      0.114   130.369 r  CPU_U/ALU_0/mem_reg[0][31]_i_26/CO[3]
                         net (fo=1, routed)           0.000   130.369    CPU_U/ALU_0/mem_reg[0][31]_i_26_n_0
    SLICE_X59Y45         CARRY4 (Prop_carry4_CI_CO[3])
                                                      0.114   130.483 r  CPU_U/ALU_0/mem_reg[0][31]_i_23/CO[3]
                         net (fo=1, routed)           0.000   130.483    CPU_U/ALU_0/mem_reg[0][31]_i_23_n_0
    SLICE_X59Y46         CARRY4 (Prop_carry4_CI_CO[1])
                                                      0.157   130.640 r  CPU_U/ALU_0/mem_reg[0][31]_i_22/CO[1]
                         net (fo=35, routed)          2.070   132.710    CPU_U/IDEX_0/mem_reg[0][7]_i_16[0]
    SLICE_X60Y37         LUT3 (Prop_lut3_I0_O)        0.329   133.039 r  CPU_U/IDEX_0/mem[0][7]_i_24/O
                         net (fo=1, routed)           0.000   133.039    CPU_U/ALU_0/mem_reg[0][3]_i_14_1[0]
    SLICE_X60Y37         CARRY4 (Prop_carry4_S[1]_CO[3])
                                                      0.533   133.572 r  CPU_U/ALU_0/mem_reg[0][7]_i_16/CO[3]
                         net (fo=1, routed)           0.000   133.572    CPU_U/ALU_0/mem_reg[0][7]_i_16_n_0
    SLICE_X60Y38         CARRY4 (Prop_carry4_CI_CO[3])
                                                      0.117   133.689 r  CPU_U/ALU_0/mem_reg[0][11]_i_16/CO[3]
                         net (fo=1, routed)           0.000   133.689    CPU_U/ALU_0/mem_reg[0][11]_i_16_n_0
    SLICE_X60Y39         CARRY4 (Prop_carry4_CI_CO[3])
                                                      0.117   133.806 r  CPU_U/ALU_0/mem_reg[0][15]_i_16/CO[3]
                         net (fo=1, routed)           0.000   133.806    CPU_U/ALU_0/mem_reg[0][15]_i_16_n_0
    SLICE_X60Y40         CARRY4 (Prop_carry4_CI_CO[3])
                                                      0.117   133.923 r  CPU_U/ALU_0/mem_reg[0][18]_i_5/CO[3]
                         net (fo=1, routed)           0.000   133.923    CPU_U/ALU_0/mem_reg[0][18]_i_5_n_0
    SLICE_X60Y41         CARRY4 (Prop_carry4_CI_CO[3])
                                                      0.117   134.040 r  CPU_U/ALU_0/mem_reg[0][23]_i_16/CO[3]
                         net (fo=1, routed)           0.000   134.040    CPU_U/ALU_0/mem_reg[0][23]_i_16_n_0
    SLICE_X60Y42         CARRY4 (Prop_carry4_CI_CO[3])
                                                      0.117   134.157 r  CPU_U/ALU_0/mem_reg[0][27]_i_16/CO[3]
                         net (fo=1, routed)           0.000   134.157    CPU_U/ALU_0/mem_reg[0][27]_i_16_n_0
    SLICE_X60Y43         CARRY4 (Prop_carry4_CI_CO[3])
                                                      0.117   134.274 r  CPU_U/ALU_0/mem_reg[0][31]_i_17/CO[3]
                         net (fo=1, routed)           0.000   134.274    CPU_U/ALU_0/mem_reg[0][31]_i_17_n_0
    SLICE_X60Y44         CARRY4 (Prop_carry4_CI_CO[3])
                                                      0.117   134.391 r  CPU_U/ALU_0/mem_reg[0][31]_i_14/CO[3]
                         net (fo=1, routed)           0.000   134.391    CPU_U/ALU_0/mem_reg[0][31]_i_14_n_0
    SLICE_X60Y45         CARRY4 (Prop_carry4_CI_CO[1])
                                                      0.157   134.548 r  CPU_U/ALU_0/mem_reg[0][31]_i_13/CO[1]
                         net (fo=35, routed)          2.193   136.741    CPU_U/ALU_0/mem_reg[0][31]_i_13_n_2
    SLICE_X61Y36         LUT3 (Prop_lut3_I0_O)        0.332   137.073 r  CPU_U/ALU_0/mem[0][3]_i_18/O
                         net (fo=1, routed)           0.000   137.073    CPU_U/ALU_0/mem[0][3]_i_18_n_0
    SLICE_X61Y36         CARRY4 (Prop_carry4_S[1]_CO[3])
                                                      0.550   137.623 r  CPU_U/ALU_0/mem_reg[0][3]_i_14/CO[3]
                         net (fo=1, routed)           0.000   137.623    CPU_U/ALU_0/mem_reg[0][3]_i_14_n_0
    SLICE_X61Y37         CARRY4 (Prop_carry4_CI_CO[3])
                                                      0.114   137.737 r  CPU_U/ALU_0/mem_reg[0][7]_i_14/CO[3]
                         net (fo=1, routed)           0.000   137.737    CPU_U/ALU_0/mem_reg[0][7]_i_14_n_0
    SLICE_X61Y38         CARRY4 (Prop_carry4_CI_O[3])
                                                      0.313   138.050 f  CPU_U/ALU_0/mem_reg[0][11]_i_14/O[3]
                         net (fo=4, routed)           1.392   139.442    CPU_U/ALU_0/mem[0][11]_i_20_0[3]
    SLICE_X60Y34         LUT6 (Prop_lut6_I5_O)        0.306   139.748 r  CPU_U/ALU_0/mem[0][13]_i_5/O
                         net (fo=2, routed)           1.058   140.806    CPU_U/ALU_0/mem[0][13]_i_5_n_0
    SLICE_X60Y34         LUT3 (Prop_lut3_I2_O)        0.124   140.930 r  CPU_U/ALU_0/mem[0][17]_i_5/O
                         net (fo=1, routed)           0.810   141.741    CPU_U/ALU_0/mem[0][17]_i_5_n_0
    SLICE_X60Y34         LUT5 (Prop_lut5_I1_O)        0.124   141.865 f  CPU_U/ALU_0/mem[0][17]_i_4/O
                         net (fo=4, routed)           0.700   142.565    CPU_U/ALU_0/mem[0][17]_i_4_n_0
    SLICE_X60Y36         LUT6 (Prop_lut6_I2_O)        0.124   142.689 f  CPU_U/ALU_0/mem[0][20]_i_5/O
                         net (fo=3, routed)           1.103   143.792    CPU_U/ALU_0/mem[0][20]_i_5_n_0
    SLICE_X65Y38         LUT4 (Prop_lut4_I3_O)        0.124   143.916 r  CPU_U/ALU_0/mem[0][24]_i_6/O
                         net (fo=3, routed)           0.840   144.756    CPU_U/ALU_0/mem[0][24]_i_6_n_0
    SLICE_X63Y39         LUT6 (Prop_lut6_I1_O)        0.124   144.880 r  CPU_U/ALU_0/mem[0][24]_i_3/O
                         net (fo=1, routed)           0.665   145.545    CPU_U/ALU_0/mem[0][24]_i_3_n_0
    SLICE_X57Y39         LUT6 (Prop_lut6_I0_O)        0.124   145.669 r  CPU_U/ALU_0/mem[0][24]_i_2__0/O
                         net (fo=1, routed)           0.966   146.634    CPU_U/IDEX_0/mem_reg[0][24]
    SLICE_X55Y42         LUT6 (Prop_lut6_I5_O)        0.124   146.758 r  CPU_U/IDEX_0/mem[0][24]_i_1/O
                         net (fo=1, routed)           0.000   146.758    CPU_U/Hi_reg_0/D[24]
    SLICE_X55Y42         FDCE                                         r  CPU_U/Hi_reg_0/mem_reg[0][24]/D
  -------------------------------------------------------------------    -------------------





Min Delay Paths
--------------------------------------------------------------------------------------
Slack:                    inf
  Source:                 CPU_U/EXMEM_0/ALU_res_MEM_reg[27]/C
                            (rising edge-triggered cell FDCE)
  Destination:            CPU_U/MEMWB_0/ALU_res_WB_reg[27]/D
  Path Group:             (none)
  Path Type:              Min at Fast Process Corner
  Data Path Delay:        0.197ns  (logic 0.141ns (71.611%)  route 0.056ns (28.389%))
  Logic Levels:           1  (FDCE=1)

    Location             Delay type                Incr(ns)  Path(ns)    Netlist Resource(s)
  -------------------------------------------------------------------    -------------------
    SLICE_X53Y61         FDCE                         0.000     0.000 r  CPU_U/EXMEM_0/ALU_res_MEM_reg[27]/C
    SLICE_X53Y61         FDCE (Prop_fdce_C_Q)         0.141     0.141 r  CPU_U/EXMEM_0/ALU_res_MEM_reg[27]/Q
                         net (fo=2, routed)           0.056     0.197    CPU_U/MEMWB_0/ALU_res_WB_reg[31]_0[27]
    SLICE_X53Y61         FDCE                                         r  CPU_U/MEMWB_0/ALU_res_WB_reg[27]/D
  -------------------------------------------------------------------    -------------------

Slack:                    inf
  Source:                 CPU_U/EXMEM_0/pc_MEM_reg[16]/C
                            (rising edge-triggered cell FDCE)
  Destination:            CPU_U/MEMWB_0/pc_WB_reg[16]/D
  Path Group:             (none)
  Path Type:              Min at Fast Process Corner
  Data Path Delay:        0.197ns  (logic 0.141ns (71.611%)  route 0.056ns (28.389%))
  Logic Levels:           1  (FDCE=1)

    Location             Delay type                Incr(ns)  Path(ns)    Netlist Resource(s)
  -------------------------------------------------------------------    -------------------
    SLICE_X33Y53         FDCE                         0.000     0.000 r  CPU_U/EXMEM_0/pc_MEM_reg[16]/C
    SLICE_X33Y53         FDCE (Prop_fdce_C_Q)         0.141     0.141 r  CPU_U/EXMEM_0/pc_MEM_reg[16]/Q
                         net (fo=1, routed)           0.056     0.197    CPU_U/MEMWB_0/D[16]
    SLICE_X33Y53         FDCE                                         r  CPU_U/MEMWB_0/pc_WB_reg[16]/D
  -------------------------------------------------------------------    -------------------

Slack:                    inf
  Source:                 CPU_U/EXMEM_0/ALU_res_MEM_reg[20]/C
                            (rising edge-triggered cell FDCE)
  Destination:            CPU_U/MEMWB_0/ALU_res_WB_reg[20]/D
  Path Group:             (none)
  Path Type:              Min at Fast Process Corner
  Data Path Delay:        0.206ns  (logic 0.141ns (68.336%)  route 0.065ns (31.664%))
  Logic Levels:           1  (FDCE=1)

    Location             Delay type                Incr(ns)  Path(ns)    Netlist Resource(s)
  -------------------------------------------------------------------    -------------------
    SLICE_X62Y57         FDCE                         0.000     0.000 r  CPU_U/EXMEM_0/ALU_res_MEM_reg[20]/C
    SLICE_X62Y57         FDCE (Prop_fdce_C_Q)         0.141     0.141 r  CPU_U/EXMEM_0/ALU_res_MEM_reg[20]/Q
                         net (fo=2, routed)           0.065     0.206    CPU_U/MEMWB_0/ALU_res_WB_reg[31]_0[20]
    SLICE_X62Y57         FDCE                                         r  CPU_U/MEMWB_0/ALU_res_WB_reg[20]/D
  -------------------------------------------------------------------    -------------------

Slack:                    inf
  Source:                 CPU_U/EXMEM_0/ALU_res_MEM_reg[0]/C
                            (rising edge-triggered cell FDCE)
  Destination:            CPU_U/MEMWB_0/ALU_res_WB_reg[0]/D
  Path Group:             (none)
  Path Type:              Min at Fast Process Corner
  Data Path Delay:        0.220ns  (logic 0.164ns (74.580%)  route 0.056ns (25.420%))
  Logic Levels:           1  (FDCE=1)

    Location             Delay type                Incr(ns)  Path(ns)    Netlist Resource(s)
  -------------------------------------------------------------------    -------------------
    SLICE_X42Y36         FDCE                         0.000     0.000 r  CPU_U/EXMEM_0/ALU_res_MEM_reg[0]/C
    SLICE_X42Y36         FDCE (Prop_fdce_C_Q)         0.164     0.164 r  CPU_U/EXMEM_0/ALU_res_MEM_reg[0]/Q
                         net (fo=2, routed)           0.056     0.220    CPU_U/MEMWB_0/ALU_res_WB_reg[31]_0[0]
    SLICE_X42Y36         FDCE                                         r  CPU_U/MEMWB_0/ALU_res_WB_reg[0]/D
  -------------------------------------------------------------------    -------------------

Slack:                    inf
  Source:                 CPU_U/EXMEM_0/pc_MEM_reg[14]/C
                            (rising edge-triggered cell FDCE)
  Destination:            CPU_U/MEMWB_0/pc_WB_reg[14]/D
  Path Group:             (none)
  Path Type:              Min at Fast Process Corner
  Data Path Delay:        0.220ns  (logic 0.164ns (74.580%)  route 0.056ns (25.420%))
  Logic Levels:           1  (FDCE=1)

    Location             Delay type                Incr(ns)  Path(ns)    Netlist Resource(s)
  -------------------------------------------------------------------    -------------------
    SLICE_X38Y49         FDCE                         0.000     0.000 r  CPU_U/EXMEM_0/pc_MEM_reg[14]/C
    SLICE_X38Y49         FDCE (Prop_fdce_C_Q)         0.164     0.164 r  CPU_U/EXMEM_0/pc_MEM_reg[14]/Q
                         net (fo=1, routed)           0.056     0.220    CPU_U/MEMWB_0/D[14]
    SLICE_X38Y49         FDCE                                         r  CPU_U/MEMWB_0/pc_WB_reg[14]/D
  -------------------------------------------------------------------    -------------------

Slack:                    inf
  Source:                 CPU_U/EXMEM_0/pc_MEM_reg[3]/C
                            (rising edge-triggered cell FDCE)
  Destination:            CPU_U/MEMWB_0/pc_WB_reg[3]/D
  Path Group:             (none)
  Path Type:              Min at Fast Process Corner
  Data Path Delay:        0.220ns  (logic 0.164ns (74.580%)  route 0.056ns (25.420%))
  Logic Levels:           1  (FDCE=1)

    Location             Delay type                Incr(ns)  Path(ns)    Netlist Resource(s)
  -------------------------------------------------------------------    -------------------
    SLICE_X38Y49         FDCE                         0.000     0.000 r  CPU_U/EXMEM_0/pc_MEM_reg[3]/C
    SLICE_X38Y49         FDCE (Prop_fdce_C_Q)         0.164     0.164 r  CPU_U/EXMEM_0/pc_MEM_reg[3]/Q
                         net (fo=1, routed)           0.056     0.220    CPU_U/MEMWB_0/D[3]
    SLICE_X38Y49         FDCE                                         r  CPU_U/MEMWB_0/pc_WB_reg[3]/D
  -------------------------------------------------------------------    -------------------

Slack:                    inf
  Source:                 CPU_U/EXMEM_0/pc_MEM_reg[4]/C
                            (rising edge-triggered cell FDCE)
  Destination:            CPU_U/MEMWB_0/pc_WB_reg[4]/D
  Path Group:             (none)
  Path Type:              Min at Fast Process Corner
  Data Path Delay:        0.220ns  (logic 0.164ns (74.580%)  route 0.056ns (25.420%))
  Logic Levels:           1  (FDCE=1)

    Location             Delay type                Incr(ns)  Path(ns)    Netlist Resource(s)
  -------------------------------------------------------------------    -------------------
    SLICE_X38Y49         FDCE                         0.000     0.000 r  CPU_U/EXMEM_0/pc_MEM_reg[4]/C
    SLICE_X38Y49         FDCE (Prop_fdce_C_Q)         0.164     0.164 r  CPU_U/EXMEM_0/pc_MEM_reg[4]/Q
                         net (fo=1, routed)           0.056     0.220    CPU_U/MEMWB_0/D[4]
    SLICE_X38Y49         FDCE                                         r  CPU_U/MEMWB_0/pc_WB_reg[4]/D
  -------------------------------------------------------------------    -------------------

Slack:                    inf
  Source:                 CPU_U/Lo_reg_0/mem_reg[0][19]/C
                            (rising edge-triggered cell FDCE)
  Destination:            CPU_U/EXMEM_0/Lo_MEM_reg[19]/D
  Path Group:             (none)
  Path Type:              Min at Fast Process Corner
  Data Path Delay:        0.239ns  (logic 0.141ns (59.029%)  route 0.098ns (40.971%))
  Logic Levels:           1  (FDCE=1)

    Location             Delay type                Incr(ns)  Path(ns)    Netlist Resource(s)
  -------------------------------------------------------------------    -------------------
    SLICE_X59Y29         FDCE                         0.000     0.000 r  CPU_U/Lo_reg_0/mem_reg[0][19]/C
    SLICE_X59Y29         FDCE (Prop_fdce_C_Q)         0.141     0.141 r  CPU_U/Lo_reg_0/mem_reg[0][19]/Q
                         net (fo=1, routed)           0.098     0.239    CPU_U/EXMEM_0/Lo_MEM_reg[31]_1[19]
    SLICE_X58Y29         FDCE                                         r  CPU_U/EXMEM_0/Lo_MEM_reg[19]/D
  -------------------------------------------------------------------    -------------------

Slack:                    inf
  Source:                 CPU_U/Hi_reg_0/mem_reg[0][8]/C
                            (rising edge-triggered cell FDCE)
  Destination:            CPU_U/EXMEM_0/Hi_MEM_reg[8]/D
  Path Group:             (none)
  Path Type:              Min at Fast Process Corner
  Data Path Delay:        0.240ns  (logic 0.141ns (58.691%)  route 0.099ns (41.309%))
  Logic Levels:           1  (FDCE=1)

    Location             Delay type                Incr(ns)  Path(ns)    Netlist Resource(s)
  -------------------------------------------------------------------    -------------------
    SLICE_X59Y31         FDCE                         0.000     0.000 r  CPU_U/Hi_reg_0/mem_reg[0][8]/C
    SLICE_X59Y31         FDCE (Prop_fdce_C_Q)         0.141     0.141 r  CPU_U/Hi_reg_0/mem_reg[0][8]/Q
                         net (fo=1, routed)           0.099     0.240    CPU_U/EXMEM_0/Hi_MEM_reg[31]_1[8]
    SLICE_X60Y32         FDCE                                         r  CPU_U/EXMEM_0/Hi_MEM_reg[8]/D
  -------------------------------------------------------------------    -------------------

Slack:                    inf
  Source:                 CPU_U/EXMEM_0/pc_MEM_reg[5]/C
                            (rising edge-triggered cell FDCE)
  Destination:            CPU_U/MEMWB_0/pc_WB_reg[5]/D
  Path Group:             (none)
  Path Type:              Min at Fast Process Corner
  Data Path Delay:        0.243ns  (logic 0.141ns (58.024%)  route 0.102ns (41.976%))
  Logic Levels:           1  (FDCE=1)

    Location             Delay type                Incr(ns)  Path(ns)    Netlist Resource(s)
  -------------------------------------------------------------------    -------------------
    SLICE_X37Y50         FDCE                         0.000     0.000 r  CPU_U/EXMEM_0/pc_MEM_reg[5]/C
    SLICE_X37Y50         FDCE (Prop_fdce_C_Q)         0.141     0.141 r  CPU_U/EXMEM_0/pc_MEM_reg[5]/Q
                         net (fo=1, routed)           0.102     0.243    CPU_U/MEMWB_0/D[5]
    SLICE_X38Y50         FDCE                                         r  CPU_U/MEMWB_0/pc_WB_reg[5]/D
  -------------------------------------------------------------------    -------------------





